ISO-10303-21;
HEADER;
FILE_DESCRIPTION (( 'STEP AP214' ),
    '1' );
FILE_NAME ('LB Q39E-L2OO-35-1.STEP',
    '2023-05-26T14:56:32',
    ( '' ),
    ( '' ),
    'SwSTEP 2.0',
    'SolidWorks 2021',
    '' );
FILE_SCHEMA (( 'AUTOMOTIVE_DESIGN' ));
ENDSEC;

DATA;
#1 = ADVANCED_FACE ( 'NONE', ( #1449 ), #1097, .F. ) ;
#2 = FILL_AREA_STYLE_COLOUR ( '', #424 ) ;
#3 = VECTOR ( 'NONE', #658, 1000.000000000000000 ) ;
#4 =( NAMED_UNIT ( * ) PLANE_ANGLE_UNIT ( ) SI_UNIT ( $, .RADIAN. ) );
#5 = EDGE_CURVE ( 'NONE', #1142, #1716, #711, .T. ) ;
#6 = VECTOR ( 'NONE', #487, 1000.000000000000000 ) ;
#7 = CARTESIAN_POINT ( 'NONE',  ( -0.1445683229480095311, -0.006250000000000000347, -0.8499999999999997558 ) ) ;
#8 = MECHANICAL_DESIGN_GEOMETRIC_PRESENTATION_REPRESENTATION (  '', ( #1686 ), #436 ) ;
#9 =( NAMED_UNIT ( * ) SI_UNIT ( $, .STERADIAN. ) SOLID_ANGLE_UNIT ( ) );
#10 = MECHANICAL_DESIGN_GEOMETRIC_PRESENTATION_REPRESENTATION (  '', ( #1271 ), #2044 ) ;
#11 = ORIENTED_EDGE ( 'NONE', *, *, #197, .F. ) ;
#12 = DIRECTION ( 'NONE',  ( -0.000000000000000000, 1.000000000000000000, 0.000000000000000000 ) ) ;
#13 =( NAMED_UNIT ( * ) SI_UNIT ( $, .STERADIAN. ) SOLID_ANGLE_UNIT ( ) );
#14 = SURFACE_STYLE_FILL_AREA ( #1513 ) ;
#15 = VECTOR ( 'NONE', #689, 1000.000000000000000 ) ;
#16 = ORIENTED_EDGE ( 'NONE', *, *, #1162, .T. ) ;
#17 = DIRECTION ( 'NONE',  ( 1.000000000000000000, 0.000000000000000000, -0.000000000000000000 ) ) ;
#18 = UNCERTAINTY_MEASURE_WITH_UNIT (LENGTH_MEASURE( 1.000000000000000082E-05 ), #112, 'distance_accuracy_value', 'NONE');
#19 =( NAMED_UNIT ( * ) SI_UNIT ( $, .STERADIAN. ) SOLID_ANGLE_UNIT ( ) );
#20 = VERTEX_POINT ( 'NONE', #91 ) ;
#21 = SURFACE_STYLE_USAGE ( .BOTH. , #1034 ) ;
#22 =( LENGTH_UNIT ( ) NAMED_UNIT ( * ) SI_UNIT ( .MILLI., .METRE. ) );
#23 = FILL_AREA_STYLE_COLOUR ( '', #404 ) ;
#24 =( LENGTH_UNIT ( ) NAMED_UNIT ( * ) SI_UNIT ( .MILLI., .METRE. ) );
#25 = FILL_AREA_STYLE ('',( #1700 ) ) ;
#26 = VECTOR ( 'NONE', #266, 1000.000000000000000 ) ;
#27 = ADVANCED_FACE ( 'NONE', ( #777 ), #970, .F. ) ;
#28 = DIRECTION ( 'NONE',  ( 0.000000000000000000, -1.000000000000000000, 0.000000000000000000 ) ) ;
#29 = DIRECTION ( 'NONE',  ( 0.000000000000000000, 0.000000000000000000, 1.000000000000000000 ) ) ;
#30 = VERTEX_POINT ( 'NONE', #240 ) ;
#31 = STYLED_ITEM ( 'NONE', ( #1077 ), #1688 ) ;
#32 = ADVANCED_FACE ( 'NONE', ( #940 ), #1770, .F. ) ;
#33 = DIRECTION ( 'NONE',  ( -1.000000000000000000, 0.000000000000000000, 0.000000000000000000 ) ) ;
#34 = DIRECTION ( 'NONE',  ( -0.000000000000000000, 1.000000000000000000, 0.000000000000000000 ) ) ;
#35 = DIRECTION ( 'NONE',  ( -1.000000000000000000, -0.000000000000000000, -0.000000000000000000 ) ) ;
#36 = SURFACE_STYLE_USAGE ( .BOTH. , #1368 ) ;
#37 = ORIENTED_EDGE ( 'NONE', *, *, #5, .F. ) ;
#38 = COLOUR_RGB ( '',0.6666666666666666297, 0.6980392156862744724, 0.7686274509803920907 ) ;
#39 = CIRCLE ( 'NONE', #1617, 0.1500000000000000777 ) ;
#40 = ORIENTED_EDGE ( 'NONE', *, *, #2134, .T. ) ;
#41 =( GEOMETRIC_REPRESENTATION_CONTEXT ( 3 ) GLOBAL_UNCERTAINTY_ASSIGNED_CONTEXT ( ( #1553 ) ) GLOBAL_UNIT_ASSIGNED_CONTEXT ( ( #1797, #1099, #622 ) ) REPRESENTATION_CONTEXT ( 'NONE', 'WORKASPACE' ) );
#42 = EDGE_CURVE ( 'NONE', #1956, #1500, #39, .T. ) ;
#43 = PLANE ( 'NONE',  #966 ) ;
#44 = COLOUR_RGB ( '',0.6470588235294117974, 0.6196078431372549211, 0.5882352941176470784 ) ;
#45 = CARTESIAN_POINT ( 'NONE',  ( -0.4500000000000000111, 0.1500000000000000222, 0.8499999999999997558 ) ) ;
#46 =( LENGTH_UNIT ( ) NAMED_UNIT ( * ) SI_UNIT ( .MILLI., .METRE. ) );
#47 = FILL_AREA_STYLE_COLOUR ( '', #946 ) ;
#48 =( GEOMETRIC_REPRESENTATION_CONTEXT ( 3 ) GLOBAL_UNCERTAINTY_ASSIGNED_CONTEXT ( ( #1505 ) ) GLOBAL_UNIT_ASSIGNED_CONTEXT ( ( #620, #294, #303 ) ) REPRESENTATION_CONTEXT ( 'NONE', 'WORKASPACE' ) );
#49 = CARTESIAN_POINT ( 'NONE',  ( 0.4000000000000000222, 0.000000000000000000, -0.8500000000000001998 ) ) ;
#50 = SURFACE_STYLE_FILL_AREA ( #406 ) ;
#51 = ORIENTED_EDGE ( 'NONE', *, *, #625, .F. ) ;
#52 = VECTOR ( 'NONE', #1846, 1000.000000000000000 ) ;
#53 = ORIENTED_EDGE ( 'NONE', *, *, #1723, .F. ) ;
#54 = FACE_OUTER_BOUND ( 'NONE', #263, .T. ) ;
#55 =( LENGTH_UNIT ( ) NAMED_UNIT ( * ) SI_UNIT ( .MILLI., .METRE. ) );
#56 = ORIENTED_EDGE ( 'NONE', *, *, #1957, .T. ) ;
#57 =( BOUNDED_CURVE ( )  B_SPLINE_CURVE ( 3, ( #861, #2030, #1020, #1692 ),
 .UNSPECIFIED., .F., .F. ) 
 B_SPLINE_CURVE_WITH_KNOTS ( ( 4, 4 ),
 ( 3.211405823669566395, 4.712388980384689674 ),
 .UNSPECIFIED. ) 
 CURVE ( )  GEOMETRIC_REPRESENTATION_ITEM ( )  RATIONAL_B_SPLINE_CURVE ( ( 1.000000000000000000, 0.8209024677461137509, 0.8209024677461137509, 1.000000000000000000 ) ) 
 REPRESENTATION_ITEM ( '' )  );
#58 = ORIENTED_EDGE ( 'NONE', *, *, #335, .T. ) ;
#59 = STYLED_ITEM ( 'NONE', ( #1976 ), #1845 ) ;
#60 = PRESENTATION_STYLE_ASSIGNMENT (( #250 ) ) ;
#61 = CYLINDRICAL_SURFACE ( 'NONE', #1030, 0.02499999999999995628 ) ;
#62 =( NAMED_UNIT ( * ) SI_UNIT ( $, .STERADIAN. ) SOLID_ANGLE_UNIT ( ) );
#63 = EDGE_LOOP ( 'NONE', ( #1853, #1972, #2102, #1889 ) ) ;
#64 = SURFACE_STYLE_USAGE ( .BOTH. , #2035 ) ;
#65 = AXIS2_PLACEMENT_3D ( 'NONE', #804, #1272, #135 ) ;
#66 = EDGE_LOOP ( 'NONE', ( #1895, #1840, #664, #1437, #1266, #1259, #1302, #1908, #1229 ) ) ;
#67 = EDGE_CURVE ( 'NONE', #1640, #743, #926, .T. ) ;
#68 = PLANE ( 'NONE',  #253 ) ;
#69 = VECTOR ( 'NONE', #696, 1000.000000000000000 ) ;
#70 = VECTOR ( 'NONE', #111, 1000.000000000000000 ) ;
#71 = ADVANCED_FACE ( 'NONE', ( #1894 ), #1576, .F. ) ;
#72 = EDGE_LOOP ( 'NONE', ( #1039, #1484, #543, #1361 ) ) ;
#73 = DIRECTION ( 'NONE',  ( 0.000000000000000000, -0.000000000000000000, 1.000000000000000000 ) ) ;
#74 = COLOUR_RGB ( '',0.6470588235294117974, 0.5176470588235293491, 0.000000000000000000 ) ;
#75 =( NAMED_UNIT ( * ) PLANE_ANGLE_UNIT ( ) SI_UNIT ( $, .RADIAN. ) );
#76 = PLANE ( 'NONE',  #2000 ) ;
#77 = PRESENTATION_LAYER_ASSIGNMENT (  '', '', ( #366 ) ) ;
#78 = DIRECTION ( 'NONE',  ( -0.000000000000000000, 1.000000000000000000, -0.000000000000000000 ) ) ;
#79 = ORIENTED_EDGE ( 'NONE', *, *, #1461, .F. ) ;
#80 = STYLED_ITEM ( 'NONE', ( #556 ), #870 ) ;
#81 = PRESENTATION_LAYER_ASSIGNMENT (  '', '', ( #1987 ) ) ;
#82 = UNCERTAINTY_MEASURE_WITH_UNIT (LENGTH_MEASURE( 1.000000000000000082E-05 ), #639, 'distance_accuracy_value', 'NONE');
#83 = LINE ( 'NONE', #248, #2036 ) ;
#84 = VERTEX_POINT ( 'NONE', #153 ) ;
#85 = FACE_OUTER_BOUND ( 'NONE', #1061, .T. ) ;
#86 = SURFACE_STYLE_FILL_AREA ( #2080 ) ;
#87 = DIRECTION ( 'NONE',  ( -0.000000000000000000, -1.000000000000000000, -0.000000000000000000 ) ) ;
#88 = ORIENTED_EDGE ( 'NONE', *, *, #2109, .F. ) ;
#89 = CARTESIAN_POINT ( 'NONE',  ( 0.4500000000000000111, 0.000000000000000000, -0.8499999999999997558 ) ) ;
#90 =( NAMED_UNIT ( * ) SI_UNIT ( $, .STERADIAN. ) SOLID_ANGLE_UNIT ( ) );
#91 = CARTESIAN_POINT ( 'NONE',  ( 0.4000000000000000222, -0.006250000000000000347, -0.3500000000000001998 ) ) ;
#92 = EDGE_LOOP ( 'NONE', ( #882, #517, #245, #789 ) ) ;
#93 = DIRECTION ( 'NONE',  ( -0.000000000000000000, 1.000000000000000000, -0.000000000000000000 ) ) ;
#94 = EDGE_CURVE ( 'NONE', #1472, #2063, #1315, .T. ) ;
#95 = CARTESIAN_POINT ( 'NONE',  ( -0.4500000000000000111, 0.1250000000000000000, -0.8499999999999997558 ) ) ;
#96 = SURFACE_SIDE_STYLE ('',( #1485 ) ) ;
#97 = PRESENTATION_LAYER_ASSIGNMENT (  '', '', ( #1968 ) ) ;
#98 = PRESENTATION_STYLE_ASSIGNMENT (( #942 ) ) ;
#99 = VECTOR ( 'NONE', #468, 1000.000000000000000 ) ;
#100 = ADVANCED_FACE ( 'NONE', ( #1163 ), #1492, .F. ) ;
#101 = CARTESIAN_POINT ( 'NONE',  ( -0.4500000000000000111, 0.1250000000000000000, -0.8499999999999997558 ) ) ;
#102 = DIRECTION ( 'NONE',  ( 0.000000000000000000, 0.000000000000000000, -1.000000000000000000 ) ) ;
#103 = CARTESIAN_POINT ( 'NONE',  ( 0.000000000000000000, 0.000000000000000000, -0.8900000000000000133 ) ) ;
#104 = PLANE ( 'NONE',  #400 ) ;
#105 =( NAMED_UNIT ( * ) SI_UNIT ( $, .STERADIAN. ) SOLID_ANGLE_UNIT ( ) );
#106 = VERTEX_POINT ( 'NONE', #1471 ) ;
#107 = STYLED_ITEM ( 'NONE', ( #570 ), #1517 ) ;
#108 = PRESENTATION_STYLE_ASSIGNMENT (( #953 ) ) ;
#109 = DIRECTION ( 'NONE',  ( 1.000000000000000000, -0.000000000000000000, -1.697835108000056253E-15 ) ) ;
#110 = VECTOR ( 'NONE', #1951, 1000.000000000000000 ) ;
#111 = DIRECTION ( 'NONE',  ( 1.000000000000000000, 0.000000000000000000, 0.000000000000000000 ) ) ;
#112 =( LENGTH_UNIT ( ) NAMED_UNIT ( * ) SI_UNIT ( .MILLI., .METRE. ) );
#113 = CARTESIAN_POINT ( 'NONE',  ( -0.4000000000000000222, 0.000000000000000000, 0.3500000000000001998 ) ) ;
#114 = COLOUR_RGB ( '',0.6470588235294117974, 0.6196078431372549211, 0.5882352941176470784 ) ;
#115 = ORIENTED_EDGE ( 'NONE', *, *, #1557, .F. ) ;
#116 = AXIS2_PLACEMENT_3D ( 'NONE', #159, #170, #661 ) ;
#117 = FILL_AREA_STYLE ('',( #131 ) ) ;
#118 = FILL_AREA_STYLE ('',( #486 ) ) ;
#119 = VECTOR ( 'NONE', #1977, 1000.000000000000000 ) ;
#120 = CARTESIAN_POINT ( 'NONE',  ( 0.4500000000000001776, 0.1500000000000000222, 0.8500000000000001998 ) ) ;
#121 = ORIENTED_EDGE ( 'NONE', *, *, #1922, .F. ) ;
#122 = STYLED_ITEM ( 'NONE', ( #659 ), #1056 ) ;
#123 = SURFACE_SIDE_STYLE ('',( #976 ) ) ;
#124 = CARTESIAN_POINT ( 'NONE',  ( -0.1445683229480096421, -0.006250000000000000347, 0.8500000000000001998 ) ) ;
#125 = LINE ( 'NONE', #807, #635 ) ;
#126 = CARTESIAN_POINT ( 'NONE',  ( 0.000000000000000000, 0.1500000000000000222, -0.8900000000000000133 ) ) ;
#127 = DIRECTION ( 'NONE',  ( -0.000000000000000000, -0.000000000000000000, 1.000000000000000000 ) ) ;
#128 = DIRECTION ( 'NONE',  ( -1.000000000000000000, 0.000000000000000000, 0.000000000000000000 ) ) ;
#129 = VERTEX_POINT ( 'NONE', #650 ) ;
#130 = EDGE_CURVE ( 'NONE', #160, #1374, #497, .T. ) ;
#131 = FILL_AREA_STYLE_COLOUR ( '', #1509 ) ;
#132 =( LENGTH_UNIT ( ) NAMED_UNIT ( * ) SI_UNIT ( .MILLI., .METRE. ) );
#133 = VERTEX_POINT ( 'NONE', #955 ) ;
#134 = CARTESIAN_POINT ( 'NONE',  ( 0.000000000000000000, 0.1500000000000000222, -0.7399999999999999911 ) ) ;
#135 = DIRECTION ( 'NONE',  ( 0.000000000000000000, 0.000000000000000000, 1.000000000000000000 ) ) ;
#136 = UNCERTAINTY_MEASURE_WITH_UNIT (LENGTH_MEASURE( 1.000000000000000082E-05 ), #1214, 'distance_accuracy_value', 'NONE');
#137 = CARTESIAN_POINT ( 'NONE',  ( -0.4499999999999997891, 0.1500000000000000222, 0.8500000000000001998 ) ) ;
#138 = CARTESIAN_POINT ( 'NONE',  ( -0.4000000000000000777, 0.000000000000000000, -0.8500000000000001998 ) ) ;
#139 = CARTESIAN_POINT ( 'NONE',  ( 0.1445683229480095311, 0.1250000000000000000, -0.8499999999999997558 ) ) ;
#140 = PRESENTATION_LAYER_ASSIGNMENT (  '', '', ( #817 ) ) ;
#141 =( NAMED_UNIT ( * ) PLANE_ANGLE_UNIT ( ) SI_UNIT ( $, .RADIAN. ) );
#142 = EDGE_CURVE ( 'NONE', #1124, #673, #318, .T. ) ;
#143 = VERTEX_POINT ( 'NONE', #2142 ) ;
#144 = SURFACE_STYLE_FILL_AREA ( #1578 ) ;
#145 = CARTESIAN_POINT ( 'NONE',  ( -0.1445683229480096421, 0.000000000000000000, 0.8500000000000001998 ) ) ;
#146 =( NAMED_UNIT ( * ) PLANE_ANGLE_UNIT ( ) SI_UNIT ( $, .RADIAN. ) );
#147 = SURFACE_STYLE_USAGE ( .BOTH. , #1861 ) ;
#148 = PRESENTATION_LAYER_ASSIGNMENT (  '', '', ( #107 ) ) ;
#149 = CARTESIAN_POINT ( 'NONE',  ( 0.000000000000000000, 0.000000000000000000, 0.8900000000000000133 ) ) ;
#150 = CARTESIAN_POINT ( 'NONE',  ( -0.4000000000000000777, -0.006250000000000000347, 0.8500000000000001998 ) ) ;
#151 = CARTESIAN_POINT ( 'NONE',  ( 0.1445683229480095311, 0.1250000000000000000, -0.8499999999999997558 ) ) ;
#152 = CARTESIAN_POINT ( 'NONE',  ( 0.1445683229480096421, 0.1250000000000000000, 0.8500000000000001998 ) ) ;
#153 = CARTESIAN_POINT ( 'NONE',  ( -0.1445683229480096421, 0.000000000000000000, 0.8500000000000001998 ) ) ;
#154 = CARTESIAN_POINT ( 'NONE',  ( 0.1445683229480095311, -0.006250000000000000347, -0.8499999999999997558 ) ) ;
#155 = VECTOR ( 'NONE', #914, 1000.000000000000000 ) ;
#156 =( LENGTH_UNIT ( ) NAMED_UNIT ( * ) SI_UNIT ( .MILLI., .METRE. ) );
#157 = FILL_AREA_STYLE ('',( #833 ) ) ;
#158 = PRESENTATION_STYLE_ASSIGNMENT (( #324 ) ) ;
#159 = CARTESIAN_POINT ( 'NONE',  ( -0.4499999999999997891, 0.1250000000000000000, 0.8500000000000001998 ) ) ;
#160 = VERTEX_POINT ( 'NONE', #331 ) ;
#161 = CARTESIAN_POINT ( 'NONE',  ( -0.1445683229480095311, -0.006250000000000000347, -0.8499999999999997558 ) ) ;
#162 = PRODUCT ( 'LB Q39E-L2OO-35-1', 'LB Q39E-L2OO-35-1', '', ( #385 ) ) ;
#163 = LINE ( 'NONE', #1596, #6 ) ;
#164 = CARTESIAN_POINT ( 'NONE',  ( 0.4000000000000000222, 0.000000000000000000, 0.3500000000000001998 ) ) ;
#165 = VERTEX_POINT ( 'NONE', #515 ) ;
#166 = EDGE_CURVE ( 'NONE', #1472, #1400, #163, .T. ) ;
#167 = LINE ( 'NONE', #855, #15 ) ;
#168 = CARTESIAN_POINT ( 'NONE',  ( 0.000000000000000000, -0.006250000000000000347, -0.7399999999999999911 ) ) ;
#169 = ADVANCED_FACE ( 'NONE', ( #608 ), #1441, .F. ) ;
#170 = DIRECTION ( 'NONE',  ( 0.000000000000000000, 0.000000000000000000, -1.000000000000000000 ) ) ;
#171 = ORIENTED_EDGE ( 'NONE', *, *, #2093, .T. ) ;
#172 =( GEOMETRIC_REPRESENTATION_CONTEXT ( 3 ) GLOBAL_UNCERTAINTY_ASSIGNED_CONTEXT ( ( #1446 ) ) GLOBAL_UNIT_ASSIGNED_CONTEXT ( ( #852, #1334, #19 ) ) REPRESENTATION_CONTEXT ( 'NONE', 'WORKASPACE' ) );
#173 =( LENGTH_UNIT ( ) NAMED_UNIT ( * ) SI_UNIT ( .MILLI., .METRE. ) );
#174 =( GEOMETRIC_REPRESENTATION_CONTEXT ( 3 ) GLOBAL_UNCERTAINTY_ASSIGNED_CONTEXT ( ( #1122 ) ) GLOBAL_UNIT_ASSIGNED_CONTEXT ( ( #2058, #1756, #580 ) ) REPRESENTATION_CONTEXT ( 'NONE', 'WORKASPACE' ) );
#175 = UNCERTAINTY_MEASURE_WITH_UNIT (LENGTH_MEASURE( 1.000000000000000082E-05 ), #558, 'distance_accuracy_value', 'NONE');
#176 =( LENGTH_UNIT ( ) NAMED_UNIT ( * ) SI_UNIT ( .MILLI., .METRE. ) );
#177 = ORIENTED_EDGE ( 'NONE', *, *, #660, .T. ) ;
#178 = DIRECTION ( 'NONE',  ( 1.275531967630005245E-16, 0.000000000000000000, 1.000000000000000000 ) ) ;
#179 = CARTESIAN_POINT ( 'NONE',  ( -0.4417679154707110367, 0.2677242934504024396, -0.8417679154707108369 ) ) ;
#180 = FACE_OUTER_BOUND ( 'NONE', #1252, .T. ) ;
#181 = PRODUCT_RELATED_PRODUCT_CATEGORY ( 'part', '', ( #162 ) ) ;
#182 = CLOSED_SHELL ( 'NONE', ( #1431, #518, #401, #220, #870, #363, #234, #1688, #967, #1028, #1487 ) ) ;
#183 = EDGE_LOOP ( 'NONE', ( #37, #2167, #177, #885 ) ) ;
#184 = LINE ( 'NONE', #1501, #1443 ) ;
#185 = DIRECTION ( 'NONE',  ( 0.000000000000000000, -0.000000000000000000, 1.000000000000000000 ) ) ;
#186 = SURFACE_SIDE_STYLE ('',( #1683 ) ) ;
#187 = CIRCLE ( 'NONE', #1403, 0.1500000000000000777 ) ;
#188 = EDGE_LOOP ( 'NONE', ( #56, #1587, #1916, #1521 ) ) ;
#189 = STYLED_ITEM ( 'NONE', ( #1826 ), #754 ) ;
#190 = CARTESIAN_POINT ( 'NONE',  ( -0.4500000000000000111, 0.1500000000000000222, -0.8499999999999997558 ) ) ;
#191 = SURFACE_STYLE_FILL_AREA ( #1725 ) ;
#192 = VECTOR ( 'NONE', #1481, 1000.000000000000000 ) ;
#193 = CYLINDRICAL_SURFACE ( 'NONE', #892, 0.1500000000000000777 ) ;
#194 = ORIENTED_EDGE ( 'NONE', *, *, #1723, .T. ) ;
#195 = CARTESIAN_POINT ( 'NONE',  ( 0.1445683229480096421, -0.006250000000000000347, 0.8500000000000001998 ) ) ;
#196 = DIRECTION ( 'NONE',  ( 0.000000000000000000, 1.000000000000000000, 0.000000000000000000 ) ) ;
#197 = EDGE_CURVE ( 'NONE', #907, #1345, #83, .T. ) ;
#198 = UNCERTAINTY_MEASURE_WITH_UNIT (LENGTH_MEASURE( 1.000000000000000082E-05 ), #632, 'distance_accuracy_value', 'NONE');
#199 = EDGE_LOOP ( 'NONE', ( #766, #115, #1702, #769 ) ) ;
#200 = PRESENTATION_STYLE_ASSIGNMENT (( #21 ) ) ;
#201 = CYLINDRICAL_SURFACE ( 'NONE', #1300, 0.1500000000000000777 ) ;
#202 = EDGE_LOOP ( 'NONE', ( #1117, #2026, #1209, #1799 ) ) ;
#203 = AXIS2_PLACEMENT_3D ( 'NONE', #1795, #102, #1812 ) ;
#204 = SURFACE_STYLE_FILL_AREA ( #916 ) ;
#205 = EDGE_CURVE ( 'NONE', #1507, #2118, #454, .T. ) ;
#206 = AXIS2_PLACEMENT_3D ( 'NONE', #1285, #1984, #480 ) ;
#207 = ORIENTED_EDGE ( 'NONE', *, *, #1612, .F. ) ;
#208 = CIRCLE ( 'NONE', #1255, 0.1500000000000000777 ) ;
#209 = DIRECTION ( 'NONE',  ( 0.000000000000000000, 0.000000000000000000, -1.000000000000000000 ) ) ;
#210 = CARTESIAN_POINT ( 'NONE',  ( -0.4000000000000000222, -0.006250000000000000347, 0.3500000000000001998 ) ) ;
#211 =( NAMED_UNIT ( * ) PLANE_ANGLE_UNIT ( ) SI_UNIT ( $, .RADIAN. ) );
#212 = CARTESIAN_POINT ( 'NONE',  ( 0.000000000000000000, 0.1500000000000000222, 0.000000000000000000 ) ) ;
#213 = LINE ( 'NONE', #348, #1932 ) ;
#214 = ORIENTED_EDGE ( 'NONE', *, *, #694, .F. ) ;
#215 = DIRECTION ( 'NONE',  ( 0.000000000000000000, 0.000000000000000000, 1.000000000000000000 ) ) ;
#216 = VECTOR ( 'NONE', #1225, 1000.000000000000000 ) ;
#217 = UNCERTAINTY_MEASURE_WITH_UNIT (LENGTH_MEASURE( 1.000000000000000082E-05 ), #46, 'distance_accuracy_value', 'NONE');
#218 = ORIENTED_EDGE ( 'NONE', *, *, #67, .T. ) ;
#219 =( GEOMETRIC_REPRESENTATION_CONTEXT ( 3 ) GLOBAL_UNCERTAINTY_ASSIGNED_CONTEXT ( ( #1486 ) ) GLOBAL_UNIT_ASSIGNED_CONTEXT ( ( #132, #959, #813 ) ) REPRESENTATION_CONTEXT ( 'NONE', 'WORKASPACE' ) );
#220 = ADVANCED_FACE ( 'NONE', ( #1451 ), #2101, .F. ) ;
#221 = CIRCLE ( 'NONE', #1514, 0.1500000000000000777 ) ;
#222 = CARTESIAN_POINT ( 'NONE',  ( 0.4000000000000000222, -0.006250000000000000347, -0.3500000000000001998 ) ) ;
#223 = CARTESIAN_POINT ( 'NONE',  ( -0.4000000000000000222, 0.000000000000000000, -0.3500000000000001998 ) ) ;
#224 = STYLED_ITEM ( 'NONE', ( #820 ), #725 ) ;
#225 = COLOUR_RGB ( '',0.6470588235294117974, 0.6196078431372549211, 0.5882352941176470784 ) ;
#226 =( NAMED_UNIT ( * ) PLANE_ANGLE_UNIT ( ) SI_UNIT ( $, .RADIAN. ) );
#227 = ORIENTED_EDGE ( 'NONE', *, *, #142, .T. ) ;
#228 =( GEOMETRIC_REPRESENTATION_CONTEXT ( 3 ) GLOBAL_UNCERTAINTY_ASSIGNED_CONTEXT ( ( #988 ) ) GLOBAL_UNIT_ASSIGNED_CONTEXT ( ( #2018, #1151, #1321 ) ) REPRESENTATION_CONTEXT ( 'NONE', 'WORKASPACE' ) );
#229 = CARTESIAN_POINT ( 'NONE',  ( 0.000000000000000000, 0.000000000000000000, -0.8900000000000000133 ) ) ;
#230 = EDGE_LOOP ( 'NONE', ( #1291, #1721, #1563, #79 ) ) ;
#231 = ADVANCED_FACE ( 'NONE', ( #1933 ), #1959, .F. ) ;
#232 = EDGE_LOOP ( 'NONE', ( #1551, #214, #1869, #2032 ) ) ;
#233 =( NAMED_UNIT ( * ) SI_UNIT ( $, .STERADIAN. ) SOLID_ANGLE_UNIT ( ) );
#234 = ADVANCED_FACE ( 'NONE', ( #1819 ), #1359, .F. ) ;
#235 = DIRECTION ( 'NONE',  ( -1.697835108000056450E-15, 0.000000000000000000, 1.000000000000000000 ) ) ;
#236 = ORIENTED_EDGE ( 'NONE', *, *, #1381, .T. ) ;
#237 = PRESENTATION_STYLE_ASSIGNMENT (( #1218 ) ) ;
#238 = ORIENTED_EDGE ( 'NONE', *, *, #2093, .F. ) ;
#239 =( NAMED_UNIT ( * ) PLANE_ANGLE_UNIT ( ) SI_UNIT ( $, .RADIAN. ) );
#240 = CARTESIAN_POINT ( 'NONE',  ( 0.4500000000000001776, 0.000000000000000000, 0.8500000000000001998 ) ) ;
#241 = CARTESIAN_POINT ( 'NONE',  ( -0.4500000000000000111, 0.1250000000000000000, -0.8499999999999997558 ) ) ;
#242 = MECHANICAL_DESIGN_GEOMETRIC_PRESENTATION_REPRESENTATION (  '', ( #739 ), #596 ) ;
#243 = CARTESIAN_POINT ( 'NONE',  ( -0.4000000000000000222, -0.006250000000000000347, -0.3500000000000001998 ) ) ;
#244 =( NAMED_UNIT ( * ) SI_UNIT ( $, .STERADIAN. ) SOLID_ANGLE_UNIT ( ) );
#245 = ORIENTED_EDGE ( 'NONE', *, *, #466, .F. ) ;
#246 = DIRECTION ( 'NONE',  ( 0.000000000000000000, -1.000000000000000000, 0.000000000000000000 ) ) ;
#247 = PRESENTATION_LAYER_ASSIGNMENT (  '', '', ( #708 ) ) ;
#248 = CARTESIAN_POINT ( 'NONE',  ( -0.4500000000000000111, 0.1500000000000000222, -0.8499999999999997558 ) ) ;
#249 = ORIENTED_EDGE ( 'NONE', *, *, #1054, .T. ) ;
#250 = SURFACE_STYLE_USAGE ( .BOTH. , #919 ) ;
#251 = FILL_AREA_STYLE_COLOUR ( '', #365 ) ;
#252 = ORIENTED_EDGE ( 'NONE', *, *, #1829, .F. ) ;
#253 = AXIS2_PLACEMENT_3D ( 'NONE', #541, #1881, #1053 ) ;
#254 = SURFACE_SIDE_STYLE ('',( #2084 ) ) ;
#255 = SURFACE_STYLE_FILL_AREA ( #1250 ) ;
#256 = COLOUR_RGB ( '',0.9411764705882352811, 0.9607843137254902244, 0.9686274509803921573 ) ;
#257 = CARTESIAN_POINT ( 'NONE',  ( 0.000000000000000000, 0.000000000000000000, 0.8900000000000000133 ) ) ;
#258 = ORIENTED_EDGE ( 'NONE', *, *, #470, .F. ) ;
#259 = VECTOR ( 'NONE', #849, 1000.000000000000000 ) ;
#260 =( LENGTH_UNIT ( ) NAMED_UNIT ( * ) SI_UNIT ( .MILLI., .METRE. ) );
#261 = EDGE_CURVE ( 'NONE', #2055, #1142, #938, .T. ) ;
#262 = FILL_AREA_STYLE ('',( #1765 ) ) ;
#263 = EDGE_LOOP ( 'NONE', ( #1938, #510, #308, #58 ) ) ;
#264 = EDGE_CURVE ( 'NONE', #730, #1956, #1063, .T. ) ;
#265 = CYLINDRICAL_SURFACE ( 'NONE', #65, 0.1500000000000000777 ) ;
#266 = DIRECTION ( 'NONE',  ( -0.000000000000000000, 1.000000000000000000, -0.000000000000000000 ) ) ;
#267 = LINE ( 'NONE', #774, #1838 ) ;
#268 =( NAMED_UNIT ( * ) PLANE_ANGLE_UNIT ( ) SI_UNIT ( $, .RADIAN. ) );
#269 = DIRECTION ( 'NONE',  ( 0.000000000000000000, 0.000000000000000000, 1.000000000000000000 ) ) ;
#270 = DIRECTION ( 'NONE',  ( -0.000000000000000000, 1.000000000000000000, -0.000000000000000000 ) ) ;
#271 = ADVANCED_FACE ( 'NONE', ( #1703 ), #68, .F. ) ;
#272 = CARTESIAN_POINT ( 'NONE',  ( 0.4500000000000000111, 0.1500000000000000222, -0.8499999999999997558 ) ) ;
#273 = EDGE_LOOP ( 'NONE', ( #1583, #1538, #1055, #1452 ) ) ;
#274 = CARTESIAN_POINT ( 'NONE',  ( -0.4341445211171764407, 0.3767439118436031187, 0.8341445211171761853 ) ) ;
#275 = LINE ( 'NONE', #124, #420 ) ;
#276 = DIRECTION ( 'NONE',  ( 0.000000000000000000, 0.000000000000000000, -1.000000000000000000 ) ) ;
#277 = VECTOR ( 'NONE', #908, 1000.000000000000000 ) ;
#278 = VERTEX_POINT ( 'NONE', #1384 ) ;
#279 = VECTOR ( 'NONE', #2103, 1000.000000000000000 ) ;
#280 = CARTESIAN_POINT ( 'NONE',  ( 0.000000000000000000, 0.000000000000000000, -0.7399999999999999911 ) ) ;
#281 = FACE_OUTER_BOUND ( 'NONE', #1786, .T. ) ;
#282 = AXIS2_PLACEMENT_3D ( 'NONE', #2105, #1082, #425 ) ;
#283 = SURFACE_STYLE_FILL_AREA ( #427 ) ;
#284 = DIRECTION ( 'NONE',  ( 0.000000000000000000, 1.000000000000000000, 0.000000000000000000 ) ) ;
#285 = VECTOR ( 'NONE', #589, 1000.000000000000000 ) ;
#286 = DIRECTION ( 'NONE',  ( -0.000000000000000000, 1.000000000000000000, 0.000000000000000000 ) ) ;
#287 = UNCERTAINTY_MEASURE_WITH_UNIT (LENGTH_MEASURE( 1.000000000000000082E-05 ), #156, 'distance_accuracy_value', 'NONE');
#288 = ORIENTED_EDGE ( 'NONE', *, *, #2052, .F. ) ;
#289 = FILL_AREA_STYLE ('',( #1788 ) ) ;
#290 = CARTESIAN_POINT ( 'NONE',  ( -0.4500000000000000111, 0.1250000000000000000, -0.8499999999999997558 ) ) ;
#291 = ADVANCED_FACE ( 'NONE', ( #1774 ), #1253, .F. ) ;
#292 = DIRECTION ( 'NONE',  ( -0.000000000000000000, 1.000000000000000000, -0.000000000000000000 ) ) ;
#293 = DIRECTION ( 'NONE',  ( -1.000000000000000000, 0.000000000000000000, 0.000000000000000000 ) ) ;
#294 =( NAMED_UNIT ( * ) PLANE_ANGLE_UNIT ( ) SI_UNIT ( $, .RADIAN. ) );
#295 = FILL_AREA_STYLE ('',( #1422 ) ) ;
#296 = PRESENTATION_LAYER_ASSIGNMENT (  '', '', ( #1232 ) ) ;
#297 = CARTESIAN_POINT ( 'NONE',  ( -0.4000000000000000222, 0.000000000000000000, 0.3500000000000001998 ) ) ;
#298 = ORIENTED_EDGE ( 'NONE', *, *, #1776, .T. ) ;
#299 = AXIS2_PLACEMENT_3D ( 'NONE', #257, #78, #1279 ) ;
#300 = CARTESIAN_POINT ( 'NONE',  ( -0.4331786369720547203, 0.3905566986456384115, 0.8331786369720545204 ) ) ;
#301 = CARTESIAN_POINT ( 'NONE',  ( 0.000000000000000000, 0.000000000000000000, -0.7399999999999999911 ) ) ;
#302 =( NAMED_UNIT ( * ) SI_UNIT ( $, .STERADIAN. ) SOLID_ANGLE_UNIT ( ) );
#303 =( NAMED_UNIT ( * ) SI_UNIT ( $, .STERADIAN. ) SOLID_ANGLE_UNIT ( ) );
#304 = ADVANCED_FACE ( 'NONE', ( #464 ), #2074, .T. ) ;
#305 = CARTESIAN_POINT ( 'NONE',  ( 0.4341445211171764407, 0.3767439118436031187, 0.8341445211171761853 ) ) ;
#306 = EDGE_CURVE ( 'NONE', #133, #1165, #1282, .T. ) ;
#307 = FILL_AREA_STYLE ('',( #1660 ) ) ;
#308 = ORIENTED_EDGE ( 'NONE', *, *, #1491, .F. ) ;
#309 =( LENGTH_UNIT ( ) NAMED_UNIT ( * ) SI_UNIT ( .MILLI., .METRE. ) );
#310 = FILL_AREA_STYLE_COLOUR ( '', #1392 ) ;
#311 = DIRECTION ( 'NONE',  ( 0.000000000000000000, 0.9975640502598241977, 0.06975647374412533019 ) ) ;
#312 = CARTESIAN_POINT ( 'NONE',  ( -0.1445683229480095311, -0.006250000000000000347, -0.8499999999999997558 ) ) ;
#313 = LINE ( 'NONE', #1876, #986 ) ;
#314 = VECTOR ( 'NONE', #875, 1000.000000000000000 ) ;
#315 = CARTESIAN_POINT ( 'NONE',  ( -0.4000000000000000222, -0.006250000000000000347, -0.3500000000000001998 ) ) ;
#316 = EDGE_CURVE ( 'NONE', #143, #1270, #958, .T. ) ;
#317 = MECHANICAL_DESIGN_GEOMETRIC_PRESENTATION_REPRESENTATION (  '', ( #31 ), #174 ) ;
#318 = LINE ( 'NONE', #7, #829 ) ;
#319 = ORIENTED_EDGE ( 'NONE', *, *, #1236, .T. ) ;
#320 = DIRECTION ( 'NONE',  ( 1.697835108000056450E-15, 0.000000000000000000, 1.000000000000000000 ) ) ;
#321 = LINE ( 'NONE', #968, #746 ) ;
#322 =( NAMED_UNIT ( * ) SI_UNIT ( $, .STERADIAN. ) SOLID_ANGLE_UNIT ( ) );
#323 = CARTESIAN_POINT ( 'NONE',  ( -0.4230519360803035589, 0.4000000000000000222, -0.8230519360803033591 ) ) ;
#324 = SURFACE_STYLE_USAGE ( .BOTH. , #1310 ) ;
#325 = STYLED_ITEM ( 'NONE', ( #581 ), #71 ) ;
#326 = AXIS2_PLACEMENT_3D ( 'NONE', #2087, #587, #604 ) ;
#327 = SURFACE_SIDE_STYLE ('',( #2098 ) ) ;
#328 = ORIENTED_EDGE ( 'NONE', *, *, #1419, .F. ) ;
#329 =( NAMED_UNIT ( * ) SI_UNIT ( $, .STERADIAN. ) SOLID_ANGLE_UNIT ( ) );
#330 = VECTOR ( 'NONE', #1619, 1000.000000000000000 ) ;
#331 = CARTESIAN_POINT ( 'NONE',  ( 0.4092054198606808191, 0.4000000000000000222, 0.8092054198606806192 ) ) ;
#332 = EDGE_CURVE ( 'NONE', #915, #1516, #679, .T. ) ;
#333 =( GEOMETRIC_REPRESENTATION_CONTEXT ( 3 ) GLOBAL_UNCERTAINTY_ASSIGNED_CONTEXT ( ( #851 ) ) GLOBAL_UNIT_ASSIGNED_CONTEXT ( ( #22, #1042, #1697 ) ) REPRESENTATION_CONTEXT ( 'NONE', 'WORKASPACE' ) );
#334 = UNCERTAINTY_MEASURE_WITH_UNIT (LENGTH_MEASURE( 1.000000000000000082E-05 ), #1081, 'distance_accuracy_value', 'NONE');
#335 = EDGE_CURVE ( 'NONE', #20, #1602, #949, .T. ) ;
#336 = ORIENTED_EDGE ( 'NONE', *, *, #1419, .T. ) ;
#337 = VECTOR ( 'NONE', #1747, 1000.000000000000000 ) ;
#338 = UNCERTAINTY_MEASURE_WITH_UNIT (LENGTH_MEASURE( 1.000000000000000082E-05 ), #176, 'distance_accuracy_value', 'NONE');
#339 = DIRECTION ( 'NONE',  ( 0.000000000000000000, 0.000000000000000000, 1.000000000000000000 ) ) ;
#340 = FILL_AREA_STYLE_COLOUR ( '', #1946 ) ;
#341 = CARTESIAN_POINT ( 'NONE',  ( -0.4499999999999997891, 0.000000000000000000, 0.8500000000000001998 ) ) ;
#342 = DIRECTION ( 'NONE',  ( 0.000000000000000000, -1.000000000000000000, 0.000000000000000000 ) ) ;
#343 = FILL_AREA_STYLE_COLOUR ( '', #1969 ) ;
#344 = ORIENTED_EDGE ( 'NONE', *, *, #894, .T. ) ;
#345 = DIRECTION ( 'NONE',  ( 0.000000000000000000, 0.000000000000000000, 1.000000000000000000 ) ) ;
#346 = FACE_OUTER_BOUND ( 'NONE', #1023, .T. ) ;
#347 = LINE ( 'NONE', #179, #1017 ) ;
#348 = CARTESIAN_POINT ( 'NONE',  ( 0.000000000000000000, 0.4000000000000000222, -0.8092054198606806192 ) ) ;
#349 = CARTESIAN_POINT ( 'NONE',  ( 0.4000000000000000222, -0.006250000000000000347, 0.8500000000000001998 ) ) ;
#350 = STYLED_ITEM ( 'NONE', ( #776 ), #1843 ) ;
#351 = VERTEX_POINT ( 'NONE', #778 ) ;
#352 = LINE ( 'NONE', #514, #1980 ) ;
#353 = MECHANICAL_DESIGN_GEOMETRIC_PRESENTATION_REPRESENTATION (  '', ( #461 ), #1714 ) ;
#354 = PLANE ( 'NONE',  #2159 ) ;
#355 = UNCERTAINTY_MEASURE_WITH_UNIT (LENGTH_MEASURE( 1.000000000000000082E-05 ), #1168, 'distance_accuracy_value', 'NONE');
#356 =( NAMED_UNIT ( * ) SI_UNIT ( $, .STERADIAN. ) SOLID_ANGLE_UNIT ( ) );
#357 = ORIENTED_EDGE ( 'NONE', *, *, #426, .F. ) ;
#358 = AXIS2_PLACEMENT_3D ( 'NONE', #1792, #1147, #311 ) ;
#359 = FACE_OUTER_BOUND ( 'NONE', #1753, .T. ) ;
#360 = CARTESIAN_POINT ( 'NONE',  ( 0.000000000000000000, -0.006250000000000000347, -0.8900000000000000133 ) ) ;
#361 = AXIS2_PLACEMENT_3D ( 'NONE', #1350, #895, #345 ) ;
#362 = CARTESIAN_POINT ( 'NONE',  ( 0.000000000000000000, 0.000000000000000000, -0.8900000000000000133 ) ) ;
#363 = ADVANCED_FACE ( 'NONE', ( #1087 ), #104, .F. ) ;
#364 = SURFACE_STYLE_USAGE ( .BOTH. , #1179 ) ;
#365 = COLOUR_RGB ( '',0.6470588235294117974, 0.5176470588235293491, 0.000000000000000000 ) ;
#366 = STYLED_ITEM ( 'NONE', ( #1669 ), #401 ) ;
#367 = ORIENTED_EDGE ( 'NONE', *, *, #1150, .F. ) ;
#368 =( GEOMETRIC_REPRESENTATION_CONTEXT ( 3 ) GLOBAL_UNCERTAINTY_ASSIGNED_CONTEXT ( ( #1883 ) ) GLOBAL_UNIT_ASSIGNED_CONTEXT ( ( #726, #1357, #233 ) ) REPRESENTATION_CONTEXT ( 'NONE', 'WORKASPACE' ) );
#369 = CYLINDRICAL_SURFACE ( 'NONE', #788, 0.02499999999999995628 ) ;
#370 = SURFACE_STYLE_USAGE ( .BOTH. , #1523 ) ;
#371 = MECHANICAL_DESIGN_GEOMETRIC_PRESENTATION_REPRESENTATION (  '', ( #798 ), #477 ) ;
#372 = FILL_AREA_STYLE ('',( #707 ) ) ;
#373 = MECHANICAL_DESIGN_GEOMETRIC_PRESENTATION_REPRESENTATION (  '', ( #1987 ), #948 ) ;
#374 = EDGE_CURVE ( 'NONE', #1849, #1124, #1329, .T. ) ;
#375 = CARTESIAN_POINT ( 'NONE',  ( 0.4092054198606808191, 0.4000000000000000222, 0.8092054198606806192 ) ) ;
#376 =( LENGTH_UNIT ( ) NAMED_UNIT ( * ) SI_UNIT ( .MILLI., .METRE. ) );
#377 = ORIENTED_EDGE ( 'NONE', *, *, #2109, .T. ) ;
#378 = CARTESIAN_POINT ( 'NONE',  ( -0.1445683229480095311, 0.000000000000000000, -0.8499999999999997558 ) ) ;
#379 =( NAMED_UNIT ( * ) SI_UNIT ( $, .STERADIAN. ) SOLID_ANGLE_UNIT ( ) );
#380 = DIRECTION ( 'NONE',  ( -0.9975640502598243087, 0.06975647374412535795, 0.000000000000000000 ) ) ;
#381 = LINE ( 'NONE', #1537, #155 ) ;
#382 = VERTEX_POINT ( 'NONE', #152 ) ;
#383 = VECTOR ( 'NONE', #109, 1000.000000000000000 ) ;
#384 = CARTESIAN_POINT ( 'NONE',  ( -0.4499999999999997891, 0.1250000000000000000, 0.8500000000000001998 ) ) ;
#385 = PRODUCT_CONTEXT ( 'NONE', #1520, 'mechanical' ) ;
#386 = ORIENTED_EDGE ( 'NONE', *, *, #1381, .F. ) ;
#387 = VECTOR ( 'NONE', #1115, 1000.000000000000000 ) ;
#388 = FILL_AREA_STYLE ('',( #1886 ) ) ;
#389 = FACE_OUTER_BOUND ( 'NONE', #1066, .T. ) ;
#390 = CARTESIAN_POINT ( 'NONE',  ( 0.4000000000000000222, 0.000000000000000000, 0.8500000000000001998 ) ) ;
#391 = PRESENTATION_LAYER_ASSIGNMENT (  '', '', ( #786 ) ) ;
#392 = VERTEX_POINT ( 'NONE', #823 ) ;
#393 = DIRECTION ( 'NONE',  ( 0.000000000000000000, 0.000000000000000000, -1.000000000000000000 ) ) ;
#394 = COLOUR_RGB ( '',0.6666666666666666297, 0.6980392156862744724, 0.7686274509803920907 ) ;
#395 = UNCERTAINTY_MEASURE_WITH_UNIT (LENGTH_MEASURE( 1.000000000000000082E-05 ), #260, 'distance_accuracy_value', 'NONE');
#396 = EDGE_CURVE ( 'NONE', #1820, #129, #848, .T. ) ;
#397 = EDGE_LOOP ( 'NONE', ( #1928, #1256, #712, #218 ) ) ;
#398 = MECHANICAL_DESIGN_GEOMETRIC_PRESENTATION_REPRESENTATION (  '', ( #563 ), #1337 ) ;
#399 = FILL_AREA_STYLE_COLOUR ( '', #2003 ) ;
#400 = AXIS2_PLACEMENT_3D ( 'NONE', #860, #2127, #1014 ) ;
#401 = ADVANCED_FACE ( 'NONE', ( #1005 ), #1483, .F. ) ;
#402 = DIRECTION ( 'NONE',  ( -0.000000000000000000, 0.000000000000000000, 1.000000000000000000 ) ) ;
#403 = ORIENTED_EDGE ( 'NONE', *, *, #694, .T. ) ;
#404 = COLOUR_RGB ( '',0.6666666666666666297, 0.6980392156862744724, 0.7686274509803920907 ) ;
#405 = MECHANICAL_DESIGN_GEOMETRIC_PRESENTATION_REPRESENTATION (  '', ( #1733 ), #2075 ) ;
#406 = FILL_AREA_STYLE ('',( #1901 ) ) ;
#407 = ORIENTED_EDGE ( 'NONE', *, *, #824, .F. ) ;
#408 = APPLICATION_CONTEXT ( 'automotive_design' ) ;
#409 = VERTEX_POINT ( 'NONE', #1344 ) ;
#410 = FILL_AREA_STYLE_COLOUR ( '', #1154 ) ;
#411 = SURFACE_SIDE_STYLE ('',( #741 ) ) ;
#412 = CARTESIAN_POINT ( 'NONE',  ( -0.1445683229480096421, -0.006250000000000000347, 0.8500000000000001998 ) ) ;
#413 = VERTEX_POINT ( 'NONE', #1312 ) ;
#414 = FILL_AREA_STYLE ('',( #1241 ) ) ;
#415 = PLANE ( 'NONE',  #572 ) ;
#416 = ORIENTED_EDGE ( 'NONE', *, *, #1281, .F. ) ;
#417 = CARTESIAN_POINT ( 'NONE',  ( 0.4000000000000000222, -0.006250000000000000347, -0.3500000000000001998 ) ) ;
#418 = SURFACE_STYLE_FILL_AREA ( #1378 ) ;
#419 = ORIENTED_EDGE ( 'NONE', *, *, #332, .T. ) ;
#420 = VECTOR ( 'NONE', #791, 1000.000000000000000 ) ;
#421 = PRESENTATION_STYLE_ASSIGNMENT (( #2050 ) ) ;
#422 = VECTOR ( 'NONE', #524, 1000.000000000000000 ) ;
#423 = CARTESIAN_POINT ( 'NONE',  ( -0.4499999999999997891, 0.1250000000000000000, 0.8500000000000001998 ) ) ;
#424 = COLOUR_RGB ( '',0.6470588235294117974, 0.6196078431372549211, 0.5882352941176470784 ) ;
#425 = DIRECTION ( 'NONE',  ( -1.275531967630005245E-16, 0.000000000000000000, -1.000000000000000000 ) ) ;
#426 = EDGE_CURVE ( 'NONE', #1636, #624, #633, .T. ) ;
#427 = FILL_AREA_STYLE ('',( #1614 ) ) ;
#428 = ORIENTED_EDGE ( 'NONE', *, *, #1829, .T. ) ;
#429 = ADVANCED_FACE ( 'NONE', ( #812 ), #1978, .T. ) ;
#430 = SURFACE_SIDE_STYLE ('',( #1751 ) ) ;
#431 = COLOUR_RGB ( '',0.9411764705882352811, 0.9607843137254902244, 0.9686274509803921573 ) ;
#432 = SURFACE_STYLE_FILL_AREA ( #1971 ) ;
#433 = VERTEX_POINT ( 'NONE', #1524 ) ;
#434 = CYLINDRICAL_SURFACE ( 'NONE', #863, 0.02500000000000001180 ) ;
#435 = CARTESIAN_POINT ( 'NONE',  ( 0.4000000000000000222, 0.000000000000000000, -0.8500000000000001998 ) ) ;
#436 =( GEOMETRIC_REPRESENTATION_CONTEXT ( 3 ) GLOBAL_UNCERTAINTY_ASSIGNED_CONTEXT ( ( #1644 ) ) GLOBAL_UNIT_ASSIGNED_CONTEXT ( ( #750, #1371, #1208 ) ) REPRESENTATION_CONTEXT ( 'NONE', 'WORKASPACE' ) );
#437 = EDGE_LOOP ( 'NONE', ( #1356, #560, #475, #2112, #987, #1902 ) ) ;
#438 = FACE_OUTER_BOUND ( 'NONE', #499, .T. ) ;
#439 = STYLED_ITEM ( 'NONE', ( #60 ), #494 ) ;
#440 = SURFACE_SIDE_STYLE ('',( #283 ) ) ;
#441 = CARTESIAN_POINT ( 'NONE',  ( 0.000000000000000000, -0.006250000000000000347, 0.8900000000000000133 ) ) ;
#442 = ADVANCED_FACE ( 'NONE', ( #727 ), #1382, .T. ) ;
#443 =( GEOMETRIC_REPRESENTATION_CONTEXT ( 3 ) GLOBAL_UNCERTAINTY_ASSIGNED_CONTEXT ( ( #18 ) ) GLOBAL_UNIT_ASSIGNED_CONTEXT ( ( #112, #211, #13 ) ) REPRESENTATION_CONTEXT ( 'NONE', 'WORKASPACE' ) );
#444 = AXIS2_PLACEMENT_3D ( 'NONE', #1588, #320, #1239 ) ;
#445 = PLANE ( 'NONE',  #1213 ) ;
#446 = CARTESIAN_POINT ( 'NONE',  ( -0.1445683229480095311, 0.000000000000000000, -0.8499999999999997558 ) ) ;
#447 = DIRECTION ( 'NONE',  ( -1.000000000000000000, 0.000000000000000000, -0.000000000000000000 ) ) ;
#448 = VERTEX_POINT ( 'NONE', #134 ) ;
#449 = PLANE ( 'NONE',  #444 ) ;
#450 = PRODUCT_DEFINITION_CONTEXT ( 'detailed design', #408, 'design' ) ;
#451 = DIRECTION ( 'NONE',  ( 0.000000000000000000, 0.000000000000000000, 1.000000000000000000 ) ) ;
#452 = ORIENTED_EDGE ( 'NONE', *, *, #1150, .T. ) ;
#453 = CARTESIAN_POINT ( 'NONE',  ( 0.000000000000000000, 0.1500000000000000222, -0.8900000000000000133 ) ) ;
#454 = LINE ( 'NONE', #297, #1303 ) ;
#455 = ORIENTED_EDGE ( 'NONE', *, *, #1632, .T. ) ;
#456 = DIRECTION ( 'NONE',  ( 0.000000000000000000, 0.000000000000000000, 1.000000000000000000 ) ) ;
#457 = PRESENTATION_STYLE_ASSIGNMENT (( #1125 ) ) ;
#458 = MECHANICAL_DESIGN_GEOMETRIC_PRESENTATION_REPRESENTATION (  '', ( #817 ), #1086 ) ;
#459 = VECTOR ( 'NONE', #1994, 1000.000000000000000 ) ;
#460 =( LENGTH_UNIT ( ) NAMED_UNIT ( * ) SI_UNIT ( .MILLI., .METRE. ) );
#461 = STYLED_ITEM ( 'NONE', ( #108 ), #1719 ) ;
#462 = SURFACE_STYLE_FILL_AREA ( #2095 ) ;
#463 = SURFACE_SIDE_STYLE ('',( #1794 ) ) ;
#464 = FACE_OUTER_BOUND ( 'NONE', #1565, .T. ) ;
#465 = EDGE_LOOP ( 'NONE', ( #1952, #207, #555, #578 ) ) ;
#466 = EDGE_CURVE ( 'NONE', #1400, #351, #1848, .T. ) ;
#467 = DIRECTION ( 'NONE',  ( 0.000000000000000000, -1.000000000000000000, 0.000000000000000000 ) ) ;
#468 = DIRECTION ( 'NONE',  ( 1.275531967630005245E-16, 0.000000000000000000, 1.000000000000000000 ) ) ;
#469 = STYLED_ITEM ( 'NONE', ( #985 ), #1 ) ;
#470 = EDGE_CURVE ( 'NONE', #1316, #1032, #221, .T. ) ;
#471 = CARTESIAN_POINT ( 'NONE',  ( 0.4000000000000000222, -0.006250000000000000347, 0.8500000000000001998 ) ) ;
#472 = SURFACE_SIDE_STYLE ('',( #1656 ) ) ;
#473 = CARTESIAN_POINT ( 'NONE',  ( -0.4092054198606808191, 0.4000000000000000222, -0.8092054198606806192 ) ) ;
#474 = COLOUR_RGB ( '',0.6666666666666666297, 0.6980392156862744724, 0.7686274509803920907 ) ;
#475 = ORIENTED_EDGE ( 'NONE', *, *, #1332, .T. ) ;
#476 = STYLED_ITEM ( 'NONE', ( #681 ), #518 ) ;
#477 =( GEOMETRIC_REPRESENTATION_CONTEXT ( 3 ) GLOBAL_UNCERTAINTY_ASSIGNED_CONTEXT ( ( #917 ) ) GLOBAL_UNIT_ASSIGNED_CONTEXT ( ( #376, #747, #2070 ) ) REPRESENTATION_CONTEXT ( 'NONE', 'WORKASPACE' ) );
#478 = ORIENTED_EDGE ( 'NONE', *, *, #205, .T. ) ;
#479 = VECTOR ( 'NONE', #1668, 1000.000000000000000 ) ;
#480 = DIRECTION ( 'NONE',  ( 0.000000000000000000, 0.000000000000000000, -1.000000000000000000 ) ) ;
#481 = CARTESIAN_POINT ( 'NONE',  ( 0.1445683229480095311, 0.000000000000000000, -0.8499999999999997558 ) ) ;
#482 = LINE ( 'NONE', #1465, #1744 ) ;
#483 = CARTESIAN_POINT ( 'NONE',  ( 0.4000000000000000222, -0.006250000000000000347, 0.3500000000000001998 ) ) ;
#484 = DIRECTION ( 'NONE',  ( -1.000000000000000000, -0.000000000000000000, -0.000000000000000000 ) ) ;
#485 = SURFACE_STYLE_FILL_AREA ( #307 ) ;
#486 = FILL_AREA_STYLE_COLOUR ( '', #682 ) ;
#487 = DIRECTION ( 'NONE',  ( 1.000000000000000000, 0.000000000000000000, 0.000000000000000000 ) ) ;
#488 = ORIENTED_EDGE ( 'NONE', *, *, #42, .F. ) ;
#489 = UNCERTAINTY_MEASURE_WITH_UNIT (LENGTH_MEASURE( 1.000000000000000082E-05 ), #173, 'distance_accuracy_value', 'NONE');
#490 = SURFACE_STYLE_USAGE ( .BOTH. , #2135 ) ;
#491 = CARTESIAN_POINT ( 'NONE',  ( -0.4499999999999997891, 0.000000000000000000, 0.8500000000000001998 ) ) ;
#492 = CARTESIAN_POINT ( 'NONE',  ( 0.000000000000000000, 0.4000000000000000222, 0.8092054198606806192 ) ) ;
#493 =( GEOMETRIC_REPRESENTATION_CONTEXT ( 3 ) GLOBAL_UNCERTAINTY_ASSIGNED_CONTEXT ( ( #1338 ) ) GLOBAL_UNIT_ASSIGNED_CONTEXT ( ( #656, #1180, #1720 ) ) REPRESENTATION_CONTEXT ( 'NONE', 'WORKASPACE' ) );
#494 = ADVANCED_FACE ( 'NONE', ( #564 ), #1247, .F. ) ;
#495 = PRESENTATION_STYLE_ASSIGNMENT (( #1999 ) ) ;
#496 = EDGE_CURVE ( 'NONE', #1345, #448, #187, .T. ) ;
#497 = LINE ( 'NONE', #1275, #110 ) ;
#498 = LINE ( 'NONE', #663, #1494 ) ;
#499 = EDGE_LOOP ( 'NONE', ( #974, #51, #952, #1216 ) ) ;
#500 = CIRCLE ( 'NONE', #1681, 0.1500000000000000777 ) ;
#501 = LINE ( 'NONE', #137, #603 ) ;
#502 = LINE ( 'NONE', #1466, #983 ) ;
#503 =( GEOMETRIC_REPRESENTATION_CONTEXT ( 3 ) GLOBAL_UNCERTAINTY_ASSIGNED_CONTEXT ( ( #1842 ) ) GLOBAL_UNIT_ASSIGNED_CONTEXT ( ( #772, #920, #1911 ) ) REPRESENTATION_CONTEXT ( 'NONE', 'WORKASPACE' ) );
#504 =( LENGTH_UNIT ( ) NAMED_UNIT ( * ) SI_UNIT ( .MILLI., .METRE. ) );
#505 = ORIENTED_EDGE ( 'NONE', *, *, #396, .T. ) ;
#506 = CARTESIAN_POINT ( 'NONE',  ( -0.1445683229480096421, 0.1250000000000000000, 0.8500000000000001998 ) ) ;
#507 = MECHANICAL_DESIGN_GEOMETRIC_PRESENTATION_REPRESENTATION (  '', ( #1624 ), #2012 ) ;
#508 = PRESENTATION_STYLE_ASSIGNMENT (( #1992 ) ) ;
#509 =( GEOMETRIC_REPRESENTATION_CONTEXT ( 3 ) GLOBAL_UNCERTAINTY_ASSIGNED_CONTEXT ( ( #334 ) ) GLOBAL_UNIT_ASSIGNED_CONTEXT ( ( #1081, #869, #874 ) ) REPRESENTATION_CONTEXT ( 'NONE', 'WORKASPACE' ) );
#510 = ORIENTED_EDGE ( 'NONE', *, *, #2134, .F. ) ;
#511 = SURFACE_STYLE_FILL_AREA ( #1376 ) ;
#512 = CARTESIAN_POINT ( 'NONE',  ( 0.4000000000000000222, 0.000000000000000000, 0.8500000000000001998 ) ) ;
#513 = PRESENTATION_STYLE_ASSIGNMENT (( #1678 ) ) ;
#514 = CARTESIAN_POINT ( 'NONE',  ( 0.1445683229480095311, 0.000000000000000000, -0.8499999999999997558 ) ) ;
#515 = CARTESIAN_POINT ( 'NONE',  ( 0.4500000000000001776, 0.1250000000000000000, 0.8500000000000001998 ) ) ;
#516 = EDGE_CURVE ( 'NONE', #1032, #785, #1121, .T. ) ;
#517 = ORIENTED_EDGE ( 'NONE', *, *, #2079, .F. ) ;
#518 = ADVANCED_FACE ( 'NONE', ( #648 ), #1314, .F. ) ;
#519 = LINE ( 'NONE', #1177, #1397 ) ;
#520 = PRESENTATION_STYLE_ASSIGNMENT (( #735 ) ) ;
#521 = VECTOR ( 'NONE', #93, 1000.000000000000000 ) ;
#522 = DIRECTION ( 'NONE',  ( -0.000000000000000000, 1.000000000000000000, -0.000000000000000000 ) ) ;
#523 = AXIS2_PLACEMENT_3D ( 'NONE', #2113, #467, #962 ) ;
#524 = DIRECTION ( 'NONE',  ( -0.000000000000000000, 1.000000000000000000, -0.000000000000000000 ) ) ;
#525 = ORIENTED_EDGE ( 'NONE', *, *, #1612, .T. ) ;
#526 = EDGE_CURVE ( 'NONE', #1716, #1113, #352, .T. ) ;
#527 =( NAMED_UNIT ( * ) SI_UNIT ( $, .STERADIAN. ) SOLID_ANGLE_UNIT ( ) );
#528 = FILL_AREA_STYLE_COLOUR ( '', #534 ) ;
#529 = SURFACE_SIDE_STYLE ('',( #678 ) ) ;
#530 = CARTESIAN_POINT ( 'NONE',  ( 0.4000000000000000222, -0.006250000000000000347, 0.3500000000000001998 ) ) ;
#531 = PRESENTATION_LAYER_ASSIGNMENT (  '', '', ( #935 ) ) ;
#532 = FILL_AREA_STYLE_COLOUR ( '', #474 ) ;
#533 = ORIENTED_EDGE ( 'NONE', *, *, #466, .T. ) ;
#534 = COLOUR_RGB ( '',0.6666666666666666297, 0.6980392156862744724, 0.7686274509803920907 ) ;
#535 =( LENGTH_UNIT ( ) NAMED_UNIT ( * ) SI_UNIT ( .MILLI., .METRE. ) );
#536 = FILL_AREA_STYLE ('',( #528 ) ) ;
#537 = AXIS2_PLACEMENT_3D ( 'NONE', #997, #1643, #1010 ) ;
#538 = DIRECTION ( 'NONE',  ( 0.000000000000000000, 0.000000000000000000, 1.000000000000000000 ) ) ;
#539 = EDGE_CURVE ( 'NONE', #1640, #785, #184, .T. ) ;
#540 = ORIENTED_EDGE ( 'NONE', *, *, #5, .T. ) ;
#541 = CARTESIAN_POINT ( 'NONE',  ( -0.4000000000000000222, -0.006250000000000000347, 0.3500000000000001998 ) ) ;
#542 = UNCERTAINTY_MEASURE_WITH_UNIT (LENGTH_MEASURE( 1.000000000000000082E-05 ), #705, 'distance_accuracy_value', 'NONE');
#543 = ORIENTED_EDGE ( 'NONE', *, *, #130, .T. ) ;
#544 = SURFACE_SIDE_STYLE ('',( #1377 ) ) ;
#545 = CARTESIAN_POINT ( 'NONE',  ( 0.4331786369720547203, 0.3905566986456384115, 0.8331786369720545204 ) ) ;
#546 = SURFACE_STYLE_USAGE ( .BOTH. , #1900 ) ;
#547 = FILL_AREA_STYLE ('',( #1691 ) ) ;
#548 = VERTEX_POINT ( 'NONE', #506 ) ;
#549 = EDGE_CURVE ( 'NONE', #1500, #2085, #1444, .T. ) ;
#550 = EDGE_CURVE ( 'NONE', #84, #1606, #692, .T. ) ;
#551 = ORIENTED_EDGE ( 'NONE', *, *, #1265, .F. ) ;
#552 = PRESENTATION_LAYER_ASSIGNMENT (  '', '', ( #59 ) ) ;
#553 = FILL_AREA_STYLE ('',( #399 ) ) ;
#554 = DIRECTION ( 'NONE',  ( 0.000000000000000000, 0.000000000000000000, 1.000000000000000000 ) ) ;
#555 = ORIENTED_EDGE ( 'NONE', *, *, #1750, .F. ) ;
#556 = PRESENTATION_STYLE_ASSIGNMENT (( #913 ) ) ;
#557 = CARTESIAN_POINT ( 'NONE',  ( -0.4000000000000000222, -0.006250000000000000347, 0.3500000000000001998 ) ) ;
#558 =( LENGTH_UNIT ( ) NAMED_UNIT ( * ) SI_UNIT ( .MILLI., .METRE. ) );
#559 = CARTESIAN_POINT ( 'NONE',  ( -0.1445683229480095311, -0.006250000000000000347, -0.8499999999999997558 ) ) ;
#560 = ORIENTED_EDGE ( 'NONE', *, *, #316, .T. ) ;
#561 = AXIS2_PLACEMENT_3D ( 'NONE', #1818, #662, #1662 ) ;
#562 = EDGE_LOOP ( 'NONE', ( #344, #605, #2143, #702 ) ) ;
#563 = STYLED_ITEM ( 'NONE', ( #1605 ), #231 ) ;
#564 = FACE_OUTER_BOUND ( 'NONE', #699, .T. ) ;
#565 = CARTESIAN_POINT ( 'NONE',  ( 0.000000000000000000, 0.1250000000000000000, 0.000000000000000000 ) ) ;
#566 = PRESENTATION_LAYER_ASSIGNMENT (  '', '', ( #439 ) ) ;
#567 = SURFACE_STYLE_USAGE ( .BOTH. , #544 ) ;
#568 = FACE_OUTER_BOUND ( 'NONE', #188, .T. ) ;
#569 = PRESENTATION_LAYER_ASSIGNMENT (  '', '', ( #224 ) ) ;
#570 = PRESENTATION_STYLE_ASSIGNMENT (( #1118 ) ) ;
#571 = DIRECTION ( 'NONE',  ( 0.000000000000000000, 0.000000000000000000, 1.000000000000000000 ) ) ;
#572 = AXIS2_PLACEMENT_3D ( 'NONE', #1215, #1701, #2054 ) ;
#573 = EDGE_LOOP ( 'NONE', ( #1777, #525, #16, #1579 ) ) ;
#574 = AXIS2_PLACEMENT_3D ( 'NONE', #1633, #1955, #451 ) ;
#575 = CARTESIAN_POINT ( 'NONE',  ( 0.000000000000000000, 0.1500000000000000222, 0.000000000000000000 ) ) ;
#576 = VECTOR ( 'NONE', #1137, 1000.000000000000000 ) ;
#577 = PLANE ( 'NONE',  #1731 ) ;
#578 = ORIENTED_EDGE ( 'NONE', *, *, #995, .F. ) ;
#579 = EDGE_CURVE ( 'NONE', #1270, #1374, #57, .T. ) ;
#580 =( NAMED_UNIT ( * ) SI_UNIT ( $, .STERADIAN. ) SOLID_ANGLE_UNIT ( ) );
#581 = PRESENTATION_STYLE_ASSIGNMENT (( #2081 ) ) ;
#582 = FACE_OUTER_BOUND ( 'NONE', #1673, .T. ) ;
#583 = CARTESIAN_POINT ( 'NONE',  ( 0.4000000000000000222, -0.006250000000000000347, -0.8500000000000001998 ) ) ;
#584 = ORIENTED_EDGE ( 'NONE', *, *, #1044, .F. ) ;
#585 = SURFACE_STYLE_USAGE ( .BOTH. , #430 ) ;
#586 = UNCERTAINTY_MEASURE_WITH_UNIT (LENGTH_MEASURE( 1.000000000000000082E-05 ), #460, 'distance_accuracy_value', 'NONE');
#587 = DIRECTION ( 'NONE',  ( -1.000000000000000000, 0.000000000000000000, 9.566489757225040574E-17 ) ) ;
#588 = ORIENTED_EDGE ( 'NONE', *, *, #1997, .T. ) ;
#589 = DIRECTION ( 'NONE',  ( 1.000000000000000000, 0.000000000000000000, 0.000000000000000000 ) ) ;
#590 = FACE_OUTER_BOUND ( 'NONE', #960, .T. ) ;
#591 = MECHANICAL_DESIGN_GEOMETRIC_PRESENTATION_REPRESENTATION (  '', ( #2059 ), #888 ) ;
#592 = SURFACE_SIDE_STYLE ('',( #2133 ) ) ;
#593 = CARTESIAN_POINT ( 'NONE',  ( -0.4092054198606808191, 0.3750000000000000000, 0.000000000000000000 ) ) ;
#594 = EDGE_CURVE ( 'NONE', #413, #803, #1661, .T. ) ;
#595 = DIRECTION ( 'NONE',  ( 0.000000000000000000, 0.000000000000000000, 1.000000000000000000 ) ) ;
#596 =( GEOMETRIC_REPRESENTATION_CONTEXT ( 3 ) GLOBAL_UNCERTAINTY_ASSIGNED_CONTEXT ( ( #1245 ) ) GLOBAL_UNIT_ASSIGNED_CONTEXT ( ( #535, #770, #1875 ) ) REPRESENTATION_CONTEXT ( 'NONE', 'WORKASPACE' ) );
#597 = MECHANICAL_DESIGN_GEOMETRIC_PRESENTATION_REPRESENTATION (  '', ( #1930 ), #1715 ) ;
#598 = DIRECTION ( 'NONE',  ( -1.084202172485504434E-16, 0.000000000000000000, -1.000000000000000000 ) ) ;
#599 = CARTESIAN_POINT ( 'NONE',  ( 0.4000000000000000222, -0.006250000000000000347, 0.3500000000000001998 ) ) ;
#600 = VERTEX_POINT ( 'NONE', #1330 ) ;
#601 = PRESENTATION_LAYER_ASSIGNMENT (  '', '', ( #1007 ) ) ;
#602 = COLOUR_RGB ( '',0.6666666666666666297, 0.6980392156862744724, 0.7686274509803920907 ) ;
#603 = VECTOR ( 'NONE', #1655, 1000.000000000000000 ) ;
#604 = DIRECTION ( 'NONE',  ( 9.566489757225040574E-17, 0.000000000000000000, 1.000000000000000000 ) ) ;
#605 = ORIENTED_EDGE ( 'NONE', *, *, #335, .F. ) ;
#606 = LINE ( 'NONE', #627, #1534 ) ;
#607 = PRESENTATION_LAYER_ASSIGNMENT (  '', '', ( #1308 ) ) ;
#608 = FACE_OUTER_BOUND ( 'NONE', #273, .T. ) ;
#609 =( NAMED_UNIT ( * ) PLANE_ANGLE_UNIT ( ) SI_UNIT ( $, .RADIAN. ) );
#610 = FILL_AREA_STYLE_COLOUR ( '', #602 ) ;
#611 =( NAMED_UNIT ( * ) PLANE_ANGLE_UNIT ( ) SI_UNIT ( $, .RADIAN. ) );
#612 = VECTOR ( 'NONE', #1859, 1000.000000000000000 ) ;
#613 = CYLINDRICAL_SURFACE ( 'NONE', #574, 0.1500000000000000777 ) ;
#614 = ORIENTED_EDGE ( 'NONE', *, *, #549, .F. ) ;
#615 =( GEOMETRIC_REPRESENTATION_CONTEXT ( 3 ) GLOBAL_UNCERTAINTY_ASSIGNED_CONTEXT ( ( #1735 ) ) GLOBAL_UNIT_ASSIGNED_CONTEXT ( ( #309, #609, #1953 ) ) REPRESENTATION_CONTEXT ( 'NONE', 'WORKASPACE' ) );
#616 = DIRECTION ( 'NONE',  ( 0.000000000000000000, 0.000000000000000000, -1.000000000000000000 ) ) ;
#617 = EDGE_LOOP ( 'NONE', ( #1862, #2049, #121, #1226 ) ) ;
#618 = CARTESIAN_POINT ( 'NONE',  ( 0.1445683229480095311, 0.000000000000000000, -0.8499999999999997558 ) ) ;
#619 = LINE ( 'NONE', #1127, #1504 ) ;
#620 =( LENGTH_UNIT ( ) NAMED_UNIT ( * ) SI_UNIT ( .MILLI., .METRE. ) );
#621 = SURFACE_SIDE_STYLE ('',( #947 ) ) ;
#622 =( NAMED_UNIT ( * ) SI_UNIT ( $, .STERADIAN. ) SOLID_ANGLE_UNIT ( ) );
#623 = EDGE_CURVE ( 'NONE', #1316, #30, #1354, .T. ) ;
#624 = VERTEX_POINT ( 'NONE', #195 ) ;
#625 = EDGE_CURVE ( 'NONE', #673, #1956, #883, .T. ) ;
#626 = PRESENTATION_STYLE_ASSIGNMENT (( #2121 ) ) ;
#627 = CARTESIAN_POINT ( 'NONE',  ( 0.4500000000000000111, 0.1250000000000000000, -0.8499999999999997558 ) ) ;
#628 = COLOUR_RGB ( '',0.6470588235294117974, 0.5176470588235293491, 0.000000000000000000 ) ;
#629 = LINE ( 'NONE', #1629, #1436 ) ;
#630 = DIRECTION ( 'NONE',  ( -0.000000000000000000, -1.000000000000000000, -0.000000000000000000 ) ) ;
#631 = AXIS2_PLACEMENT_3D ( 'NONE', #1962, #1609, #456 ) ;
#632 =( LENGTH_UNIT ( ) NAMED_UNIT ( * ) SI_UNIT ( .MILLI., .METRE. ) );
#633 = LINE ( 'NONE', #349, #2144 ) ;
#634 = SURFACE_STYLE_USAGE ( .BOTH. , #2057 ) ;
#635 = VECTOR ( 'NONE', #1454, 1000.000000000000000 ) ;
#636 = DIRECTION ( 'NONE',  ( -1.000000000000000000, -0.000000000000000000, -0.000000000000000000 ) ) ;
#637 = VERTEX_POINT ( 'NONE', #150 ) ;
#638 =( GEOMETRIC_REPRESENTATION_CONTEXT ( 3 ) GLOBAL_UNCERTAINTY_ASSIGNED_CONTEXT ( ( #1463 ) ) GLOBAL_UNIT_ASSIGNED_CONTEXT ( ( #24, #75, #90 ) ) REPRESENTATION_CONTEXT ( 'NONE', 'WORKASPACE' ) );
#639 =( LENGTH_UNIT ( ) NAMED_UNIT ( * ) SI_UNIT ( .MILLI., .METRE. ) );
#640 = FILL_AREA_STYLE ('',( #655 ) ) ;
#641 = UNCERTAINTY_MEASURE_WITH_UNIT (LENGTH_MEASURE( 1.000000000000000082E-05 ), #1410, 'distance_accuracy_value', 'NONE');
#642 = STYLED_ITEM ( 'NONE', ( #1671 ), #100 ) ;
#643 = CARTESIAN_POINT ( 'NONE',  ( -0.4000000000000000777, 0.000000000000000000, 0.8500000000000001998 ) ) ;
#644 = SURFACE_STYLE_USAGE ( .BOTH. , #2038 ) ;
#645 = LINE ( 'NONE', #1160, #479 ) ;
#646 =( GEOMETRIC_REPRESENTATION_CONTEXT ( 3 ) GLOBAL_UNCERTAINTY_ASSIGNED_CONTEXT ( ( #1705 ) ) GLOBAL_UNIT_ASSIGNED_CONTEXT ( ( #504, #647, #1457 ) ) REPRESENTATION_CONTEXT ( 'NONE', 'WORKASPACE' ) );
#647 =( NAMED_UNIT ( * ) PLANE_ANGLE_UNIT ( ) SI_UNIT ( $, .RADIAN. ) );
#648 = FACE_OUTER_BOUND ( 'NONE', #1442, .T. ) ;
#649 = VECTOR ( 'NONE', #2016, 1000.000000000000000 ) ;
#650 = CARTESIAN_POINT ( 'NONE',  ( 0.4000000000000000222, -0.006250000000000000347, 0.3500000000000001998 ) ) ;
#651 = VECTOR ( 'NONE', #653, 1000.000000000000000 ) ;
#652 = VERTEX_POINT ( 'NONE', #1479 ) ;
#653 = DIRECTION ( 'NONE',  ( 1.000000000000000000, 0.000000000000000000, 0.000000000000000000 ) ) ;
#654 = VECTOR ( 'NONE', #1648, 1000.000000000000000 ) ;
#655 = FILL_AREA_STYLE_COLOUR ( '', #1851 ) ;
#656 =( LENGTH_UNIT ( ) NAMED_UNIT ( * ) SI_UNIT ( .MILLI., .METRE. ) );
#657 = EDGE_CURVE ( 'NONE', #743, #1032, #846, .T. ) ;
#658 = DIRECTION ( 'NONE',  ( -9.566489757225039341E-17, 0.000000000000000000, -1.000000000000000000 ) ) ;
#659 = PRESENTATION_STYLE_ASSIGNMENT (( #847 ) ) ;
#660 = EDGE_CURVE ( 'NONE', #433, #1113, #1480, .T. ) ;
#661 = DIRECTION ( 'NONE',  ( -1.000000000000000000, 0.000000000000000000, -0.000000000000000000 ) ) ;
#662 = DIRECTION ( 'NONE',  ( 0.000000000000000000, -1.000000000000000000, 0.000000000000000000 ) ) ;
#663 = CARTESIAN_POINT ( 'NONE',  ( -0.4000000000000000222, -0.006250000000000000347, -0.3500000000000001998 ) ) ;
#664 = ORIENTED_EDGE ( 'NONE', *, *, #1922, .T. ) ;
#665 = PRESENTATION_LAYER_ASSIGNMENT (  '', '', ( #1531 ) ) ;
#666 = CARTESIAN_POINT ( 'NONE',  ( -0.4331786369720547203, 0.3905566986456384115, -0.8331786369720545204 ) ) ;
#667 = EDGE_CURVE ( 'NONE', #2077, #20, #1455, .T. ) ;
#668 = CARTESIAN_POINT ( 'NONE',  ( -0.4500000000000000111, 0.000000000000000000, -0.8499999999999997558 ) ) ;
#669 = DIRECTION ( 'NONE',  ( 1.000000000000000000, 0.000000000000000000, 0.000000000000000000 ) ) ;
#670 = STYLED_ITEM ( 'NONE', ( #626 ), #1787 ) ;
#671 = FILL_AREA_STYLE_COLOUR ( '', #1228 ) ;
#672 = CARTESIAN_POINT ( 'NONE',  ( -0.1445683229480096421, -0.006250000000000000347, 0.8500000000000001998 ) ) ;
#673 = VERTEX_POINT ( 'NONE', #312 ) ;
#674 = CARTESIAN_POINT ( 'NONE',  ( -0.1445683229480095311, 0.1500000000000000222, -0.8499999999999997558 ) ) ;
#675 = CLOSED_SHELL ( 'NONE', ( #842, #1990, #873, #27, #1943, #1517, #961, #754, #799 ) ) ;
#676 = CARTESIAN_POINT ( 'NONE',  ( 0.000000000000000000, 0.000000000000000000, -0.8900000000000000133 ) ) ;
#677 = CARTESIAN_POINT ( 'NONE',  ( 0.000000000000000000, 0.000000000000000000, -0.7399999999999999911 ) ) ;
#678 = SURFACE_STYLE_FILL_AREA ( #901 ) ;
#679 = CIRCLE ( 'NONE', #713, 0.1500000000000000777 ) ;
#680 = ORIENTED_EDGE ( 'NONE', *, *, #2052, .T. ) ;
#681 = PRESENTATION_STYLE_ASSIGNMENT (( #364 ) ) ;
#682 = COLOUR_RGB ( '',0.6470588235294117974, 0.6196078431372549211, 0.5882352941176470784 ) ;
#683 = FILL_AREA_STYLE ('',( #840 ) ) ;
#684 = PRESENTATION_LAYER_ASSIGNMENT (  '', '', ( #906 ) ) ;
#685 = COLOUR_RGB ( '',0.6666666666666666297, 0.6980392156862744724, 0.7686274509803920907 ) ;
#686 = UNCERTAINTY_MEASURE_WITH_UNIT (LENGTH_MEASURE( 1.000000000000000082E-05 ), #2043, 'distance_accuracy_value', 'NONE');
#687 = EDGE_LOOP ( 'NONE', ( #258, #2088, #298, #1912 ) ) ;
#688 = MECHANICAL_DESIGN_GEOMETRIC_PRESENTATION_REPRESENTATION (  '', ( #122 ), #228 ) ;
#689 = DIRECTION ( 'NONE',  ( -0.000000000000000000, 1.000000000000000000, -0.000000000000000000 ) ) ;
#690 = SURFACE_STYLE_FILL_AREA ( #709 ) ;
#691 = ORIENTED_EDGE ( 'NONE', *, *, #1083, .T. ) ;
#692 = LINE ( 'NONE', #2007, #612 ) ;
#693 = EDGE_CURVE ( 'NONE', #1730, #30, #1287, .T. ) ;
#694 = EDGE_CURVE ( 'NONE', #637, #1606, #502, .T. ) ;
#695 = ORIENTED_EDGE ( 'NONE', *, *, #374, .F. ) ;
#696 = DIRECTION ( 'NONE',  ( 1.000000000000000000, 0.000000000000000000, 0.000000000000000000 ) ) ;
#697 = PRESENTATION_STYLE_ASSIGNMENT (( #546 ) ) ;
#698 = AXIS2_PLACEMENT_3D ( 'NONE', #1418, #1789, #1595 ) ;
#699 = EDGE_LOOP ( 'NONE', ( #1844, #194, #1456, #1758 ) ) ;
#700 = DIRECTION ( 'NONE',  ( 0.000000000000000000, 0.000000000000000000, 1.000000000000000000 ) ) ;
#701 = FILL_AREA_STYLE_COLOUR ( '', #628 ) ;
#702 = ORIENTED_EDGE ( 'NONE', *, *, #1914, .T. ) ;
#703 = EDGE_CURVE ( 'NONE', #409, #143, #2073, .T. ) ;
#704 = FILL_AREA_STYLE_COLOUR ( '', #1331 ) ;
#705 =( LENGTH_UNIT ( ) NAMED_UNIT ( * ) SI_UNIT ( .MILLI., .METRE. ) );
#706 = MECHANICAL_DESIGN_GEOMETRIC_PRESENTATION_REPRESENTATION (  '', ( #898 ), #1890 ) ;
#707 = FILL_AREA_STYLE_COLOUR ( '', #1867 ) ;
#708 = STYLED_ITEM ( 'NONE', ( #2150 ), #1635 ) ;
#709 = FILL_AREA_STYLE ('',( #1535 ) ) ;
#710 =( NAMED_UNIT ( * ) SI_UNIT ( $, .STERADIAN. ) SOLID_ANGLE_UNIT ( ) );
#711 = CIRCLE ( 'NONE', #903, 0.1500000000000000777 ) ;
#712 = ORIENTED_EDGE ( 'NONE', *, *, #539, .F. ) ;
#713 = AXIS2_PLACEMENT_3D ( 'NONE', #1917, #270, #1268 ) ;
#714 = PRESENTATION_STYLE_ASSIGNMENT (( #890 ) ) ;
#715 = MECHANICAL_DESIGN_GEOMETRIC_PRESENTATION_REPRESENTATION (  '', ( #439 ), #1944 ) ;
#716 = MECHANICAL_DESIGN_GEOMETRIC_PRESENTATION_REPRESENTATION (  '', ( #189 ), #443 ) ;
#717 = ORIENTED_EDGE ( 'NONE', *, *, #1083, .F. ) ;
#718 = DIRECTION ( 'NONE',  ( -0.000000000000000000, 0.000000000000000000, 1.000000000000000000 ) ) ;
#719 = MECHANICAL_DESIGN_GEOMETRIC_PRESENTATION_REPRESENTATION (  '', ( #1109 ), #1552 ) ;
#720 = PLANE ( 'NONE',  #523 ) ;
#721 = CARTESIAN_POINT ( 'NONE',  ( 0.000000000000000000, 0.3750000000000000000, 0.8092054198606806192 ) ) ;
#722 = FILL_AREA_STYLE_COLOUR ( '', #394 ) ;
#723 = DIRECTION ( 'NONE',  ( -0.000000000000000000, 0.000000000000000000, -1.000000000000000000 ) ) ;
#724 = PRESENTATION_LAYER_ASSIGNMENT (  '', '', ( #764 ) ) ;
#725 = ADVANCED_FACE ( 'NONE', ( #1003 ), #1320, .F. ) ;
#726 =( LENGTH_UNIT ( ) NAMED_UNIT ( * ) SI_UNIT ( .MILLI., .METRE. ) );
#727 = FACE_OUTER_BOUND ( 'NONE', #465, .T. ) ;
#728 = EDGE_CURVE ( 'NONE', #129, #2118, #1647, .T. ) ;
#729 = ORIENTED_EDGE ( 'NONE', *, *, #2046, .T. ) ;
#730 = VERTEX_POINT ( 'NONE', #138 ) ;
#731 = CARTESIAN_POINT ( 'NONE',  ( -0.4500000000000000111, 0.1250000000000000000, -0.8499999999999997558 ) ) ;
#732 = CARTESIAN_POINT ( 'NONE',  ( -0.1445683229480095311, 0.1250000000000000000, -0.8499999999999997558 ) ) ;
#733 = DIRECTION ( 'NONE',  ( -0.000000000000000000, 1.000000000000000000, -0.000000000000000000 ) ) ;
#734 = EDGE_LOOP ( 'NONE', ( #773, #1554, #319, #1495 ) ) ;
#735 = SURFACE_STYLE_USAGE ( .BOTH. , #2029 ) ;
#736 = SURFACE_STYLE_USAGE ( .BOTH. , #1073 ) ;
#737 = EDGE_LOOP ( 'NONE', ( #367, #1080, #1611, #814, #1748, #1762 ) ) ;
#738 = MECHANICAL_DESIGN_GEOMETRIC_PRESENTATION_REPRESENTATION (  '', ( #1493 ), #2126 ) ;
#739 = STYLED_ITEM ( 'NONE', ( #421 ), #1677 ) ;
#740 = ORIENTED_EDGE ( 'NONE', *, *, #374, .T. ) ;
#741 = SURFACE_STYLE_FILL_AREA ( #553 ) ;
#742 = FILL_AREA_STYLE ('',( #722 ) ) ;
#743 = VERTEX_POINT ( 'NONE', #491 ) ;
#744 = SURFACE_SIDE_STYLE ('',( #191 ) ) ;
#745 = FILL_AREA_STYLE_COLOUR ( '', #1096 ) ;
#746 = VECTOR ( 'NONE', #1464, 1000.000000000000000 ) ;
#747 =( NAMED_UNIT ( * ) PLANE_ANGLE_UNIT ( ) SI_UNIT ( $, .RADIAN. ) );
#748 = ORIENTED_EDGE ( 'NONE', *, *, #2130, .F. ) ;
#749 = VECTOR ( 'NONE', #990, 1000.000000000000000 ) ;
#750 =( LENGTH_UNIT ( ) NAMED_UNIT ( * ) SI_UNIT ( .MILLI., .METRE. ) );
#751 = AXIS2_PLACEMENT_3D ( 'NONE', #441, #1111, #1130 ) ;
#752 = ORIENTED_EDGE ( 'NONE', *, *, #1304, .F. ) ;
#753 = MECHANICAL_DESIGN_GEOMETRIC_PRESENTATION_REPRESENTATION (  '', ( #1440 ), #1620 ) ;
#754 = ADVANCED_FACE ( 'NONE', ( #1639 ), #795, .F. ) ;
#755 =( NAMED_UNIT ( * ) PLANE_ANGLE_UNIT ( ) SI_UNIT ( $, .RADIAN. ) );
#756 = SURFACE_STYLE_FILL_AREA ( #388 ) ;
#757 = VECTOR ( 'NONE', #1649, 1000.000000000000000 ) ;
#758 = FILL_AREA_STYLE ('',( #251 ) ) ;
#759 = ORIENTED_EDGE ( 'NONE', *, *, #2076, .F. ) ;
#760 = DIRECTION ( 'NONE',  ( -0.000000000000000000, -0.000000000000000000, 1.000000000000000000 ) ) ;
#761 = VECTOR ( 'NONE', #991, 1000.000000000000000 ) ;
#762 = FILL_AREA_STYLE ('',( #745 ) ) ;
#763 = FILL_AREA_STYLE_COLOUR ( '', #1426 ) ;
#764 = STYLED_ITEM ( 'NONE', ( #98 ), #873 ) ;
#765 = PRESENTATION_STYLE_ASSIGNMENT (( #1591 ) ) ;
#766 = ORIENTED_EDGE ( 'NONE', *, *, #2064, .T. ) ;
#767 = FILL_AREA_STYLE ('',( #1439 ) ) ;
#768 = ADVANCED_FACE ( 'NONE', ( #346 ), #856, .F. ) ;
#769 = ORIENTED_EDGE ( 'NONE', *, *, #728, .T. ) ;
#770 =( NAMED_UNIT ( * ) PLANE_ANGLE_UNIT ( ) SI_UNIT ( $, .RADIAN. ) );
#771 = LINE ( 'NONE', #435, #383 ) ;
#772 =( LENGTH_UNIT ( ) NAMED_UNIT ( * ) SI_UNIT ( .MILLI., .METRE. ) );
#773 = ORIENTED_EDGE ( 'NONE', *, *, #1815, .F. ) ;
#774 = CARTESIAN_POINT ( 'NONE',  ( -0.1445683229480095311, 0.000000000000000000, -0.8499999999999997558 ) ) ;
#775 = FACE_OUTER_BOUND ( 'NONE', #1207, .T. ) ;
#776 = PRESENTATION_STYLE_ASSIGNMENT (( #945 ) ) ;
#777 = FACE_OUTER_BOUND ( 'NONE', #562, .T. ) ;
#778 = CARTESIAN_POINT ( 'NONE',  ( 0.4500000000000000111, 0.1500000000000000222, -0.8499999999999997558 ) ) ;
#779 = ORIENTED_EDGE ( 'NONE', *, *, #1458, .T. ) ;
#780 = LINE ( 'NONE', #1935, #285 ) ;
#781 = DIRECTION ( 'NONE',  ( 0.000000000000000000, 0.000000000000000000, 1.000000000000000000 ) ) ;
#782 = LINE ( 'NONE', #1462, #1855 ) ;
#783 = LINE ( 'NONE', #1429, #279 ) ;
#784 =( NAMED_UNIT ( * ) SI_UNIT ( $, .STERADIAN. ) SOLID_ANGLE_UNIT ( ) );
#785 = VERTEX_POINT ( 'NONE', #1365 ) ;
#786 = STYLED_ITEM ( 'NONE', ( #200 ), #1391 ) ;
#787 = SURFACE_SIDE_STYLE ('',( #1581 ) ) ;
#788 = AXIS2_PLACEMENT_3D ( 'NONE', #721, #33, #339 ) ;
#789 = ORIENTED_EDGE ( 'NONE', *, *, #2023, .T. ) ;
#790 = MECHANICAL_DESIGN_GEOMETRIC_PRESENTATION_REPRESENTATION (  '', ( #642 ), #2008 ) ;
#791 = DIRECTION ( 'NONE',  ( -1.000000000000000000, 0.000000000000000000, 0.000000000000000000 ) ) ;
#792 = VECTOR ( 'NONE', #1931, 1000.000000000000000 ) ;
#793 = MECHANICAL_DESIGN_GEOMETRIC_PRESENTATION_REPRESENTATION (  '', ( #366 ), #646 ) ;
#794 = DIRECTION ( 'NONE',  ( 0.000000000000000000, 0.000000000000000000, -1.000000000000000000 ) ) ;
#795 = PLANE ( 'NONE',  #1626 ) ;
#796 = FILL_AREA_STYLE_COLOUR ( '', #1040 ) ;
#797 = ORIENTED_EDGE ( 'NONE', *, *, #1135, .F. ) ;
#798 = STYLED_ITEM ( 'NONE', ( #1206 ), #967 ) ;
#799 = ADVANCED_FACE ( 'NONE', ( #2042 ), #577, .T. ) ;
#800 = DIRECTION ( 'NONE',  ( -0.000000000000000000, 1.000000000000000000, -0.000000000000000000 ) ) ;
#801 = VECTOR ( 'NONE', #1687, 1000.000000000000000 ) ;
#802 = DIRECTION ( 'NONE',  ( 9.566489757225039341E-17, 0.000000000000000000, 1.000000000000000000 ) ) ;
#803 = VERTEX_POINT ( 'NONE', #1667 ) ;
#804 = CARTESIAN_POINT ( 'NONE',  ( 0.000000000000000000, 0.000000000000000000, 0.8900000000000000133 ) ) ;
#805 = CARTESIAN_POINT ( 'NONE',  ( -0.4000000000000000222, -0.006250000000000000347, 0.3500000000000001998 ) ) ;
#806 = UNCERTAINTY_MEASURE_WITH_UNIT (LENGTH_MEASURE( 1.000000000000000082E-05 ), #1172, 'distance_accuracy_value', 'NONE');
#807 = CARTESIAN_POINT ( 'NONE',  ( -0.4000000000000000777, -0.006250000000000000347, -0.8500000000000001998 ) ) ;
#808 =( LENGTH_UNIT ( ) NAMED_UNIT ( * ) SI_UNIT ( .MILLI., .METRE. ) );
#809 = DIRECTION ( 'NONE',  ( 1.000000000000000000, 0.000000000000000000, 0.000000000000000000 ) ) ;
#810 =( NAMED_UNIT ( * ) SI_UNIT ( $, .STERADIAN. ) SOLID_ANGLE_UNIT ( ) );
#811 = ORIENTED_EDGE ( 'NONE', *, *, #1791, .T. ) ;
#812 = FACE_OUTER_BOUND ( 'NONE', #573, .T. ) ;
#813 =( NAMED_UNIT ( * ) SI_UNIT ( $, .STERADIAN. ) SOLID_ANGLE_UNIT ( ) );
#814 = ORIENTED_EDGE ( 'NONE', *, *, #1054, .F. ) ;
#815 = CARTESIAN_POINT ( 'NONE',  ( 0.4500000000000001776, 0.1250000000000000000, 0.8500000000000001998 ) ) ;
#816 =( LENGTH_UNIT ( ) NAMED_UNIT ( * ) SI_UNIT ( .MILLI., .METRE. ) );
#817 = STYLED_ITEM ( 'NONE', ( #457 ), #1990 ) ;
#818 = DIRECTION ( 'NONE',  ( -0.000000000000000000, 1.000000000000000000, -0.000000000000000000 ) ) ;
#819 = DIRECTION ( 'NONE',  ( 0.000000000000000000, 0.06975647374412534407, 0.9975640502598243087 ) ) ;
#820 = PRESENTATION_STYLE_ASSIGNMENT (( #2137 ) ) ;
#821 = CIRCLE ( 'NONE', #631, 0.1500000000000000777 ) ;
#822 = CARTESIAN_POINT ( 'NONE',  ( -0.4500000000000000111, 0.000000000000000000, -0.8499999999999997558 ) ) ;
#823 = CARTESIAN_POINT ( 'NONE',  ( 0.000000000000000000, 0.1250000000000000000, -0.7399999999999999911 ) ) ;
#824 = EDGE_CURVE ( 'NONE', #1695, #1472, #1340, .T. ) ;
#825 = ORIENTED_EDGE ( 'NONE', *, *, #2025, .F. ) ;
#826 = FILL_AREA_STYLE_COLOUR ( '', #1905 ) ;
#827 = UNCERTAINTY_MEASURE_WITH_UNIT (LENGTH_MEASURE( 1.000000000000000082E-05 ), #1430, 'distance_accuracy_value', 'NONE');
#828 = EDGE_CURVE ( 'NONE', #915, #1500, #1184, .T. ) ;
#829 = VECTOR ( 'NONE', #2022, 1000.000000000000000 ) ;
#830 =( GEOMETRIC_REPRESENTATION_CONTEXT ( 3 ) GLOBAL_UNCERTAINTY_ASSIGNED_CONTEXT ( ( #395 ) ) GLOBAL_UNIT_ASSIGNED_CONTEXT ( ( #260, #1131, #1604 ) ) REPRESENTATION_CONTEXT ( 'NONE', 'WORKASPACE' ) );
#831 = CARTESIAN_POINT ( 'NONE',  ( 0.4000000000000000222, 0.000000000000000000, -0.3500000000000001998 ) ) ;
#832 = FILL_AREA_STYLE ('',( #701 ) ) ;
#833 = FILL_AREA_STYLE_COLOUR ( '', #1065 ) ;
#834 = LINE ( 'NONE', #512, #2152 ) ;
#835 = MECHANICAL_DESIGN_GEOMETRIC_PRESENTATION_REPRESENTATION (  '', ( #2010 ), #830 ) ;
#836 = PRESENTATION_LAYER_ASSIGNMENT (  '', '', ( #1271 ) ) ;
#837 = CARTESIAN_POINT ( 'NONE',  ( -0.4000000000000000222, -0.006250000000000000347, 0.3500000000000001998 ) ) ;
#838 = CARTESIAN_POINT ( 'NONE',  ( -0.4499999999999997891, 0.1500000000000000222, 0.8500000000000001998 ) ) ;
#839 = PRESENTATION_LAYER_ASSIGNMENT (  '', '', ( #1169 ) ) ;
#840 = FILL_AREA_STYLE_COLOUR ( '', #1508 ) ;
#841 = COLOUR_RGB ( '',0.6666666666666666297, 0.6980392156862744724, 0.7686274509803920907 ) ;
#842 = ADVANCED_FACE ( 'NONE', ( #389 ), #1566, .F. ) ;
#843 =( NAMED_UNIT ( * ) SI_UNIT ( $, .STERADIAN. ) SOLID_ANGLE_UNIT ( ) );
#844 = DIRECTION ( 'NONE',  ( -0.000000000000000000, 1.000000000000000000, -0.000000000000000000 ) ) ;
#845 = LINE ( 'NONE', #2005, #3 ) ;
#846 = LINE ( 'NONE', #1489, #1372 ) ;
#847 = SURFACE_STYLE_USAGE ( .BOTH. , #621 ) ;
#848 = LINE ( 'NONE', #837, #979 ) ;
#849 = DIRECTION ( 'NONE',  ( -0.000000000000000000, -1.000000000000000000, -0.000000000000000000 ) ) ;
#850 = CARTESIAN_POINT ( 'NONE',  ( 0.000000000000000000, 0.1250000000000000000, 0.000000000000000000 ) ) ;
#851 = UNCERTAINTY_MEASURE_WITH_UNIT (LENGTH_MEASURE( 1.000000000000000082E-05 ), #22, 'distance_accuracy_value', 'NONE');
#852 =( LENGTH_UNIT ( ) NAMED_UNIT ( * ) SI_UNIT ( .MILLI., .METRE. ) );
#853 = EDGE_LOOP ( 'NONE', ( #2071, #779, #1561, #1405, #1085, #1530, #1188, #752, #288 ) ) ;
#854 =( GEOMETRIC_REPRESENTATION_CONTEXT ( 3 ) GLOBAL_UNCERTAINTY_ASSIGNED_CONTEXT ( ( #1621 ) ) GLOBAL_UNIT_ASSIGNED_CONTEXT ( ( #808, #1138, #9 ) ) REPRESENTATION_CONTEXT ( 'NONE', 'WORKASPACE' ) );
#855 = CARTESIAN_POINT ( 'NONE',  ( 0.1445683229480096421, -0.006250000000000000347, 0.8500000000000001998 ) ) ;
#856 = PLANE ( 'NONE',  #1197 ) ;
#857 = ADVANCED_FACE ( 'NONE', ( #1379 ), #1712, .T. ) ;
#858 = LINE ( 'NONE', #492, #192 ) ;
#859 = COLOUR_RGB ( '',0.6470588235294117974, 0.6196078431372549211, 0.5882352941176470784 ) ;
#860 = CARTESIAN_POINT ( 'NONE',  ( -0.4500000000000000111, 0.1250000000000000000, -0.8499999999999997558 ) ) ;
#861 = CARTESIAN_POINT ( 'NONE',  ( 0.4341445211171764407, 0.3767439118436031187, -0.8341445211171761853 ) ) ;
#862 = COLOUR_RGB ( '',0.7921568627450980005, 0.8196078431372548767, 0.9333333333333333481 ) ;
#863 = AXIS2_PLACEMENT_3D ( 'NONE', #2158, #718, #1555 ) ;
#864 = VERTEX_POINT ( 'NONE', #223 ) ;
#865 = CARTESIAN_POINT ( 'NONE',  ( -0.1445683229480096421, -0.006250000000000000347, 0.8500000000000001998 ) ) ;
#866 = CLOSED_SHELL ( 'NONE', ( #768, #1, #32, #271, #1518, #1006, #1704, #1882 ) ) ;
#867 = CARTESIAN_POINT ( 'NONE',  ( -0.4000000000000000222, 0.000000000000000000, -0.3500000000000001998 ) ) ;
#868 = MECHANICAL_DESIGN_GEOMETRIC_PRESENTATION_REPRESENTATION (  '', ( #935 ), #1035 ) ;
#869 =( NAMED_UNIT ( * ) PLANE_ANGLE_UNIT ( ) SI_UNIT ( $, .RADIAN. ) );
#870 = ADVANCED_FACE ( 'NONE', ( #1558 ), #2061, .F. ) ;
#871 = STYLED_ITEM ( 'NONE', ( #1301 ), #220 ) ;
#872 = DIRECTION ( 'NONE',  ( 0.000000000000000000, 0.000000000000000000, 1.000000000000000000 ) ) ;
#873 = ADVANCED_FACE ( 'NONE', ( #568 ), #449, .F. ) ;
#874 =( NAMED_UNIT ( * ) SI_UNIT ( $, .STERADIAN. ) SOLID_ANGLE_UNIT ( ) );
#875 = DIRECTION ( 'NONE',  ( -0.000000000000000000, 1.000000000000000000, -0.000000000000000000 ) ) ;
#876 = UNCERTAINTY_MEASURE_WITH_UNIT (LENGTH_MEASURE( 1.000000000000000082E-05 ), #910, 'distance_accuracy_value', 'NONE');
#877 = ORIENTED_EDGE ( 'NONE', *, *, #1231, .F. ) ;
#878 = CARTESIAN_POINT ( 'NONE',  ( 0.000000000000000000, 0.1250000000000000000, -0.8900000000000000133 ) ) ;
#879 = PRESENTATION_STYLE_ASSIGNMENT (( #370 ) ) ;
#880 = FILL_AREA_STYLE ('',( #23 ) ) ;
#881 = SURFACE_SIDE_STYLE ('',( #690 ) ) ;
#882 = ORIENTED_EDGE ( 'NONE', *, *, #1544, .T. ) ;
#883 = LINE ( 'NONE', #161, #119 ) ;
#884 =( LENGTH_UNIT ( ) NAMED_UNIT ( * ) SI_UNIT ( .MILLI., .METRE. ) );
#885 = ORIENTED_EDGE ( 'NONE', *, *, #526, .F. ) ;
#886 = DIRECTION ( 'NONE',  ( 1.084202172485504434E-16, -0.000000000000000000, -1.000000000000000000 ) ) ;
#887 =( NAMED_UNIT ( * ) PLANE_ANGLE_UNIT ( ) SI_UNIT ( $, .RADIAN. ) );
#888 =( GEOMETRIC_REPRESENTATION_CONTEXT ( 3 ) GLOBAL_UNCERTAINTY_ASSIGNED_CONTEXT ( ( #338 ) ) GLOBAL_UNIT_ASSIGNED_CONTEXT ( ( #176, #1476, #356 ) ) REPRESENTATION_CONTEXT ( 'NONE', 'WORKASPACE' ) );
#889 = ORIENTED_EDGE ( 'NONE', *, *, #1584, .T. ) ;
#890 = SURFACE_STYLE_USAGE ( .BOTH. , #1527 ) ;
#891 = UNCERTAINTY_MEASURE_WITH_UNIT (LENGTH_MEASURE( 1.000000000000000082E-05 ), #1152, 'distance_accuracy_value', 'NONE');
#892 = AXIS2_PLACEMENT_3D ( 'NONE', #362, #1036, #1689 ) ;
#893 = ORIENTED_EDGE ( 'NONE', *, *, #2046, .F. ) ;
#894 = EDGE_CURVE ( 'NONE', #1395, #1602, #1598, .T. ) ;
#895 = DIRECTION ( 'NONE',  ( -0.000000000000000000, 1.000000000000000000, -0.000000000000000000 ) ) ;
#896 = SURFACE_STYLE_FILL_AREA ( #2096 ) ;
#897 = SURFACE_STYLE_FILL_AREA ( #536 ) ;
#898 = STYLED_ITEM ( 'NONE', ( #1925 ), #1518 ) ;
#899 = SURFACE_STYLE_FILL_AREA ( #372 ) ;
#900 = MECHANICAL_DESIGN_GEOMETRIC_PRESENTATION_REPRESENTATION (  '', ( #469 ), #1616 ) ;
#901 = FILL_AREA_STYLE ('',( #2 ) ) ;
#902 = DIRECTION ( 'NONE',  ( -0.06975647374412534407, -0.9975640502598241977, 0.000000000000000000 ) ) ;
#903 = AXIS2_PLACEMENT_3D ( 'NONE', #103, #284, #1773 ) ;
#904 = ORIENTED_EDGE ( 'NONE', *, *, #130, .F. ) ;
#905 = COLOUR_RGB ( '',0.6470588235294117974, 0.6196078431372549211, 0.5882352941176470784 ) ;
#906 = STYLED_ITEM ( 'NONE', ( #879 ), #799 ) ;
#907 = VERTEX_POINT ( 'NONE', #1923 ) ;
#908 = DIRECTION ( 'NONE',  ( 1.275531967630005245E-16, 0.000000000000000000, 1.000000000000000000 ) ) ;
#909 = VECTOR ( 'NONE', #1966, 1000.000000000000000 ) ;
#910 =( LENGTH_UNIT ( ) NAMED_UNIT ( * ) SI_UNIT ( .MILLI., .METRE. ) );
#911 = DIRECTION ( 'NONE',  ( -0.000000000000000000, 0.000000000000000000, -1.000000000000000000 ) ) ;
#912 = AXIS2_PLACEMENT_3D ( 'NONE', #1601, #969, #1772 ) ;
#913 = SURFACE_STYLE_USAGE ( .BOTH. , #744 ) ;
#914 = DIRECTION ( 'NONE',  ( -0.000000000000000000, -0.000000000000000000, 1.000000000000000000 ) ) ;
#915 = VERTEX_POINT ( 'NONE', #1143 ) ;
#916 = FILL_AREA_STYLE ('',( #532 ) ) ;
#917 = UNCERTAINTY_MEASURE_WITH_UNIT (LENGTH_MEASURE( 1.000000000000000082E-05 ), #376, 'distance_accuracy_value', 'NONE');
#918 = ORIENTED_EDGE ( 'NONE', *, *, #1458, .F. ) ;
#919 = SURFACE_SIDE_STYLE ('',( #1114 ) ) ;
#920 =( NAMED_UNIT ( * ) PLANE_ANGLE_UNIT ( ) SI_UNIT ( $, .RADIAN. ) );
#921 = SURFACE_STYLE_FILL_AREA ( #880 ) ;
#922 = EDGE_CURVE ( 'NONE', #382, #1730, #928, .T. ) ;
#923 = ORIENTED_EDGE ( 'NONE', *, *, #1363, .F. ) ;
#924 = STYLED_ITEM ( 'NONE', ( #1964 ), #1790 ) ;
#925 = VERTEX_POINT ( 'NONE', #89 ) ;
#926 = LINE ( 'NONE', #423, #216 ) ;
#927 = ORIENTED_EDGE ( 'NONE', *, *, #1584, .F. ) ;
#928 = LINE ( 'NONE', #1810, #651 ) ;
#929 = DIRECTION ( 'NONE',  ( 0.000000000000000000, 0.000000000000000000, 1.000000000000000000 ) ) ;
#930 = CARTESIAN_POINT ( 'NONE',  ( -0.4000000000000000222, -0.006250000000000000347, 0.3500000000000001998 ) ) ;
#931 = LINE ( 'NONE', #1807, #1408 ) ;
#932 = ORIENTED_EDGE ( 'NONE', *, *, #1328, .T. ) ;
#933 = EDGE_CURVE ( 'NONE', #1472, #1695, #2149, .T. ) ;
#934 = FILL_AREA_STYLE ('',( #1425 ) ) ;
#935 = STYLED_ITEM ( 'NONE', ( #508 ), #169 ) ;
#936 = UNCERTAINTY_MEASURE_WITH_UNIT (LENGTH_MEASURE( 1.000000000000000082E-05 ), #1375, 'distance_accuracy_value', 'NONE');
#937 = EDGE_LOOP ( 'NONE', ( #680, #1665, #923, #1175 ) ) ;
#938 = CIRCLE ( 'NONE', #1134, 0.1500000000000000777 ) ;
#939 = PRESENTATION_LAYER_ASSIGNMENT (  '', '', ( #1897 ) ) ;
#940 = FACE_OUTER_BOUND ( 'NONE', #232, .T. ) ;
#941 = ORIENTED_EDGE ( 'NONE', *, *, #1961, .T. ) ;
#942 = SURFACE_STYLE_USAGE ( .BOTH. , #1260 ) ;
#943 = AXIS2_PLACEMENT_3D ( 'NONE', #1050, #1203, #538 ) ;
#944 = DIRECTION ( 'NONE',  ( 1.000000000000000000, 0.000000000000000000, -1.084202172485504434E-16 ) ) ;
#945 = SURFACE_STYLE_USAGE ( .BOTH. , #1119 ) ;
#946 = COLOUR_RGB ( '',0.6470588235294117974, 0.6196078431372549211, 0.5882352941176470784 ) ;
#947 = SURFACE_STYLE_FILL_AREA ( #2117 ) ;
#948 =( GEOMETRIC_REPRESENTATION_CONTEXT ( 3 ) GLOBAL_UNCERTAINTY_ASSIGNED_CONTEXT ( ( #355 ) ) GLOBAL_UNIT_ASSIGNED_CONTEXT ( ( #1168, #1341, #1352 ) ) REPRESENTATION_CONTEXT ( 'NONE', 'WORKASPACE' ) );
#949 = LINE ( 'NONE', #417, #1062 ) ;
#950 = SURFACE_SIDE_STYLE ('',( #1269 ) ) ;
#951 = EDGE_CURVE ( 'NONE', #1345, #1684, #267, .T. ) ;
#952 = ORIENTED_EDGE ( 'NONE', *, *, #142, .F. ) ;
#953 = SURFACE_STYLE_USAGE ( .BOTH. , #1257 ) ;
#954 = CARTESIAN_POINT ( 'NONE',  ( -0.1445683229480095311, 0.000000000000000000, -0.8499999999999997558 ) ) ;
#955 = CARTESIAN_POINT ( 'NONE',  ( 0.4500000000000000111, 0.1250000000000000000, -0.8499999999999997558 ) ) ;
#956 = DIRECTION ( 'NONE',  ( 0.000000000000000000, 0.000000000000000000, 1.000000000000000000 ) ) ;
#957 = ORIENTED_EDGE ( 'NONE', *, *, #1663, .T. ) ;
#958 = LINE ( 'NONE', #1782, #792 ) ;
#959 =( NAMED_UNIT ( * ) PLANE_ANGLE_UNIT ( ) SI_UNIT ( $, .RADIAN. ) );
#960 = EDGE_LOOP ( 'NONE', ( #1877, #53, #584, #1248 ) ) ;
#961 = ADVANCED_FACE ( 'NONE', ( #438 ), #1107, .F. ) ;
#962 = DIRECTION ( 'NONE',  ( 0.000000000000000000, -0.000000000000000000, -1.000000000000000000 ) ) ;
#963 = LINE ( 'NONE', #1610, #1569 ) ;
#964 = CARTESIAN_POINT ( 'NONE',  ( 0.1445683229480096421, 0.000000000000000000, 0.8500000000000001998 ) ) ;
#965 = ORIENTED_EDGE ( 'NONE', *, *, #264, .F. ) ;
#966 = AXIS2_PLACEMENT_3D ( 'NONE', #565, #1743, #73 ) ;
#967 = ADVANCED_FACE ( 'NONE', ( #1570 ), #415, .F. ) ;
#968 = CARTESIAN_POINT ( 'NONE',  ( -0.4341445211171764407, 0.3767439118436031187, 0.8499999999999997558 ) ) ;
#969 = DIRECTION ( 'NONE',  ( -0.000000000000000000, 1.000000000000000000, 0.000000000000000000 ) ) ;
#970 = PLANE ( 'NONE',  #1060 ) ;
#971 = DIRECTION ( 'NONE',  ( 0.000000000000000000, -0.000000000000000000, 1.000000000000000000 ) ) ;
#972 = DIRECTION ( 'NONE',  ( 0.000000000000000000, 0.000000000000000000, 1.000000000000000000 ) ) ;
#973 = DIRECTION ( 'NONE',  ( 1.000000000000000000, 0.000000000000000000, 0.000000000000000000 ) ) ;
#974 = ORIENTED_EDGE ( 'NONE', *, *, #264, .T. ) ;
#975 = COLOUR_RGB ( '',0.6666666666666666297, 0.6980392156862744724, 0.7686274509803920907 ) ;
#976 = SURFACE_STYLE_FILL_AREA ( #289 ) ;
#977 = FACE_OUTER_BOUND ( 'NONE', #1884, .T. ) ;
#978 = PRESENTATION_LAYER_ASSIGNMENT (  '', '', ( #1440 ) ) ;
#979 = VECTOR ( 'NONE', #1847, 1000.000000000000000 ) ;
#980 = CARTESIAN_POINT ( 'NONE',  ( -0.4499999999999997891, 0.1250000000000000000, 0.8500000000000001998 ) ) ;
#981 = LINE ( 'NONE', #101, #1004 ) ;
#982 = DIRECTION ( 'NONE',  ( 0.000000000000000000, 0.000000000000000000, 1.000000000000000000 ) ) ;
#983 = VECTOR ( 'NONE', #2157, 1000.000000000000000 ) ;
#984 = FACE_OUTER_BOUND ( 'NONE', #1388, .T. ) ;
#985 = PRESENTATION_STYLE_ASSIGNMENT (( #1280 ) ) ;
#986 = VECTOR ( 'NONE', #2033, 1000.000000000000000 ) ;
#987 = ORIENTED_EDGE ( 'NONE', *, *, #197, .T. ) ;
#988 = UNCERTAINTY_MEASURE_WITH_UNIT (LENGTH_MEASURE( 1.000000000000000082E-05 ), #2018, 'distance_accuracy_value', 'NONE');
#989 = DIRECTION ( 'NONE',  ( 0.000000000000000000, 0.000000000000000000, 1.000000000000000000 ) ) ;
#990 = DIRECTION ( 'NONE',  ( -1.084202172485504434E-16, 0.000000000000000000, -1.000000000000000000 ) ) ;
#991 = DIRECTION ( 'NONE',  ( -0.000000000000000000, 1.000000000000000000, -0.000000000000000000 ) ) ;
#992 = DIRECTION ( 'NONE',  ( -0.06958737431666471573, -0.9951458157835084695, -0.06958737431666470186 ) ) ;
#993 = SURFACE_STYLE_USAGE ( .BOTH. , #1470 ) ;
#994 = PRESENTATION_STYLE_ASSIGNMENT (( #634 ) ) ;
#995 = EDGE_CURVE ( 'NONE', #409, #278, #381, .T. ) ;
#996 = ORIENTED_EDGE ( 'NONE', *, *, #166, .T. ) ;
#997 = CARTESIAN_POINT ( 'NONE',  ( 0.000000000000000000, 0.1500000000000000222, 0.8900000000000000133 ) ) ;
#998 =( NAMED_UNIT ( * ) SI_UNIT ( $, .STERADIAN. ) SOLID_ANGLE_UNIT ( ) );
#999 = LINE ( 'NONE', #1852, #459 ) ;
#1000 = VECTOR ( 'NONE', #87, 1000.000000000000000 ) ;
#1001 = PRODUCT_DEFINITION_FORMATION_WITH_SPECIFIED_SOURCE ( 'ANY', '', #162, .NOT_KNOWN. ) ;
#1002 = CARTESIAN_POINT ( 'NONE',  ( 0.4500000000000000111, 0.1250000000000000000, -0.8499999999999997558 ) ) ;
#1003 = FACE_OUTER_BOUND ( 'NONE', #1707, .T. ) ;
#1004 = VECTOR ( 'NONE', #1746, 1000.000000000000000 ) ;
#1005 = FACE_OUTER_BOUND ( 'NONE', #397, .T. ) ;
#1006 = ADVANCED_FACE ( 'NONE', ( #1242 ), #1059, .F. ) ;
#1007 = STYLED_ITEM ( 'NONE', ( #1713 ), #1487 ) ;
#1008 = SURFACE_STYLE_USAGE ( .BOTH. , #96 ) ;
#1009 = ORIENTED_EDGE ( 'NONE', *, *, #261, .F. ) ;
#1010 = DIRECTION ( 'NONE',  ( 0.000000000000000000, 0.000000000000000000, 1.000000000000000000 ) ) ;
#1011 = LINE ( 'NONE', #154, #422 ) ;
#1012 = PRESENTATION_LAYER_ASSIGNMENT (  '', '', ( #476 ) ) ;
#1013 = VECTOR ( 'NONE', #1841, 1000.000000000000000 ) ;
#1014 = DIRECTION ( 'NONE',  ( -1.275531967630005245E-16, 0.000000000000000000, -1.000000000000000000 ) ) ;
#1015 = ORIENTED_EDGE ( 'NONE', *, *, #1557, .T. ) ;
#1016 = CARTESIAN_POINT ( 'NONE',  ( -0.4500000000000000111, 0.1250000000000000000, -0.8499999999999997558 ) ) ;
#1017 = VECTOR ( 'NONE', #992, 1000.000000000000114 ) ;
#1018 = ORIENTED_EDGE ( 'NONE', *, *, #1750, .T. ) ;
#1019 = EDGE_LOOP ( 'NONE', ( #249, #825, #877, #403 ) ) ;
#1020 = CARTESIAN_POINT ( 'NONE',  ( 0.4230519360803035589, 0.4000000000000000222, -0.8230519360803033591 ) ) ;
#1021 = UNCERTAINTY_MEASURE_WITH_UNIT (LENGTH_MEASURE( 1.000000000000000082E-05 ), #2125, 'distance_accuracy_value', 'NONE');
#1022 = PRESENTATION_STYLE_ASSIGNMENT (( #147 ) ) ;
#1023 = EDGE_LOOP ( 'NONE', ( #452, #416, #357, #1015 ) ) ;
#1024 = EDGE_CURVE ( 'NONE', #1516, #2077, #1251, .T. ) ;
#1025 = MECHANICAL_DESIGN_GEOMETRIC_PRESENTATION_REPRESENTATION (  '', ( #1968 ), #854 ) ;
#1026 = CARTESIAN_POINT ( 'NONE',  ( -0.4499999999999997891, 0.1250000000000000000, 0.8500000000000001998 ) ) ;
#1027 = DIRECTION ( 'NONE',  ( -0.000000000000000000, -1.000000000000000000, -0.000000000000000000 ) ) ;
#1028 = ADVANCED_FACE ( 'NONE', ( #1927 ), #1295, .F. ) ;
#1029 = CARTESIAN_POINT ( 'NONE',  ( 0.1445683229480095311, 0.1500000000000000222, 0.8499999999999997558 ) ) ;
#1030 = AXIS2_PLACEMENT_3D ( 'NONE', #1416, #1210, #209 ) ;
#1031 = ORIENTED_EDGE ( 'NONE', *, *, #1560, .F. ) ;
#1032 = VERTEX_POINT ( 'NONE', #1942 ) ;
#1033 = MECHANICAL_DESIGN_GEOMETRIC_PRESENTATION_REPRESENTATION (  '', ( #107 ), #1717 ) ;
#1034 = SURFACE_SIDE_STYLE ('',( #511 ) ) ;
#1035 =( GEOMETRIC_REPRESENTATION_CONTEXT ( 3 ) GLOBAL_UNCERTAINTY_ASSIGNED_CONTEXT ( ( #827 ) ) GLOBAL_UNIT_ASSIGNED_CONTEXT ( ( #1430, #1752, #2119 ) ) REPRESENTATION_CONTEXT ( 'NONE', 'WORKASPACE' ) );
#1036 = DIRECTION ( 'NONE',  ( -0.000000000000000000, 1.000000000000000000, -0.000000000000000000 ) ) ;
#1037 = VECTOR ( 'NONE', #1562, 1000.000000000000000 ) ;
#1038 =( BOUNDED_CURVE ( )  B_SPLINE_CURVE ( 3, ( #2132, #1284, #300, #274 ),
 .UNSPECIFIED., .F., .T. ) 
 B_SPLINE_CURVE_WITH_KNOTS ( ( 4, 4 ),
 ( 1.570796326794896558, 3.071779483510019837 ),
 .UNSPECIFIED. ) 
 CURVE ( )  GEOMETRIC_REPRESENTATION_ITEM ( )  RATIONAL_B_SPLINE_CURVE ( ( 1.000000000000000000, 0.8209024677461137509, 0.8209024677461137509, 1.000000000000000000 ) ) 
 REPRESENTATION_ITEM ( '' )  );
#1039 = ORIENTED_EDGE ( 'NONE', *, *, #995, .T. ) ;
#1040 = COLOUR_RGB ( '',0.7921568627450980005, 0.8196078431372548767, 0.9333333333333333481 ) ;
#1041 = LINE ( 'NONE', #378, #801 ) ;
#1042 =( NAMED_UNIT ( * ) PLANE_ANGLE_UNIT ( ) SI_UNIT ( $, .RADIAN. ) );
#1043 = ORIENTED_EDGE ( 'NONE', *, *, #951, .F. ) ;
#1044 = EDGE_CURVE ( 'NONE', #2063, #548, #1630, .T. ) ;
#1045 = ADVANCED_FACE ( 'NONE', ( #984 ), #613, .F. ) ;
#1046 = FILL_AREA_STYLE_COLOUR ( '', #862 ) ;
#1047 = ORIENTED_EDGE ( 'NONE', *, *, #625, .T. ) ;
#1048 = SURFACE_STYLE_USAGE ( .BOTH. , #411 ) ;
#1049 = CARTESIAN_POINT ( 'NONE',  ( 0.4500000000000000111, 0.1250000000000000000, -0.8499999999999997558 ) ) ;
#1050 = CARTESIAN_POINT ( 'NONE',  ( 0.000000000000000000, -0.006250000000000000347, -0.8900000000000000133 ) ) ;
#1051 =( GEOMETRIC_REPRESENTATION_CONTEXT ( 3 ) GLOBAL_UNCERTAINTY_ASSIGNED_CONTEXT ( ( #287 ) ) GLOBAL_UNIT_ASSIGNED_CONTEXT ( ( #156, #1529, #1986 ) ) REPRESENTATION_CONTEXT ( 'NONE', 'WORKASPACE' ) );
#1052 = ORIENTED_EDGE ( 'NONE', *, *, #42, .T. ) ;
#1053 = DIRECTION ( 'NONE',  ( 1.084202172485504434E-16, 0.000000000000000000, -1.000000000000000000 ) ) ;
#1054 = EDGE_CURVE ( 'NONE', #1606, #1507, #1084, .T. ) ;
#1055 = ORIENTED_EDGE ( 'NONE', *, *, #1193, .F. ) ;
#1056 = MANIFOLD_SOLID_BREP ( 'Boss-Extrude7[1]', #675 ) ;
#1057 = DIRECTION ( 'NONE',  ( 0.000000000000000000, -1.000000000000000000, 0.000000000000000000 ) ) ;
#1058 =( NAMED_UNIT ( * ) SI_UNIT ( $, .STERADIAN. ) SOLID_ANGLE_UNIT ( ) );
#1059 = PLANE ( 'NONE',  #1347 ) ;
#1060 = AXIS2_PLACEMENT_3D ( 'NONE', #222, #1237, #402 ) ;
#1061 = EDGE_LOOP ( 'NONE', ( #1383, #171, #588, #2065, #505, #811 ) ) ;
#1062 = VECTOR ( 'NONE', #800, 1000.000000000000000 ) ;
#1063 = LINE ( 'NONE', #1732, #1037 ) ;
#1064 = CARTESIAN_POINT ( 'NONE',  ( 0.000000000000000000, 0.000000000000000000, 0.000000000000000000 ) ) ;
#1065 = COLOUR_RGB ( '',0.6470588235294117974, 0.5176470588235293491, 0.000000000000000000 ) ;
#1066 = EDGE_LOOP ( 'NONE', ( #1960, #1390, #1809, #748 ) ) ;
#1067 = MECHANICAL_DESIGN_GEOMETRIC_PRESENTATION_REPRESENTATION (  '', ( #80 ), #2048 ) ;
#1068 = EDGE_CURVE ( 'NONE', #278, #160, #858, .T. ) ;
#1069 = PRESENTATION_LAYER_ASSIGNMENT (  '', '', ( #122 ) ) ;
#1070 =( LENGTH_UNIT ( ) NAMED_UNIT ( * ) SI_UNIT ( .MILLI., .METRE. ) );
#1071 = DIRECTION ( 'NONE',  ( -0.000000000000000000, 1.000000000000000000, -0.000000000000000000 ) ) ;
#1072 =( NAMED_UNIT ( * ) PLANE_ANGLE_UNIT ( ) SI_UNIT ( $, .RADIAN. ) );
#1073 = SURFACE_SIDE_STYLE ('',( #50 ) ) ;
#1074 = ORIENTED_EDGE ( 'NONE', *, *, #1332, .F. ) ;
#1075 = ORIENTED_EDGE ( 'NONE', *, *, #1653, .F. ) ;
#1076 = LINE ( 'NONE', #1103, #521 ) ;
#1077 = PRESENTATION_STYLE_ASSIGNMENT (( #1091 ) ) ;
#1078 = DIRECTION ( 'NONE',  ( -1.000000000000000000, 0.000000000000000000, 0.000000000000000000 ) ) ;
#1079 = EDGE_CURVE ( 'NONE', #1571, #106, #931, .T. ) ;
#1080 = ORIENTED_EDGE ( 'NONE', *, *, #2064, .F. ) ;
#1081 =( LENGTH_UNIT ( ) NAMED_UNIT ( * ) SI_UNIT ( .MILLI., .METRE. ) );
#1082 = DIRECTION ( 'NONE',  ( 1.000000000000000000, 0.000000000000000000, -1.275531967630005245E-16 ) ) ;
#1083 = EDGE_CURVE ( 'NONE', #1106, #600, #645, .T. ) ;
#1084 = LINE ( 'NONE', #113, #337 ) ;
#1085 = ORIENTED_EDGE ( 'NONE', *, *, #1544, .F. ) ;
#1086 =( GEOMETRIC_REPRESENTATION_CONTEXT ( 3 ) GLOBAL_UNCERTAINTY_ASSIGNED_CONTEXT ( ( #1420 ) ) GLOBAL_UNIT_ASSIGNED_CONTEXT ( ( #816, #1936, #1963 ) ) REPRESENTATION_CONTEXT ( 'NONE', 'WORKASPACE' ) );
#1087 = FACE_OUTER_BOUND ( 'NONE', #617, .T. ) ;
#1088 = PRESENTATION_LAYER_ASSIGNMENT (  '', '', ( #2059 ) ) ;
#1089 =( GEOMETRIC_REPRESENTATION_CONTEXT ( 3 ) GLOBAL_UNCERTAINTY_ASSIGNED_CONTEXT ( ( #586 ) ) GLOBAL_UNIT_ASSIGNED_CONTEXT ( ( #460, #611, #244 ) ) REPRESENTATION_CONTEXT ( 'NONE', 'WORKASPACE' ) );
#1090 = ORIENTED_EDGE ( 'NONE', *, *, #1763, .F. ) ;
#1091 = SURFACE_STYLE_USAGE ( .BOTH. , #1235 ) ;
#1092 = SURFACE_STYLE_FILL_AREA ( #758 ) ;
#1093 = ORIENTED_EDGE ( 'NONE', *, *, #1174, .F. ) ;
#1094 =( NAMED_UNIT ( * ) SI_UNIT ( $, .STERADIAN. ) SOLID_ANGLE_UNIT ( ) );
#1095 = SURFACE_STYLE_USAGE ( .BOTH. , #1590 ) ;
#1096 = COLOUR_RGB ( '',0.6666666666666666297, 0.6980392156862744724, 0.7686274509803920907 ) ;
#1097 = CYLINDRICAL_SURFACE ( 'NONE', #751, 0.1500000000000000777 ) ;
#1098 = PRESENTATION_LAYER_ASSIGNMENT (  '', '', ( #1939 ) ) ;
#1099 =( NAMED_UNIT ( * ) PLANE_ANGLE_UNIT ( ) SI_UNIT ( $, .RADIAN. ) );
#1100 = AXIS2_PLACEMENT_3D ( 'NONE', #575, #246, #1412 ) ;
#1101 = DIRECTION ( 'NONE',  ( -1.000000000000000000, 0.000000000000000000, 9.566489757225039341E-17 ) ) ;
#1102 = ORIENTED_EDGE ( 'NONE', *, *, #623, .F. ) ;
#1103 = CARTESIAN_POINT ( 'NONE',  ( 0.4000000000000000222, -0.006250000000000000347, -0.8500000000000001998 ) ) ;
#1104 = AXIS2_PLACEMENT_3D ( 'NONE', #593, #1597, #1771 ) ;
#1105 = LINE ( 'NONE', #1258, #1000 ) ;
#1106 = VERTEX_POINT ( 'NONE', #305 ) ;
#1107 = PLANE ( 'NONE',  #1406 ) ;
#1108 = MECHANICAL_DESIGN_GEOMETRIC_PRESENTATION_REPRESENTATION (  '', ( #224 ), #48 ) ;
#1109 = STYLED_ITEM ( 'NONE', ( #1868 ), #1006 ) ;
#1110 = PRESENTATION_STYLE_ASSIGNMENT (( #1448 ) ) ;
#1111 = DIRECTION ( 'NONE',  ( -0.000000000000000000, 1.000000000000000000, -0.000000000000000000 ) ) ;
#1112 = EDGE_CURVE ( 'NONE', #1602, #864, #1659, .T. ) ;
#1113 = VERTEX_POINT ( 'NONE', #151 ) ;
#1114 = SURFACE_STYLE_FILL_AREA ( #1608 ) ;
#1115 = DIRECTION ( 'NONE',  ( -0.000000000000000000, 1.000000000000000000, -0.000000000000000000 ) ) ;
#1116 = DIRECTION ( 'NONE',  ( -9.566489757225039341E-17, -0.000000000000000000, -1.000000000000000000 ) ) ;
#1117 = ORIENTED_EDGE ( 'NONE', *, *, #922, .F. ) ;
#1118 = SURFACE_STYLE_USAGE ( .BOTH. , #254 ) ;
#1119 = SURFACE_SIDE_STYLE ('',( #255 ) ) ;
#1120 = DIRECTION ( 'NONE',  ( -1.000000000000000000, 0.000000000000000000, 0.000000000000000000 ) ) ;
#1121 = LINE ( 'NONE', #1783, #330 ) ;
#1122 = UNCERTAINTY_MEASURE_WITH_UNIT (LENGTH_MEASURE( 1.000000000000000082E-05 ), #2058, 'distance_accuracy_value', 'NONE');
#1123 = SURFACE_SIDE_STYLE ('',( #432 ) ) ;
#1124 = VERTEX_POINT ( 'NONE', #1490 ) ;
#1125 = SURFACE_STYLE_USAGE ( .BOTH. , #592 ) ;
#1126 =( GEOMETRIC_REPRESENTATION_CONTEXT ( 3 ) GLOBAL_UNCERTAINTY_ASSIGNED_CONTEXT ( ( #1355 ) ) GLOBAL_UNIT_ASSIGNED_CONTEXT ( ( #1522, #1532, #527 ) ) REPRESENTATION_CONTEXT ( 'NONE', 'WORKASPACE' ) );
#1127 = CARTESIAN_POINT ( 'NONE',  ( -0.4500000000000000111, 0.000000000000000000, -0.8499999999999997558 ) ) ;
#1128 = MANIFOLD_SOLID_BREP ( 'Boss-Extrude7[2]', #866 ) ;
#1129 =( LENGTH_UNIT ( ) NAMED_UNIT ( * ) SI_UNIT ( .MILLI., .METRE. ) );
#1130 = DIRECTION ( 'NONE',  ( 0.000000000000000000, 0.000000000000000000, 1.000000000000000000 ) ) ;
#1131 =( NAMED_UNIT ( * ) PLANE_ANGLE_UNIT ( ) SI_UNIT ( $, .RADIAN. ) );
#1132 = VECTOR ( 'NONE', #1975, 1000.000000000000000 ) ;
#1133 = ORIENTED_EDGE ( 'NONE', *, *, #261, .T. ) ;
#1134 = AXIS2_PLACEMENT_3D ( 'NONE', #229, #196, #215 ) ;
#1135 = EDGE_CURVE ( 'NONE', #925, #1716, #1499, .T. ) ;
#1136 = COLOUR_RGB ( '',0.6470588235294117974, 0.5176470588235293491, 0.000000000000000000 ) ;
#1137 = DIRECTION ( 'NONE',  ( -0.000000000000000000, -1.000000000000000000, -0.000000000000000000 ) ) ;
#1138 =( NAMED_UNIT ( * ) PLANE_ANGLE_UNIT ( ) SI_UNIT ( $, .RADIAN. ) );
#1139 = CARTESIAN_POINT ( 'NONE',  ( 0.4500000000000001776, 0.1250000000000000000, 0.8500000000000001998 ) ) ;
#1140 = EDGE_CURVE ( 'NONE', #803, #743, #2171, .T. ) ;
#1141 = PRESENTATION_LAYER_ASSIGNMENT (  '', '', ( #1694 ) ) ;
#1142 = VERTEX_POINT ( 'NONE', #677 ) ;
#1143 = CARTESIAN_POINT ( 'NONE',  ( 0.000000000000000000, -0.006250000000000000347, -0.7399999999999999911 ) ) ;
#1144 = FILL_AREA_STYLE ('',( #310 ) ) ;
#1145 = UNCERTAINTY_MEASURE_WITH_UNIT (LENGTH_MEASURE( 1.000000000000000082E-05 ), #1670, 'distance_accuracy_value', 'NONE');
#1146 = LINE ( 'NONE', #290, #2160 ) ;
#1147 = DIRECTION ( 'NONE',  ( 0.000000000000000000, 0.06975647374412534407, -0.9975640502598243087 ) ) ;
#1148 = CARTESIAN_POINT ( 'NONE',  ( -0.4500000000000000111, 0.1500000000000000222, 0.8499999999999997558 ) ) ;
#1149 = SURFACE_SIDE_STYLE ('',( #1158 ) ) ;
#1150 = EDGE_CURVE ( 'NONE', #1402, #1740, #834, .T. ) ;
#1151 =( NAMED_UNIT ( * ) PLANE_ANGLE_UNIT ( ) SI_UNIT ( $, .RADIAN. ) );
#1152 =( LENGTH_UNIT ( ) NAMED_UNIT ( * ) SI_UNIT ( .MILLI., .METRE. ) );
#1153 = ORIENTED_EDGE ( 'NONE', *, *, #933, .F. ) ;
#1154 = COLOUR_RGB ( '',0.6666666666666666297, 0.6980392156862744724, 0.7686274509803920907 ) ;
#1155 = VECTOR ( 'NONE', #1950, 1000.000000000000000 ) ;
#1156 = FILL_AREA_STYLE ('',( #2041 ) ) ;
#1157 = FILL_AREA_STYLE ('',( #1824 ) ) ;
#1158 = SURFACE_STYLE_FILL_AREA ( #1837 ) ;
#1159 = PRESENTATION_LAYER_ASSIGNMENT (  '', '', ( #1674 ) ) ;
#1160 = CARTESIAN_POINT ( 'NONE',  ( -0.4500000000000000111, 0.3767439118436031187, 0.8341445211171761853 ) ) ;
#1161 = ORIENTED_EDGE ( 'NONE', *, *, #1135, .T. ) ;
#1162 = EDGE_CURVE ( 'NONE', #143, #1571, #347, .T. ) ;
#1163 = FACE_OUTER_BOUND ( 'NONE', #72, .T. ) ;
#1164 = PRESENTATION_STYLE_ASSIGNMENT (( #1672 ) ) ;
#1165 = VERTEX_POINT ( 'NONE', #139 ) ;
#1166 = STYLED_ITEM ( 'NONE', ( #1739 ), #32 ) ;
#1167 = LINE ( 'NONE', #1478, #70 ) ;
#1168 =( LENGTH_UNIT ( ) NAMED_UNIT ( * ) SI_UNIT ( .MILLI., .METRE. ) );
#1169 = STYLED_ITEM ( 'NONE', ( #1918 ), #768 ) ;
#1170 = EDGE_LOOP ( 'NONE', ( #1409, #904, #328, #88 ) ) ;
#1171 = MECHANICAL_DESIGN_GEOMETRIC_PRESENTATION_REPRESENTATION (  '', ( #764 ), #615 ) ;
#1172 =( LENGTH_UNIT ( ) NAMED_UNIT ( * ) SI_UNIT ( .MILLI., .METRE. ) );
#1173 = CIRCLE ( 'NONE', #1447, 0.1500000000000000777 ) ;
#1174 = EDGE_CURVE ( 'NONE', #1142, #433, #1468, .T. ) ;
#1175 = ORIENTED_EDGE ( 'NONE', *, *, #1079, .T. ) ;
#1176 = COLOUR_RGB ( '',0.9411764705882352811, 0.9607843137254902244, 0.9686274509803921573 ) ;
#1177 = CARTESIAN_POINT ( 'NONE',  ( 0.4456418376021411554, 0.2123246259443307138, -0.8456418376021409555 ) ) ;
#1178 = DIRECTION ( 'NONE',  ( -1.000000000000000000, 0.000000000000000000, 0.000000000000000000 ) ) ;
#1179 = SURFACE_SIDE_STYLE ('',( #1346 ) ) ;
#1180 =( NAMED_UNIT ( * ) PLANE_ANGLE_UNIT ( ) SI_UNIT ( $, .RADIAN. ) );
#1181 = EDGE_LOOP ( 'NONE', ( #927, #1133, #540, #797, #1090, #1102, #1766, #1574, #1934 ) ) ;
#1182 = CIRCLE ( 'NONE', #1603, 0.1500000000000000777 ) ;
#1183 = CARTESIAN_POINT ( 'NONE',  ( -0.1445683229480095311, 0.1250000000000000000, -0.8499999999999997558 ) ) ;
#1184 = LINE ( 'NONE', #168, #1343 ) ;
#1185 = PRESENTATION_LAYER_ASSIGNMENT (  '', '', ( #31 ) ) ;
#1186 = CARTESIAN_POINT ( 'NONE',  ( 0.000000000000000000, 0.000000000000000000, -0.8900000000000000133 ) ) ;
#1187 = PLANE ( 'NONE',  #1642 ) ;
#1188 = ORIENTED_EDGE ( 'NONE', *, *, #1044, .T. ) ;
#1189 = DIRECTION ( 'NONE',  ( 0.06958737431666471573, -0.9951458157835084695, -0.06958737431666470186 ) ) ;
#1190 = CARTESIAN_POINT ( 'NONE',  ( 0.4000000000000000222, -0.006250000000000000347, 0.8500000000000001998 ) ) ;
#1191 = MECHANICAL_DESIGN_GEOMETRIC_PRESENTATION_REPRESENTATION (  '', ( #1939 ), #1364 ) ;
#1192 = PRESENTATION_LAYER_ASSIGNMENT (  '', '', ( #1686 ) ) ;
#1193 = EDGE_CURVE ( 'NONE', #351, #907, #313, .T. ) ;
#1194 = SURFACE_STYLE_FILL_AREA ( #547 ) ;
#1195 = MECHANICAL_DESIGN_GEOMETRIC_PRESENTATION_REPRESENTATION (  '', ( #1897 ), #1309 ) ;
#1196 = FILL_AREA_STYLE ('',( #1904 ) ) ;
#1197 = AXIS2_PLACEMENT_3D ( 'NONE', #1190, #723, #1202 ) ;
#1198 = MECHANICAL_DESIGN_GEOMETRIC_PRESENTATION_REPRESENTATION (  '', ( #2147 ), #1947 ) ;
#1199 = FILL_AREA_STYLE ('',( #1046 ) ) ;
#1200 = VERTEX_POINT ( 'NONE', #865 ) ;
#1201 = VECTOR ( 'NONE', #1989, 1000.000000000000000 ) ;
#1202 = DIRECTION ( 'NONE',  ( -1.000000000000000000, 0.000000000000000000, 0.000000000000000000 ) ) ;
#1203 = DIRECTION ( 'NONE',  ( -0.000000000000000000, 1.000000000000000000, -0.000000000000000000 ) ) ;
#1204 = EDGE_CURVE ( 'NONE', #392, #1165, #1173, .T. ) ;
#1205 = CARTESIAN_POINT ( 'NONE',  ( 0.4500000000000000111, 0.1500000000000000222, 0.8499999999999997558 ) ) ;
#1206 = PRESENTATION_STYLE_ASSIGNMENT (( #736 ) ) ;
#1207 = EDGE_LOOP ( 'NONE', ( #1427, #1075, #695, #40 ) ) ;
#1208 =( NAMED_UNIT ( * ) SI_UNIT ( $, .STERADIAN. ) SOLID_ANGLE_UNIT ( ) );
#1209 = ORIENTED_EDGE ( 'NONE', *, *, #623, .T. ) ;
#1210 = DIRECTION ( 'NONE',  ( 1.000000000000000000, 0.000000000000000000, 0.000000000000000000 ) ) ;
#1211 = LINE ( 'NONE', #190, #1502 ) ;
#1212 = CARTESIAN_POINT ( 'NONE',  ( 0.4500000000000001776, 0.1500000000000000222, 0.8500000000000001998 ) ) ;
#1213 = AXIS2_PLACEMENT_3D ( 'NONE', #2078, #1920, #1754 ) ;
#1214 =( LENGTH_UNIT ( ) NAMED_UNIT ( * ) SI_UNIT ( .MILLI., .METRE. ) );
#1215 = CARTESIAN_POINT ( 'NONE',  ( 0.000000000000000000, 0.000000000000000000, 0.000000000000000000 ) ) ;
#1216 = ORIENTED_EDGE ( 'NONE', *, *, #1653, .T. ) ;
#1217 =( GEOMETRIC_REPRESENTATION_CONTEXT ( 3 ) GLOBAL_UNCERTAINTY_ASSIGNED_CONTEXT ( ( #1413 ) ) GLOBAL_UNIT_ASSIGNED_CONTEXT ( ( #1811, #1982, #998 ) ) REPRESENTATION_CONTEXT ( 'NONE', 'WORKASPACE' ) );
#1218 = SURFACE_STYLE_USAGE ( .BOTH. , #1230 ) ;
#1219 =( GEOMETRIC_REPRESENTATION_CONTEXT ( 3 ) GLOBAL_UNCERTAINTY_ASSIGNED_CONTEXT ( ( #936 ) ) GLOBAL_UNIT_ASSIGNED_CONTEXT ( ( #1375, #239, #1224 ) ) REPRESENTATION_CONTEXT ( 'NONE', 'WORKASPACE' ) );
#1220 = UNCERTAINTY_MEASURE_WITH_UNIT (LENGTH_MEASURE( 1.000000000000000082E-05 ), #1586, 'distance_accuracy_value', 'NONE');
#1221 = APPLICATION_PROTOCOL_DEFINITION ( 'draft international standard', 'automotive_design', 1998, #408 ) ;
#1222 = ORIENTED_EDGE ( 'NONE', *, *, #894, .F. ) ;
#1223 = LINE ( 'NONE', #731, #277 ) ;
#1224 =( NAMED_UNIT ( * ) SI_UNIT ( $, .STERADIAN. ) SOLID_ANGLE_UNIT ( ) );
#1225 = DIRECTION ( 'NONE',  ( -0.000000000000000000, -1.000000000000000000, -0.000000000000000000 ) ) ;
#1226 = ORIENTED_EDGE ( 'NONE', *, *, #594, .T. ) ;
#1227 = DIRECTION ( 'NONE',  ( -0.000000000000000000, 0.000000000000000000, 1.000000000000000000 ) ) ;
#1228 = COLOUR_RGB ( '',0.6470588235294117974, 0.5176470588235293491, 0.000000000000000000 ) ;
#1229 = ORIENTED_EDGE ( 'NONE', *, *, #660, .F. ) ;
#1230 = SURFACE_SIDE_STYLE ('',( #1741 ) ) ;
#1231 = EDGE_CURVE ( 'NONE', #637, #1820, #1510, .T. ) ;
#1232 = STYLED_ITEM ( 'NONE', ( #520 ), #842 ) ;
#1233 = EDGE_LOOP ( 'NONE', ( #1460, #1979, #238, #1325 ) ) ;
#1234 = CARTESIAN_POINT ( 'NONE',  ( 0.000000000000000000, 0.000000000000000000, 0.8900000000000000133 ) ) ;
#1235 = SURFACE_SIDE_STYLE ('',( #756 ) ) ;
#1236 = EDGE_CURVE ( 'NONE', #1684, #106, #1666, .T. ) ;
#1237 = DIRECTION ( 'NONE',  ( -1.000000000000000000, 0.000000000000000000, -0.000000000000000000 ) ) ;
#1238 = COLOUR_RGB ( '',0.6470588235294117974, 0.5176470588235293491, 0.000000000000000000 ) ;
#1239 = DIRECTION ( 'NONE',  ( 1.000000000000000000, 0.000000000000000000, -1.697835108000056450E-15 ) ) ;
#1240 =( NAMED_UNIT ( * ) PLANE_ANGLE_UNIT ( ) SI_UNIT ( $, .RADIAN. ) );
#1241 = FILL_AREA_STYLE_COLOUR ( '', #2097 ) ;
#1242 = FACE_OUTER_BOUND ( 'NONE', #199, .T. ) ;
#1243 = VERTEX_POINT ( 'NONE', #1183 ) ;
#1244 = CARTESIAN_POINT ( 'NONE',  ( 0.4500000000000000111, 0.1250000000000000000, -0.8499999999999997558 ) ) ;
#1245 = UNCERTAINTY_MEASURE_WITH_UNIT (LENGTH_MEASURE( 1.000000000000000082E-05 ), #535, 'distance_accuracy_value', 'NONE');
#1246 = ORIENTED_EDGE ( 'NONE', *, *, #1663, .F. ) ;
#1247 = PLANE ( 'NONE',  #1728 ) ;
#1248 = ORIENTED_EDGE ( 'NONE', *, *, #94, .F. ) ;
#1249 = SURFACE_STYLE_USAGE ( .BOTH. , #1954 ) ;
#1250 = FILL_AREA_STYLE ('',( #763 ) ) ;
#1251 = LINE ( 'NONE', #583, #909 ) ;
#1252 = EDGE_LOOP ( 'NONE', ( #1093, #1009, #551, #941 ) ) ;
#1253 = PLANE ( 'NONE',  #1831 ) ;
#1254 = MECHANICAL_DESIGN_GEOMETRIC_PRESENTATION_REPRESENTATION (  '', ( #1709 ), #493 ) ;
#1255 = AXIS2_PLACEMENT_3D ( 'NONE', #126, #2068, #571 ) ;
#1256 = ORIENTED_EDGE ( 'NONE', *, *, #516, .T. ) ;
#1257 = SURFACE_SIDE_STYLE ('',( #1305 ) ) ;
#1258 = CARTESIAN_POINT ( 'NONE',  ( 0.4500000000000001776, 0.1500000000000000222, 0.8500000000000001998 ) ) ;
#1259 = ORIENTED_EDGE ( 'NONE', *, *, #922, .T. ) ;
#1260 = SURFACE_SIDE_STYLE ('',( #144 ) ) ;
#1261 = CIRCLE ( 'NONE', #361, 0.1500000000000000777 ) ;
#1262 = SURFACE_STYLE_FILL_AREA ( #1599 ) ;
#1263 =( LENGTH_UNIT ( ) NAMED_UNIT ( * ) SI_UNIT ( .MILLI., .METRE. ) );
#1264 = VECTOR ( 'NONE', #1589, 1000.000000000000000 ) ;
#1265 = EDGE_CURVE ( 'NONE', #1243, #2055, #1041, .T. ) ;
#1266 = ORIENTED_EDGE ( 'NONE', *, *, #1776, .F. ) ;
#1267 = MECHANICAL_DESIGN_GEOMETRIC_PRESENTATION_REPRESENTATION (  '', ( #325 ), #1830 ) ;
#1268 = DIRECTION ( 'NONE',  ( 0.000000000000000000, 0.000000000000000000, 1.000000000000000000 ) ) ;
#1269 = SURFACE_STYLE_FILL_AREA ( #262 ) ;
#1270 = VERTEX_POINT ( 'NONE', #1339 ) ;
#1271 = STYLED_ITEM ( 'NONE', ( #495 ), #429 ) ;
#1272 = DIRECTION ( 'NONE',  ( -0.000000000000000000, 1.000000000000000000, -0.000000000000000000 ) ) ;
#1273 = AXIS2_PLACEMENT_3D ( 'NONE', #1294, #1657, #1988 ) ;
#1274 = FILL_AREA_STYLE ('',( #1779 ) ) ;
#1275 = CARTESIAN_POINT ( 'NONE',  ( 0.4092054198606808191, 0.4000000000000000222, 0.000000000000000000 ) ) ;
#1276 = VECTOR ( 'NONE', #760, 1000.000000000000000 ) ;
#1277 = CARTESIAN_POINT ( 'NONE',  ( 0.000000000000000000, 0.000000000000000000, -0.8900000000000000133 ) ) ;
#1278 = VECTOR ( 'NONE', #1827, 1000.000000000000000 ) ;
#1279 = DIRECTION ( 'NONE',  ( 0.000000000000000000, 0.000000000000000000, 1.000000000000000000 ) ) ;
#1280 = SURFACE_STYLE_USAGE ( .BOTH. , #463 ) ;
#1281 = EDGE_CURVE ( 'NONE', #624, #1740, #167, .T. ) ;
#1282 = LINE ( 'NONE', #1244, #1726 ) ;
#1283 = ORIENTED_EDGE ( 'NONE', *, *, #1112, .F. ) ;
#1284 = CARTESIAN_POINT ( 'NONE',  ( -0.4230519360803035589, 0.4000000000000000222, 0.8230519360803033591 ) ) ;
#1285 = CARTESIAN_POINT ( 'NONE',  ( 0.000000000000000000, -0.006250000000000000347, 0.8900000000000000133 ) ) ;
#1286 =( NAMED_UNIT ( * ) SI_UNIT ( $, .STERADIAN. ) SOLID_ANGLE_UNIT ( ) );
#1287 = LINE ( 'NONE', #1139, #1903 ) ;
#1288 = SURFACE_SIDE_STYLE ('',( #462 ) ) ;
#1289 = FILL_AREA_STYLE_COLOUR ( '', #905 ) ;
#1290 = EDGE_CURVE ( 'NONE', #673, #915, #1261, .T. ) ;
#1291 = ORIENTED_EDGE ( 'NONE', *, *, #579, .F. ) ;
#1292 = UNCERTAINTY_MEASURE_WITH_UNIT (LENGTH_MEASURE( 1.000000000000000082E-05 ), #1129, 'distance_accuracy_value', 'NONE');
#1293 = DIRECTION ( 'NONE',  ( -0.000000000000000000, -1.000000000000000000, -0.000000000000000000 ) ) ;
#1294 = CARTESIAN_POINT ( 'NONE',  ( 0.000000000000000000, 0.000000000000000000, -0.8900000000000000133 ) ) ;
#1295 = CYLINDRICAL_SURFACE ( 'NONE', #299, 0.1500000000000000777 ) ;
#1296 =( NAMED_UNIT ( * ) SI_UNIT ( $, .STERADIAN. ) SOLID_ANGLE_UNIT ( ) );
#1297 = COLOUR_RGB ( '',0.6470588235294117974, 0.6196078431372549211, 0.5882352941176470784 ) ;
#1298 =( NAMED_UNIT ( * ) PLANE_ANGLE_UNIT ( ) SI_UNIT ( $, .RADIAN. ) );
#1299 = DIRECTION ( 'NONE',  ( -1.000000000000000000, 0.000000000000000000, 0.000000000000000000 ) ) ;
#1300 = AXIS2_PLACEMENT_3D ( 'NONE', #1277, #1071, #929 ) ;
#1301 = PRESENTATION_STYLE_ASSIGNMENT (( #1414 ) ) ;
#1302 = ORIENTED_EDGE ( 'NONE', *, *, #2076, .T. ) ;
#1303 = VECTOR ( 'NONE', #973, 1000.000000000000000 ) ;
#1304 = EDGE_CURVE ( 'NONE', #1737, #548, #1545, .T. ) ;
#1305 = SURFACE_STYLE_FILL_AREA ( #1144 ) ;
#1306 = PRESENTATION_STYLE_ASSIGNMENT (( #2163 ) ) ;
#1307 = LINE ( 'NONE', #805, #26 ) ;
#1308 = STYLED_ITEM ( 'NONE', ( #1450 ), #291 ) ;
#1309 =( GEOMETRIC_REPRESENTATION_CONTEXT ( 3 ) GLOBAL_UNCERTAINTY_ASSIGNED_CONTEXT ( ( #891 ) ) GLOBAL_UNIT_ASSIGNED_CONTEXT ( ( #1152, #141, #1808 ) ) REPRESENTATION_CONTEXT ( 'NONE', 'WORKASPACE' ) );
#1310 = SURFACE_SIDE_STYLE ('',( #14 ) ) ;
#1311 = STYLED_ITEM ( 'NONE', ( #1526 ), #961 ) ;
#1312 = CARTESIAN_POINT ( 'NONE',  ( -0.4500000000000000111, 0.1250000000000000000, -0.8499999999999997558 ) ) ;
#1313 = VECTOR ( 'NONE', #484, 1000.000000000000000 ) ;
#1314 = PLANE ( 'NONE',  #2108 ) ;
#1315 = LINE ( 'NONE', #964, #1796 ) ;
#1316 = VERTEX_POINT ( 'NONE', #1710 ) ;
#1317 = SURFACE_STYLE_FILL_AREA ( #1473 ) ;
#1318 = UNCERTAINTY_MEASURE_WITH_UNIT (LENGTH_MEASURE( 1.000000000000000082E-05 ), #1070, 'distance_accuracy_value', 'NONE');
#1319 = FACE_OUTER_BOUND ( 'NONE', #437, .T. ) ;
#1320 = CYLINDRICAL_SURFACE ( 'NONE', #1273, 0.1500000000000000777 ) ;
#1321 =( NAMED_UNIT ( * ) SI_UNIT ( $, .STERADIAN. ) SOLID_ANGLE_UNIT ( ) );
#1322 = FILL_AREA_STYLE ('',( #2154 ) ) ;
#1323 =( NAMED_UNIT ( * ) SI_UNIT ( $, .STERADIAN. ) SOLID_ANGLE_UNIT ( ) );
#1324 = CARTESIAN_POINT ( 'NONE',  ( 0.4500000000000000111, 0.1500000000000000222, 0.8499999999999997558 ) ) ;
#1325 = ORIENTED_EDGE ( 'NONE', *, *, #1281, .T. ) ;
#1326 = CARTESIAN_POINT ( 'NONE',  ( -0.4000000000000000222, 0.000000000000000000, -0.3500000000000001998 ) ) ;
#1327 =( GEOMETRIC_REPRESENTATION_CONTEXT ( 3 ) GLOBAL_UNCERTAINTY_ASSIGNED_CONTEXT ( ( #876 ) ) GLOBAL_UNIT_ASSIGNED_CONTEXT ( ( #910, #1298, #1511 ) ) REPRESENTATION_CONTEXT ( 'NONE', 'WORKASPACE' ) );
#1328 = EDGE_CURVE ( 'NONE', #600, #1634, #1675, .T. ) ;
#1329 = LINE ( 'NONE', #315, #757 ) ;
#1330 = CARTESIAN_POINT ( 'NONE',  ( -0.4341445211171764407, 0.3767439118436031187, 0.8341445211171761853 ) ) ;
#1331 = COLOUR_RGB ( '',0.9411764705882352811, 0.9607843137254902244, 0.9686274509803921573 ) ;
#1332 = EDGE_CURVE ( 'NONE', #1270, #351, #519, .T. ) ;
#1333 = SURFACE_SIDE_STYLE ('',( #2009 ) ) ;
#1334 =( NAMED_UNIT ( * ) PLANE_ANGLE_UNIT ( ) SI_UNIT ( $, .RADIAN. ) );
#1335 = ORIENTED_EDGE ( 'NONE', *, *, #2106, .F. ) ;
#1336 = AXIS2_PLACEMENT_3D ( 'NONE', #412, #911, #1078 ) ;
#1337 =( GEOMETRIC_REPRESENTATION_CONTEXT ( 3 ) GLOBAL_UNCERTAINTY_ASSIGNED_CONTEXT ( ( #2002 ) ) GLOBAL_UNIT_ASSIGNED_CONTEXT ( ( #1622, #1784, #105 ) ) REPRESENTATION_CONTEXT ( 'NONE', 'WORKASPACE' ) );
#1338 = UNCERTAINTY_MEASURE_WITH_UNIT (LENGTH_MEASURE( 1.000000000000000082E-05 ), #656, 'distance_accuracy_value', 'NONE');
#1339 = CARTESIAN_POINT ( 'NONE',  ( 0.4341445211171764407, 0.3767439118436031187, -0.8341445211171761853 ) ) ;
#1340 = LINE ( 'NONE', #2028, #649 ) ;
#1341 =( NAMED_UNIT ( * ) PLANE_ANGLE_UNIT ( ) SI_UNIT ( $, .RADIAN. ) );
#1342 = VECTOR ( 'NONE', #1512, 1000.000000000000000 ) ;
#1343 = VECTOR ( 'NONE', #1698, 1000.000000000000000 ) ;
#1344 = CARTESIAN_POINT ( 'NONE',  ( -0.4092054198606808191, 0.4000000000000000222, -0.8092054198606806192 ) ) ;
#1345 = VERTEX_POINT ( 'NONE', #674 ) ;
#1346 = SURFACE_STYLE_FILL_AREA ( #118 ) ;
#1347 = AXIS2_PLACEMENT_3D ( 'NONE', #530, #128, #269 ) ;
#1348 =( NAMED_UNIT ( * ) PLANE_ANGLE_UNIT ( ) SI_UNIT ( $, .RADIAN. ) );
#1349 = ORIENTED_EDGE ( 'NONE', *, *, #526, .T. ) ;
#1350 = CARTESIAN_POINT ( 'NONE',  ( 0.000000000000000000, -0.006250000000000000347, -0.8900000000000000133 ) ) ;
#1351 = DIRECTION ( 'NONE',  ( 0.000000000000000000, 0.000000000000000000, 1.000000000000000000 ) ) ;
#1352 =( NAMED_UNIT ( * ) SI_UNIT ( $, .STERADIAN. ) SOLID_ANGLE_UNIT ( ) );
#1353 = SURFACE_STYLE_USAGE ( .BOTH. , #881 ) ;
#1354 = LINE ( 'NONE', #341, #1013 ) ;
#1355 = UNCERTAINTY_MEASURE_WITH_UNIT (LENGTH_MEASURE( 1.000000000000000082E-05 ), #1522, 'distance_accuracy_value', 'NONE');
#1356 = ORIENTED_EDGE ( 'NONE', *, *, #1162, .F. ) ;
#1357 =( NAMED_UNIT ( * ) PLANE_ANGLE_UNIT ( ) SI_UNIT ( $, .RADIAN. ) );
#1358 = VECTOR ( 'NONE', #956, 1000.000000000000000 ) ;
#1359 = PLANE ( 'NONE',  #1798 ) ;
#1360 = SURFACE_STYLE_FILL_AREA ( #832 ) ;
#1361 = ORIENTED_EDGE ( 'NONE', *, *, #1461, .T. ) ;
#1362 = CLOSED_SHELL ( 'NONE', ( #1045, #304, #857, #2146, #1635, #429, #1843, #100, #494, #169, #71, #231, #291, #1787, #1858, #1719, #725, #1677, #442, #1394, #1391 ) ) ;
#1363 = EDGE_CURVE ( 'NONE', #1571, #1634, #1211, .T. ) ;
#1364 =( GEOMETRIC_REPRESENTATION_CONTEXT ( 3 ) GLOBAL_UNCERTAINTY_ASSIGNED_CONTEXT ( ( #217 ) ) GLOBAL_UNIT_ASSIGNED_CONTEXT ( ( #46, #1564, #62 ) ) REPRESENTATION_CONTEXT ( 'NONE', 'WORKASPACE' ) );
#1365 = CARTESIAN_POINT ( 'NONE',  ( -0.1445683229480096421, 0.1250000000000000000, 0.8500000000000001998 ) ) ;
#1366 = DIRECTION ( 'NONE',  ( 0.000000000000000000, 0.000000000000000000, 1.000000000000000000 ) ) ;
#1367 = PRESENTATION_LAYER_ASSIGNMENT (  '', '', ( #1624 ) ) ;
#1368 = SURFACE_SIDE_STYLE ('',( #1194 ) ) ;
#1369 = ORIENTED_EDGE ( 'NONE', *, *, #667, .T. ) ;
#1370 =( GEOMETRIC_REPRESENTATION_CONTEXT ( 3 ) GLOBAL_UNCERTAINTY_ASSIGNED_CONTEXT ( ( #542 ) ) GLOBAL_UNIT_ASSIGNED_CONTEXT ( ( #705, #2169, #379 ) ) REPRESENTATION_CONTEXT ( 'NONE', 'WORKASPACE' ) );
#1371 =( NAMED_UNIT ( * ) PLANE_ANGLE_UNIT ( ) SI_UNIT ( $, .RADIAN. ) );
#1372 = VECTOR ( 'NONE', #809, 1000.000000000000000 ) ;
#1373 = MECHANICAL_DESIGN_GEOMETRIC_PRESENTATION_REPRESENTATION (  '', ( #1311 ), #509 ) ;
#1374 = VERTEX_POINT ( 'NONE', #2027 ) ;
#1375 =( LENGTH_UNIT ( ) NAMED_UNIT ( * ) SI_UNIT ( .MILLI., .METRE. ) );
#1376 = FILL_AREA_STYLE ('',( #704 ) ) ;
#1377 = SURFACE_STYLE_FILL_AREA ( #742 ) ;
#1378 = FILL_AREA_STYLE ('',( #1865 ) ) ;
#1379 = FACE_OUTER_BOUND ( 'NONE', #1594, .T. ) ;
#1380 = CARTESIAN_POINT ( 'NONE',  ( 0.4341445211171764407, 0.3767439118436031187, 0.8341445211171761853 ) ) ;
#1381 = EDGE_CURVE ( 'NONE', #1106, #1400, #1696, .T. ) ;
#1382 = CYLINDRICAL_SURFACE ( 'NONE', #1104, 0.02500000000000001180 ) ;
#1383 = ORIENTED_EDGE ( 'NONE', *, *, #426, .T. ) ;
#1384 = CARTESIAN_POINT ( 'NONE',  ( -0.4092054198606808191, 0.4000000000000000222, 0.8092054198606806192 ) ) ;
#1385 = ORIENTED_EDGE ( 'NONE', *, *, #1491, .T. ) ;
#1386 = SURFACE_STYLE_FILL_AREA ( #1428 ) ;
#1387 = FACE_OUTER_BOUND ( 'NONE', #66, .T. ) ;
#1388 = EDGE_LOOP ( 'NONE', ( #1948, #729, #428, #1031 ) ) ;
#1389 =( NAMED_UNIT ( * ) SI_UNIT ( $, .STERADIAN. ) SOLID_ANGLE_UNIT ( ) );
#1390 = ORIENTED_EDGE ( 'NONE', *, *, #828, .T. ) ;
#1391 = ADVANCED_FACE ( 'NONE', ( #359 ), #369, .T. ) ;
#1392 = COLOUR_RGB ( '',0.6470588235294117974, 0.5176470588235293491, 0.000000000000000000 ) ;
#1393 =( NAMED_UNIT ( * ) SI_UNIT ( $, .STERADIAN. ) SOLID_ANGLE_UNIT ( ) );
#1394 = ADVANCED_FACE ( 'NONE', ( #2128 ), #434, .T. ) ;
#1395 = VERTEX_POINT ( 'NONE', #49 ) ;
#1396 = PLANE ( 'NONE',  #203 ) ;
#1397 = VECTOR ( 'NONE', #1189, 1000.000000000000114 ) ;
#1398 = FILL_AREA_STYLE_COLOUR ( '', #1607 ) ;
#1399 = PRESENTATION_STYLE_ASSIGNMENT (( #1546 ) ) ;
#1400 = VERTEX_POINT ( 'NONE', #1205 ) ;
#1401 = SURFACE_SIDE_STYLE ('',( #1317 ) ) ;
#1402 = VERTEX_POINT ( 'NONE', #390 ) ;
#1403 = AXIS2_PLACEMENT_3D ( 'NONE', #453, #286, #972 ) ;
#1404 = COLOUR_RGB ( '',0.6666666666666666297, 0.6980392156862744724, 0.7686274509803920907 ) ;
#1405 = ORIENTED_EDGE ( 'NONE', *, *, #306, .F. ) ;
#1406 = AXIS2_PLACEMENT_3D ( 'NONE', #559, #235, #1915 ) ;
#1407 = SURFACE_SIDE_STYLE ('',( #1092 ) ) ;
#1408 = VECTOR ( 'NONE', #1027, 1000.000000000000000 ) ;
#1409 = ORIENTED_EDGE ( 'NONE', *, *, #579, .T. ) ;
#1410 =( LENGTH_UNIT ( ) NAMED_UNIT ( * ) SI_UNIT ( .MILLI., .METRE. ) );
#1411 = ORIENTED_EDGE ( 'NONE', *, *, #1265, .T. ) ;
#1412 = DIRECTION ( 'NONE',  ( 0.000000000000000000, -0.000000000000000000, -1.000000000000000000 ) ) ;
#1413 = UNCERTAINTY_MEASURE_WITH_UNIT (LENGTH_MEASURE( 1.000000000000000082E-05 ), #1811, 'distance_accuracy_value', 'NONE');
#1414 = SURFACE_STYLE_USAGE ( .BOTH. , #1123 ) ;
#1415 = ORIENTED_EDGE ( 'NONE', *, *, #824, .T. ) ;
#1416 = CARTESIAN_POINT ( 'NONE',  ( 0.000000000000000000, 0.3750000000000000000, -0.8092054198606806192 ) ) ;
#1417 = SURFACE_STYLE_USAGE ( .BOTH. , #1738 ) ;
#1418 = CARTESIAN_POINT ( 'NONE',  ( 0.000000000000000000, -0.006250000000000000347, -0.8900000000000000133 ) ) ;
#1419 = EDGE_CURVE ( 'NONE', #1106, #160, #1641, .T. ) ;
#1420 = UNCERTAINTY_MEASURE_WITH_UNIT (LENGTH_MEASURE( 1.000000000000000082E-05 ), #816, 'distance_accuracy_value', 'NONE');
#1421 = FILL_AREA_STYLE_COLOUR ( '', #1238 ) ;
#1422 = FILL_AREA_STYLE_COLOUR ( '', #38 ) ;
#1423 = COLOUR_RGB ( '',0.6666666666666666297, 0.6980392156862744724, 0.7686274509803920907 ) ;
#1424 = PRESENTATION_LAYER_ASSIGNMENT (  '', '', ( #1709 ) ) ;
#1425 = FILL_AREA_STYLE_COLOUR ( '', #114 ) ;
#1426 = COLOUR_RGB ( '',0.9411764705882352811, 0.9607843137254902244, 0.9686274509803921573 ) ;
#1427 = ORIENTED_EDGE ( 'NONE', *, *, #1528, .T. ) ;
#1428 = FILL_AREA_STYLE ('',( #410 ) ) ;
#1429 = CARTESIAN_POINT ( 'NONE',  ( 0.4000000000000000222, 0.000000000000000000, 0.3500000000000001998 ) ) ;
#1430 =( LENGTH_UNIT ( ) NAMED_UNIT ( * ) SI_UNIT ( .MILLI., .METRE. ) );
#1431 = ADVANCED_FACE ( 'NONE', ( #1515 ), #193, .F. ) ;
#1432 = VECTOR ( 'NONE', #2168, 1000.000000000000114 ) ;
#1433 = PLANE ( 'NONE',  #1680 ) ;
#1434 = PLANE ( 'NONE',  #282 ) ;
#1435 = PRESENTATION_LAYER_ASSIGNMENT (  '', '', ( #1718 ) ) ;
#1436 = VECTOR ( 'NONE', #292, 1000.000000000000000 ) ;
#1437 = ORIENTED_EDGE ( 'NONE', *, *, #539, .T. ) ;
#1438 = PRESENTATION_LAYER_ASSIGNMENT (  '', '', ( #469 ) ) ;
#1439 = FILL_AREA_STYLE_COLOUR ( '', #74 ) ;
#1440 = STYLED_ITEM ( 'NONE', ( #237 ), #234 ) ;
#1441 = PLANE ( 'NONE',  #1760 ) ;
#1442 = EDGE_LOOP ( 'NONE', ( #1161, #1349, #1335, #957 ) ) ;
#1443 = VECTOR ( 'NONE', #669, 1000.000000000000000 ) ;
#1444 = CIRCLE ( 'NONE', #1835, 0.1500000000000000777 ) ;
#1445 = CARTESIAN_POINT ( 'NONE',  ( 0.1445683229480096421, 0.1250000000000000000, 0.8500000000000001998 ) ) ;
#1446 = UNCERTAINTY_MEASURE_WITH_UNIT (LENGTH_MEASURE( 1.000000000000000082E-05 ), #852, 'distance_accuracy_value', 'NONE');
#1447 = AXIS2_PLACEMENT_3D ( 'NONE', #878, #12, #1497 ) ;
#1448 = SURFACE_STYLE_USAGE ( .BOTH. , #1288 ) ;
#1449 = FACE_OUTER_BOUND ( 'NONE', #1233, .T. ) ;
#1450 = PRESENTATION_STYLE_ASSIGNMENT (( #1945 ) ) ;
#1451 = FACE_OUTER_BOUND ( 'NONE', #2056, .T. ) ;
#1452 = ORIENTED_EDGE ( 'NONE', *, *, #2079, .T. ) ;
#1453 = FACE_OUTER_BOUND ( 'NONE', #937, .T. ) ;
#1454 = DIRECTION ( 'NONE',  ( -0.000000000000000000, 1.000000000000000000, -0.000000000000000000 ) ) ;
#1455 = LINE ( 'NONE', #2124, #2072 ) ;
#1456 = ORIENTED_EDGE ( 'NONE', *, *, #1632, .F. ) ;
#1457 =( NAMED_UNIT ( * ) SI_UNIT ( $, .STERADIAN. ) SOLID_ANGLE_UNIT ( ) );
#1458 = EDGE_CURVE ( 'NONE', #1684, #392, #2166, .T. ) ;
#1459 = DIRECTION ( 'NONE',  ( 0.000000000000000000, -0.000000000000000000, 1.000000000000000000 ) ) ;
#1460 = ORIENTED_EDGE ( 'NONE', *, *, #1593, .T. ) ;
#1461 = EDGE_CURVE ( 'NONE', #1374, #409, #213, .T. ) ;
#1462 = CARTESIAN_POINT ( 'NONE',  ( 0.4500000000000000111, 0.000000000000000000, -0.8499999999999997558 ) ) ;
#1463 = UNCERTAINTY_MEASURE_WITH_UNIT (LENGTH_MEASURE( 1.000000000000000082E-05 ), #24, 'distance_accuracy_value', 'NONE');
#1464 = DIRECTION ( 'NONE',  ( -0.000000000000000000, -0.000000000000000000, -1.000000000000000000 ) ) ;
#1465 = CARTESIAN_POINT ( 'NONE',  ( 0.1445683229480096421, 0.000000000000000000, 0.8500000000000001998 ) ) ;
#1466 = CARTESIAN_POINT ( 'NONE',  ( -0.4000000000000000777, -0.006250000000000000347, 0.8500000000000001998 ) ) ;
#1467 = MECHANICAL_DESIGN_GEOMETRIC_PRESENTATION_REPRESENTATION (  '', ( #1007 ), #638 ) ;
#1468 = LINE ( 'NONE', #2138, #1201 ) ;
#1469 = MECHANICAL_DESIGN_GEOMETRIC_PRESENTATION_REPRESENTATION (  '', ( #708 ), #1974 ) ;
#1470 = SURFACE_SIDE_STYLE ('',( #485 ) ) ;
#1471 = CARTESIAN_POINT ( 'NONE',  ( -0.4500000000000000111, 0.1250000000000000000, -0.8499999999999997558 ) ) ;
#1472 = VERTEX_POINT ( 'NONE', #1029 ) ;
#1473 = FILL_AREA_STYLE ('',( #826 ) ) ;
#1474 = AXIS2_PLACEMENT_3D ( 'NONE', #1503, #276, #447 ) ;
#1475 = LINE ( 'NONE', #672, #314 ) ;
#1476 =( NAMED_UNIT ( * ) PLANE_ANGLE_UNIT ( ) SI_UNIT ( $, .RADIAN. ) );
#1477 = COLOUR_RGB ( '',0.6470588235294117974, 0.5176470588235293491, 0.000000000000000000 ) ;
#1478 = CARTESIAN_POINT ( 'NONE',  ( -0.4499999999999997891, 0.1500000000000000222, 0.8500000000000001998 ) ) ;
#1479 = CARTESIAN_POINT ( 'NONE',  ( 0.4500000000000000111, 0.1250000000000000000, -0.8499999999999997558 ) ) ;
#1480 = CIRCLE ( 'NONE', #2045, 0.1500000000000000777 ) ;
#1481 = DIRECTION ( 'NONE',  ( 1.000000000000000000, -0.000000000000000000, -0.000000000000000000 ) ) ;
#1482 = AXIS2_PLACEMENT_3D ( 'NONE', #241, #595, #1759 ) ;
#1483 = PLANE ( 'NONE',  #116 ) ;
#1484 = ORIENTED_EDGE ( 'NONE', *, *, #1068, .T. ) ;
#1485 = SURFACE_STYLE_FILL_AREA ( #683 ) ;
#1486 = UNCERTAINTY_MEASURE_WITH_UNIT (LENGTH_MEASURE( 1.000000000000000082E-05 ), #132, 'distance_accuracy_value', 'NONE');
#1487 = ADVANCED_FACE ( 'NONE', ( #180 ), #201, .F. ) ;
#1488 = CARTESIAN_POINT ( 'NONE',  ( -0.4500000000000000111, 0.1500000000000000222, 0.8499999999999997558 ) ) ;
#1489 = CARTESIAN_POINT ( 'NONE',  ( -0.4499999999999997891, 0.000000000000000000, 0.8500000000000001998 ) ) ;
#1490 = CARTESIAN_POINT ( 'NONE',  ( -0.4000000000000000777, -0.006250000000000000347, -0.8500000000000001998 ) ) ;
#1491 = EDGE_CURVE ( 'NONE', #20, #1849, #1568, .T. ) ;
#1492 = PLANE ( 'NONE',  #561 ) ;
#1493 = STYLED_ITEM ( 'NONE', ( #994 ), #1943 ) ;
#1494 = VECTOR ( 'NONE', #844, 1000.000000000000000 ) ;
#1495 = ORIENTED_EDGE ( 'NONE', *, *, #1079, .F. ) ;
#1496 = MECHANICAL_DESIGN_GEOMETRIC_PRESENTATION_REPRESENTATION (  '', ( #924 ), #1089 ) ;
#1497 = DIRECTION ( 'NONE',  ( 0.000000000000000000, 0.000000000000000000, 1.000000000000000000 ) ) ;
#1498 = MECHANICAL_DESIGN_GEOMETRIC_PRESENTATION_REPRESENTATION (  '', ( #350 ), #1885 ) ;
#1499 = LINE ( 'NONE', #668, #1313 ) ;
#1500 = VERTEX_POINT ( 'NONE', #280 ) ;
#1501 = CARTESIAN_POINT ( 'NONE',  ( -0.4499999999999997891, 0.1250000000000000000, 0.8500000000000001998 ) ) ;
#1502 = VECTOR ( 'NONE', #178, 1000.000000000000000 ) ;
#1503 = CARTESIAN_POINT ( 'NONE',  ( -0.4499999999999997891, 0.1500000000000000222, 0.8500000000000001998 ) ) ;
#1504 = VECTOR ( 'NONE', #1836, 1000.000000000000000 ) ;
#1505 = UNCERTAINTY_MEASURE_WITH_UNIT (LENGTH_MEASURE( 1.000000000000000082E-05 ), #620, 'distance_accuracy_value', 'NONE');
#1506 = DIRECTION ( 'NONE',  ( -0.06975647374412534407, 0.9975640502598241977, 0.000000000000000000 ) ) ;
#1507 = VERTEX_POINT ( 'NONE', #2067 ) ;
#1508 = COLOUR_RGB ( '',0.9411764705882352811, 0.9607843137254902244, 0.9686274509803921573 ) ;
#1509 = COLOUR_RGB ( '',0.9411764705882352811, 0.9607843137254902244, 0.9686274509803921573 ) ;
#1510 = LINE ( 'NONE', #210, #1734 ) ;
#1511 =( NAMED_UNIT ( * ) SI_UNIT ( $, .STERADIAN. ) SOLID_ANGLE_UNIT ( ) );
#1512 = DIRECTION ( 'NONE',  ( -9.566489757225039341E-17, 0.000000000000000000, -1.000000000000000000 ) ) ;
#1513 = FILL_AREA_STYLE ('',( #2006 ) ) ;
#1514 = AXIS2_PLACEMENT_3D ( 'NONE', #1234, #2089, #781 ) ;
#1515 = FACE_OUTER_BOUND ( 'NONE', #183, .T. ) ;
#1516 = VERTEX_POINT ( 'NONE', #2104 ) ;
#1517 = ADVANCED_FACE ( 'NONE', ( #775 ), #1745, .F. ) ;
#1518 = ADVANCED_FACE ( 'NONE', ( #582 ), #1433, .F. ) ;
#1519 = FACE_OUTER_BOUND ( 'NONE', #737, .T. ) ;
#1520 = APPLICATION_CONTEXT ( 'automotive_design' ) ;
#1521 = ORIENTED_EDGE ( 'NONE', *, *, #2130, .T. ) ;
#1522 =( LENGTH_UNIT ( ) NAMED_UNIT ( * ) SI_UNIT ( .MILLI., .METRE. ) );
#1523 = SURFACE_SIDE_STYLE ('',( #418 ) ) ;
#1524 = CARTESIAN_POINT ( 'NONE',  ( 0.000000000000000000, 0.1250000000000000000, -0.7399999999999999911 ) ) ;
#1525 =( LENGTH_UNIT ( ) NAMED_UNIT ( * ) SI_UNIT ( .MILLI., .METRE. ) );
#1526 = PRESENTATION_STYLE_ASSIGNMENT (( #1913 ) ) ;
#1527 = SURFACE_SIDE_STYLE ('',( #204 ) ) ;
#1528 = EDGE_CURVE ( 'NONE', #864, #730, #1813, .T. ) ;
#1529 =( NAMED_UNIT ( * ) PLANE_ANGLE_UNIT ( ) SI_UNIT ( $, .RADIAN. ) );
#1530 = ORIENTED_EDGE ( 'NONE', *, *, #1910, .F. ) ;
#1531 = STYLED_ITEM ( 'NONE', ( #1306 ), #1882 ) ;
#1532 =( NAMED_UNIT ( * ) PLANE_ANGLE_UNIT ( ) SI_UNIT ( $, .RADIAN. ) );
#1533 =( NAMED_UNIT ( * ) PLANE_ANGLE_UNIT ( ) SI_UNIT ( $, .RADIAN. ) );
#1534 = VECTOR ( 'NONE', #1116, 1000.000000000000000 ) ;
#1535 = FILL_AREA_STYLE_COLOUR ( '', #1297 ) ;
#1536 = PRESENTATION_LAYER_ASSIGNMENT (  '', '', ( #1930 ) ) ;
#1537 = CARTESIAN_POINT ( 'NONE',  ( -0.4092054198606808191, 0.4000000000000000222, 0.000000000000000000 ) ) ;
#1538 = ORIENTED_EDGE ( 'NONE', *, *, #1560, .T. ) ;
#1539 = AXIS2_PLACEMENT_3D ( 'NONE', #243, #944, #598 ) ;
#1540 = MECHANICAL_DESIGN_GEOMETRIC_PRESENTATION_REPRESENTATION (  '', ( #1718 ), #1327 ) ;
#1541 = DIRECTION ( 'NONE',  ( 1.000000000000000000, 0.000000000000000000, 0.000000000000000000 ) ) ;
#1542 = ORIENTED_EDGE ( 'NONE', *, *, #496, .T. ) ;
#1543 = PRODUCT_DEFINITION_SHAPE ( 'NONE', 'NONE',  #1998 ) ;
#1544 = EDGE_CURVE ( 'NONE', #165, #133, #845, .T. ) ;
#1545 = LINE ( 'NONE', #1026, #69 ) ;
#1546 = SURFACE_STYLE_USAGE ( .BOTH. , #1757 ) ;
#1547 = SURFACE_SIDE_STYLE ('',( #897 ) ) ;
#1548 = PRESENTATION_STYLE_ASSIGNMENT (( #64 ) ) ;
#1549 = COLOUR_RGB ( '',0.6470588235294117974, 0.6196078431372549211, 0.5882352941176470784 ) ;
#1550 = MECHANICAL_DESIGN_GEOMETRIC_PRESENTATION_REPRESENTATION (  '', ( #476 ), #1899 ) ;
#1551 = ORIENTED_EDGE ( 'NONE', *, *, #550, .T. ) ;
#1552 =( GEOMETRIC_REPRESENTATION_CONTEXT ( 3 ) GLOBAL_UNCERTAINTY_ASSIGNED_CONTEXT ( ( #1664 ) ) GLOBAL_UNIT_ASSIGNED_CONTEXT ( ( #1525, #226, #1878 ) ) REPRESENTATION_CONTEXT ( 'NONE', 'WORKASPACE' ) );
#1553 = UNCERTAINTY_MEASURE_WITH_UNIT (LENGTH_MEASURE( 1.000000000000000082E-05 ), #1797, 'distance_accuracy_value', 'NONE');
#1554 = ORIENTED_EDGE ( 'NONE', *, *, #951, .T. ) ;
#1555 = DIRECTION ( 'NONE',  ( 1.000000000000000000, 0.000000000000000000, 0.000000000000000000 ) ) ;
#1556 = SURFACE_SIDE_STYLE ('',( #1921 ) ) ;
#1557 = EDGE_CURVE ( 'NONE', #1636, #1402, #629, .T. ) ;
#1558 = FACE_OUTER_BOUND ( 'NONE', #1592, .T. ) ;
#1559 =( LENGTH_UNIT ( ) NAMED_UNIT ( * ) SI_UNIT ( .MILLI., .METRE. ) );
#1560 = EDGE_CURVE ( 'NONE', #1165, #907, #1638, .T. ) ;
#1561 = ORIENTED_EDGE ( 'NONE', *, *, #1204, .T. ) ;
#1562 = DIRECTION ( 'NONE',  ( 1.000000000000000000, -0.000000000000000000, 1.697835108000056253E-15 ) ) ;
#1563 = ORIENTED_EDGE ( 'NONE', *, *, #703, .F. ) ;
#1564 =( NAMED_UNIT ( * ) PLANE_ANGLE_UNIT ( ) SI_UNIT ( $, .RADIAN. ) );
#1565 = EDGE_LOOP ( 'NONE', ( #1153, #407 ) ) ;
#1566 = CYLINDRICAL_SURFACE ( 'NONE', #943, 0.1500000000000000777 ) ;
#1567 = PRESENTATION_LAYER_ASSIGNMENT (  '', '', ( #350 ) ) ;
#1568 = LINE ( 'NONE', #1780, #1264 ) ;
#1569 = VECTOR ( 'NONE', #1293, 1000.000000000000000 ) ;
#1570 = FACE_OUTER_BOUND ( 'NONE', #1181, .T. ) ;
#1571 = VERTEX_POINT ( 'NONE', #2115 ) ;
#1572 = DIRECTION ( 'NONE',  ( -1.000000000000000000, 0.000000000000000000, -0.000000000000000000 ) ) ;
#1573 = UNCERTAINTY_MEASURE_WITH_UNIT (LENGTH_MEASURE( 1.000000000000000082E-05 ), #1832, 'distance_accuracy_value', 'NONE');
#1574 = ORIENTED_EDGE ( 'NONE', *, *, #657, .F. ) ;
#1575 = VECTOR ( 'NONE', #1856, 1000.000000000000114 ) ;
#1576 = PLANE ( 'NONE',  #1474 ) ;
#1577 = PRESENTATION_LAYER_ASSIGNMENT (  '', '', ( #898 ) ) ;
#1578 = FILL_AREA_STYLE ('',( #2145 ) ) ;
#1579 = ORIENTED_EDGE ( 'NONE', *, *, #1363, .T. ) ;
#1580 = AXIS2_PLACEMENT_3D ( 'NONE', #120, #1101, #802 ) ;
#1581 = SURFACE_STYLE_FILL_AREA ( #767 ) ;
#1582 = EDGE_CURVE ( 'NONE', #1634, #1737, #501, .T. ) ;
#1583 = ORIENTED_EDGE ( 'NONE', *, *, #306, .T. ) ;
#1584 = EDGE_CURVE ( 'NONE', #2055, #803, #619, .T. ) ;
#1585 =( NAMED_UNIT ( * ) SI_UNIT ( $, .STERADIAN. ) SOLID_ANGLE_UNIT ( ) );
#1586 =( LENGTH_UNIT ( ) NAMED_UNIT ( * ) SI_UNIT ( .MILLI., .METRE. ) );
#1587 = ORIENTED_EDGE ( 'NONE', *, *, #1914, .F. ) ;
#1588 = CARTESIAN_POINT ( 'NONE',  ( 0.4000000000000000222, -0.006250000000000000347, -0.8500000000000001998 ) ) ;
#1589 = DIRECTION ( 'NONE',  ( -1.000000000000000000, -0.000000000000000000, -0.000000000000000000 ) ) ;
#1590 = SURFACE_SIDE_STYLE ('',( #1941 ) ) ;
#1591 = SURFACE_STYLE_USAGE ( .BOTH. , #440 ) ;
#1592 = EDGE_LOOP ( 'NONE', ( #1919, #1411, #889, #1874 ) ) ;
#1593 = EDGE_CURVE ( 'NONE', #1740, #84, #500, .T. ) ;
#1594 = EDGE_LOOP ( 'NONE', ( #2039, #11, #252 ) ) ;
#1595 = DIRECTION ( 'NONE',  ( 0.000000000000000000, 0.000000000000000000, 1.000000000000000000 ) ) ;
#1596 = CARTESIAN_POINT ( 'NONE',  ( -0.4499999999999997891, 0.1500000000000000222, 0.8500000000000001998 ) ) ;
#1597 = DIRECTION ( 'NONE',  ( 0.000000000000000000, 0.000000000000000000, -1.000000000000000000 ) ) ;
#1598 = LINE ( 'NONE', #2083, #1276 ) ;
#1599 = FILL_AREA_STYLE ('',( #610 ) ) ;
#1600 = LINE ( 'NONE', #1793, #1929 ) ;
#1601 = CARTESIAN_POINT ( 'NONE',  ( 0.000000000000000000, 0.1250000000000000000, 0.8900000000000000133 ) ) ;
#1602 = VERTEX_POINT ( 'NONE', #831 ) ;
#1603 = AXIS2_PLACEMENT_3D ( 'NONE', #1627, #1769, #989 ) ;
#1604 =( NAMED_UNIT ( * ) SI_UNIT ( $, .STERADIAN. ) SOLID_ANGLE_UNIT ( ) );
#1605 = PRESENTATION_STYLE_ASSIGNMENT (( #1775 ) ) ;
#1606 = VERTEX_POINT ( 'NONE', #643 ) ;
#1607 = COLOUR_RGB ( '',0.9411764705882352811, 0.9607843137254902244, 0.9686274509803921573 ) ;
#1608 = FILL_AREA_STYLE ('',( #1755 ) ) ;
#1609 = DIRECTION ( 'NONE',  ( 0.000000000000000000, 1.000000000000000000, 0.000000000000000000 ) ) ;
#1610 = CARTESIAN_POINT ( 'NONE',  ( 0.4500000000000000111, 0.1500000000000000222, -0.8499999999999997558 ) ) ;
#1611 = ORIENTED_EDGE ( 'NONE', *, *, #205, .F. ) ;
#1612 = EDGE_CURVE ( 'NONE', #600, #143, #321, .T. ) ;
#1613 =( NAMED_UNIT ( * ) PLANE_ANGLE_UNIT ( ) SI_UNIT ( $, .RADIAN. ) );
#1614 = FILL_AREA_STYLE_COLOUR ( '', #2111 ) ;
#1615 = FILL_AREA_STYLE_COLOUR ( '', #975 ) ;
#1616 =( GEOMETRIC_REPRESENTATION_CONTEXT ( 3 ) GLOBAL_UNCERTAINTY_ASSIGNED_CONTEXT ( ( #198 ) ) GLOBAL_UNIT_ASSIGNED_CONTEXT ( ( #632, #1967, #1296 ) ) REPRESENTATION_CONTEXT ( 'NONE', 'WORKASPACE' ) );
#1617 = AXIS2_PLACEMENT_3D ( 'NONE', #1937, #733, #554 ) ;
#1618 = CARTESIAN_POINT ( 'NONE',  ( 0.4500000000000000111, 0.1500000000000000222, -0.8499999999999997558 ) ) ;
#1619 = DIRECTION ( 'NONE',  ( -0.000000000000000000, 1.000000000000000000, -0.000000000000000000 ) ) ;
#1620 =( GEOMETRIC_REPRESENTATION_CONTEXT ( 3 ) GLOBAL_UNCERTAINTY_ASSIGNED_CONTEXT ( ( #1860 ) ) GLOBAL_UNIT_ASSIGNED_CONTEXT ( ( #884, #1873, #1393 ) ) REPRESENTATION_CONTEXT ( 'NONE', 'WORKASPACE' ) );
#1621 = UNCERTAINTY_MEASURE_WITH_UNIT (LENGTH_MEASURE( 1.000000000000000082E-05 ), #808, 'distance_accuracy_value', 'NONE');
#1622 =( LENGTH_UNIT ( ) NAMED_UNIT ( * ) SI_UNIT ( .MILLI., .METRE. ) );
#1623 = ORIENTED_EDGE ( 'NONE', *, *, #693, .T. ) ;
#1624 = STYLED_ITEM ( 'NONE', ( #697 ), #442 ) ;
#1625 = DIRECTION ( 'NONE',  ( -9.566489757225039341E-17, -0.000000000000000000, -1.000000000000000000 ) ) ;
#1626 = AXIS2_PLACEMENT_3D ( 'NONE', #360, #34, #1711 ) ;
#1627 = CARTESIAN_POINT ( 'NONE',  ( 0.000000000000000000, 0.1250000000000000000, -0.8900000000000000133 ) ) ;
#1628 = PRESENTATION_LAYER_ASSIGNMENT (  '', '', ( #1311 ) ) ;
#1629 = CARTESIAN_POINT ( 'NONE',  ( 0.4000000000000000222, -0.006250000000000000347, 0.8500000000000001998 ) ) ;
#1630 = CIRCLE ( 'NONE', #912, 0.1500000000000000777 ) ;
#1631 = CARTESIAN_POINT ( 'NONE',  ( 0.000000000000000000, 0.1250000000000000000, -0.8900000000000000133 ) ) ;
#1632 = EDGE_CURVE ( 'NONE', #1634, #1695, #1167, .T. ) ;
#1633 = CARTESIAN_POINT ( 'NONE',  ( 0.000000000000000000, 0.000000000000000000, -0.8900000000000000133 ) ) ;
#1634 = VERTEX_POINT ( 'NONE', #1488 ) ;
#1635 = ADVANCED_FACE ( 'NONE', ( #1319 ), #1985, .T. ) ;
#1636 = VERTEX_POINT ( 'NONE', #471 ) ;
#1637 = CYLINDRICAL_SURFACE ( 'NONE', #698, 0.1500000000000000777 ) ;
#1638 = LINE ( 'NONE', #481, #1132 ) ;
#1639 = FACE_OUTER_BOUND ( 'NONE', #1834, .T. ) ;
#1640 = VERTEX_POINT ( 'NONE', #980 ) ;
#1641 =( BOUNDED_CURVE ( )  B_SPLINE_CURVE ( 3, ( #1380, #545, #2020, #375 ),
 .UNSPECIFIED., .F., .T. ) 
 B_SPLINE_CURVE_WITH_KNOTS ( ( 4, 4 ),
 ( 0.06981317007977325129, 1.570796326794896558 ),
 .UNSPECIFIED. ) 
 CURVE ( )  GEOMETRIC_REPRESENTATION_ITEM ( )  RATIONAL_B_SPLINE_CURVE ( ( 1.000000000000000000, 0.8209024677461137509, 0.8209024677461137509, 1.000000000000000000 ) ) 
 REPRESENTATION_ITEM ( '' )  );
#1642 = AXIS2_PLACEMENT_3D ( 'NONE', #1324, #2155, #1506 ) ;
#1643 = DIRECTION ( 'NONE',  ( -0.000000000000000000, 1.000000000000000000, 0.000000000000000000 ) ) ;
#1644 = UNCERTAINTY_MEASURE_WITH_UNIT (LENGTH_MEASURE( 1.000000000000000082E-05 ), #750, 'distance_accuracy_value', 'NONE');
#1645 = PRESENTATION_LAYER_ASSIGNMENT (  '', '', ( #924 ) ) ;
#1646 = SURFACE_STYLE_FILL_AREA ( #2031 ) ;
#1647 = LINE ( 'NONE', #483, #761 ) ;
#1648 = DIRECTION ( 'NONE',  ( 1.275531967630005245E-16, 0.000000000000000000, 1.000000000000000000 ) ) ;
#1649 = DIRECTION ( 'NONE',  ( -1.084202172485504434E-16, 0.000000000000000000, -1.000000000000000000 ) ) ;
#1650 =( NAMED_UNIT ( * ) SI_UNIT ( $, .STERADIAN. ) SOLID_ANGLE_UNIT ( ) );
#1651 = DIRECTION ( 'NONE',  ( 0.000000000000000000, -1.000000000000000000, 0.000000000000000000 ) ) ;
#1652 = SURFACE_SIDE_STYLE ('',( #2001 ) ) ;
#1653 = EDGE_CURVE ( 'NONE', #1124, #730, #125, .T. ) ;
#1654 = PRESENTATION_LAYER_ASSIGNMENT (  '', '', ( #189 ) ) ;
#1655 = DIRECTION ( 'NONE',  ( -0.000000000000000000, -1.000000000000000000, -0.000000000000000000 ) ) ;
#1656 = SURFACE_STYLE_FILL_AREA ( #1199 ) ;
#1657 = DIRECTION ( 'NONE',  ( -0.000000000000000000, 1.000000000000000000, -0.000000000000000000 ) ) ;
#1658 = PRESENTATION_LAYER_ASSIGNMENT (  '', '', ( #1109 ) ) ;
#1659 = LINE ( 'NONE', #867, #1278 ) ;
#1660 = FILL_AREA_STYLE_COLOUR ( '', #44 ) ;
#1661 = LINE ( 'NONE', #1016, #259 ) ;
#1662 = DIRECTION ( 'NONE',  ( 0.000000000000000000, -0.000000000000000000, -1.000000000000000000 ) ) ;
#1663 = EDGE_CURVE ( 'NONE', #652, #925, #2123, .T. ) ;
#1664 = UNCERTAINTY_MEASURE_WITH_UNIT (LENGTH_MEASURE( 1.000000000000000082E-05 ), #1525, 'distance_accuracy_value', 'NONE');
#1665 = ORIENTED_EDGE ( 'NONE', *, *, #1582, .F. ) ;
#1666 = LINE ( 'NONE', #1049, #52 ) ;
#1667 = CARTESIAN_POINT ( 'NONE',  ( -0.4500000000000000111, 0.000000000000000000, -0.8499999999999997558 ) ) ;
#1668 = DIRECTION ( 'NONE',  ( -1.000000000000000000, -0.000000000000000000, 0.000000000000000000 ) ) ;
#1669 = PRESENTATION_STYLE_ASSIGNMENT (( #993 ) ) ;
#1670 =( LENGTH_UNIT ( ) NAMED_UNIT ( * ) SI_UNIT ( .MILLI., .METRE. ) );
#1671 = PRESENTATION_STYLE_ASSIGNMENT (( #1008 ) ) ;
#1672 = SURFACE_STYLE_USAGE ( .BOTH. , #186 ) ;
#1673 = EDGE_LOOP ( 'NONE', ( #478, #2013, #1891, #1981 ) ) ;
#1674 = STYLED_ITEM ( 'NONE', ( #1722 ), #1704 ) ;
#1675 = LINE ( 'NONE', #45, #1432 ) ;
#1676 = SURFACE_STYLE_USAGE ( .BOTH. , #1547 ) ;
#1677 = ADVANCED_FACE ( 'NONE', ( #1804 ), #61, .T. ) ;
#1678 = SURFACE_STYLE_USAGE ( .BOTH. , #529 ) ;
#1679 = CARTESIAN_POINT ( 'NONE',  ( -0.4500000000000000111, 0.1250000000000000000, -0.8499999999999997558 ) ) ;
#1680 = AXIS2_PLACEMENT_3D ( 'NONE', #557, #1227, #1898 ) ;
#1681 = AXIS2_PLACEMENT_3D ( 'NONE', #149, #818, #794 ) ;
#1682 = DIRECTION ( 'NONE',  ( -0.000000000000000000, 1.000000000000000000, 0.000000000000000000 ) ) ;
#1683 = SURFACE_STYLE_FILL_AREA ( #2024 ) ;
#1684 = VERTEX_POINT ( 'NONE', #732 ) ;
#1685 = MECHANICAL_DESIGN_GEOMETRIC_PRESENTATION_REPRESENTATION (  '', ( #1166 ), #503 ) ;
#1686 = STYLED_ITEM ( 'NONE', ( #714 ), #271 ) ;
#1687 = DIRECTION ( 'NONE',  ( 0.000000000000000000, -1.000000000000000000, 0.000000000000000000 ) ) ;
#1688 = ADVANCED_FACE ( 'NONE', ( #1387 ), #43, .T. ) ;
#1689 = DIRECTION ( 'NONE',  ( 0.000000000000000000, 0.000000000000000000, 1.000000000000000000 ) ) ;
#1690 = MECHANICAL_DESIGN_GEOMETRIC_PRESENTATION_REPRESENTATION (  '', ( #1169 ), #1370 ) ;
#1691 = FILL_AREA_STYLE_COLOUR ( '', #841 ) ;
#1692 = CARTESIAN_POINT ( 'NONE',  ( 0.4092054198606808191, 0.4000000000000000222, -0.8092054198606806192 ) ) ;
#1693 = PRESENTATION_LAYER_ASSIGNMENT (  '', '', ( #2147 ) ) ;
#1694 = STYLED_ITEM ( 'NONE', ( #1110 ), #1045 ) ;
#1695 = VERTEX_POINT ( 'NONE', #1892 ) ;
#1696 = LINE ( 'NONE', #2015, #1575 ) ;
#1697 =( NAMED_UNIT ( * ) SI_UNIT ( $, .STERADIAN. ) SOLID_ANGLE_UNIT ( ) );
#1698 = DIRECTION ( 'NONE',  ( -0.000000000000000000, 1.000000000000000000, -0.000000000000000000 ) ) ;
#1699 =( NAMED_UNIT ( * ) SI_UNIT ( $, .STERADIAN. ) SOLID_ANGLE_UNIT ( ) );
#1700 = FILL_AREA_STYLE_COLOUR ( '', #256 ) ;
#1701 = DIRECTION ( 'NONE',  ( 0.000000000000000000, 1.000000000000000000, 0.000000000000000000 ) ) ;
#1702 = ORIENTED_EDGE ( 'NONE', *, *, #1791, .F. ) ;
#1703 = FACE_OUTER_BOUND ( 'NONE', #1019, .T. ) ;
#1704 = ADVANCED_FACE ( 'NONE', ( #85 ), #720, .T. ) ;
#1705 = UNCERTAINTY_MEASURE_WITH_UNIT (LENGTH_MEASURE( 1.000000000000000082E-05 ), #504, 'distance_accuracy_value', 'NONE');
#1706 = PRESENTATION_STYLE_ASSIGNMENT (( #644 ) ) ;
#1707 = EDGE_LOOP ( 'NONE', ( #893, #918, #1043, #1542 ) ) ;
#1708 = MECHANICAL_DESIGN_GEOMETRIC_PRESENTATION_REPRESENTATION (  '', ( #1531 ), #2092 ) ;
#1709 = STYLED_ITEM ( 'NONE', ( #1022 ), #1870 ) ;
#1710 = CARTESIAN_POINT ( 'NONE',  ( 0.1445683229480096421, 0.000000000000000000, 0.8500000000000001998 ) ) ;
#1711 = DIRECTION ( 'NONE',  ( 0.000000000000000000, 0.000000000000000000, 1.000000000000000000 ) ) ;
#1712 = PLANE ( 'NONE',  #1803 ) ;
#1713 = PRESENTATION_STYLE_ASSIGNMENT (( #1353 ) ) ;
#1714 =( GEOMETRIC_REPRESENTATION_CONTEXT ( 3 ) GLOBAL_UNCERTAINTY_ASSIGNED_CONTEXT ( ( #82 ) ) GLOBAL_UNIT_ASSIGNED_CONTEXT ( ( #639, #1768, #1973 ) ) REPRESENTATION_CONTEXT ( 'NONE', 'WORKASPACE' ) );
#1715 =( GEOMETRIC_REPRESENTATION_CONTEXT ( 3 ) GLOBAL_UNCERTAINTY_ASSIGNED_CONTEXT ( ( #136 ) ) GLOBAL_UNIT_ASSIGNED_CONTEXT ( ( #1214, #887, #1699 ) ) REPRESENTATION_CONTEXT ( 'NONE', 'WORKASPACE' ) );
#1716 = VERTEX_POINT ( 'NONE', #2090 ) ;
#1717 =( GEOMETRIC_REPRESENTATION_CONTEXT ( 3 ) GLOBAL_UNCERTAINTY_ASSIGNED_CONTEXT ( ( #641 ) ) GLOBAL_UNIT_ASSIGNED_CONTEXT ( ( #1410, #1240, #2094 ) ) REPRESENTATION_CONTEXT ( 'NONE', 'WORKASPACE' ) );
#1718 = STYLED_ITEM ( 'NONE', ( #1893 ), #1394 ) ;
#1719 = ADVANCED_FACE ( 'NONE', ( #590 ), #265, .F. ) ;
#1720 =( NAMED_UNIT ( * ) SI_UNIT ( $, .STERADIAN. ) SOLID_ANGLE_UNIT ( ) );
#1721 = ORIENTED_EDGE ( 'NONE', *, *, #316, .F. ) ;
#1722 = PRESENTATION_STYLE_ASSIGNMENT (( #1048 ) ) ;
#1723 = EDGE_CURVE ( 'NONE', #548, #1695, #1949, .T. ) ;
#1724 = PRESENTATION_LAYER_ASSIGNMENT (  '', '', ( #325 ) ) ;
#1725 = FILL_AREA_STYLE ('',( #47 ) ) ;
#1726 = VECTOR ( 'NONE', #1120, 1000.000000000000000 ) ;
#1727 = DIRECTION ( 'NONE',  ( -0.000000000000000000, 1.000000000000000000, 0.000000000000000000 ) ) ;
#1728 = AXIS2_PLACEMENT_3D ( 'NONE', #838, #616, #2140 ) ;
#1729 = CARTESIAN_POINT ( 'NONE',  ( -0.4500000000000000111, 0.1500000000000000222, 0.8499999999999997558 ) ) ;
#1730 = VERTEX_POINT ( 'NONE', #815 ) ;
#1731 = AXIS2_PLACEMENT_3D ( 'NONE', #676, #2034, #1351 ) ;
#1732 = CARTESIAN_POINT ( 'NONE',  ( -0.1445683229480095311, 0.000000000000000000, -0.8499999999999997558 ) ) ;
#1733 = STYLED_ITEM ( 'NONE', ( #765 ), #1028 ) ;
#1734 = VECTOR ( 'NONE', #886, 1000.000000000000000 ) ;
#1735 = UNCERTAINTY_MEASURE_WITH_UNIT (LENGTH_MEASURE( 1.000000000000000082E-05 ), #309, 'distance_accuracy_value', 'NONE');
#1736 = SHAPE_DEFINITION_REPRESENTATION ( #1543, #1870 ) ;
#1737 = VERTEX_POINT ( 'NONE', #1800 ) ;
#1738 = SURFACE_SIDE_STYLE ('',( #86 ) ) ;
#1739 = PRESENTATION_STYLE_ASSIGNMENT (( #567 ) ) ;
#1740 = VERTEX_POINT ( 'NONE', #1778 ) ;
#1741 = SURFACE_STYLE_FILL_AREA ( #1196 ) ;
#1742 = ORIENTED_EDGE ( 'NONE', *, *, #1763, .T. ) ;
#1743 = DIRECTION ( 'NONE',  ( 0.000000000000000000, 1.000000000000000000, 0.000000000000000000 ) ) ;
#1744 = VECTOR ( 'NONE', #28, 1000.000000000000000 ) ;
#1745 = PLANE ( 'NONE',  #1539 ) ;
#1746 = DIRECTION ( 'NONE',  ( -1.000000000000000000, -0.000000000000000000, -0.000000000000000000 ) ) ;
#1747 = DIRECTION ( 'NONE',  ( 1.084202172485504434E-16, -0.000000000000000000, -1.000000000000000000 ) ) ;
#1748 = ORIENTED_EDGE ( 'NONE', *, *, #550, .F. ) ;
#1749 = PRESENTATION_LAYER_ASSIGNMENT (  '', '', ( #461 ) ) ;
#1750 = EDGE_CURVE ( 'NONE', #278, #600, #1038, .T. ) ;
#1751 = SURFACE_STYLE_FILL_AREA ( #117 ) ;
#1752 =( NAMED_UNIT ( * ) PLANE_ANGLE_UNIT ( ) SI_UNIT ( $, .RADIAN. ) );
#1753 = EDGE_LOOP ( 'NONE', ( #1018, #717, #336, #2082 ) ) ;
#1754 = DIRECTION ( 'NONE',  ( 0.000000000000000000, -0.000000000000000000, -1.000000000000000000 ) ) ;
#1755 = FILL_AREA_STYLE_COLOUR ( '', #1136 ) ;
#1756 =( NAMED_UNIT ( * ) PLANE_ANGLE_UNIT ( ) SI_UNIT ( $, .RADIAN. ) );
#1757 = SURFACE_SIDE_STYLE ('',( #896 ) ) ;
#1758 = ORIENTED_EDGE ( 'NONE', *, *, #1582, .T. ) ;
#1759 = DIRECTION ( 'NONE',  ( 1.000000000000000000, 0.000000000000000000, -0.000000000000000000 ) ) ;
#1760 = AXIS2_PLACEMENT_3D ( 'NONE', #272, #1459, #2129 ) ;
#1761 =( NAMED_UNIT ( * ) PLANE_ANGLE_UNIT ( ) SI_UNIT ( $, .RADIAN. ) );
#1762 = ORIENTED_EDGE ( 'NONE', *, *, #1593, .F. ) ;
#1763 = EDGE_CURVE ( 'NONE', #30, #925, #782, .T. ) ;
#1764 = PRESENTATION_LAYER_ASSIGNMENT (  '', '', ( #563 ) ) ;
#1765 = FILL_AREA_STYLE_COLOUR ( '', #1477 ) ;
#1766 = ORIENTED_EDGE ( 'NONE', *, *, #470, .T. ) ;
#1767 = PRESENTATION_LAYER_ASSIGNMENT (  '', '', ( #798 ) ) ;
#1768 =( NAMED_UNIT ( * ) PLANE_ANGLE_UNIT ( ) SI_UNIT ( $, .RADIAN. ) );
#1769 = DIRECTION ( 'NONE',  ( 0.000000000000000000, 1.000000000000000000, 0.000000000000000000 ) ) ;
#1770 = PLANE ( 'NONE',  #1336 ) ;
#1771 = DIRECTION ( 'NONE',  ( -1.000000000000000000, 0.000000000000000000, 0.000000000000000000 ) ) ;
#1772 = DIRECTION ( 'NONE',  ( 0.000000000000000000, 0.000000000000000000, 1.000000000000000000 ) ) ;
#1773 = DIRECTION ( 'NONE',  ( 0.000000000000000000, 0.000000000000000000, 1.000000000000000000 ) ) ;
#1774 = FACE_OUTER_BOUND ( 'NONE', #734, .T. ) ;
#1775 = SURFACE_STYLE_USAGE ( .BOTH. , #950 ) ;
#1776 = EDGE_CURVE ( 'NONE', #382, #785, #821, .T. ) ;
#1777 = ORIENTED_EDGE ( 'NONE', *, *, #1328, .F. ) ;
#1778 = CARTESIAN_POINT ( 'NONE',  ( 0.1445683229480096421, 0.000000000000000000, 0.8500000000000001998 ) ) ;
#1779 = FILL_AREA_STYLE_COLOUR ( '', #1423 ) ;
#1780 = CARTESIAN_POINT ( 'NONE',  ( -0.4000000000000000222, -0.006250000000000000347, -0.3500000000000001998 ) ) ;
#1781 =( NAMED_UNIT ( * ) PLANE_ANGLE_UNIT ( ) SI_UNIT ( $, .RADIAN. ) );
#1782 = CARTESIAN_POINT ( 'NONE',  ( -0.4500000000000000111, 0.3767439118436031187, -0.8341445211171761853 ) ) ;
#1783 = CARTESIAN_POINT ( 'NONE',  ( -0.1445683229480096421, 0.000000000000000000, 0.8500000000000001998 ) ) ;
#1784 =( NAMED_UNIT ( * ) PLANE_ANGLE_UNIT ( ) SI_UNIT ( $, .RADIAN. ) );
#1785 = MECHANICAL_DESIGN_GEOMETRIC_PRESENTATION_REPRESENTATION (  '', ( #59 ), #1051 ) ;
#1786 = EDGE_LOOP ( 'NONE', ( #386, #691, #932, #455, #1415, #996 ) ) ;
#1787 = ADVANCED_FACE ( 'NONE', ( #1453 ), #1434, .F. ) ;
#1788 = FILL_AREA_STYLE_COLOUR ( '', #1822 ) ;
#1789 = DIRECTION ( 'NONE',  ( -0.000000000000000000, 1.000000000000000000, -0.000000000000000000 ) ) ;
#1790 = MANIFOLD_SOLID_BREP ( 'Cut-Extrude1[1]', #182 ) ;
#1791 = EDGE_CURVE ( 'NONE', #129, #1636, #2116, .T. ) ;
#1792 = CARTESIAN_POINT ( 'NONE',  ( -0.4500000000000000111, 0.1500000000000000222, -0.8499999999999997558 ) ) ;
#1793 = CARTESIAN_POINT ( 'NONE',  ( 0.4500000000000000111, 0.1500000000000000222, -0.8499999999999997558 ) ) ;
#1794 = SURFACE_STYLE_FILL_AREA ( #295 ) ;
#1795 = CARTESIAN_POINT ( 'NONE',  ( -0.4000000000000000222, -0.006250000000000000347, -0.3500000000000001998 ) ) ;
#1796 = VECTOR ( 'NONE', #342, 1000.000000000000000 ) ;
#1797 =( LENGTH_UNIT ( ) NAMED_UNIT ( * ) SI_UNIT ( .MILLI., .METRE. ) );
#1798 = AXIS2_PLACEMENT_3D ( 'NONE', #384, #393, #1572 ) ;
#1799 = ORIENTED_EDGE ( 'NONE', *, *, #693, .F. ) ;
#1800 = CARTESIAN_POINT ( 'NONE',  ( -0.4499999999999997891, 0.1250000000000000000, 0.8500000000000001998 ) ) ;
#1801 = MECHANICAL_DESIGN_GEOMETRIC_PRESENTATION_REPRESENTATION (  '', ( #1232 ), #368 ) ;
#1802 = LINE ( 'NONE', #301, #1155 ) ;
#1803 = AXIS2_PLACEMENT_3D ( 'NONE', #212, #1057, #1896 ) ;
#1804 = FACE_OUTER_BOUND ( 'NONE', #230, .T. ) ;
#1805 = SURFACE_STYLE_USAGE ( .BOTH. , #472 ) ;
#1806 = SURFACE_SIDE_STYLE ('',( #1965 ) ) ;
#1807 = CARTESIAN_POINT ( 'NONE',  ( -0.4500000000000000111, 0.1500000000000000222, -0.8499999999999997558 ) ) ;
#1808 =( NAMED_UNIT ( * ) SI_UNIT ( $, .STERADIAN. ) SOLID_ANGLE_UNIT ( ) );
#1809 = ORIENTED_EDGE ( 'NONE', *, *, #549, .T. ) ;
#1810 = CARTESIAN_POINT ( 'NONE',  ( -0.4499999999999997891, 0.1250000000000000000, 0.8500000000000001998 ) ) ;
#1811 =( LENGTH_UNIT ( ) NAMED_UNIT ( * ) SI_UNIT ( .MILLI., .METRE. ) );
#1812 = DIRECTION ( 'NONE',  ( -1.000000000000000000, 0.000000000000000000, -0.000000000000000000 ) ) ;
#1813 = LINE ( 'NONE', #1326, #749 ) ;
#1814 = SURFACE_STYLE_USAGE ( .BOTH. , #1149 ) ;
#1815 = EDGE_CURVE ( 'NONE', #1345, #1571, #1600, .T. ) ;
#1816 = CIRCLE ( 'NONE', #206, 0.1500000000000000777 ) ;
#1817 = EDGE_CURVE ( 'NONE', #1243, #413, #981, .T. ) ;
#1818 = CARTESIAN_POINT ( 'NONE',  ( 0.000000000000000000, 0.4000000000000000222, 0.000000000000000000 ) ) ;
#1819 = FACE_OUTER_BOUND ( 'NONE', #202, .T. ) ;
#1820 = VERTEX_POINT ( 'NONE', #930 ) ;
#1821 = AXIS2_PLACEMENT_3D ( 'NONE', #1064, #29, #1541 ) ;
#1822 = COLOUR_RGB ( '',0.6470588235294117974, 0.5176470588235293491, 0.000000000000000000 ) ;
#1823 = FACE_OUTER_BOUND ( 'NONE', #2120, .T. ) ;
#1824 = FILL_AREA_STYLE_COLOUR ( '', #431 ) ;
#1825 = CARTESIAN_POINT ( 'NONE',  ( -0.4000000000000000222, -0.006250000000000000347, -0.3500000000000001998 ) ) ;
#1826 = PRESENTATION_STYLE_ASSIGNMENT (( #1814 ) ) ;
#1827 = DIRECTION ( 'NONE',  ( -1.000000000000000000, -0.000000000000000000, -0.000000000000000000 ) ) ;
#1828 = SURFACE_STYLE_USAGE ( .BOTH. , #327 ) ;
#1829 = EDGE_CURVE ( 'NONE', #448, #907, #208, .T. ) ;
#1830 =( GEOMETRIC_REPRESENTATION_CONTEXT ( 3 ) GLOBAL_UNCERTAINTY_ASSIGNED_CONTEXT ( ( #1220 ) ) GLOBAL_UNIT_ASSIGNED_CONTEXT ( ( #1586, #2091, #1650 ) ) REPRESENTATION_CONTEXT ( 'NONE', 'WORKASPACE' ) );
#1831 = AXIS2_PLACEMENT_3D ( 'NONE', #1618, #971, #2110 ) ;
#1832 =( LENGTH_UNIT ( ) NAMED_UNIT ( * ) SI_UNIT ( .MILLI., .METRE. ) );
#1833 = DIRECTION ( 'NONE',  ( -1.000000000000000000, -0.000000000000000000, -0.000000000000000000 ) ) ;
#1834 = EDGE_LOOP ( 'NONE', ( #2047, #419, #2107, #1369, #1385, #740, #227 ) ) ;
#1835 = AXIS2_PLACEMENT_3D ( 'NONE', #1186, #522, #872 ) ;
#1836 = DIRECTION ( 'NONE',  ( -1.000000000000000000, -0.000000000000000000, -0.000000000000000000 ) ) ;
#1837 = FILL_AREA_STYLE ('',( #340 ) ) ;
#1838 = VECTOR ( 'NONE', #1651, 1000.000000000000000 ) ;
#1839 = PRESENTATION_STYLE_ASSIGNMENT (( #1828 ) ) ;
#1840 = ORIENTED_EDGE ( 'NONE', *, *, #1817, .T. ) ;
#1841 = DIRECTION ( 'NONE',  ( 1.000000000000000000, 0.000000000000000000, 0.000000000000000000 ) ) ;
#1842 = UNCERTAINTY_MEASURE_WITH_UNIT (LENGTH_MEASURE( 1.000000000000000082E-05 ), #772, 'distance_accuracy_value', 'NONE');
#1843 = ADVANCED_FACE ( 'NONE', ( #281 ), #76, .T. ) ;
#1844 = ORIENTED_EDGE ( 'NONE', *, *, #1304, .T. ) ;
#1845 = MANIFOLD_SOLID_BREP ( 'Fillet1', #1362 ) ;
#1846 = DIRECTION ( 'NONE',  ( -1.000000000000000000, 0.000000000000000000, 0.000000000000000000 ) ) ;
#1847 = DIRECTION ( 'NONE',  ( 1.000000000000000000, 0.000000000000000000, 0.000000000000000000 ) ) ;
#1848 = LINE ( 'NONE', #1212, #1342 ) ;
#1849 = VERTEX_POINT ( 'NONE', #1825 ) ;
#1850 = DIRECTION ( 'NONE',  ( -0.000000000000000000, 1.000000000000000000, -0.000000000000000000 ) ) ;
#1851 = COLOUR_RGB ( '',0.6666666666666666297, 0.6980392156862744724, 0.7686274509803920907 ) ;
#1852 = CARTESIAN_POINT ( 'NONE',  ( 0.4341445211171764407, 0.3767439118436031187, 0.8499999999999997558 ) ) ;
#1853 = ORIENTED_EDGE ( 'NONE', *, *, #166, .F. ) ;
#1854 = EDGE_CURVE ( 'NONE', #382, #1316, #482, .T. ) ;
#1855 = VECTOR ( 'NONE', #1625, 1000.000000000000000 ) ;
#1856 = DIRECTION ( 'NONE',  ( 0.06958737431666471573, -0.9951458157835084695, 0.06958737431666470186 ) ) ;
#1857 =( NAMED_UNIT ( * ) PLANE_ANGLE_UNIT ( ) SI_UNIT ( $, .RADIAN. ) );
#1858 = ADVANCED_FACE ( 'NONE', ( #2136 ), #354, .F. ) ;
#1859 = DIRECTION ( 'NONE',  ( -1.000000000000000000, 0.000000000000000000, 0.000000000000000000 ) ) ;
#1860 = UNCERTAINTY_MEASURE_WITH_UNIT (LENGTH_MEASURE( 1.000000000000000082E-05 ), #884, 'distance_accuracy_value', 'NONE');
#1861 = SURFACE_SIDE_STYLE ('',( #1646 ) ) ;
#1862 = ORIENTED_EDGE ( 'NONE', *, *, #1140, .T. ) ;
#1863 = PRESENTATION_LAYER_ASSIGNMENT (  '', '', ( #1166 ) ) ;
#1864 = PRESENTATION_LAYER_ASSIGNMENT (  '', '', ( #2010 ) ) ;
#1865 = FILL_AREA_STYLE_COLOUR ( '', #1404 ) ;
#1866 = COLOUR_RGB ( '',0.9411764705882352811, 0.9607843137254902244, 0.9686274509803921573 ) ;
#1867 = COLOUR_RGB ( '',0.9411764705882352811, 0.9607843137254902244, 0.9686274509803921573 ) ;
#1868 = PRESENTATION_STYLE_ASSIGNMENT (( #36 ) ) ;
#1869 = ORIENTED_EDGE ( 'NONE', *, *, #1997, .F. ) ;
#1870 = ADVANCED_BREP_SHAPE_REPRESENTATION ( 'LB Q39E-L2OO-35-1', ( #1790, #1845, #1056, #1128, #1821 ), #172 ) ;
#1871 = PRESENTATION_LAYER_ASSIGNMENT (  '', '', ( #80 ) ) ;
#1872 = MECHANICAL_DESIGN_GEOMETRIC_PRESENTATION_REPRESENTATION (  '', ( #1694 ), #2019 ) ;
#1873 =( NAMED_UNIT ( * ) PLANE_ANGLE_UNIT ( ) SI_UNIT ( $, .RADIAN. ) );
#1874 = ORIENTED_EDGE ( 'NONE', *, *, #594, .F. ) ;
#1875 =( NAMED_UNIT ( * ) SI_UNIT ( $, .STERADIAN. ) SOLID_ANGLE_UNIT ( ) );
#1876 = CARTESIAN_POINT ( 'NONE',  ( 0.4500000000000000111, 0.1500000000000000222, -0.8499999999999997558 ) ) ;
#1877 = ORIENTED_EDGE ( 'NONE', *, *, #933, .T. ) ;
#1878 =( NAMED_UNIT ( * ) SI_UNIT ( $, .STERADIAN. ) SOLID_ANGLE_UNIT ( ) );
#1879 = ORIENTED_EDGE ( 'NONE', *, *, #828, .F. ) ;
#1880 = EDGE_CURVE ( 'NONE', #1200, #84, #1475, .T. ) ;
#1881 = DIRECTION ( 'NONE',  ( 1.000000000000000000, 0.000000000000000000, 1.084202172485504434E-16 ) ) ;
#1882 = ADVANCED_FACE ( 'NONE', ( #1519 ), #445, .F. ) ;
#1883 = UNCERTAINTY_MEASURE_WITH_UNIT (LENGTH_MEASURE( 1.000000000000000082E-05 ), #726, 'distance_accuracy_value', 'NONE');
#1884 = EDGE_LOOP ( 'NONE', ( #1879, #1993, #1047, #1052 ) ) ;
#1885 =( GEOMETRIC_REPRESENTATION_CONTEXT ( 3 ) GLOBAL_UNCERTAINTY_ASSIGNED_CONTEXT ( ( #2100 ) ) GLOBAL_UNIT_ASSIGNED_CONTEXT ( ( #1263, #268, #322 ) ) REPRESENTATION_CONTEXT ( 'NONE', 'WORKASPACE' ) );
#1886 = FILL_AREA_STYLE_COLOUR ( '', #859 ) ;
#1887 = CARTESIAN_POINT ( 'NONE',  ( 0.000000000000000000, 0.1250000000000000000, -0.8900000000000000133 ) ) ;
#1888 = MECHANICAL_DESIGN_GEOMETRIC_PRESENTATION_REPRESENTATION (  '', ( #670 ), #1217 ) ;
#1889 = ORIENTED_EDGE ( 'NONE', *, *, #2023, .F. ) ;
#1890 =( GEOMETRIC_REPRESENTATION_CONTEXT ( 3 ) GLOBAL_UNCERTAINTY_ASSIGNED_CONTEXT ( ( #1983 ) ) GLOBAL_UNIT_ASSIGNED_CONTEXT ( ( #55, #1940, #1389 ) ) REPRESENTATION_CONTEXT ( 'NONE', 'WORKASPACE' ) );
#1891 = ORIENTED_EDGE ( 'NONE', *, *, #396, .F. ) ;
#1892 = CARTESIAN_POINT ( 'NONE',  ( -0.1445683229480095311, 0.1500000000000000222, 0.8499999999999997558 ) ) ;
#1893 = PRESENTATION_STYLE_ASSIGNMENT (( #1417 ) ) ;
#1894 = FACE_OUTER_BOUND ( 'NONE', #63, .T. ) ;
#1895 = ORIENTED_EDGE ( 'NONE', *, *, #1961, .F. ) ;
#1896 = DIRECTION ( 'NONE',  ( 0.000000000000000000, -0.000000000000000000, -1.000000000000000000 ) ) ;
#1897 = STYLED_ITEM ( 'NONE', ( #1839 ), #363 ) ;
#1898 = DIRECTION ( 'NONE',  ( 1.000000000000000000, 0.000000000000000000, 0.000000000000000000 ) ) ;
#1899 =( GEOMETRIC_REPRESENTATION_CONTEXT ( 3 ) GLOBAL_UNCERTAINTY_ASSIGNED_CONTEXT ( ( #1145 ) ) GLOBAL_UNIT_ASSIGNED_CONTEXT ( ( #1670, #4, #329 ) ) REPRESENTATION_CONTEXT ( 'NONE', 'WORKASPACE' ) );
#1900 = SURFACE_SIDE_STYLE ('',( #2053 ) ) ;
#1901 = FILL_AREA_STYLE_COLOUR ( '', #225 ) ;
#1902 = ORIENTED_EDGE ( 'NONE', *, *, #1815, .T. ) ;
#1903 = VECTOR ( 'NONE', #630, 1000.000000000000000 ) ;
#1904 = FILL_AREA_STYLE_COLOUR ( '', #1549 ) ;
#1905 = COLOUR_RGB ( '',0.6666666666666666297, 0.6980392156862744724, 0.7686274509803920907 ) ;
#1906 = COLOUR_RGB ( '',0.7921568627450980005, 0.8196078431372548767, 0.9333333333333333481 ) ;
#1907 = UNCERTAINTY_MEASURE_WITH_UNIT (LENGTH_MEASURE( 1.000000000000000082E-05 ), #2156, 'distance_accuracy_value', 'NONE');
#1908 = ORIENTED_EDGE ( 'NONE', *, *, #2106, .T. ) ;
#1909 =( LENGTH_UNIT ( ) NAMED_UNIT ( * ) SI_UNIT ( .MILLI., .METRE. ) );
#1910 = EDGE_CURVE ( 'NONE', #2063, #165, #780, .T. ) ;
#1911 =( NAMED_UNIT ( * ) SI_UNIT ( $, .STERADIAN. ) SOLID_ANGLE_UNIT ( ) );
#1912 = ORIENTED_EDGE ( 'NONE', *, *, #516, .F. ) ;
#1913 = SURFACE_STYLE_USAGE ( .BOTH. , #1401 ) ;
#1914 = EDGE_CURVE ( 'NONE', #2077, #1395, #1076, .T. ) ;
#1915 = DIRECTION ( 'NONE',  ( 1.000000000000000000, 0.000000000000000000, 1.697835108000056450E-15 ) ) ;
#1916 = ORIENTED_EDGE ( 'NONE', *, *, #1024, .F. ) ;
#1917 = CARTESIAN_POINT ( 'NONE',  ( 0.000000000000000000, -0.006250000000000000347, -0.8900000000000000133 ) ) ;
#1918 = PRESENTATION_STYLE_ASSIGNMENT (( #1676 ) ) ;
#1919 = ORIENTED_EDGE ( 'NONE', *, *, #1817, .F. ) ;
#1920 = DIRECTION ( 'NONE',  ( 0.000000000000000000, -1.000000000000000000, 0.000000000000000000 ) ) ;
#1921 = SURFACE_STYLE_FILL_AREA ( #1156 ) ;
#1922 = EDGE_CURVE ( 'NONE', #413, #1640, #1223, .T. ) ;
#1923 = CARTESIAN_POINT ( 'NONE',  ( 0.1445683229480095311, 0.1500000000000000222, -0.8499999999999997558 ) ) ;
#1924 = PRESENTATION_LAYER_ASSIGNMENT (  '', '', ( #1493 ) ) ;
#1925 = PRESENTATION_STYLE_ASSIGNMENT (( #1249 ) ) ;
#1926 = COLOUR_RGB ( '',0.9411764705882352811, 0.9607843137254902244, 0.9686274509803921573 ) ;
#1927 = FACE_OUTER_BOUND ( 'NONE', #687, .T. ) ;
#1928 = ORIENTED_EDGE ( 'NONE', *, *, #657, .T. ) ;
#1929 = VECTOR ( 'NONE', #293, 1000.000000000000000 ) ;
#1930 = STYLED_ITEM ( 'NONE', ( #513 ), #1431 ) ;
#1931 = DIRECTION ( 'NONE',  ( 1.000000000000000000, -0.000000000000000000, -0.000000000000000000 ) ) ;
#1932 = VECTOR ( 'NONE', #35, 1000.000000000000000 ) ;
#1933 = FACE_OUTER_BOUND ( 'NONE', #92, .T. ) ;
#1934 = ORIENTED_EDGE ( 'NONE', *, *, #1140, .F. ) ;
#1935 = CARTESIAN_POINT ( 'NONE',  ( -0.4499999999999997891, 0.1250000000000000000, 0.8500000000000001998 ) ) ;
#1936 =( NAMED_UNIT ( * ) PLANE_ANGLE_UNIT ( ) SI_UNIT ( $, .RADIAN. ) );
#1937 = CARTESIAN_POINT ( 'NONE',  ( 0.000000000000000000, 0.000000000000000000, -0.8900000000000000133 ) ) ;
#1938 = ORIENTED_EDGE ( 'NONE', *, *, #1112, .T. ) ;
#1939 = STYLED_ITEM ( 'NONE', ( #1399 ), #27 ) ;
#1940 =( NAMED_UNIT ( * ) PLANE_ANGLE_UNIT ( ) SI_UNIT ( $, .RADIAN. ) );
#1941 = SURFACE_STYLE_FILL_AREA ( #414 ) ;
#1942 = CARTESIAN_POINT ( 'NONE',  ( -0.1445683229480096421, 0.000000000000000000, 0.8500000000000001998 ) ) ;
#1943 = ADVANCED_FACE ( 'NONE', ( #54 ), #1396, .F. ) ;
#1944 =( GEOMETRIC_REPRESENTATION_CONTEXT ( 3 ) GLOBAL_UNCERTAINTY_ASSIGNED_CONTEXT ( ( #2037 ) ) GLOBAL_UNIT_ASSIGNED_CONTEXT ( ( #1909, #755, #1585 ) ) REPRESENTATION_CONTEXT ( 'NONE', 'WORKASPACE' ) );
#1945 = SURFACE_STYLE_USAGE ( .BOTH. , #787 ) ;
#1946 = COLOUR_RGB ( '',0.6666666666666666297, 0.6980392156862744724, 0.7686274509803920907 ) ;
#1947 =( GEOMETRIC_REPRESENTATION_CONTEXT ( 3 ) GLOBAL_UNCERTAINTY_ASSIGNED_CONTEXT ( ( #686 ) ) GLOBAL_UNIT_ASSIGNED_CONTEXT ( ( #2043, #1533, #2051 ) ) REPRESENTATION_CONTEXT ( 'NONE', 'WORKASPACE' ) );
#1948 = ORIENTED_EDGE ( 'NONE', *, *, #1204, .F. ) ;
#1949 = LINE ( 'NONE', #145, #387 ) ;
#1950 = DIRECTION ( 'NONE',  ( -0.000000000000000000, 1.000000000000000000, -0.000000000000000000 ) ) ;
#1951 = DIRECTION ( 'NONE',  ( 0.000000000000000000, -0.000000000000000000, -1.000000000000000000 ) ) ;
#1952 = ORIENTED_EDGE ( 'NONE', *, *, #703, .T. ) ;
#1953 =( NAMED_UNIT ( * ) SI_UNIT ( $, .STERADIAN. ) SOLID_ANGLE_UNIT ( ) );
#1954 = SURFACE_SIDE_STYLE ('',( #1262 ) ) ;
#1955 = DIRECTION ( 'NONE',  ( -0.000000000000000000, 1.000000000000000000, -0.000000000000000000 ) ) ;
#1956 = VERTEX_POINT ( 'NONE', #954 ) ;
#1957 = EDGE_CURVE ( 'NONE', #2085, #1395, #771, .T. ) ;
#1958 =( NAMED_UNIT ( * ) PLANE_ANGLE_UNIT ( ) SI_UNIT ( $, .RADIAN. ) );
#1959 = PLANE ( 'NONE',  #1580 ) ;
#1960 = ORIENTED_EDGE ( 'NONE', *, *, #332, .F. ) ;
#1961 = EDGE_CURVE ( 'NONE', #1243, #433, #1182, .T. ) ;
#1962 = CARTESIAN_POINT ( 'NONE',  ( 0.000000000000000000, 0.1250000000000000000, 0.8900000000000000133 ) ) ;
#1963 =( NAMED_UNIT ( * ) SI_UNIT ( $, .STERADIAN. ) SOLID_ANGLE_UNIT ( ) );
#1964 = PRESENTATION_STYLE_ASSIGNMENT (( #1095 ) ) ;
#1965 = SURFACE_STYLE_FILL_AREA ( #157 ) ;
#1966 = DIRECTION ( 'NONE',  ( 1.000000000000000000, -0.000000000000000000, -1.697835108000056253E-15 ) ) ;
#1967 =( NAMED_UNIT ( * ) PLANE_ANGLE_UNIT ( ) SI_UNIT ( $, .RADIAN. ) );
#1968 = STYLED_ITEM ( 'NONE', ( #1706 ), #1858 ) ;
#1969 = COLOUR_RGB ( '',0.7921568627450980005, 0.8196078431372548767, 0.9333333333333333481 ) ;
#1970 = PRESENTATION_LAYER_ASSIGNMENT (  '', '', ( #739 ) ) ;
#1971 = FILL_AREA_STYLE ('',( #1289 ) ) ;
#1972 = ORIENTED_EDGE ( 'NONE', *, *, #94, .T. ) ;
#1973 =( NAMED_UNIT ( * ) SI_UNIT ( $, .STERADIAN. ) SOLID_ANGLE_UNIT ( ) );
#1974 =( GEOMETRIC_REPRESENTATION_CONTEXT ( 3 ) GLOBAL_UNCERTAINTY_ASSIGNED_CONTEXT ( ( #1907 ) ) GLOBAL_UNIT_ASSIGNED_CONTEXT ( ( #2156, #1613, #1286 ) ) REPRESENTATION_CONTEXT ( 'NONE', 'WORKASPACE' ) );
#1975 = DIRECTION ( 'NONE',  ( -0.000000000000000000, 1.000000000000000000, -0.000000000000000000 ) ) ;
#1976 = PRESENTATION_STYLE_ASSIGNMENT (( #1805 ) ) ;
#1977 = DIRECTION ( 'NONE',  ( -0.000000000000000000, 1.000000000000000000, -0.000000000000000000 ) ) ;
#1978 = PLANE ( 'NONE',  #2069 ) ;
#1979 = ORIENTED_EDGE ( 'NONE', *, *, #1880, .F. ) ;
#1980 = VECTOR ( 'NONE', #1850, 1000.000000000000000 ) ;
#1981 = ORIENTED_EDGE ( 'NONE', *, *, #2025, .T. ) ;
#1982 =( NAMED_UNIT ( * ) PLANE_ANGLE_UNIT ( ) SI_UNIT ( $, .RADIAN. ) );
#1983 = UNCERTAINTY_MEASURE_WITH_UNIT (LENGTH_MEASURE( 1.000000000000000082E-05 ), #55, 'distance_accuracy_value', 'NONE');
#1984 = DIRECTION ( 'NONE',  ( -0.000000000000000000, 1.000000000000000000, -0.000000000000000000 ) ) ;
#1985 = PLANE ( 'NONE',  #358 ) ;
#1986 =( NAMED_UNIT ( * ) SI_UNIT ( $, .STERADIAN. ) SOLID_ANGLE_UNIT ( ) );
#1987 = STYLED_ITEM ( 'NONE', ( #158 ), #1128 ) ;
#1988 = DIRECTION ( 'NONE',  ( 0.000000000000000000, 0.000000000000000000, 1.000000000000000000 ) ) ;
#1989 = DIRECTION ( 'NONE',  ( -0.000000000000000000, 1.000000000000000000, -0.000000000000000000 ) ) ;
#1990 = ADVANCED_FACE ( 'NONE', ( #977 ), #1637, .F. ) ;
#1991 = SURFACE_STYLE_FILL_AREA ( #1322 ) ;
#1992 = SURFACE_STYLE_USAGE ( .BOTH. , #1333 ) ;
#1993 = ORIENTED_EDGE ( 'NONE', *, *, #1290, .F. ) ;
#1994 = DIRECTION ( 'NONE',  ( -0.000000000000000000, -0.000000000000000000, 1.000000000000000000 ) ) ;
#1995 = SURFACE_STYLE_FILL_AREA ( #1157 ) ;
#1996 = DIRECTION ( 'NONE',  ( 0.000000000000000000, 1.000000000000000000, 0.000000000000000000 ) ) ;
#1997 = EDGE_CURVE ( 'NONE', #1200, #637, #275, .T. ) ;
#1998 = PRODUCT_DEFINITION ( 'UNKNOWN', '', #1001, #450 ) ;
#1999 = SURFACE_STYLE_USAGE ( .BOTH. , #2021 ) ;
#2000 = AXIS2_PLACEMENT_3D ( 'NONE', #1148, #819, #2151 ) ;
#2001 = SURFACE_STYLE_FILL_AREA ( #640 ) ;
#2002 = UNCERTAINTY_MEASURE_WITH_UNIT (LENGTH_MEASURE( 1.000000000000000082E-05 ), #1622, 'distance_accuracy_value', 'NONE');
#2003 = COLOUR_RGB ( '',0.6666666666666666297, 0.6980392156862744724, 0.7686274509803920907 ) ;
#2004 = ORIENTED_EDGE ( 'NONE', *, *, #1528, .F. ) ;
#2005 = CARTESIAN_POINT ( 'NONE',  ( 0.4500000000000001776, 0.1250000000000000000, 0.8500000000000001998 ) ) ;
#2006 = FILL_AREA_STYLE_COLOUR ( '', #1906 ) ;
#2007 = CARTESIAN_POINT ( 'NONE',  ( -0.1445683229480096421, 0.000000000000000000, 0.8500000000000001998 ) ) ;
#2008 =( GEOMETRIC_REPRESENTATION_CONTEXT ( 3 ) GLOBAL_UNCERTAINTY_ASSIGNED_CONTEXT ( ( #489 ) ) GLOBAL_UNIT_ASSIGNED_CONTEXT ( ( #173, #1348, #1323 ) ) REPRESENTATION_CONTEXT ( 'NONE', 'WORKASPACE' ) );
#2009 = SURFACE_STYLE_FILL_AREA ( #2161 ) ;
#2010 = STYLED_ITEM ( 'NONE', ( #2086 ), #304 ) ;
#2011 = FILL_AREA_STYLE_COLOUR ( '', #1926 ) ;
#2012 =( GEOMETRIC_REPRESENTATION_CONTEXT ( 3 ) GLOBAL_UNCERTAINTY_ASSIGNED_CONTEXT ( ( #2148 ) ) GLOBAL_UNIT_ASSIGNED_CONTEXT ( ( #1559, #1072, #1058 ) ) REPRESENTATION_CONTEXT ( 'NONE', 'WORKASPACE' ) );
#2013 = ORIENTED_EDGE ( 'NONE', *, *, #728, .F. ) ;
#2014 = MECHANICAL_DESIGN_GEOMETRIC_PRESENTATION_REPRESENTATION (  '', ( #906 ), #333 ) ;
#2015 = CARTESIAN_POINT ( 'NONE',  ( 0.4500000000000000111, 0.1500000000000000222, 0.8499999999999997558 ) ) ;
#2016 = DIRECTION ( 'NONE',  ( 1.000000000000000000, 0.000000000000000000, 0.000000000000000000 ) ) ;
#2017 = PRESENTATION_LAYER_ASSIGNMENT (  '', '', ( #1733 ) ) ;
#2018 =( LENGTH_UNIT ( ) NAMED_UNIT ( * ) SI_UNIT ( .MILLI., .METRE. ) );
#2019 =( GEOMETRIC_REPRESENTATION_CONTEXT ( 3 ) GLOBAL_UNCERTAINTY_ASSIGNED_CONTEXT ( ( #1292 ) ) GLOBAL_UNIT_ASSIGNED_CONTEXT ( ( #1129, #1781, #784 ) ) REPRESENTATION_CONTEXT ( 'NONE', 'WORKASPACE' ) );
#2020 = CARTESIAN_POINT ( 'NONE',  ( 0.4230519360803035589, 0.4000000000000000222, 0.8230519360803033591 ) ) ;
#2021 = SURFACE_SIDE_STYLE ('',( #1991 ) ) ;
#2022 = DIRECTION ( 'NONE',  ( 1.000000000000000000, -0.000000000000000000, 1.697835108000056253E-15 ) ) ;
#2023 = EDGE_CURVE ( 'NONE', #1400, #165, #1105, .T. ) ;
#2024 = FILL_AREA_STYLE ('',( #2011 ) ) ;
#2025 = EDGE_CURVE ( 'NONE', #1820, #1507, #1307, .T. ) ;
#2026 = ORIENTED_EDGE ( 'NONE', *, *, #1854, .T. ) ;
#2027 = CARTESIAN_POINT ( 'NONE',  ( 0.4092054198606808191, 0.4000000000000000222, -0.8092054198606806192 ) ) ;
#2028 = CARTESIAN_POINT ( 'NONE',  ( -0.4500000000000000111, 0.1500000000000000222, 0.8499999999999997558 ) ) ;
#2029 = SURFACE_SIDE_STYLE ('',( #921 ) ) ;
#2030 = CARTESIAN_POINT ( 'NONE',  ( 0.4331786369720547203, 0.3905566986456384115, -0.8331786369720545204 ) ) ;
#2031 = FILL_AREA_STYLE ('',( #343 ) ) ;
#2032 = ORIENTED_EDGE ( 'NONE', *, *, #1880, .T. ) ;
#2033 = DIRECTION ( 'NONE',  ( -1.000000000000000000, 0.000000000000000000, 0.000000000000000000 ) ) ;
#2034 = DIRECTION ( 'NONE',  ( -0.000000000000000000, 1.000000000000000000, 0.000000000000000000 ) ) ;
#2035 = SURFACE_SIDE_STYLE ('',( #899 ) ) ;
#2036 = VECTOR ( 'NONE', #636, 1000.000000000000000 ) ;
#2037 = UNCERTAINTY_MEASURE_WITH_UNIT (LENGTH_MEASURE( 1.000000000000000082E-05 ), #1909, 'distance_accuracy_value', 'NONE');
#2038 = SURFACE_SIDE_STYLE ('',( #1360 ) ) ;
#2039 = ORIENTED_EDGE ( 'NONE', *, *, #496, .F. ) ;
#2040 = MECHANICAL_DESIGN_GEOMETRIC_PRESENTATION_REPRESENTATION (  '', ( #871 ), #219 ) ;
#2041 = FILL_AREA_STYLE_COLOUR ( '', #1176 ) ;
#2042 = FACE_OUTER_BOUND ( 'NONE', #2131, .T. ) ;
#2043 =( LENGTH_UNIT ( ) NAMED_UNIT ( * ) SI_UNIT ( .MILLI., .METRE. ) );
#2044 =( GEOMETRIC_REPRESENTATION_CONTEXT ( 3 ) GLOBAL_UNCERTAINTY_ASSIGNED_CONTEXT ( ( #175 ) ) GLOBAL_UNIT_ASSIGNED_CONTEXT ( ( #558, #2062, #710 ) ) REPRESENTATION_CONTEXT ( 'NONE', 'WORKASPACE' ) );
#2045 = AXIS2_PLACEMENT_3D ( 'NONE', #1631, #1996, #982 ) ;
#2046 = EDGE_CURVE ( 'NONE', #392, #448, #1802, .T. ) ;
#2047 = ORIENTED_EDGE ( 'NONE', *, *, #1290, .T. ) ;
#2048 =( GEOMETRIC_REPRESENTATION_CONTEXT ( 3 ) GLOBAL_UNCERTAINTY_ASSIGNED_CONTEXT ( ( #1318 ) ) GLOBAL_UNIT_ASSIGNED_CONTEXT ( ( #1070, #1857, #1094 ) ) REPRESENTATION_CONTEXT ( 'NONE', 'WORKASPACE' ) );
#2049 = ORIENTED_EDGE ( 'NONE', *, *, #67, .F. ) ;
#2050 = SURFACE_STYLE_USAGE ( .BOTH. , #1556 ) ;
#2051 =( NAMED_UNIT ( * ) SI_UNIT ( $, .STERADIAN. ) SOLID_ANGLE_UNIT ( ) );
#2052 = EDGE_CURVE ( 'NONE', #106, #1737, #2122, .T. ) ;
#2053 = SURFACE_STYLE_FILL_AREA ( #25 ) ;
#2054 = DIRECTION ( 'NONE',  ( 0.000000000000000000, -0.000000000000000000, 1.000000000000000000 ) ) ;
#2055 = VERTEX_POINT ( 'NONE', #446 ) ;
#2056 = EDGE_LOOP ( 'NONE', ( #1742, #1246, #759, #1623 ) ) ;
#2057 = SURFACE_SIDE_STYLE ('',( #1386 ) ) ;
#2058 =( LENGTH_UNIT ( ) NAMED_UNIT ( * ) SI_UNIT ( .MILLI., .METRE. ) );
#2059 = STYLED_ITEM ( 'NONE', ( #1164 ), #2146 ) ;
#2060 = ORIENTED_EDGE ( 'NONE', *, *, #1957, .F. ) ;
#2061 = PLANE ( 'NONE',  #1482 ) ;
#2062 =( NAMED_UNIT ( * ) PLANE_ANGLE_UNIT ( ) SI_UNIT ( $, .RADIAN. ) );
#2063 = VERTEX_POINT ( 'NONE', #1445 ) ;
#2064 = EDGE_CURVE ( 'NONE', #2118, #1402, #783, .T. ) ;
#2065 = ORIENTED_EDGE ( 'NONE', *, *, #1231, .T. ) ;
#2066 = PRESENTATION_LAYER_ASSIGNMENT (  '', '', ( #871 ) ) ;
#2067 = CARTESIAN_POINT ( 'NONE',  ( -0.4000000000000000222, 0.000000000000000000, 0.3500000000000001998 ) ) ;
#2068 = DIRECTION ( 'NONE',  ( -0.000000000000000000, 1.000000000000000000, 0.000000000000000000 ) ) ;
#2069 = AXIS2_PLACEMENT_3D ( 'NONE', #1729, #380, #902 ) ;
#2070 =( NAMED_UNIT ( * ) SI_UNIT ( $, .STERADIAN. ) SOLID_ANGLE_UNIT ( ) );
#2071 = ORIENTED_EDGE ( 'NONE', *, *, #1236, .F. ) ;
#2072 = VECTOR ( 'NONE', #127, 1000.000000000000000 ) ;
#2073 =( BOUNDED_CURVE ( )  B_SPLINE_CURVE ( 3, ( #473, #323, #666, #2153 ),
 .UNSPECIFIED., .F., .F. ) 
 B_SPLINE_CURVE_WITH_KNOTS ( ( 4, 4 ),
 ( 1.570796326794896558, 3.071779483510019837 ),
 .UNSPECIFIED. ) 
 CURVE ( )  GEOMETRIC_REPRESENTATION_ITEM ( )  RATIONAL_B_SPLINE_CURVE ( ( 1.000000000000000000, 0.8209024677461137509, 0.8209024677461137509, 1.000000000000000000 ) ) 
 REPRESENTATION_ITEM ( '' )  );
#2074 = PLANE ( 'NONE',  #1100 ) ;
#2075 =( GEOMETRIC_REPRESENTATION_CONTEXT ( 3 ) GLOBAL_UNCERTAINTY_ASSIGNED_CONTEXT ( ( #1021 ) ) GLOBAL_UNIT_ASSIGNED_CONTEXT ( ( #2125, #1761, #810 ) ) REPRESENTATION_CONTEXT ( 'NONE', 'WORKASPACE' ) );
#2076 = EDGE_CURVE ( 'NONE', #1730, #652, #606, .T. ) ;
#2077 = VERTEX_POINT ( 'NONE', #2114 ) ;
#2078 = CARTESIAN_POINT ( 'NONE',  ( 0.000000000000000000, 0.000000000000000000, 0.8900000000000000133 ) ) ;
#2079 = EDGE_CURVE ( 'NONE', #351, #133, #963, .T. ) ;
#2080 = FILL_AREA_STYLE ('',( #1398 ) ) ;
#2081 = SURFACE_STYLE_USAGE ( .BOTH. , #1407 ) ;
#2082 = ORIENTED_EDGE ( 'NONE', *, *, #1068, .F. ) ;
#2083 = CARTESIAN_POINT ( 'NONE',  ( 0.4000000000000000222, 0.000000000000000000, -0.3500000000000001998 ) ) ;
#2084 = SURFACE_STYLE_FILL_AREA ( #762 ) ;
#2085 = VERTEX_POINT ( 'NONE', #618 ) ;
#2086 = PRESENTATION_STYLE_ASSIGNMENT (( #585 ) ) ;
#2087 = CARTESIAN_POINT ( 'NONE',  ( 0.4500000000000000111, 0.1250000000000000000, -0.8499999999999997558 ) ) ;
#2088 = ORIENTED_EDGE ( 'NONE', *, *, #1854, .F. ) ;
#2089 = DIRECTION ( 'NONE',  ( 0.000000000000000000, 1.000000000000000000, 0.000000000000000000 ) ) ;
#2090 = CARTESIAN_POINT ( 'NONE',  ( 0.1445683229480095311, 0.000000000000000000, -0.8499999999999997558 ) ) ;
#2091 =( NAMED_UNIT ( * ) PLANE_ANGLE_UNIT ( ) SI_UNIT ( $, .RADIAN. ) );
#2092 =( GEOMETRIC_REPRESENTATION_CONTEXT ( 3 ) GLOBAL_UNCERTAINTY_ASSIGNED_CONTEXT ( ( #1573 ) ) GLOBAL_UNIT_ASSIGNED_CONTEXT ( ( #1832, #146, #843 ) ) REPRESENTATION_CONTEXT ( 'NONE', 'WORKASPACE' ) );
#2093 = EDGE_CURVE ( 'NONE', #624, #1200, #1816, .T. ) ;
#2094 =( NAMED_UNIT ( * ) SI_UNIT ( $, .STERADIAN. ) SOLID_ANGLE_UNIT ( ) );
#2095 = FILL_AREA_STYLE ('',( #1421 ) ) ;
#2096 = FILL_AREA_STYLE ('',( #1615 ) ) ;
#2097 = COLOUR_RGB ( '',0.7921568627450980005, 0.8196078431372548767, 0.9333333333333333481 ) ;
#2098 = SURFACE_STYLE_FILL_AREA ( #934 ) ;
#2099 = AXIS2_PLACEMENT_3D ( 'NONE', #1887, #1727, #1366 ) ;
#2100 = UNCERTAINTY_MEASURE_WITH_UNIT (LENGTH_MEASURE( 1.000000000000000082E-05 ), #1263, 'distance_accuracy_value', 'NONE');
#2101 = PLANE ( 'NONE',  #326 ) ;
#2102 = ORIENTED_EDGE ( 'NONE', *, *, #1910, .T. ) ;
#2103 = DIRECTION ( 'NONE',  ( 0.000000000000000000, 0.000000000000000000, 1.000000000000000000 ) ) ;
#2104 = CARTESIAN_POINT ( 'NONE',  ( 0.1445683229480095311, -0.006250000000000000347, -0.8499999999999997558 ) ) ;
#2105 = CARTESIAN_POINT ( 'NONE',  ( -0.4500000000000000111, 0.1500000000000000222, -0.8499999999999997558 ) ) ;
#2106 = EDGE_CURVE ( 'NONE', #652, #1113, #1146, .T. ) ;
#2107 = ORIENTED_EDGE ( 'NONE', *, *, #1024, .T. ) ;
#2108 = AXIS2_PLACEMENT_3D ( 'NONE', #1679, #700, #17 ) ;
#2109 = EDGE_CURVE ( 'NONE', #1270, #1106, #999, .T. ) ;
#2110 = DIRECTION ( 'NONE',  ( 1.000000000000000000, 0.000000000000000000, -0.000000000000000000 ) ) ;
#2111 = COLOUR_RGB ( '',0.6470588235294117974, 0.6196078431372549211, 0.5882352941176470784 ) ;
#2112 = ORIENTED_EDGE ( 'NONE', *, *, #1193, .T. ) ;
#2113 = CARTESIAN_POINT ( 'NONE',  ( 0.000000000000000000, -0.006250000000000000347, 0.8900000000000000133 ) ) ;
#2114 = CARTESIAN_POINT ( 'NONE',  ( 0.4000000000000000222, -0.006250000000000000347, -0.8500000000000001998 ) ) ;
#2115 = CARTESIAN_POINT ( 'NONE',  ( -0.4500000000000000111, 0.1500000000000000222, -0.8499999999999997558 ) ) ;
#2116 = LINE ( 'NONE', #599, #1358 ) ;
#2117 = FILL_AREA_STYLE ('',( #796 ) ) ;
#2118 = VERTEX_POINT ( 'NONE', #164 ) ;
#2119 =( NAMED_UNIT ( * ) SI_UNIT ( $, .STERADIAN. ) SOLID_ANGLE_UNIT ( ) );
#2120 = EDGE_LOOP ( 'NONE', ( #1074, #377, #236, #533 ) ) ;
#2121 = SURFACE_STYLE_USAGE ( .BOTH. , #123 ) ;
#2122 = LINE ( 'NONE', #95, #99 ) ;
#2123 = LINE ( 'NONE', #1002, #576 ) ;
#2124 = CARTESIAN_POINT ( 'NONE',  ( 0.4000000000000000222, -0.006250000000000000347, -0.3500000000000001998 ) ) ;
#2125 =( LENGTH_UNIT ( ) NAMED_UNIT ( * ) SI_UNIT ( .MILLI., .METRE. ) );
#2126 =( GEOMETRIC_REPRESENTATION_CONTEXT ( 3 ) GLOBAL_UNCERTAINTY_ASSIGNED_CONTEXT ( ( #806 ) ) GLOBAL_UNIT_ASSIGNED_CONTEXT ( ( #1172, #1958, #302 ) ) REPRESENTATION_CONTEXT ( 'NONE', 'WORKASPACE' ) );
#2127 = DIRECTION ( 'NONE',  ( 1.000000000000000000, 0.000000000000000000, -1.275531967630005245E-16 ) ) ;
#2128 = FACE_OUTER_BOUND ( 'NONE', #1170, .T. ) ;
#2129 = DIRECTION ( 'NONE',  ( 1.000000000000000000, 0.000000000000000000, -0.000000000000000000 ) ) ;
#2130 = EDGE_CURVE ( 'NONE', #1516, #2085, #1011, .T. ) ;
#2131 = EDGE_LOOP ( 'NONE', ( #488, #965, #2004, #1283, #1222, #2060, #614 ) ) ;
#2132 = CARTESIAN_POINT ( 'NONE',  ( -0.4092054198606808191, 0.4000000000000000222, 0.8092054198606806192 ) ) ;
#2133 = SURFACE_STYLE_FILL_AREA ( #1274 ) ;
#2134 = EDGE_CURVE ( 'NONE', #1849, #864, #498, .T. ) ;
#2135 = SURFACE_SIDE_STYLE ('',( #1995 ) ) ;
#2136 = FACE_OUTER_BOUND ( 'NONE', #853, .T. ) ;
#2137 = SURFACE_STYLE_USAGE ( .BOTH. , #1806 ) ;
#2138 = CARTESIAN_POINT ( 'NONE',  ( 0.000000000000000000, 0.000000000000000000, -0.7399999999999999911 ) ) ;
#2139 = PRESENTATION_LAYER_ASSIGNMENT (  '', '', ( #642 ) ) ;
#2140 = DIRECTION ( 'NONE',  ( -1.000000000000000000, 0.000000000000000000, -0.000000000000000000 ) ) ;
#2141 = MECHANICAL_DESIGN_GEOMETRIC_PRESENTATION_REPRESENTATION (  '', ( #1308 ), #41 ) ;
#2142 = CARTESIAN_POINT ( 'NONE',  ( -0.4341445211171763852, 0.3767439118436031187, -0.8341445211171761853 ) ) ;
#2143 = ORIENTED_EDGE ( 'NONE', *, *, #667, .F. ) ;
#2144 = VECTOR ( 'NONE', #1299, 1000.000000000000000 ) ;
#2145 = FILL_AREA_STYLE_COLOUR ( '', #685 ) ;
#2146 = ADVANCED_FACE ( 'NONE', ( #1823 ), #1187, .T. ) ;
#2147 = STYLED_ITEM ( 'NONE', ( #1548 ), #857 ) ;
#2148 = UNCERTAINTY_MEASURE_WITH_UNIT (LENGTH_MEASURE( 1.000000000000000082E-05 ), #1559, 'distance_accuracy_value', 'NONE');
#2149 = CIRCLE ( 'NONE', #537, 0.1500000000000000777 ) ;
#2150 = PRESENTATION_STYLE_ASSIGNMENT (( #490 ) ) ;
#2151 = DIRECTION ( 'NONE',  ( 0.000000000000000000, -0.9975640502598241977, 0.06975647374412533019 ) ) ;
#2152 = VECTOR ( 'NONE', #1178, 1000.000000000000000 ) ;
#2153 = CARTESIAN_POINT ( 'NONE',  ( -0.4341445211171763852, 0.3767439118436031187, -0.8341445211171761853 ) ) ;
#2154 = FILL_AREA_STYLE_COLOUR ( '', #1866 ) ;
#2155 = DIRECTION ( 'NONE',  ( 0.9975640502598243087, 0.06975647374412535795, 0.000000000000000000 ) ) ;
#2156 =( LENGTH_UNIT ( ) NAMED_UNIT ( * ) SI_UNIT ( .MILLI., .METRE. ) );
#2157 = DIRECTION ( 'NONE',  ( -0.000000000000000000, 1.000000000000000000, -0.000000000000000000 ) ) ;
#2158 = CARTESIAN_POINT ( 'NONE',  ( 0.4092054198606808191, 0.3750000000000000000, 0.000000000000000000 ) ) ;
#2159 = AXIS2_PLACEMENT_3D ( 'NONE', #850, #1682, #185 ) ;
#2160 = VECTOR ( 'NONE', #1833, 1000.000000000000000 ) ;
#2161 = FILL_AREA_STYLE ('',( #671 ) ) ;
#2162 = PRESENTATION_LAYER_ASSIGNMENT (  '', '', ( #670 ) ) ;
#2163 = SURFACE_STYLE_USAGE ( .BOTH. , #1652 ) ;
#2164 = MECHANICAL_DESIGN_GEOMETRIC_PRESENTATION_REPRESENTATION (  '', ( #1674 ), #1219 ) ;
#2165 = APPLICATION_PROTOCOL_DEFINITION ( 'draft international standard', 'automotive_design', 1998, #1520 ) ;
#2166 = CIRCLE ( 'NONE', #2099, 0.1500000000000000777 ) ;
#2167 = ORIENTED_EDGE ( 'NONE', *, *, #1174, .T. ) ;
#2168 = DIRECTION ( 'NONE',  ( -0.06958737431666471573, -0.9951458157835084695, 0.06958737431666470186 ) ) ;
#2169 =( NAMED_UNIT ( * ) PLANE_ANGLE_UNIT ( ) SI_UNIT ( $, .RADIAN. ) );
#2170 = MECHANICAL_DESIGN_GEOMETRIC_PRESENTATION_REPRESENTATION (  '', ( #786 ), #1126 ) ;
#2171 = LINE ( 'NONE', #822, #654 ) ;
ENDSEC;
END-ISO-10303-21;
