ISO-10303-21;
HEADER;
FILE_DESCRIPTION((''),'2;1');
FILE_NAME('C-2-1734592-2','2013-12-27T',('workeradm'),('Tyco Electronics Ltd.'),
'PRO/ENGINEER BY PARAMETRIC TECHNOLOGY CORPORATION, 2013050',
'PRO/ENGINEER BY PARAMETRIC TECHNOLOGY CORPORATION, 2013050','');
FILE_SCHEMA(('AUTOMOTIVE_DESIGN { 1 0 10303 214 1 1 1 1 }'));
ENDSEC;
DATA;
#134=DIRECTION('',(1.E0,0.E0,0.E0));
#135=VECTOR('',#134,1.77E0);
#136=CARTESIAN_POINT('',(-7.915E0,-7.E-1,0.E0));
#137=LINE('',#136,#135);
#138=DIRECTION('',(0.E0,-1.E0,0.E0));
#139=VECTOR('',#138,1.4E0);
#140=CARTESIAN_POINT('',(-7.915E0,7.E-1,0.E0));
#141=LINE('',#140,#139);
#142=DIRECTION('',(-1.E0,0.E0,0.E0));
#143=VECTOR('',#142,1.583E1);
#144=CARTESIAN_POINT('',(7.915E0,7.E-1,0.E0));
#145=LINE('',#144,#143);
#146=DIRECTION('',(0.E0,1.E0,0.E0));
#147=VECTOR('',#146,1.4E0);
#148=CARTESIAN_POINT('',(7.915E0,-7.E-1,0.E0));
#149=LINE('',#148,#147);
#150=DIRECTION('',(1.E0,0.E0,0.E0));
#151=VECTOR('',#150,1.77E0);
#152=CARTESIAN_POINT('',(6.145E0,-7.E-1,0.E0));
#153=LINE('',#152,#151);
#154=DIRECTION('',(0.E0,-1.E0,0.E0));
#155=VECTOR('',#154,8.7E-1);
#156=CARTESIAN_POINT('',(6.145E0,1.7E-1,0.E0));
#157=LINE('',#156,#155);
#158=DIRECTION('',(1.E0,0.E0,0.E0));
#159=VECTOR('',#158,1.229E1);
#160=CARTESIAN_POINT('',(-6.145E0,1.7E-1,0.E0));
#161=LINE('',#160,#159);
#162=DIRECTION('',(0.E0,1.E0,0.E0));
#163=VECTOR('',#162,8.7E-1);
#164=CARTESIAN_POINT('',(-6.145E0,-7.E-1,0.E0));
#165=LINE('',#164,#163);
#166=CARTESIAN_POINT('',(-7.915E0,-7.E-1,-3.E-1));
#167=DIRECTION('',(0.E0,0.E0,-1.E0));
#168=DIRECTION('',(0.E0,-1.E0,0.E0));
#169=AXIS2_PLACEMENT_3D('',#166,#167,#168);
#171=CARTESIAN_POINT('',(-7.915E0,-7.E-1,-3.E-1));
#172=DIRECTION('',(0.E0,1.E0,0.E0));
#173=DIRECTION('',(-1.E0,0.E0,0.E0));
#174=AXIS2_PLACEMENT_3D('',#171,#172,#173);
#176=CARTESIAN_POINT('',(-7.915E0,-7.E-1,-3.E-1));
#177=DIRECTION('',(1.E0,0.E0,0.E0));
#178=DIRECTION('',(0.E0,0.E0,1.E0));
#179=AXIS2_PLACEMENT_3D('',#176,#177,#178);
#181=DIRECTION('',(-1.E0,0.E0,0.E0));
#182=VECTOR('',#181,1.77E0);
#183=CARTESIAN_POINT('',(-6.145E0,-1.E0,-1.15E0));
#184=LINE('',#183,#182);
#185=DIRECTION('',(0.E0,0.E0,-1.E0));
#186=VECTOR('',#185,8.5E-1);
#187=CARTESIAN_POINT('',(-7.915E0,-1.E0,-3.E-1));
#188=LINE('',#187,#186);
#189=DIRECTION('',(1.E0,0.E0,0.E0));
#190=VECTOR('',#189,1.77E0);
#191=CARTESIAN_POINT('',(-7.915E0,-1.E0,-3.E-1));
#192=LINE('',#191,#190);
#193=DIRECTION('',(0.E0,0.E0,-1.E0));
#194=VECTOR('',#193,8.5E-1);
#195=CARTESIAN_POINT('',(-6.145E0,-1.E0,-3.E-1));
#196=LINE('',#195,#194);
#197=CARTESIAN_POINT('',(-7.915E0,-7.E-1,-1.15E0));
#198=DIRECTION('',(1.E0,0.E0,0.E0));
#199=DIRECTION('',(0.E0,-1.E0,0.E0));
#200=AXIS2_PLACEMENT_3D('',#197,#198,#199);
#202=CARTESIAN_POINT('',(-7.915E0,-7.E-1,-1.15E0));
#203=DIRECTION('',(0.E0,1.E0,0.E0));
#204=DIRECTION('',(0.E0,0.E0,-1.E0));
#205=AXIS2_PLACEMENT_3D('',#202,#203,#204);
#207=CARTESIAN_POINT('',(-7.915E0,-7.E-1,-1.15E0));
#208=DIRECTION('',(0.E0,0.E0,1.E0));
#209=DIRECTION('',(-1.E0,0.E0,0.E0));
#210=AXIS2_PLACEMENT_3D('',#207,#208,#209);
#212=CARTESIAN_POINT('',(-7.915E0,7.E-1,-1.15E0));
#213=DIRECTION('',(1.E0,0.E0,0.E0));
#214=DIRECTION('',(0.E0,0.E0,-1.E0));
#215=AXIS2_PLACEMENT_3D('',#212,#213,#214);
#217=CARTESIAN_POINT('',(-7.915E0,7.E-1,-1.15E0));
#218=DIRECTION('',(0.E0,0.E0,1.E0));
#219=DIRECTION('',(0.E0,1.E0,0.E0));
#220=AXIS2_PLACEMENT_3D('',#217,#218,#219);
#222=CARTESIAN_POINT('',(-7.915E0,7.E-1,-1.15E0));
#223=DIRECTION('',(0.E0,-1.E0,0.E0));
#224=DIRECTION('',(-1.E0,0.E0,0.E0));
#225=AXIS2_PLACEMENT_3D('',#222,#223,#224);
#227=CARTESIAN_POINT('',(7.915E0,7.E-1,-1.15E0));
#228=DIRECTION('',(0.E0,-1.E0,0.E0));
#229=DIRECTION('',(0.E0,0.E0,-1.E0));
#230=AXIS2_PLACEMENT_3D('',#227,#228,#229);
#232=CARTESIAN_POINT('',(7.915E0,7.E-1,-1.15E0));
#233=DIRECTION('',(0.E0,0.E0,1.E0));
#234=DIRECTION('',(1.E0,0.E0,0.E0));
#235=AXIS2_PLACEMENT_3D('',#232,#233,#234);
#237=CARTESIAN_POINT('',(7.915E0,7.E-1,-1.15E0));
#238=DIRECTION('',(-1.E0,0.E0,0.E0));
#239=DIRECTION('',(0.E0,1.E0,0.E0));
#240=AXIS2_PLACEMENT_3D('',#237,#238,#239);
#242=CARTESIAN_POINT('',(7.915E0,-7.E-1,-1.15E0));
#243=DIRECTION('',(0.E0,0.E0,1.E0));
#244=DIRECTION('',(0.E0,-1.E0,0.E0));
#245=AXIS2_PLACEMENT_3D('',#242,#243,#244);
#247=CARTESIAN_POINT('',(7.915E0,-7.E-1,-1.15E0));
#248=DIRECTION('',(0.E0,1.E0,0.E0));
#249=DIRECTION('',(1.E0,0.E0,0.E0));
#250=AXIS2_PLACEMENT_3D('',#247,#248,#249);
#252=CARTESIAN_POINT('',(7.915E0,-7.E-1,-1.15E0));
#253=DIRECTION('',(-1.E0,0.E0,0.E0));
#254=DIRECTION('',(0.E0,0.E0,-1.E0));
#255=AXIS2_PLACEMENT_3D('',#252,#253,#254);
#257=CARTESIAN_POINT('',(7.915E0,-7.E-1,-3.E-1));
#258=DIRECTION('',(-1.E0,0.E0,0.E0));
#259=DIRECTION('',(0.E0,-1.E0,0.E0));
#260=AXIS2_PLACEMENT_3D('',#257,#258,#259);
#262=CARTESIAN_POINT('',(7.915E0,-7.E-1,-3.E-1));
#263=DIRECTION('',(0.E0,1.E0,0.E0));
#264=DIRECTION('',(0.E0,0.E0,1.E0));
#265=AXIS2_PLACEMENT_3D('',#262,#263,#264);
#267=CARTESIAN_POINT('',(7.915E0,-7.E-1,-3.E-1));
#268=DIRECTION('',(0.E0,0.E0,-1.E0));
#269=DIRECTION('',(1.E0,0.E0,0.E0));
#270=AXIS2_PLACEMENT_3D('',#267,#268,#269);
#272=DIRECTION('',(-1.E0,0.E0,0.E0));
#273=VECTOR('',#272,1.77E0);
#274=CARTESIAN_POINT('',(7.915E0,-1.E0,-1.15E0));
#275=LINE('',#274,#273);
#276=DIRECTION('',(0.E0,0.E0,-1.E0));
#277=VECTOR('',#276,8.5E-1);
#278=CARTESIAN_POINT('',(6.145E0,-1.E0,-3.E-1));
#279=LINE('',#278,#277);
#280=DIRECTION('',(1.E0,0.E0,0.E0));
#281=VECTOR('',#280,1.77E0);
#282=CARTESIAN_POINT('',(6.145E0,-1.E0,-3.E-1));
#283=LINE('',#282,#281);
#284=DIRECTION('',(0.E0,0.E0,-1.E0));
#285=VECTOR('',#284,8.5E-1);
#286=CARTESIAN_POINT('',(7.915E0,-1.E0,-3.E-1));
#287=LINE('',#286,#285);
#288=DIRECTION('',(0.E0,1.E0,0.E0));
#289=VECTOR('',#288,9.9E-1);
#290=CARTESIAN_POINT('',(6.452530870902E0,-4.9E-1,-1.45E0));
#291=LINE('',#290,#289);
#292=DIRECTION('',(1.E0,0.E0,0.E0));
#293=VECTOR('',#292,9.174691290978E-1);
#294=CARTESIAN_POINT('',(6.452530870902E0,-4.9E-1,-1.45E0));
#295=LINE('',#294,#293);
#296=DIRECTION('',(0.E0,1.E0,0.E0));
#297=VECTOR('',#296,9.9E-1);
#298=CARTESIAN_POINT('',(-6.452530870902E0,-4.9E-1,-1.45E0));
#299=LINE('',#298,#297);
#300=DIRECTION('',(1.E0,0.E0,0.E0));
#301=VECTOR('',#300,9.174691290978E-1);
#302=CARTESIAN_POINT('',(-7.37E0,-4.9E-1,-1.45E0));
#303=LINE('',#302,#301);
#304=DIRECTION('',(-1.E0,0.E0,0.E0));
#305=VECTOR('',#304,2.07E0);
#306=CARTESIAN_POINT('',(7.915E0,-7.E-1,-1.45E0));
#307=LINE('',#306,#305);
#308=DIRECTION('',(0.E0,-1.E0,0.E0));
#309=VECTOR('',#308,1.4E0);
#310=CARTESIAN_POINT('',(7.915E0,7.E-1,-1.45E0));
#311=LINE('',#310,#309);
#312=DIRECTION('',(1.E0,0.E0,0.E0));
#313=VECTOR('',#312,1.583E1);
#314=CARTESIAN_POINT('',(-7.915E0,7.E-1,-1.45E0));
#315=LINE('',#314,#313);
#316=DIRECTION('',(0.E0,1.E0,0.E0));
#317=VECTOR('',#316,1.4E0);
#318=CARTESIAN_POINT('',(-7.915E0,-7.E-1,-1.45E0));
#319=LINE('',#318,#317);
#320=DIRECTION('',(-1.E0,0.E0,0.E0));
#321=VECTOR('',#320,2.07E0);
#322=CARTESIAN_POINT('',(-5.845E0,-7.E-1,-1.45E0));
#323=LINE('',#322,#321);
#324=DIRECTION('',(0.E0,1.E0,0.E0));
#325=VECTOR('',#324,1.E0);
#326=CARTESIAN_POINT('',(6.39E0,-5.E-1,-1.45E0));
#327=LINE('',#326,#325);
#328=DIRECTION('',(1.736481776669E-1,0.E0,-9.848077530122E-1));
#329=VECTOR('',#328,4.061706447543E-2);
#330=CARTESIAN_POINT('',(6.452530870902E0,5.E-1,-1.45E0));
#331=LINE('',#330,#329);
#332=DIRECTION('',(0.E0,1.E0,0.E0));
#333=VECTOR('',#332,9.9E-1);
#334=CARTESIAN_POINT('',(6.671E0,-4.9E-1,-2.689E0));
#335=LINE('',#334,#333);
#336=DIRECTION('',(-1.E0,0.E0,0.E0));
#337=VECTOR('',#336,9.174691290978E-1);
#338=CARTESIAN_POINT('',(7.37E0,5.E-1,-1.45E0));
#339=LINE('',#338,#337);
#340=DIRECTION('',(1.E0,0.E0,0.E0));
#341=VECTOR('',#340,9.104160498694E-1);
#342=CARTESIAN_POINT('',(6.459583950131E0,5.E-1,-1.49E0));
#343=LINE('',#342,#341);
#344=DIRECTION('',(-1.E0,0.E0,0.E0));
#345=VECTOR('',#344,1.278E1);
#346=CARTESIAN_POINT('',(6.39E0,5.E-1,-1.45E0));
#347=LINE('',#346,#345);
#348=DIRECTION('',(1.E0,0.E0,0.E0));
#349=VECTOR('',#348,1.278E1);
#350=CARTESIAN_POINT('',(-6.39E0,5.E-1,-1.49E0));
#351=LINE('',#350,#349);
#352=DIRECTION('',(-1.E0,0.E0,0.E0));
#353=VECTOR('',#352,9.174691290978E-1);
#354=CARTESIAN_POINT('',(-6.452530870902E0,5.E-1,-1.45E0));
#355=LINE('',#354,#353);
#356=DIRECTION('',(1.E0,0.E0,0.E0));
#357=VECTOR('',#356,9.104160498694E-1);
#358=CARTESIAN_POINT('',(-7.37E0,5.E-1,-1.49E0));
#359=LINE('',#358,#357);
#360=DIRECTION('',(0.E0,0.E0,-1.E0));
#361=VECTOR('',#360,4.E-2);
#362=CARTESIAN_POINT('',(-7.37E0,5.E-1,-1.45E0));
#363=LINE('',#362,#361);
#364=DIRECTION('',(0.E0,-1.E0,0.E0));
#365=VECTOR('',#364,9.9E-1);
#366=CARTESIAN_POINT('',(-7.37E0,5.E-1,-1.45E0));
#367=LINE('',#366,#365);
#368=DIRECTION('',(0.E0,-3.420201433257E-1,9.396926207859E-1));
#369=VECTOR('',#368,1.607972614211E0);
#370=CARTESIAN_POINT('',(-7.37E0,5.995902397623E-2,-4.36E0));
#371=LINE('',#370,#369);
#372=DIRECTION('',(0.E0,1.E0,0.E0));
#373=VECTOR('',#372,4.400409760238E-1);
#374=CARTESIAN_POINT('',(-7.37E0,5.995902397623E-2,-4.36E0));
#375=LINE('',#374,#373);
#376=DIRECTION('',(0.E0,0.E0,1.E0));
#377=VECTOR('',#376,4.E-2);
#378=CARTESIAN_POINT('',(-7.37E0,5.E-1,-4.4E0));
#379=LINE('',#378,#377);
#380=DIRECTION('',(0.E0,0.E0,-1.E0));
#381=VECTOR('',#380,2.91E0);
#382=CARTESIAN_POINT('',(-7.37E0,8.3E-1,-1.49E0));
#383=LINE('',#382,#381);
#384=DIRECTION('',(0.E0,-1.E0,0.E0));
#385=VECTOR('',#384,3.3E-1);
#386=CARTESIAN_POINT('',(-7.37E0,8.3E-1,-1.49E0));
#387=LINE('',#386,#385);
#388=DIRECTION('',(0.E0,1.E0,0.E0));
#389=VECTOR('',#388,3.3E-1);
#390=CARTESIAN_POINT('',(-7.37E0,-8.3E-1,-1.49E0));
#391=LINE('',#390,#389);
#392=DIRECTION('',(0.E0,0.E0,1.E0));
#393=VECTOR('',#392,2.91E0);
#394=CARTESIAN_POINT('',(-7.37E0,-5.E-1,-4.4E0));
#395=LINE('',#394,#393);
#396=DIRECTION('',(1.E0,0.E0,0.E0));
#397=VECTOR('',#396,6.99E-1);
#398=CARTESIAN_POINT('',(6.671E0,-4.9E-1,-2.849E0));
#399=LINE('',#398,#397);
#400=DIRECTION('',(0.E0,0.E0,-1.E0));
#401=VECTOR('',#400,1.6E-1);
#402=CARTESIAN_POINT('',(6.671E0,-4.9E-1,-2.689E0));
#403=LINE('',#402,#401);
#404=DIRECTION('',(1.736481776669E-1,0.E0,-9.848077530122E-1));
#405=VECTOR('',#404,1.258113572126E0);
#406=CARTESIAN_POINT('',(6.452530870902E0,-4.9E-1,-1.45E0));
#407=LINE('',#406,#405);
#408=DIRECTION('',(0.E0,0.E0,-1.E0));
#409=VECTOR('',#408,1.399E0);
#410=CARTESIAN_POINT('',(7.37E0,-4.9E-1,-1.45E0));
#411=LINE('',#410,#409);
#412=DIRECTION('',(1.E0,0.E0,0.E0));
#413=VECTOR('',#412,6.99E-1);
#414=CARTESIAN_POINT('',(-7.37E0,-4.9E-1,-2.849E0));
#415=LINE('',#414,#413);
#416=DIRECTION('',(0.E0,0.E0,1.E0));
#417=VECTOR('',#416,1.399E0);
#418=CARTESIAN_POINT('',(-7.37E0,-4.9E-1,-2.849E0));
#419=LINE('',#418,#417);
#420=DIRECTION('',(1.736481776669E-1,0.E0,9.848077530122E-1));
#421=VECTOR('',#420,1.258113572126E0);
#422=CARTESIAN_POINT('',(-6.671E0,-4.9E-1,-2.689E0));
#423=LINE('',#422,#421);
#424=DIRECTION('',(0.E0,0.E0,1.E0));
#425=VECTOR('',#424,1.6E-1);
#426=CARTESIAN_POINT('',(-6.671E0,-4.9E-1,-2.849E0));
#427=LINE('',#426,#425);
#428=DIRECTION('',(0.E0,0.E0,-1.E0));
#429=VECTOR('',#428,4.E-2);
#430=CARTESIAN_POINT('',(7.37E0,5.E-1,-1.45E0));
#431=LINE('',#430,#429);
#432=DIRECTION('',(0.E0,-1.E0,0.E0));
#433=VECTOR('',#432,3.3E-1);
#434=CARTESIAN_POINT('',(7.37E0,8.3E-1,-1.49E0));
#435=LINE('',#434,#433);
#436=DIRECTION('',(0.E0,0.E0,1.E0));
#437=VECTOR('',#436,4.E-2);
#438=CARTESIAN_POINT('',(7.37E0,5.E-1,-4.4E0));
#439=LINE('',#438,#437);
#440=DIRECTION('',(0.E0,3.420201433257E-1,-9.396926207859E-1));
#441=VECTOR('',#440,1.607972614211E0);
#442=CARTESIAN_POINT('',(7.37E0,-4.9E-1,-2.849E0));
#443=LINE('',#442,#441);
#444=DIRECTION('',(0.E0,1.E0,0.E0));
#445=VECTOR('',#444,9.9E-1);
#446=CARTESIAN_POINT('',(7.37E0,-4.9E-1,-1.45E0));
#447=LINE('',#446,#445);
#448=DIRECTION('',(0.E0,1.E0,0.E0));
#449=VECTOR('',#448,3.3E-1);
#450=CARTESIAN_POINT('',(7.37E0,-8.3E-1,-1.49E0));
#451=LINE('',#450,#449);
#452=DIRECTION('',(0.E0,0.E0,1.E0));
#453=VECTOR('',#452,2.91E0);
#454=CARTESIAN_POINT('',(7.37E0,-5.E-1,-4.4E0));
#455=LINE('',#454,#453);
#456=DIRECTION('',(0.E0,0.E0,-1.E0));
#457=VECTOR('',#456,1.1E-1);
#458=CARTESIAN_POINT('',(7.37E0,-8.3E-1,-1.49E0));
#459=LINE('',#458,#457);
#460=DIRECTION('',(-1.E0,0.E0,0.E0));
#461=VECTOR('',#460,1.72E0);
#462=CARTESIAN_POINT('',(7.37E0,8.3E-1,-1.49E0));
#463=LINE('',#462,#461);
#464=DIRECTION('',(0.E0,0.E0,1.E0));
#465=VECTOR('',#464,2.91E0);
#466=CARTESIAN_POINT('',(5.65E0,8.3E-1,-4.4E0));
#467=LINE('',#466,#465);
#468=DIRECTION('',(-7.071067811865E-1,0.E0,-7.071067811865E-1));
#469=VECTOR('',#468,2.121320343560E-1);
#470=CARTESIAN_POINT('',(5.8E0,8.3E-1,-4.25E0));
#471=LINE('',#470,#469);
#472=DIRECTION('',(0.E0,0.E0,1.E0));
#473=VECTOR('',#472,1.7E0);
#474=CARTESIAN_POINT('',(5.8E0,8.3E-1,-4.25E0));
#475=LINE('',#474,#473);
#476=DIRECTION('',(0.E0,0.E0,1.E0));
#477=VECTOR('',#476,1.85E0);
#478=CARTESIAN_POINT('',(6.18E0,8.3E-1,-4.4E0));
#479=LINE('',#478,#477);
#480=DIRECTION('',(0.E0,0.E0,-1.E0));
#481=VECTOR('',#480,2.91E0);
#482=CARTESIAN_POINT('',(7.37E0,8.3E-1,-1.49E0));
#483=LINE('',#482,#481);
#484=DIRECTION('',(-1.E0,0.E0,0.E0));
#485=VECTOR('',#484,1.72E0);
#486=CARTESIAN_POINT('',(-5.65E0,8.3E-1,-1.49E0));
#487=LINE('',#486,#485);
#488=DIRECTION('',(0.E0,0.E0,-1.E0));
#489=VECTOR('',#488,1.85E0);
#490=CARTESIAN_POINT('',(-6.18E0,8.3E-1,-2.55E0));
#491=LINE('',#490,#489);
#492=DIRECTION('',(0.E0,0.E0,1.E0));
#493=VECTOR('',#492,1.7E0);
#494=CARTESIAN_POINT('',(-5.8E0,8.3E-1,-4.25E0));
#495=LINE('',#494,#493);
#496=DIRECTION('',(-7.071067811865E-1,0.E0,7.071067811865E-1));
#497=VECTOR('',#496,2.121320343560E-1);
#498=CARTESIAN_POINT('',(-5.65E0,8.3E-1,-4.4E0));
#499=LINE('',#498,#497);
#500=DIRECTION('',(0.E0,0.E0,1.E0));
#501=VECTOR('',#500,2.91E0);
#502=CARTESIAN_POINT('',(-5.65E0,8.3E-1,-4.4E0));
#503=LINE('',#502,#501);
#504=DIRECTION('',(0.E0,-1.E0,0.E0));
#505=VECTOR('',#504,1.7E-1);
#506=CARTESIAN_POINT('',(5.65E0,1.E0,-1.49E0));
#507=LINE('',#506,#505);
#508=DIRECTION('',(0.E0,0.E0,1.E0));
#509=VECTOR('',#508,2.91E0);
#510=CARTESIAN_POINT('',(5.65E0,1.E0,-4.4E0));
#511=LINE('',#510,#509);
#512=DIRECTION('',(-1.E0,0.E0,0.E0));
#513=VECTOR('',#512,1.13E1);
#514=CARTESIAN_POINT('',(5.65E0,1.E0,-1.49E0));
#515=LINE('',#514,#513);
#516=DIRECTION('',(0.E0,0.E0,1.E0));
#517=VECTOR('',#516,2.91E0);
#518=CARTESIAN_POINT('',(-5.65E0,1.E0,-4.4E0));
#519=LINE('',#518,#517);
#520=DIRECTION('',(0.E0,0.E0,-1.E0));
#521=VECTOR('',#520,8.5E-1);
#522=CARTESIAN_POINT('',(7.915E0,1.E0,-3.E-1));
#523=LINE('',#522,#521);
#524=DIRECTION('',(-1.E0,0.E0,0.E0));
#525=VECTOR('',#524,1.583E1);
#526=CARTESIAN_POINT('',(7.915E0,1.E0,-3.E-1));
#527=LINE('',#526,#525);
#528=DIRECTION('',(0.E0,0.E0,-1.E0));
#529=VECTOR('',#528,8.5E-1);
#530=CARTESIAN_POINT('',(-7.915E0,1.E0,-3.E-1));
#531=LINE('',#530,#529);
#532=DIRECTION('',(1.E0,0.E0,0.E0));
#533=VECTOR('',#532,1.583E1);
#534=CARTESIAN_POINT('',(-7.915E0,1.E0,-1.15E0));
#535=LINE('',#534,#533);
#536=DIRECTION('',(0.E0,1.E0,0.E0));
#537=VECTOR('',#536,1.7E-1);
#538=CARTESIAN_POINT('',(-5.65E0,8.3E-1,-1.49E0));
#539=LINE('',#538,#537);
#540=DIRECTION('',(0.E0,1.E0,0.E0));
#541=VECTOR('',#540,1.83E0);
#542=CARTESIAN_POINT('',(-5.65E0,-1.E0,-4.4E0));
#543=LINE('',#542,#541);
#544=DIRECTION('',(1.E0,0.E0,0.E0));
#545=VECTOR('',#544,1.13E1);
#546=CARTESIAN_POINT('',(-5.65E0,-1.E0,-4.4E0));
#547=LINE('',#546,#545);
#548=DIRECTION('',(0.E0,-1.E0,0.E0));
#549=VECTOR('',#548,1.83E0);
#550=CARTESIAN_POINT('',(5.65E0,8.3E-1,-4.4E0));
#551=LINE('',#550,#549);
#552=DIRECTION('',(0.E0,-1.E0,0.E0));
#553=VECTOR('',#552,1.7E-1);
#554=CARTESIAN_POINT('',(5.65E0,1.E0,-4.4E0));
#555=LINE('',#554,#553);
#556=DIRECTION('',(1.E0,0.E0,0.E0));
#557=VECTOR('',#556,1.13E1);
#558=CARTESIAN_POINT('',(-5.65E0,1.E0,-4.4E0));
#559=LINE('',#558,#557);
#560=DIRECTION('',(0.E0,1.E0,0.E0));
#561=VECTOR('',#560,1.7E-1);
#562=CARTESIAN_POINT('',(-5.65E0,8.3E-1,-4.4E0));
#563=LINE('',#562,#561);
#564=DIRECTION('',(0.E0,-1.E0,0.E0));
#565=VECTOR('',#564,2.E-1);
#566=CARTESIAN_POINT('',(7.465E0,-8.3E-1,-4.4E0));
#567=LINE('',#566,#565);
#568=DIRECTION('',(1.E0,0.E0,0.E0));
#569=VECTOR('',#568,9.5E-2);
#570=CARTESIAN_POINT('',(7.37E0,-8.3E-1,-4.4E0));
#571=LINE('',#570,#569);
#572=DIRECTION('',(0.E0,1.E0,0.E0));
#573=VECTOR('',#572,3.3E-1);
#574=CARTESIAN_POINT('',(7.37E0,-8.3E-1,-4.4E0));
#575=LINE('',#574,#573);
#576=DIRECTION('',(1.E0,0.E0,0.E0));
#577=VECTOR('',#576,9.8E-1);
#578=CARTESIAN_POINT('',(6.39E0,-5.E-1,-4.4E0));
#579=LINE('',#578,#577);
#580=DIRECTION('',(0.E0,1.E0,0.E0));
#581=VECTOR('',#580,1.E0);
#582=CARTESIAN_POINT('',(6.39E0,-5.E-1,-4.4E0));
#583=LINE('',#582,#581);
#584=DIRECTION('',(1.E0,0.E0,0.E0));
#585=VECTOR('',#584,9.8E-1);
#586=CARTESIAN_POINT('',(6.39E0,5.E-1,-4.4E0));
#587=LINE('',#586,#585);
#588=DIRECTION('',(0.E0,1.E0,0.E0));
#589=VECTOR('',#588,3.3E-1);
#590=CARTESIAN_POINT('',(7.37E0,5.E-1,-4.4E0));
#591=LINE('',#590,#589);
#592=DIRECTION('',(-1.E0,0.E0,0.E0));
#593=VECTOR('',#592,1.19E0);
#594=CARTESIAN_POINT('',(7.37E0,8.3E-1,-4.4E0));
#595=LINE('',#594,#593);
#596=DIRECTION('',(0.E0,1.E0,0.E0));
#597=VECTOR('',#596,1.66E0);
#598=CARTESIAN_POINT('',(6.18E0,-8.3E-1,-4.4E0));
#599=LINE('',#598,#597);
#600=DIRECTION('',(1.E0,0.E0,-6.344131569286E-14));
#601=VECTOR('',#600,1.4E-2);
#602=CARTESIAN_POINT('',(6.166E0,-8.3E-1,-4.4E0));
#603=LINE('',#602,#601);
#604=CARTESIAN_POINT('',(6.166E0,-6.79E-1,-4.4E0));
#605=DIRECTION('',(0.E0,0.E0,1.E0));
#606=DIRECTION('',(-1.E0,0.E0,0.E0));
#607=AXIS2_PLACEMENT_3D('',#604,#605,#606);
#609=DIRECTION('',(0.E0,-1.E0,0.E0));
#610=VECTOR('',#609,3.99E-1);
#611=CARTESIAN_POINT('',(6.015E0,-2.8E-1,-4.4E0));
#612=LINE('',#611,#610);
#613=DIRECTION('',(1.E0,0.E0,0.E0));
#614=VECTOR('',#613,2.E-1);
#615=CARTESIAN_POINT('',(5.815E0,-2.8E-1,-4.4E0));
#616=LINE('',#615,#614);
#617=DIRECTION('',(0.E0,1.E0,0.E0));
#618=VECTOR('',#617,3.99E-1);
#619=CARTESIAN_POINT('',(5.815E0,-6.79E-1,-4.4E0));
#620=LINE('',#619,#618);
#621=CARTESIAN_POINT('',(6.166E0,-6.79E-1,-4.4E0));
#622=DIRECTION('',(0.E0,0.E0,-1.E0));
#623=DIRECTION('',(0.E0,-1.E0,0.E0));
#624=AXIS2_PLACEMENT_3D('',#621,#622,#623);
#626=DIRECTION('',(-1.E0,0.E0,0.E0));
#627=VECTOR('',#626,1.299E0);
#628=CARTESIAN_POINT('',(7.465E0,-1.03E0,-4.4E0));
#629=LINE('',#628,#627);
#630=DIRECTION('',(0.E0,1.E0,0.E0));
#631=VECTOR('',#630,2.E-1);
#632=CARTESIAN_POINT('',(-7.465E0,-1.03E0,-4.4E0));
#633=LINE('',#632,#631);
#634=DIRECTION('',(-1.E0,0.E0,0.E0));
#635=VECTOR('',#634,1.299E0);
#636=CARTESIAN_POINT('',(-6.166E0,-1.03E0,-4.4E0));
#637=LINE('',#636,#635);
#638=CARTESIAN_POINT('',(-6.166E0,-6.79E-1,-4.4E0));
#639=DIRECTION('',(0.E0,0.E0,-1.E0));
#640=DIRECTION('',(1.E0,0.E0,0.E0));
#641=AXIS2_PLACEMENT_3D('',#638,#639,#640);
#643=DIRECTION('',(0.E0,-1.E0,0.E0));
#644=VECTOR('',#643,3.99E-1);
#645=CARTESIAN_POINT('',(-5.815E0,-2.8E-1,-4.4E0));
#646=LINE('',#645,#644);
#647=DIRECTION('',(1.E0,0.E0,0.E0));
#648=VECTOR('',#647,2.E-1);
#649=CARTESIAN_POINT('',(-6.015E0,-2.8E-1,-4.4E0));
#650=LINE('',#649,#648);
#651=DIRECTION('',(0.E0,1.E0,0.E0));
#652=VECTOR('',#651,3.99E-1);
#653=CARTESIAN_POINT('',(-6.015E0,-6.79E-1,-4.4E0));
#654=LINE('',#653,#652);
#655=CARTESIAN_POINT('',(-6.166E0,-6.79E-1,-4.4E0));
#656=DIRECTION('',(0.E0,0.E0,1.E0));
#657=DIRECTION('',(0.E0,-1.E0,0.E0));
#658=AXIS2_PLACEMENT_3D('',#655,#656,#657);
#660=DIRECTION('',(1.E0,0.E0,6.344131569286E-14));
#661=VECTOR('',#660,1.4E-2);
#662=CARTESIAN_POINT('',(-6.18E0,-8.3E-1,-4.4E0));
#663=LINE('',#662,#661);
#664=DIRECTION('',(0.E0,-1.E0,0.E0));
#665=VECTOR('',#664,1.66E0);
#666=CARTESIAN_POINT('',(-6.18E0,8.3E-1,-4.4E0));
#667=LINE('',#666,#665);
#668=DIRECTION('',(-1.E0,0.E0,0.E0));
#669=VECTOR('',#668,1.19E0);
#670=CARTESIAN_POINT('',(-6.18E0,8.3E-1,-4.4E0));
#671=LINE('',#670,#669);
#672=DIRECTION('',(0.E0,-1.E0,0.E0));
#673=VECTOR('',#672,3.3E-1);
#674=CARTESIAN_POINT('',(-7.37E0,8.3E-1,-4.4E0));
#675=LINE('',#674,#673);
#676=DIRECTION('',(1.E0,0.E0,0.E0));
#677=VECTOR('',#676,9.8E-1);
#678=CARTESIAN_POINT('',(-7.37E0,5.E-1,-4.4E0));
#679=LINE('',#678,#677);
#680=DIRECTION('',(0.E0,1.E0,0.E0));
#681=VECTOR('',#680,1.E0);
#682=CARTESIAN_POINT('',(-6.39E0,-5.E-1,-4.4E0));
#683=LINE('',#682,#681);
#684=DIRECTION('',(1.E0,0.E0,0.E0));
#685=VECTOR('',#684,9.8E-1);
#686=CARTESIAN_POINT('',(-7.37E0,-5.E-1,-4.4E0));
#687=LINE('',#686,#685);
#688=DIRECTION('',(0.E0,-1.E0,0.E0));
#689=VECTOR('',#688,3.3E-1);
#690=CARTESIAN_POINT('',(-7.37E0,-5.E-1,-4.4E0));
#691=LINE('',#690,#689);
#692=DIRECTION('',(1.E0,0.E0,0.E0));
#693=VECTOR('',#692,9.5E-2);
#694=CARTESIAN_POINT('',(-7.465E0,-8.3E-1,-4.4E0));
#695=LINE('',#694,#693);
#696=DIRECTION('',(0.E0,-1.E0,0.E0));
#697=VECTOR('',#696,4.3E-1);
#698=CARTESIAN_POINT('',(5.355E0,-4.2E-1,-4.4E0));
#699=LINE('',#698,#697);
#700=DIRECTION('',(1.E0,0.E0,0.E0));
#701=VECTOR('',#700,2.E-1);
#702=CARTESIAN_POINT('',(5.155E0,-8.5E-1,-4.4E0));
#703=LINE('',#702,#701);
#704=DIRECTION('',(0.E0,-1.E0,0.E0));
#705=VECTOR('',#704,4.3E-1);
#706=CARTESIAN_POINT('',(5.155E0,-4.2E-1,-4.4E0));
#707=LINE('',#706,#705);
#708=DIRECTION('',(1.E0,0.E0,0.E0));
#709=VECTOR('',#708,2.E-1);
#710=CARTESIAN_POINT('',(5.155E0,-4.2E-1,-4.4E0));
#711=LINE('',#710,#709);
#712=DIRECTION('',(0.E0,-1.E0,0.E0));
#713=VECTOR('',#712,4.3E-1);
#714=CARTESIAN_POINT('',(4.855E0,-4.2E-1,-4.4E0));
#715=LINE('',#714,#713);
#716=DIRECTION('',(1.E0,0.E0,0.E0));
#717=VECTOR('',#716,2.E-1);
#718=CARTESIAN_POINT('',(4.655E0,-8.5E-1,-4.4E0));
#719=LINE('',#718,#717);
#720=DIRECTION('',(0.E0,-1.E0,0.E0));
#721=VECTOR('',#720,4.3E-1);
#722=CARTESIAN_POINT('',(4.655E0,-4.2E-1,-4.4E0));
#723=LINE('',#722,#721);
#724=DIRECTION('',(1.E0,0.E0,0.E0));
#725=VECTOR('',#724,2.E-1);
#726=CARTESIAN_POINT('',(4.655E0,-4.2E-1,-4.4E0));
#727=LINE('',#726,#725);
#728=DIRECTION('',(0.E0,-1.E0,0.E0));
#729=VECTOR('',#728,4.3E-1);
#730=CARTESIAN_POINT('',(4.355E0,-4.2E-1,-4.4E0));
#731=LINE('',#730,#729);
#732=DIRECTION('',(1.E0,0.E0,0.E0));
#733=VECTOR('',#732,2.E-1);
#734=CARTESIAN_POINT('',(4.155E0,-8.5E-1,-4.4E0));
#735=LINE('',#734,#733);
#736=DIRECTION('',(0.E0,-1.E0,0.E0));
#737=VECTOR('',#736,4.3E-1);
#738=CARTESIAN_POINT('',(4.155E0,-4.2E-1,-4.4E0));
#739=LINE('',#738,#737);
#740=DIRECTION('',(1.E0,0.E0,0.E0));
#741=VECTOR('',#740,2.E-1);
#742=CARTESIAN_POINT('',(4.155E0,-4.2E-1,-4.4E0));
#743=LINE('',#742,#741);
#744=DIRECTION('',(0.E0,-1.E0,0.E0));
#745=VECTOR('',#744,4.3E-1);
#746=CARTESIAN_POINT('',(3.855E0,-4.2E-1,-4.4E0));
#747=LINE('',#746,#745);
#748=DIRECTION('',(1.E0,0.E0,0.E0));
#749=VECTOR('',#748,2.E-1);
#750=CARTESIAN_POINT('',(3.655E0,-8.5E-1,-4.4E0));
#751=LINE('',#750,#749);
#752=DIRECTION('',(0.E0,-1.E0,0.E0));
#753=VECTOR('',#752,4.3E-1);
#754=CARTESIAN_POINT('',(3.655E0,-4.2E-1,-4.4E0));
#755=LINE('',#754,#753);
#756=DIRECTION('',(1.E0,0.E0,0.E0));
#757=VECTOR('',#756,2.E-1);
#758=CARTESIAN_POINT('',(3.655E0,-4.2E-1,-4.4E0));
#759=LINE('',#758,#757);
#760=DIRECTION('',(0.E0,-1.E0,0.E0));
#761=VECTOR('',#760,4.3E-1);
#762=CARTESIAN_POINT('',(3.355E0,-4.2E-1,-4.4E0));
#763=LINE('',#762,#761);
#764=DIRECTION('',(1.E0,0.E0,0.E0));
#765=VECTOR('',#764,2.E-1);
#766=CARTESIAN_POINT('',(3.155E0,-8.5E-1,-4.4E0));
#767=LINE('',#766,#765);
#768=DIRECTION('',(0.E0,-1.E0,0.E0));
#769=VECTOR('',#768,4.3E-1);
#770=CARTESIAN_POINT('',(3.155E0,-4.2E-1,-4.4E0));
#771=LINE('',#770,#769);
#772=DIRECTION('',(1.E0,0.E0,0.E0));
#773=VECTOR('',#772,2.E-1);
#774=CARTESIAN_POINT('',(3.155E0,-4.2E-1,-4.4E0));
#775=LINE('',#774,#773);
#776=DIRECTION('',(0.E0,1.E0,0.E0));
#777=VECTOR('',#776,4.3E-1);
#778=CARTESIAN_POINT('',(2.855E0,-8.5E-1,-4.4E0));
#779=LINE('',#778,#777);
#780=DIRECTION('',(1.E0,0.E0,0.E0));
#781=VECTOR('',#780,2.E-1);
#782=CARTESIAN_POINT('',(2.655E0,-8.5E-1,-4.4E0));
#783=LINE('',#782,#781);
#784=DIRECTION('',(0.E0,1.E0,0.E0));
#785=VECTOR('',#784,4.3E-1);
#786=CARTESIAN_POINT('',(2.655E0,-8.5E-1,-4.4E0));
#787=LINE('',#786,#785);
#788=DIRECTION('',(1.E0,0.E0,0.E0));
#789=VECTOR('',#788,2.E-1);
#790=CARTESIAN_POINT('',(2.655E0,-4.2E-1,-4.4E0));
#791=LINE('',#790,#789);
#792=DIRECTION('',(0.E0,1.E0,0.E0));
#793=VECTOR('',#792,4.3E-1);
#794=CARTESIAN_POINT('',(2.355E0,-8.5E-1,-4.4E0));
#795=LINE('',#794,#793);
#796=DIRECTION('',(1.E0,0.E0,0.E0));
#797=VECTOR('',#796,2.E-1);
#798=CARTESIAN_POINT('',(2.155E0,-8.5E-1,-4.4E0));
#799=LINE('',#798,#797);
#800=DIRECTION('',(0.E0,1.E0,0.E0));
#801=VECTOR('',#800,4.3E-1);
#802=CARTESIAN_POINT('',(2.155E0,-8.5E-1,-4.4E0));
#803=LINE('',#802,#801);
#804=DIRECTION('',(1.E0,0.E0,0.E0));
#805=VECTOR('',#804,2.E-1);
#806=CARTESIAN_POINT('',(2.155E0,-4.2E-1,-4.4E0));
#807=LINE('',#806,#805);
#808=DIRECTION('',(0.E0,1.E0,0.E0));
#809=VECTOR('',#808,4.3E-1);
#810=CARTESIAN_POINT('',(1.855E0,-8.5E-1,-4.4E0));
#811=LINE('',#810,#809);
#812=DIRECTION('',(1.E0,0.E0,0.E0));
#813=VECTOR('',#812,2.E-1);
#814=CARTESIAN_POINT('',(1.655E0,-8.5E-1,-4.4E0));
#815=LINE('',#814,#813);
#816=DIRECTION('',(0.E0,1.E0,0.E0));
#817=VECTOR('',#816,4.3E-1);
#818=CARTESIAN_POINT('',(1.655E0,-8.5E-1,-4.4E0));
#819=LINE('',#818,#817);
#820=DIRECTION('',(1.E0,0.E0,0.E0));
#821=VECTOR('',#820,2.E-1);
#822=CARTESIAN_POINT('',(1.655E0,-4.2E-1,-4.4E0));
#823=LINE('',#822,#821);
#824=DIRECTION('',(0.E0,1.E0,0.E0));
#825=VECTOR('',#824,4.3E-1);
#826=CARTESIAN_POINT('',(1.355E0,-8.5E-1,-4.4E0));
#827=LINE('',#826,#825);
#828=DIRECTION('',(1.E0,0.E0,0.E0));
#829=VECTOR('',#828,2.E-1);
#830=CARTESIAN_POINT('',(1.155E0,-8.5E-1,-4.4E0));
#831=LINE('',#830,#829);
#832=DIRECTION('',(0.E0,1.E0,0.E0));
#833=VECTOR('',#832,4.3E-1);
#834=CARTESIAN_POINT('',(1.155E0,-8.5E-1,-4.4E0));
#835=LINE('',#834,#833);
#836=DIRECTION('',(1.E0,0.E0,0.E0));
#837=VECTOR('',#836,2.E-1);
#838=CARTESIAN_POINT('',(1.155E0,-4.2E-1,-4.4E0));
#839=LINE('',#838,#837);
#840=DIRECTION('',(0.E0,1.E0,0.E0));
#841=VECTOR('',#840,4.3E-1);
#842=CARTESIAN_POINT('',(8.55E-1,-8.5E-1,-4.4E0));
#843=LINE('',#842,#841);
#844=DIRECTION('',(1.E0,0.E0,0.E0));
#845=VECTOR('',#844,2.E-1);
#846=CARTESIAN_POINT('',(6.55E-1,-8.5E-1,-4.4E0));
#847=LINE('',#846,#845);
#848=DIRECTION('',(0.E0,1.E0,0.E0));
#849=VECTOR('',#848,4.3E-1);
#850=CARTESIAN_POINT('',(6.55E-1,-8.5E-1,-4.4E0));
#851=LINE('',#850,#849);
#852=DIRECTION('',(1.E0,0.E0,0.E0));
#853=VECTOR('',#852,2.E-1);
#854=CARTESIAN_POINT('',(6.55E-1,-4.2E-1,-4.4E0));
#855=LINE('',#854,#853);
#856=DIRECTION('',(0.E0,1.E0,0.E0));
#857=VECTOR('',#856,4.3E-1);
#858=CARTESIAN_POINT('',(3.55E-1,-8.5E-1,-4.4E0));
#859=LINE('',#858,#857);
#860=DIRECTION('',(1.E0,0.E0,0.E0));
#861=VECTOR('',#860,2.E-1);
#862=CARTESIAN_POINT('',(1.55E-1,-8.5E-1,-4.4E0));
#863=LINE('',#862,#861);
#864=DIRECTION('',(0.E0,1.E0,0.E0));
#865=VECTOR('',#864,4.3E-1);
#866=CARTESIAN_POINT('',(1.55E-1,-8.5E-1,-4.4E0));
#867=LINE('',#866,#865);
#868=DIRECTION('',(1.E0,0.E0,0.E0));
#869=VECTOR('',#868,2.E-1);
#870=CARTESIAN_POINT('',(1.55E-1,-4.2E-1,-4.4E0));
#871=LINE('',#870,#869);
#872=DIRECTION('',(0.E0,1.E0,0.E0));
#873=VECTOR('',#872,4.3E-1);
#874=CARTESIAN_POINT('',(-1.45E-1,-8.5E-1,-4.4E0));
#875=LINE('',#874,#873);
#876=DIRECTION('',(1.E0,0.E0,0.E0));
#877=VECTOR('',#876,2.E-1);
#878=CARTESIAN_POINT('',(-3.45E-1,-8.5E-1,-4.4E0));
#879=LINE('',#878,#877);
#880=DIRECTION('',(0.E0,1.E0,0.E0));
#881=VECTOR('',#880,4.3E-1);
#882=CARTESIAN_POINT('',(-3.45E-1,-8.5E-1,-4.4E0));
#883=LINE('',#882,#881);
#884=DIRECTION('',(1.E0,0.E0,0.E0));
#885=VECTOR('',#884,2.E-1);
#886=CARTESIAN_POINT('',(-3.45E-1,-4.2E-1,-4.4E0));
#887=LINE('',#886,#885);
#888=DIRECTION('',(0.E0,1.E0,0.E0));
#889=VECTOR('',#888,4.3E-1);
#890=CARTESIAN_POINT('',(-6.45E-1,-8.5E-1,-4.4E0));
#891=LINE('',#890,#889);
#892=DIRECTION('',(1.E0,0.E0,0.E0));
#893=VECTOR('',#892,2.E-1);
#894=CARTESIAN_POINT('',(-8.45E-1,-8.5E-1,-4.4E0));
#895=LINE('',#894,#893);
#896=DIRECTION('',(0.E0,1.E0,0.E0));
#897=VECTOR('',#896,4.3E-1);
#898=CARTESIAN_POINT('',(-8.45E-1,-8.5E-1,-4.4E0));
#899=LINE('',#898,#897);
#900=DIRECTION('',(1.E0,0.E0,0.E0));
#901=VECTOR('',#900,2.E-1);
#902=CARTESIAN_POINT('',(-8.45E-1,-4.2E-1,-4.4E0));
#903=LINE('',#902,#901);
#904=DIRECTION('',(0.E0,1.E0,0.E0));
#905=VECTOR('',#904,4.3E-1);
#906=CARTESIAN_POINT('',(-1.145E0,-8.5E-1,-4.4E0));
#907=LINE('',#906,#905);
#908=DIRECTION('',(1.E0,0.E0,0.E0));
#909=VECTOR('',#908,2.E-1);
#910=CARTESIAN_POINT('',(-1.345E0,-8.5E-1,-4.4E0));
#911=LINE('',#910,#909);
#912=DIRECTION('',(0.E0,1.E0,0.E0));
#913=VECTOR('',#912,4.3E-1);
#914=CARTESIAN_POINT('',(-1.345E0,-8.5E-1,-4.4E0));
#915=LINE('',#914,#913);
#916=DIRECTION('',(1.E0,0.E0,0.E0));
#917=VECTOR('',#916,2.E-1);
#918=CARTESIAN_POINT('',(-1.345E0,-4.2E-1,-4.4E0));
#919=LINE('',#918,#917);
#920=DIRECTION('',(0.E0,1.E0,0.E0));
#921=VECTOR('',#920,4.3E-1);
#922=CARTESIAN_POINT('',(-1.645E0,-8.5E-1,-4.4E0));
#923=LINE('',#922,#921);
#924=DIRECTION('',(1.E0,0.E0,0.E0));
#925=VECTOR('',#924,2.E-1);
#926=CARTESIAN_POINT('',(-1.845E0,-8.5E-1,-4.4E0));
#927=LINE('',#926,#925);
#928=DIRECTION('',(0.E0,1.E0,0.E0));
#929=VECTOR('',#928,4.3E-1);
#930=CARTESIAN_POINT('',(-1.845E0,-8.5E-1,-4.4E0));
#931=LINE('',#930,#929);
#932=DIRECTION('',(1.E0,0.E0,0.E0));
#933=VECTOR('',#932,2.E-1);
#934=CARTESIAN_POINT('',(-1.845E0,-4.2E-1,-4.4E0));
#935=LINE('',#934,#933);
#936=DIRECTION('',(0.E0,1.E0,0.E0));
#937=VECTOR('',#936,4.3E-1);
#938=CARTESIAN_POINT('',(-2.145E0,-8.5E-1,-4.4E0));
#939=LINE('',#938,#937);
#940=DIRECTION('',(1.E0,0.E0,0.E0));
#941=VECTOR('',#940,2.E-1);
#942=CARTESIAN_POINT('',(-2.345E0,-8.5E-1,-4.4E0));
#943=LINE('',#942,#941);
#944=DIRECTION('',(0.E0,1.E0,0.E0));
#945=VECTOR('',#944,4.3E-1);
#946=CARTESIAN_POINT('',(-2.345E0,-8.5E-1,-4.4E0));
#947=LINE('',#946,#945);
#948=DIRECTION('',(1.E0,0.E0,0.E0));
#949=VECTOR('',#948,2.E-1);
#950=CARTESIAN_POINT('',(-2.345E0,-4.2E-1,-4.4E0));
#951=LINE('',#950,#949);
#952=DIRECTION('',(0.E0,1.E0,0.E0));
#953=VECTOR('',#952,4.3E-1);
#954=CARTESIAN_POINT('',(-2.645E0,-8.5E-1,-4.4E0));
#955=LINE('',#954,#953);
#956=DIRECTION('',(1.E0,0.E0,0.E0));
#957=VECTOR('',#956,2.E-1);
#958=CARTESIAN_POINT('',(-2.845E0,-8.5E-1,-4.4E0));
#959=LINE('',#958,#957);
#960=DIRECTION('',(0.E0,1.E0,0.E0));
#961=VECTOR('',#960,4.3E-1);
#962=CARTESIAN_POINT('',(-2.845E0,-8.5E-1,-4.4E0));
#963=LINE('',#962,#961);
#964=DIRECTION('',(1.E0,0.E0,0.E0));
#965=VECTOR('',#964,2.E-1);
#966=CARTESIAN_POINT('',(-2.845E0,-4.2E-1,-4.4E0));
#967=LINE('',#966,#965);
#968=DIRECTION('',(0.E0,1.E0,0.E0));
#969=VECTOR('',#968,4.3E-1);
#970=CARTESIAN_POINT('',(-3.145E0,-8.5E-1,-4.4E0));
#971=LINE('',#970,#969);
#972=DIRECTION('',(1.E0,0.E0,0.E0));
#973=VECTOR('',#972,2.E-1);
#974=CARTESIAN_POINT('',(-3.345E0,-8.5E-1,-4.4E0));
#975=LINE('',#974,#973);
#976=DIRECTION('',(0.E0,1.E0,0.E0));
#977=VECTOR('',#976,4.3E-1);
#978=CARTESIAN_POINT('',(-3.345E0,-8.5E-1,-4.4E0));
#979=LINE('',#978,#977);
#980=DIRECTION('',(1.E0,0.E0,0.E0));
#981=VECTOR('',#980,2.E-1);
#982=CARTESIAN_POINT('',(-3.345E0,-4.2E-1,-4.4E0));
#983=LINE('',#982,#981);
#984=DIRECTION('',(0.E0,1.E0,0.E0));
#985=VECTOR('',#984,4.3E-1);
#986=CARTESIAN_POINT('',(-3.645E0,-8.5E-1,-4.4E0));
#987=LINE('',#986,#985);
#988=DIRECTION('',(1.E0,0.E0,0.E0));
#989=VECTOR('',#988,2.E-1);
#990=CARTESIAN_POINT('',(-3.845E0,-8.5E-1,-4.4E0));
#991=LINE('',#990,#989);
#992=DIRECTION('',(0.E0,1.E0,0.E0));
#993=VECTOR('',#992,4.3E-1);
#994=CARTESIAN_POINT('',(-3.845E0,-8.5E-1,-4.4E0));
#995=LINE('',#994,#993);
#996=DIRECTION('',(1.E0,0.E0,0.E0));
#997=VECTOR('',#996,2.E-1);
#998=CARTESIAN_POINT('',(-3.845E0,-4.2E-1,-4.4E0));
#999=LINE('',#998,#997);
#1000=DIRECTION('',(0.E0,1.E0,0.E0));
#1001=VECTOR('',#1000,4.3E-1);
#1002=CARTESIAN_POINT('',(-4.145E0,-8.5E-1,-4.4E0));
#1003=LINE('',#1002,#1001);
#1004=DIRECTION('',(1.E0,0.E0,0.E0));
#1005=VECTOR('',#1004,2.E-1);
#1006=CARTESIAN_POINT('',(-4.345E0,-8.5E-1,-4.4E0));
#1007=LINE('',#1006,#1005);
#1008=DIRECTION('',(0.E0,1.E0,0.E0));
#1009=VECTOR('',#1008,4.3E-1);
#1010=CARTESIAN_POINT('',(-4.345E0,-8.5E-1,-4.4E0));
#1011=LINE('',#1010,#1009);
#1012=DIRECTION('',(1.E0,0.E0,0.E0));
#1013=VECTOR('',#1012,2.E-1);
#1014=CARTESIAN_POINT('',(-4.345E0,-4.2E-1,-4.4E0));
#1015=LINE('',#1014,#1013);
#1016=DIRECTION('',(0.E0,1.E0,0.E0));
#1017=VECTOR('',#1016,4.3E-1);
#1018=CARTESIAN_POINT('',(-4.645E0,-8.5E-1,-4.4E0));
#1019=LINE('',#1018,#1017);
#1020=DIRECTION('',(1.E0,0.E0,0.E0));
#1021=VECTOR('',#1020,2.E-1);
#1022=CARTESIAN_POINT('',(-4.845E0,-8.5E-1,-4.4E0));
#1023=LINE('',#1022,#1021);
#1024=DIRECTION('',(0.E0,1.E0,0.E0));
#1025=VECTOR('',#1024,4.3E-1);
#1026=CARTESIAN_POINT('',(-4.845E0,-8.5E-1,-4.4E0));
#1027=LINE('',#1026,#1025);
#1028=DIRECTION('',(1.E0,0.E0,0.E0));
#1029=VECTOR('',#1028,2.E-1);
#1030=CARTESIAN_POINT('',(-4.845E0,-4.2E-1,-4.4E0));
#1031=LINE('',#1030,#1029);
#1032=DIRECTION('',(0.E0,1.E0,0.E0));
#1033=VECTOR('',#1032,4.3E-1);
#1034=CARTESIAN_POINT('',(-5.145E0,-8.5E-1,-4.4E0));
#1035=LINE('',#1034,#1033);
#1036=DIRECTION('',(1.E0,0.E0,0.E0));
#1037=VECTOR('',#1036,2.E-1);
#1038=CARTESIAN_POINT('',(-5.345E0,-8.5E-1,-4.4E0));
#1039=LINE('',#1038,#1037);
#1040=DIRECTION('',(0.E0,1.E0,0.E0));
#1041=VECTOR('',#1040,4.3E-1);
#1042=CARTESIAN_POINT('',(-5.345E0,-8.5E-1,-4.4E0));
#1043=LINE('',#1042,#1041);
#1044=DIRECTION('',(1.E0,0.E0,0.E0));
#1045=VECTOR('',#1044,2.E-1);
#1046=CARTESIAN_POINT('',(-5.345E0,-4.2E-1,-4.4E0));
#1047=LINE('',#1046,#1045);
#1048=DIRECTION('',(0.E0,1.E0,0.E0));
#1049=VECTOR('',#1048,3.3E-1);
#1050=CARTESIAN_POINT('',(-5.8E0,-8.3E-1,-1.49E0));
#1051=LINE('',#1050,#1049);
#1052=DIRECTION('',(0.E0,1.643934402268E-1,-9.863948483292E-1));
#1053=VECTOR('',#1052,1.480137495115E0);
#1054=CARTESIAN_POINT('',(-5.8E0,-6.999913303055E-1,1.E-2));
#1055=LINE('',#1054,#1053);
#1056=DIRECTION('',(0.E0,-1.E0,0.E0));
#1057=VECTOR('',#1056,3.000086696945E-1);
#1058=CARTESIAN_POINT('',(-5.8E0,-6.999913303055E-1,1.E-2));
#1059=LINE('',#1058,#1057);
#1060=DIRECTION('',(0.E0,1.E0,0.E0));
#1061=VECTOR('',#1060,1.83E0);
#1062=CARTESIAN_POINT('',(-5.8E0,-1.E0,-4.25E0));
#1063=LINE('',#1062,#1061);
#1064=DIRECTION('',(0.E0,0.E0,-1.E0));
#1065=VECTOR('',#1064,1.05E0);
#1066=CARTESIAN_POINT('',(-5.8E0,2.8E-1,-2.55E0));
#1067=LINE('',#1066,#1065);
#1068=DIRECTION('',(0.E0,1.E0,0.E0));
#1069=VECTOR('',#1068,3.E-1);
#1070=CARTESIAN_POINT('',(-5.8E0,-1.7E-1,-3.75E0));
#1071=LINE('',#1070,#1069);
#1072=DIRECTION('',(0.E0,0.E0,-1.E0));
#1073=VECTOR('',#1072,2.1E-1);
#1074=CARTESIAN_POINT('',(-5.8E0,-3.2E-1,-3.39E0));
#1075=LINE('',#1074,#1073);
#1076=DIRECTION('',(0.E0,1.E0,0.E0));
#1077=VECTOR('',#1076,1.3E-1);
#1078=CARTESIAN_POINT('',(-5.8E0,-4.5E-1,-3.39E0));
#1079=LINE('',#1078,#1077);
#1080=DIRECTION('',(0.E0,0.E0,-1.E0));
#1081=VECTOR('',#1080,8.4E-1);
#1082=CARTESIAN_POINT('',(-5.8E0,-4.5E-1,-2.55E0));
#1083=LINE('',#1082,#1081);
#1084=DIRECTION('',(0.E0,0.E0,1.E0));
#1085=VECTOR('',#1084,9.E-1);
#1086=CARTESIAN_POINT('',(-6.265E0,-8.3E-1,-2.55E0));
#1087=LINE('',#1086,#1085);
#1088=DIRECTION('',(1.E0,0.E0,0.E0));
#1089=VECTOR('',#1088,1.055E0);
#1090=CARTESIAN_POINT('',(-7.37E0,-8.3E-1,-1.6E0));
#1091=LINE('',#1090,#1089);
#1092=DIRECTION('',(0.E0,0.E0,-1.E0));
#1093=VECTOR('',#1092,1.1E-1);
#1094=CARTESIAN_POINT('',(-7.37E0,-8.3E-1,-1.49E0));
#1095=LINE('',#1094,#1093);
#1096=DIRECTION('',(1.E0,0.E0,0.E0));
#1097=VECTOR('',#1096,1.57E0);
#1098=CARTESIAN_POINT('',(-7.37E0,-8.3E-1,-1.49E0));
#1099=LINE('',#1098,#1097);
#1100=DIRECTION('',(0.E0,0.E0,1.E0));
#1101=VECTOR('',#1100,1.06E0);
#1102=CARTESIAN_POINT('',(-5.8E0,-8.3E-1,-2.55E0));
#1103=LINE('',#1102,#1101);
#1104=DIRECTION('',(0.E0,0.E0,1.E0));
#1105=VECTOR('',#1104,5.E-2);
#1106=CARTESIAN_POINT('',(-6.18E0,-8.3E-1,-2.6E0));
#1107=LINE('',#1106,#1105);
#1108=DIRECTION('',(1.E0,0.E0,0.E0));
#1109=VECTOR('',#1108,3.5E-2);
#1110=CARTESIAN_POINT('',(-6.215E0,-8.3E-1,-2.6E0));
#1111=LINE('',#1110,#1109);
#1112=CARTESIAN_POINT('',(-6.215E0,-8.3E-1,-2.55E0));
#1113=DIRECTION('',(0.E0,-1.E0,0.E0));
#1114=DIRECTION('',(-1.E0,0.E0,0.E0));
#1115=AXIS2_PLACEMENT_3D('',#1112,#1113,#1114);
#1117=DIRECTION('',(-1.E0,0.E0,0.E0));
#1118=VECTOR('',#1117,1.055E0);
#1119=CARTESIAN_POINT('',(7.37E0,-8.3E-1,-1.6E0));
#1120=LINE('',#1119,#1118);
#1121=DIRECTION('',(0.E0,0.E0,1.E0));
#1122=VECTOR('',#1121,9.E-1);
#1123=CARTESIAN_POINT('',(6.265E0,-8.3E-1,-2.55E0));
#1124=LINE('',#1123,#1122);
#1125=CARTESIAN_POINT('',(6.215E0,-8.3E-1,-2.55E0));
#1126=DIRECTION('',(0.E0,-1.E0,0.E0));
#1127=DIRECTION('',(0.E0,0.E0,-1.E0));
#1128=AXIS2_PLACEMENT_3D('',#1125,#1126,#1127);
#1130=DIRECTION('',(1.E0,0.E0,0.E0));
#1131=VECTOR('',#1130,3.5E-2);
#1132=CARTESIAN_POINT('',(6.18E0,-8.3E-1,-2.6E0));
#1133=LINE('',#1132,#1131);
#1134=DIRECTION('',(1.776356839400E-14,0.E0,-1.E0));
#1135=VECTOR('',#1134,5.E-2);
#1136=CARTESIAN_POINT('',(6.18E0,-8.3E-1,-2.55E0));
#1137=LINE('',#1136,#1135);
#1138=DIRECTION('',(0.E0,0.E0,1.E0));
#1139=VECTOR('',#1138,1.06E0);
#1140=CARTESIAN_POINT('',(5.8E0,-8.3E-1,-2.55E0));
#1141=LINE('',#1140,#1139);
#1142=DIRECTION('',(-1.E0,0.E0,0.E0));
#1143=VECTOR('',#1142,1.57E0);
#1144=CARTESIAN_POINT('',(7.37E0,-8.3E-1,-1.49E0));
#1145=LINE('',#1144,#1143);
#1146=DIRECTION('',(0.E0,-1.E0,0.E0));
#1147=VECTOR('',#1146,2.E-1);
#1148=CARTESIAN_POINT('',(-6.265E0,-8.3E-1,-1.65E0));
#1149=LINE('',#1148,#1147);
#1150=DIRECTION('',(0.E0,1.E0,0.E0));
#1151=VECTOR('',#1150,2.E-1);
#1152=CARTESIAN_POINT('',(-6.265E0,-1.03E0,-2.55E0));
#1153=LINE('',#1152,#1151);
#1154=CARTESIAN_POINT('',(-6.315E0,-8.3E-1,-1.65E0));
#1155=DIRECTION('',(0.E0,1.E0,0.E0));
#1156=DIRECTION('',(0.E0,0.E0,1.E0));
#1157=AXIS2_PLACEMENT_3D('',#1154,#1155,#1156);
#1159=DIRECTION('',(0.E0,-1.E0,0.E0));
#1160=VECTOR('',#1159,2.E-1);
#1161=CARTESIAN_POINT('',(-7.465E0,-8.3E-1,-1.6E0));
#1162=LINE('',#1161,#1160);
#1163=DIRECTION('',(0.E0,-1.E0,0.E0));
#1164=VECTOR('',#1163,2.E-1);
#1165=CARTESIAN_POINT('',(-6.315E0,-8.3E-1,-1.6E0));
#1166=LINE('',#1165,#1164);
#1167=DIRECTION('',(0.E0,0.E0,-1.E0));
#1168=VECTOR('',#1167,1.8E0);
#1169=CARTESIAN_POINT('',(-6.166E0,-8.3E-1,-2.6E0));
#1170=LINE('',#1169,#1168);
#1171=CARTESIAN_POINT('',(7.465E0,-8.3E-1,-1.7E0));
#1172=DIRECTION('',(0.E0,1.E0,0.E0));
#1173=DIRECTION('',(0.E0,0.E0,1.E0));
#1174=AXIS2_PLACEMENT_3D('',#1171,#1172,#1173);
#1176=DIRECTION('',(-1.E0,0.E0,0.E0));
#1177=VECTOR('',#1176,9.5E-2);
#1178=CARTESIAN_POINT('',(7.465E0,-8.3E-1,-1.6E0));
#1179=LINE('',#1178,#1177);
#1180=DIRECTION('',(0.E0,0.E0,-1.E0));
#1181=VECTOR('',#1180,2.8E0);
#1182=CARTESIAN_POINT('',(7.37E0,-8.3E-1,-1.6E0));
#1183=LINE('',#1182,#1181);
#1184=CARTESIAN_POINT('',(7.465E0,-8.3E-1,-4.3E0));
#1185=DIRECTION('',(0.E0,1.E0,0.E0));
#1186=DIRECTION('',(1.E0,0.E0,0.E0));
#1187=AXIS2_PLACEMENT_3D('',#1184,#1185,#1186);
#1189=DIRECTION('',(7.071067811866E-1,0.E0,-7.071067811865E-1));
#1190=VECTOR('',#1189,2.121320343560E-1);
#1191=CARTESIAN_POINT('',(7.415E0,-8.3E-1,-2.55E0));
#1192=LINE('',#1191,#1190);
#1193=DIRECTION('',(0.E0,0.E0,-1.E0));
#1194=VECTOR('',#1193,4.E-1);
#1195=CARTESIAN_POINT('',(7.415E0,-8.3E-1,-2.15E0));
#1196=LINE('',#1195,#1194);
#1197=DIRECTION('',(-7.071067811865E-1,0.E0,-7.071067811865E-1));
#1198=VECTOR('',#1197,2.121320343560E-1);
#1199=CARTESIAN_POINT('',(7.565E0,-8.3E-1,-2.E0));
#1200=LINE('',#1199,#1198);
#1201=CARTESIAN_POINT('',(-7.465E0,-8.3E-1,-4.3E0));
#1202=DIRECTION('',(0.E0,1.E0,0.E0));
#1203=DIRECTION('',(0.E0,0.E0,-1.E0));
#1204=AXIS2_PLACEMENT_3D('',#1201,#1202,#1203);
#1206=DIRECTION('',(0.E0,0.E0,1.E0));
#1207=VECTOR('',#1206,2.8E0);
#1208=CARTESIAN_POINT('',(-7.37E0,-8.3E-1,-4.4E0));
#1209=LINE('',#1208,#1207);
#1210=DIRECTION('',(-1.E0,0.E0,0.E0));
#1211=VECTOR('',#1210,9.5E-2);
#1212=CARTESIAN_POINT('',(-7.37E0,-8.3E-1,-1.6E0));
#1213=LINE('',#1212,#1211);
#1214=CARTESIAN_POINT('',(-7.465E0,-8.3E-1,-1.7E0));
#1215=DIRECTION('',(0.E0,1.E0,0.E0));
#1216=DIRECTION('',(-1.E0,0.E0,0.E0));
#1217=AXIS2_PLACEMENT_3D('',#1214,#1215,#1216);
#1219=DIRECTION('',(-7.071067811865E-1,0.E0,7.071067811865E-1));
#1220=VECTOR('',#1219,2.121320343560E-1);
#1221=CARTESIAN_POINT('',(-7.415E0,-8.3E-1,-2.15E0));
#1222=LINE('',#1221,#1220);
#1223=DIRECTION('',(0.E0,0.E0,1.E0));
#1224=VECTOR('',#1223,4.E-1);
#1225=CARTESIAN_POINT('',(-7.415E0,-8.3E-1,-2.55E0));
#1226=LINE('',#1225,#1224);
#1227=DIRECTION('',(7.071067811865E-1,0.E0,7.071067811865E-1));
#1228=VECTOR('',#1227,2.121320343560E-1);
#1229=CARTESIAN_POINT('',(-7.565E0,-8.3E-1,-2.7E0));
#1230=LINE('',#1229,#1228);
#1231=DIRECTION('',(0.E0,0.E0,-1.E0));
#1232=VECTOR('',#1231,1.8E0);
#1233=CARTESIAN_POINT('',(-6.015E0,-6.79E-1,-2.6E0));
#1234=LINE('',#1233,#1232);
#1235=DIRECTION('',(0.E0,0.E0,-1.E0));
#1236=VECTOR('',#1235,6.980196097281E-1);
#1237=CARTESIAN_POINT('',(-6.015E0,-2.8E-1,-3.701980390272E0));
#1238=LINE('',#1237,#1236);
#1239=DIRECTION('',(0.E0,1.E0,0.E0));
#1240=VECTOR('',#1239,2.E-1);
#1241=CARTESIAN_POINT('',(-6.215E0,-1.03E0,-2.6E0));
#1242=LINE('',#1241,#1240);
#1243=DIRECTION('',(1.E0,0.E0,0.E0));
#1244=VECTOR('',#1243,1.4E-2);
#1245=CARTESIAN_POINT('',(-6.18E0,-8.3E-1,-2.6E0));
#1246=LINE('',#1245,#1244);
#1247=CARTESIAN_POINT('',(-6.166E0,-6.79E-1,-2.6E0));
#1248=DIRECTION('',(0.E0,0.E0,1.E0));
#1249=DIRECTION('',(0.E0,-1.E0,0.E0));
#1250=AXIS2_PLACEMENT_3D('',#1247,#1248,#1249);
#1252=DIRECTION('',(0.E0,1.E0,0.E0));
#1253=VECTOR('',#1252,3.59E-1);
#1254=CARTESIAN_POINT('',(-6.015E0,-6.79E-1,-2.6E0));
#1255=LINE('',#1254,#1253);
#1256=DIRECTION('',(0.E0,-1.E0,0.E0));
#1257=VECTOR('',#1256,3.59E-1);
#1258=CARTESIAN_POINT('',(-5.815E0,-3.2E-1,-2.6E0));
#1259=LINE('',#1258,#1257);
#1260=CARTESIAN_POINT('',(-6.166E0,-6.79E-1,-2.6E0));
#1261=DIRECTION('',(0.E0,0.E0,-1.E0));
#1262=DIRECTION('',(1.E0,0.E0,0.E0));
#1263=AXIS2_PLACEMENT_3D('',#1260,#1261,#1262);
#1265=DIRECTION('',(-1.E0,0.E0,0.E0));
#1266=VECTOR('',#1265,4.9E-2);
#1267=CARTESIAN_POINT('',(-6.166E0,-1.03E0,-2.6E0));
#1268=LINE('',#1267,#1266);
#1269=DIRECTION('',(0.E0,-1.E0,0.E0));
#1270=VECTOR('',#1269,2.E-1);
#1271=CARTESIAN_POINT('',(6.215E0,-8.3E-1,-2.6E0));
#1272=LINE('',#1271,#1270);
#1273=DIRECTION('',(-1.E0,0.E0,0.E0));
#1274=VECTOR('',#1273,4.9E-2);
#1275=CARTESIAN_POINT('',(6.215E0,-1.03E0,-2.6E0));
#1276=LINE('',#1275,#1274);
#1277=CARTESIAN_POINT('',(6.166E0,-6.79E-1,-2.6E0));
#1278=DIRECTION('',(0.E0,0.E0,-1.E0));
#1279=DIRECTION('',(0.E0,-1.E0,0.E0));
#1280=AXIS2_PLACEMENT_3D('',#1277,#1278,#1279);
#1282=DIRECTION('',(0.E0,1.E0,0.E0));
#1283=VECTOR('',#1282,3.59E-1);
#1284=CARTESIAN_POINT('',(5.815E0,-6.79E-1,-2.6E0));
#1285=LINE('',#1284,#1283);
#1286=DIRECTION('',(0.E0,-1.E0,0.E0));
#1287=VECTOR('',#1286,3.59E-1);
#1288=CARTESIAN_POINT('',(6.015E0,-3.2E-1,-2.6E0));
#1289=LINE('',#1288,#1287);
#1290=CARTESIAN_POINT('',(6.166E0,-6.79E-1,-2.6E0));
#1291=DIRECTION('',(0.E0,0.E0,1.E0));
#1292=DIRECTION('',(-1.E0,0.E0,0.E0));
#1293=AXIS2_PLACEMENT_3D('',#1290,#1291,#1292);
#1295=DIRECTION('',(1.E0,0.E0,0.E0));
#1296=VECTOR('',#1295,1.4E-2);
#1297=CARTESIAN_POINT('',(6.166E0,-8.3E-1,-2.6E0));
#1298=LINE('',#1297,#1296);
#1299=CARTESIAN_POINT('',(-6.215E0,-1.03E0,-2.55E0));
#1300=DIRECTION('',(0.E0,1.E0,0.E0));
#1301=DIRECTION('',(1.776356839400E-14,0.E0,-1.E0));
#1302=AXIS2_PLACEMENT_3D('',#1299,#1300,#1301);
#1304=CARTESIAN_POINT('',(7.465E0,-1.03E0,-1.7E0));
#1305=DIRECTION('',(0.E0,-1.E0,0.E0));
#1306=DIRECTION('',(1.E0,0.E0,0.E0));
#1307=AXIS2_PLACEMENT_3D('',#1304,#1305,#1306);
#1309=DIRECTION('',(0.E0,0.E0,-1.E0));
#1310=VECTOR('',#1309,3.E-1);
#1311=CARTESIAN_POINT('',(7.565E0,-1.03E0,-1.7E0));
#1312=LINE('',#1311,#1310);
#1313=DIRECTION('',(-7.071067811865E-1,0.E0,-7.071067811865E-1));
#1314=VECTOR('',#1313,2.121320343560E-1);
#1315=CARTESIAN_POINT('',(7.565E0,-1.03E0,-2.E0));
#1316=LINE('',#1315,#1314);
#1317=DIRECTION('',(0.E0,0.E0,-1.E0));
#1318=VECTOR('',#1317,4.E-1);
#1319=CARTESIAN_POINT('',(7.415E0,-1.03E0,-2.15E0));
#1320=LINE('',#1319,#1318);
#1321=DIRECTION('',(7.071067811866E-1,0.E0,-7.071067811865E-1));
#1322=VECTOR('',#1321,2.121320343560E-1);
#1323=CARTESIAN_POINT('',(7.415E0,-1.03E0,-2.55E0));
#1324=LINE('',#1323,#1322);
#1325=DIRECTION('',(0.E0,0.E0,-1.E0));
#1326=VECTOR('',#1325,1.6E0);
#1327=CARTESIAN_POINT('',(7.565E0,-1.03E0,-2.7E0));
#1328=LINE('',#1327,#1326);
#1329=CARTESIAN_POINT('',(7.465E0,-1.03E0,-4.3E0));
#1330=DIRECTION('',(0.E0,-1.E0,0.E0));
#1331=DIRECTION('',(0.E0,0.E0,-1.E0));
#1332=AXIS2_PLACEMENT_3D('',#1329,#1330,#1331);
#1334=DIRECTION('',(0.E0,0.E0,-1.E0));
#1335=VECTOR('',#1334,1.8E0);
#1336=CARTESIAN_POINT('',(6.166E0,-1.03E0,-2.6E0));
#1337=LINE('',#1336,#1335);
#1338=DIRECTION('',(0.E0,0.E0,-1.E0));
#1339=VECTOR('',#1338,9.E-1);
#1340=CARTESIAN_POINT('',(6.265E0,-1.03E0,-1.65E0));
#1341=LINE('',#1340,#1339);
#1342=CARTESIAN_POINT('',(6.315E0,-1.03E0,-1.65E0));
#1343=DIRECTION('',(0.E0,-1.E0,0.E0));
#1344=DIRECTION('',(0.E0,0.E0,1.E0));
#1345=AXIS2_PLACEMENT_3D('',#1342,#1343,#1344);
#1347=DIRECTION('',(-1.E0,0.E0,0.E0));
#1348=VECTOR('',#1347,1.15E0);
#1349=CARTESIAN_POINT('',(7.465E0,-1.03E0,-1.6E0));
#1350=LINE('',#1349,#1348);
#1351=CARTESIAN_POINT('',(-7.465E0,-1.03E0,-4.3E0));
#1352=DIRECTION('',(0.E0,-1.E0,0.E0));
#1353=DIRECTION('',(-1.E0,0.E0,0.E0));
#1354=AXIS2_PLACEMENT_3D('',#1351,#1352,#1353);
#1356=DIRECTION('',(0.E0,0.E0,1.E0));
#1357=VECTOR('',#1356,1.6E0);
#1358=CARTESIAN_POINT('',(-7.565E0,-1.03E0,-4.3E0));
#1359=LINE('',#1358,#1357);
#1360=DIRECTION('',(7.071067811865E-1,0.E0,7.071067811865E-1));
#1361=VECTOR('',#1360,2.121320343560E-1);
#1362=CARTESIAN_POINT('',(-7.565E0,-1.03E0,-2.7E0));
#1363=LINE('',#1362,#1361);
#1364=DIRECTION('',(0.E0,0.E0,1.E0));
#1365=VECTOR('',#1364,4.E-1);
#1366=CARTESIAN_POINT('',(-7.415E0,-1.03E0,-2.55E0));
#1367=LINE('',#1366,#1365);
#1368=DIRECTION('',(-7.071067811866E-1,0.E0,7.071067811865E-1));
#1369=VECTOR('',#1368,2.121320343560E-1);
#1370=CARTESIAN_POINT('',(-7.415E0,-1.03E0,-2.15E0));
#1371=LINE('',#1370,#1369);
#1372=DIRECTION('',(0.E0,0.E0,1.E0));
#1373=VECTOR('',#1372,3.E-1);
#1374=CARTESIAN_POINT('',(-7.565E0,-1.03E0,-2.E0));
#1375=LINE('',#1374,#1373);
#1376=CARTESIAN_POINT('',(-7.465E0,-1.03E0,-1.7E0));
#1377=DIRECTION('',(0.E0,-1.E0,0.E0));
#1378=DIRECTION('',(0.E0,0.E0,1.E0));
#1379=AXIS2_PLACEMENT_3D('',#1376,#1377,#1378);
#1381=DIRECTION('',(-1.E0,0.E0,0.E0));
#1382=VECTOR('',#1381,1.15E0);
#1383=CARTESIAN_POINT('',(-6.315E0,-1.03E0,-1.6E0));
#1384=LINE('',#1383,#1382);
#1385=CARTESIAN_POINT('',(-6.315E0,-1.03E0,-1.65E0));
#1386=DIRECTION('',(0.E0,-1.E0,0.E0));
#1387=DIRECTION('',(1.E0,0.E0,0.E0));
#1388=AXIS2_PLACEMENT_3D('',#1385,#1386,#1387);
#1390=DIRECTION('',(0.E0,0.E0,1.E0));
#1391=VECTOR('',#1390,9.E-1);
#1392=CARTESIAN_POINT('',(-6.265E0,-1.03E0,-2.55E0));
#1393=LINE('',#1392,#1391);
#1394=DIRECTION('',(0.E0,-1.E0,0.E0));
#1395=VECTOR('',#1394,2.E-1);
#1396=CARTESIAN_POINT('',(7.565E0,-8.3E-1,-1.7E0));
#1397=LINE('',#1396,#1395);
#1398=DIRECTION('',(0.E0,0.E0,-1.E0));
#1399=VECTOR('',#1398,3.E-1);
#1400=CARTESIAN_POINT('',(7.565E0,-8.3E-1,-1.7E0));
#1401=LINE('',#1400,#1399);
#1402=DIRECTION('',(0.E0,-1.E0,0.E0));
#1403=VECTOR('',#1402,2.E-1);
#1404=CARTESIAN_POINT('',(7.565E0,-8.3E-1,-2.E0));
#1405=LINE('',#1404,#1403);
#1406=DIRECTION('',(0.E0,-1.E0,0.E0));
#1407=VECTOR('',#1406,2.E-1);
#1408=CARTESIAN_POINT('',(7.565E0,-8.3E-1,-4.3E0));
#1409=LINE('',#1408,#1407);
#1410=DIRECTION('',(0.E0,-1.E0,0.E0));
#1411=VECTOR('',#1410,2.E-1);
#1412=CARTESIAN_POINT('',(7.565E0,-8.3E-1,-2.7E0));
#1413=LINE('',#1412,#1411);
#1414=DIRECTION('',(0.E0,0.E0,-1.E0));
#1415=VECTOR('',#1414,1.6E0);
#1416=CARTESIAN_POINT('',(7.565E0,-8.3E-1,-2.7E0));
#1417=LINE('',#1416,#1415);
#1418=DIRECTION('',(0.E0,-1.E0,0.E0));
#1419=VECTOR('',#1418,2.E-1);
#1420=CARTESIAN_POINT('',(7.415E0,-8.3E-1,-2.15E0));
#1421=LINE('',#1420,#1419);
#1422=DIRECTION('',(0.E0,-1.E0,0.E0));
#1423=VECTOR('',#1422,2.E-1);
#1424=CARTESIAN_POINT('',(7.415E0,-8.3E-1,-2.55E0));
#1425=LINE('',#1424,#1423);
#1426=DIRECTION('',(0.E0,-1.E0,0.E0));
#1427=VECTOR('',#1426,2.E-1);
#1428=CARTESIAN_POINT('',(7.465E0,-8.3E-1,-1.6E0));
#1429=LINE('',#1428,#1427);
#1430=DIRECTION('',(0.E0,-1.E0,0.E0));
#1431=VECTOR('',#1430,2.E-1);
#1432=CARTESIAN_POINT('',(6.315E0,-8.3E-1,-1.6E0));
#1433=LINE('',#1432,#1431);
#1434=CARTESIAN_POINT('',(6.315E0,-8.3E-1,-1.65E0));
#1435=DIRECTION('',(0.E0,1.E0,0.E0));
#1436=DIRECTION('',(-1.E0,0.E0,0.E0));
#1437=AXIS2_PLACEMENT_3D('',#1434,#1435,#1436);
#1439=DIRECTION('',(0.E0,-1.E0,0.E0));
#1440=VECTOR('',#1439,2.E-1);
#1441=CARTESIAN_POINT('',(6.265E0,-8.3E-1,-1.65E0));
#1442=LINE('',#1441,#1440);
#1443=DIRECTION('',(0.E0,-1.E0,0.E0));
#1444=VECTOR('',#1443,2.E-1);
#1445=CARTESIAN_POINT('',(6.265E0,-8.3E-1,-2.55E0));
#1446=LINE('',#1445,#1444);
#1447=CARTESIAN_POINT('',(6.215E0,-1.03E0,-2.55E0));
#1448=DIRECTION('',(0.E0,1.E0,0.E0));
#1449=DIRECTION('',(1.E0,0.E0,0.E0));
#1450=AXIS2_PLACEMENT_3D('',#1447,#1448,#1449);
#1452=DIRECTION('',(0.E0,0.E0,-1.E0));
#1453=VECTOR('',#1452,1.8E0);
#1454=CARTESIAN_POINT('',(5.815E0,-6.79E-1,-2.6E0));
#1455=LINE('',#1454,#1453);
#1456=DIRECTION('',(0.E0,0.E0,-1.E0));
#1457=VECTOR('',#1456,6.980196097281E-1);
#1458=CARTESIAN_POINT('',(5.815E0,-2.8E-1,-3.701980390272E0));
#1459=LINE('',#1458,#1457);
#1460=DIRECTION('',(0.E0,0.E0,-1.E0));
#1461=VECTOR('',#1460,6.980196097281E-1);
#1462=CARTESIAN_POINT('',(6.015E0,-2.8E-1,-3.701980390272E0));
#1463=LINE('',#1462,#1461);
#1464=DIRECTION('',(0.E0,0.E0,-1.E0));
#1465=VECTOR('',#1464,1.8E0);
#1466=CARTESIAN_POINT('',(6.015E0,-6.79E-1,-2.6E0));
#1467=LINE('',#1466,#1465);
#1468=DIRECTION('',(-1.E0,0.E0,0.E0));
#1469=VECTOR('',#1468,2.E-1);
#1470=CARTESIAN_POINT('',(6.015E0,-3.2E-1,-2.6E0));
#1471=LINE('',#1470,#1469);
#1472=DIRECTION('',(0.E0,0.E0,1.E0));
#1473=VECTOR('',#1472,1.E0);
#1474=CARTESIAN_POINT('',(5.815E0,-3.2E-1,-3.6E0));
#1475=LINE('',#1474,#1473);
#1476=DIRECTION('',(-1.E0,0.E0,-2.960594732334E-14));
#1477=VECTOR('',#1476,1.5E-2);
#1478=CARTESIAN_POINT('',(5.815E0,-3.2E-1,-3.6E0));
#1479=LINE('',#1478,#1477);
#1480=DIRECTION('',(-1.E0,0.E0,2.960594732334E-14));
#1481=VECTOR('',#1480,1.5E-2);
#1482=CARTESIAN_POINT('',(6.03E0,-3.2E-1,-3.6E0));
#1483=LINE('',#1482,#1481);
#1484=DIRECTION('',(0.E0,0.E0,1.E0));
#1485=VECTOR('',#1484,1.E0);
#1486=CARTESIAN_POINT('',(6.015E0,-3.2E-1,-3.6E0));
#1487=LINE('',#1486,#1485);
#1488=CARTESIAN_POINT('',(6.015E0,-1.7E-1,-3.6E0));
#1489=DIRECTION('',(-1.E0,0.E0,0.E0));
#1490=DIRECTION('',(0.E0,-7.333333333333E-1,-6.798692684790E-1));
#1491=AXIS2_PLACEMENT_3D('',#1488,#1489,#1490);
#1493=CARTESIAN_POINT('',(6.03E0,-1.7E-1,-3.6E0));
#1494=DIRECTION('',(1.E0,0.E0,0.E0));
#1495=DIRECTION('',(0.E0,-1.E0,0.E0));
#1496=AXIS2_PLACEMENT_3D('',#1493,#1494,#1495);
#1498=CARTESIAN_POINT('',(5.8E0,-1.7E-1,-3.6E0));
#1499=DIRECTION('',(-1.E0,0.E0,0.E0));
#1500=DIRECTION('',(0.E0,0.E0,-1.E0));
#1501=AXIS2_PLACEMENT_3D('',#1498,#1499,#1500);
#1503=CARTESIAN_POINT('',(5.815E0,-1.7E-1,-3.6E0));
#1504=DIRECTION('',(-1.E0,0.E0,0.E0));
#1505=DIRECTION('',(0.E0,-7.333333333333E-1,-6.798692684790E-1));
#1506=AXIS2_PLACEMENT_3D('',#1503,#1504,#1505);
#1508=DIRECTION('',(-1.E0,0.E0,0.E0));
#1509=VECTOR('',#1508,2.E-1);
#1510=CARTESIAN_POINT('',(6.015E0,-2.8E-1,-3.701980390272E0));
#1511=LINE('',#1510,#1509);
#1512=DIRECTION('',(0.E0,1.E0,0.E0));
#1513=VECTOR('',#1512,3.E-1);
#1514=CARTESIAN_POINT('',(6.03E0,-1.7E-1,-3.75E0));
#1515=LINE('',#1514,#1513);
#1516=DIRECTION('',(0.E0,0.E0,-1.E0));
#1517=VECTOR('',#1516,1.05E0);
#1518=CARTESIAN_POINT('',(6.03E0,-3.2E-1,-2.55E0));
#1519=LINE('',#1518,#1517);
#1520=DIRECTION('',(0.E0,0.E0,-1.E0));
#1521=VECTOR('',#1520,1.7E0);
#1522=CARTESIAN_POINT('',(6.03E0,-6.8E-1,-2.55E0));
#1523=LINE('',#1522,#1521);
#1524=DIRECTION('',(0.E0,1.E0,0.E0));
#1525=VECTOR('',#1524,1.36E0);
#1526=CARTESIAN_POINT('',(6.03E0,-6.8E-1,-4.25E0));
#1527=LINE('',#1526,#1525);
#1528=DIRECTION('',(0.E0,0.E0,1.E0));
#1529=VECTOR('',#1528,1.7E0);
#1530=CARTESIAN_POINT('',(6.03E0,6.8E-1,-4.25E0));
#1531=LINE('',#1530,#1529);
#1532=DIRECTION('',(0.E0,0.E0,-1.E0));
#1533=VECTOR('',#1532,1.05E0);
#1534=CARTESIAN_POINT('',(6.03E0,2.8E-1,-2.55E0));
#1535=LINE('',#1534,#1533);
#1536=DIRECTION('',(1.E0,0.E0,0.E0));
#1537=VECTOR('',#1536,2.3E-1);
#1538=CARTESIAN_POINT('',(5.8E0,1.3E-1,-3.75E0));
#1539=LINE('',#1538,#1537);
#1540=DIRECTION('',(-1.E0,0.E0,0.E0));
#1541=VECTOR('',#1540,2.3E-1);
#1542=CARTESIAN_POINT('',(6.03E0,-1.7E-1,-3.75E0));
#1543=LINE('',#1542,#1541);
#1544=DIRECTION('',(-1.E0,0.E0,0.E0));
#1545=VECTOR('',#1544,2.3E-1);
#1546=CARTESIAN_POINT('',(-5.8E0,-1.7E-1,-3.75E0));
#1547=LINE('',#1546,#1545);
#1548=DIRECTION('',(1.E0,0.E0,0.E0));
#1549=VECTOR('',#1548,2.3E-1);
#1550=CARTESIAN_POINT('',(-6.03E0,1.3E-1,-3.75E0));
#1551=LINE('',#1550,#1549);
#1552=CARTESIAN_POINT('',(5.8E0,1.3E-1,-3.6E0));
#1553=DIRECTION('',(-1.E0,0.E0,0.E0));
#1554=DIRECTION('',(0.E0,1.E0,0.E0));
#1555=AXIS2_PLACEMENT_3D('',#1552,#1553,#1554);
#1557=CARTESIAN_POINT('',(6.03E0,1.3E-1,-3.6E0));
#1558=DIRECTION('',(1.E0,0.E0,0.E0));
#1559=DIRECTION('',(0.E0,0.E0,-1.E0));
#1560=AXIS2_PLACEMENT_3D('',#1557,#1558,#1559);
#1562=DIRECTION('',(0.E0,0.E0,-1.E0));
#1563=VECTOR('',#1562,8.4E-1);
#1564=CARTESIAN_POINT('',(5.8E0,-4.5E-1,-2.55E0));
#1565=LINE('',#1564,#1563);
#1566=DIRECTION('',(0.E0,1.E0,0.E0));
#1567=VECTOR('',#1566,1.3E-1);
#1568=CARTESIAN_POINT('',(5.8E0,-4.5E-1,-3.39E0));
#1569=LINE('',#1568,#1567);
#1570=DIRECTION('',(0.E0,0.E0,-1.E0));
#1571=VECTOR('',#1570,2.1E-1);
#1572=CARTESIAN_POINT('',(5.8E0,-3.2E-1,-3.39E0));
#1573=LINE('',#1572,#1571);
#1574=DIRECTION('',(0.E0,1.E0,0.E0));
#1575=VECTOR('',#1574,3.E-1);
#1576=CARTESIAN_POINT('',(5.8E0,-1.7E-1,-3.75E0));
#1577=LINE('',#1576,#1575);
#1578=DIRECTION('',(0.E0,0.E0,-1.E0));
#1579=VECTOR('',#1578,1.05E0);
#1580=CARTESIAN_POINT('',(5.8E0,2.8E-1,-2.55E0));
#1581=LINE('',#1580,#1579);
#1582=DIRECTION('',(0.E0,-1.E0,0.E0));
#1583=VECTOR('',#1582,1.83E0);
#1584=CARTESIAN_POINT('',(5.8E0,8.3E-1,-4.25E0));
#1585=LINE('',#1584,#1583);
#1586=DIRECTION('',(0.E0,0.E0,-1.E0));
#1587=VECTOR('',#1586,4.26E0);
#1588=CARTESIAN_POINT('',(5.8E0,-1.E0,1.E-2));
#1589=LINE('',#1588,#1587);
#1590=DIRECTION('',(0.E0,1.E0,0.E0));
#1591=VECTOR('',#1590,3.000086696945E-1);
#1592=CARTESIAN_POINT('',(5.8E0,-1.E0,1.E-2));
#1593=LINE('',#1592,#1591);
#1594=DIRECTION('',(0.E0,-1.643934402268E-1,9.863948483292E-1));
#1595=VECTOR('',#1594,1.480137495115E0);
#1596=CARTESIAN_POINT('',(5.8E0,-4.566664354748E-1,-1.45E0));
#1597=LINE('',#1596,#1595);
#1598=DIRECTION('',(1.E0,0.E0,0.E0));
#1599=VECTOR('',#1598,4.5E-2);
#1600=CARTESIAN_POINT('',(-5.845E0,-5.E-1,-1.45E0));
#1601=LINE('',#1600,#1599);
#1602=DIRECTION('',(0.E0,1.E0,0.E0));
#1603=VECTOR('',#1602,4.333356452519E-2);
#1604=CARTESIAN_POINT('',(-5.8E0,-5.E-1,-1.45E0));
#1605=LINE('',#1604,#1603);
#1606=DIRECTION('',(1.E0,0.E0,0.E0));
#1607=VECTOR('',#1606,4.5E-2);
#1608=CARTESIAN_POINT('',(5.8E0,-5.E-1,-1.45E0));
#1609=LINE('',#1608,#1607);
#1610=DIRECTION('',(0.E0,1.E0,0.E0));
#1611=VECTOR('',#1610,4.333356452519E-2);
#1612=CARTESIAN_POINT('',(5.8E0,-5.E-1,-1.45E0));
#1613=LINE('',#1612,#1611);
#1614=DIRECTION('',(1.E0,0.E0,0.E0));
#1615=VECTOR('',#1614,5.9E-1);
#1616=CARTESIAN_POINT('',(-6.39E0,-5.E-1,-1.49E0));
#1617=LINE('',#1616,#1615);
#1618=DIRECTION('',(-1.E0,0.E0,0.E0));
#1619=VECTOR('',#1618,5.45E-1);
#1620=CARTESIAN_POINT('',(-5.845E0,-5.E-1,-1.45E0));
#1621=LINE('',#1620,#1619);
#1622=DIRECTION('',(2.220446049250E-14,0.E0,1.E0));
#1623=VECTOR('',#1622,4.E-2);
#1624=CARTESIAN_POINT('',(-5.8E0,-5.E-1,-1.49E0));
#1625=LINE('',#1624,#1623);
#1626=DIRECTION('',(-1.E0,0.E0,0.E0));
#1627=VECTOR('',#1626,5.45E-1);
#1628=CARTESIAN_POINT('',(6.39E0,-5.E-1,-1.45E0));
#1629=LINE('',#1628,#1627);
#1630=DIRECTION('',(1.E0,0.E0,0.E0));
#1631=VECTOR('',#1630,5.9E-1);
#1632=CARTESIAN_POINT('',(5.8E0,-5.E-1,-1.49E0));
#1633=LINE('',#1632,#1631);
#1634=DIRECTION('',(0.E0,0.E0,-1.E0));
#1635=VECTOR('',#1634,4.E-2);
#1636=CARTESIAN_POINT('',(5.8E0,-5.E-1,-1.45E0));
#1637=LINE('',#1636,#1635);
#1638=DIRECTION('',(1.E0,0.E0,0.E0));
#1639=VECTOR('',#1638,9.8E-1);
#1640=CARTESIAN_POINT('',(-7.37E0,-5.E-1,-1.49E0));
#1641=LINE('',#1640,#1639);
#1642=DIRECTION('',(0.E0,0.E0,-1.E0));
#1643=VECTOR('',#1642,1.02E0);
#1644=CARTESIAN_POINT('',(-6.39E0,-5.E-1,-3.38E0));
#1645=LINE('',#1644,#1643);
#1646=DIRECTION('',(7.071067811865E-1,0.E0,-7.071067811866E-1));
#1647=VECTOR('',#1646,2.121320343560E-1);
#1648=CARTESIAN_POINT('',(-6.54E0,-5.E-1,-3.23E0));
#1649=LINE('',#1648,#1647);
#1650=DIRECTION('',(0.E0,0.E0,-1.E0));
#1651=VECTOR('',#1650,5.E-1);
#1652=CARTESIAN_POINT('',(-6.54E0,-5.E-1,-2.73E0));
#1653=LINE('',#1652,#1651);
#1654=DIRECTION('',(-6.839107002186E-1,0.E0,-7.295657298191E-1));
#1655=VECTOR('',#1654,2.193268798866E-1);
#1656=CARTESIAN_POINT('',(-6.39E0,-5.E-1,-2.569986624807E0));
#1657=LINE('',#1656,#1655);
#1658=DIRECTION('',(0.E0,0.E0,-1.E0));
#1659=VECTOR('',#1658,1.079986624807E0);
#1660=CARTESIAN_POINT('',(-6.39E0,-5.E-1,-1.49E0));
#1661=LINE('',#1660,#1659);
#1662=DIRECTION('',(-1.E0,0.E0,0.E0));
#1663=VECTOR('',#1662,9.8E-1);
#1664=CARTESIAN_POINT('',(7.37E0,-5.E-1,-1.49E0));
#1665=LINE('',#1664,#1663);
#1666=DIRECTION('',(0.E0,0.E0,1.E0));
#1667=VECTOR('',#1666,1.079986624807E0);
#1668=CARTESIAN_POINT('',(6.39E0,-5.E-1,-2.569986624807E0));
#1669=LINE('',#1668,#1667);
#1670=DIRECTION('',(-6.839107002186E-1,0.E0,7.295657298191E-1));
#1671=VECTOR('',#1670,2.193268798866E-1);
#1672=CARTESIAN_POINT('',(6.54E0,-5.E-1,-2.73E0));
#1673=LINE('',#1672,#1671);
#1674=DIRECTION('',(0.E0,0.E0,1.E0));
#1675=VECTOR('',#1674,5.E-1);
#1676=CARTESIAN_POINT('',(6.54E0,-5.E-1,-3.23E0));
#1677=LINE('',#1676,#1675);
#1678=DIRECTION('',(7.071067811865E-1,0.E0,7.071067811866E-1));
#1679=VECTOR('',#1678,2.121320343560E-1);
#1680=CARTESIAN_POINT('',(6.39E0,-5.E-1,-3.38E0));
#1681=LINE('',#1680,#1679);
#1682=DIRECTION('',(0.E0,0.E0,1.E0));
#1683=VECTOR('',#1682,1.02E0);
#1684=CARTESIAN_POINT('',(6.39E0,-5.E-1,-4.4E0));
#1685=LINE('',#1684,#1683);
#1686=DIRECTION('',(0.E0,1.E0,0.E0));
#1687=VECTOR('',#1686,1.E0);
#1688=CARTESIAN_POINT('',(-6.39E0,-5.E-1,-3.38E0));
#1689=LINE('',#1688,#1687);
#1690=DIRECTION('',(-1.E0,0.E0,0.E0));
#1691=VECTOR('',#1690,6.958395013055E-2);
#1692=CARTESIAN_POINT('',(6.459583950131E0,5.E-1,-1.49E0));
#1693=LINE('',#1692,#1691);
#1694=DIRECTION('',(-1.736481776669E-1,0.E0,9.848077530122E-1));
#1695=VECTOR('',#1694,1.217496507651E0);
#1696=CARTESIAN_POINT('',(6.671E0,5.E-1,-2.689E0));
#1697=LINE('',#1696,#1695);
#1698=DIRECTION('',(0.E0,0.E0,1.E0));
#1699=VECTOR('',#1698,6.E-1);
#1700=CARTESIAN_POINT('',(6.671E0,5.E-1,-3.289E0));
#1701=LINE('',#1700,#1699);
#1702=DIRECTION('',(7.071067811865E-1,0.E0,7.071067811865E-1));
#1703=VECTOR('',#1702,3.549676041556E-1);
#1704=CARTESIAN_POINT('',(6.42E0,5.E-1,-3.54E0));
#1705=LINE('',#1704,#1703);
#1706=DIRECTION('',(0.E0,0.E0,1.E0));
#1707=VECTOR('',#1706,4.E-1);
#1708=CARTESIAN_POINT('',(6.42E0,5.E-1,-3.94E0));
#1709=LINE('',#1708,#1707);
#1710=DIRECTION('',(-7.071067811865E-1,0.E0,7.071067811865E-1));
#1711=VECTOR('',#1710,5.939696961967E-1);
#1712=CARTESIAN_POINT('',(6.84E0,5.E-1,-4.36E0));
#1713=LINE('',#1712,#1711);
#1714=DIRECTION('',(-1.E0,0.E0,0.E0));
#1715=VECTOR('',#1714,5.3E-1);
#1716=CARTESIAN_POINT('',(7.37E0,5.E-1,-4.36E0));
#1717=LINE('',#1716,#1715);
#1718=DIRECTION('',(0.E0,0.E0,1.E0));
#1719=VECTOR('',#1718,1.02E0);
#1720=CARTESIAN_POINT('',(6.39E0,5.E-1,-4.4E0));
#1721=LINE('',#1720,#1719);
#1722=DIRECTION('',(7.071067811865E-1,0.E0,7.071067811866E-1));
#1723=VECTOR('',#1722,2.121320343560E-1);
#1724=CARTESIAN_POINT('',(6.39E0,5.E-1,-3.38E0));
#1725=LINE('',#1724,#1723);
#1726=DIRECTION('',(0.E0,0.E0,1.E0));
#1727=VECTOR('',#1726,5.E-1);
#1728=CARTESIAN_POINT('',(6.54E0,5.E-1,-3.23E0));
#1729=LINE('',#1728,#1727);
#1730=DIRECTION('',(-6.839107002186E-1,0.E0,7.295657298191E-1));
#1731=VECTOR('',#1730,2.193268798866E-1);
#1732=CARTESIAN_POINT('',(6.54E0,5.E-1,-2.73E0));
#1733=LINE('',#1732,#1731);
#1734=DIRECTION('',(0.E0,0.E0,1.E0));
#1735=VECTOR('',#1734,1.079986624807E0);
#1736=CARTESIAN_POINT('',(6.39E0,5.E-1,-2.569986624807E0));
#1737=LINE('',#1736,#1735);
#1738=DIRECTION('',(-1.E0,0.E0,0.E0));
#1739=VECTOR('',#1738,6.958395013055E-2);
#1740=CARTESIAN_POINT('',(-6.39E0,5.E-1,-1.49E0));
#1741=LINE('',#1740,#1739);
#1742=DIRECTION('',(0.E0,0.E0,-1.E0));
#1743=VECTOR('',#1742,1.079986624807E0);
#1744=CARTESIAN_POINT('',(-6.39E0,5.E-1,-1.49E0));
#1745=LINE('',#1744,#1743);
#1746=DIRECTION('',(-6.839107002186E-1,0.E0,-7.295657298191E-1));
#1747=VECTOR('',#1746,2.193268798866E-1);
#1748=CARTESIAN_POINT('',(-6.39E0,5.E-1,-2.569986624807E0));
#1749=LINE('',#1748,#1747);
#1750=DIRECTION('',(0.E0,0.E0,-1.E0));
#1751=VECTOR('',#1750,5.E-1);
#1752=CARTESIAN_POINT('',(-6.54E0,5.E-1,-2.73E0));
#1753=LINE('',#1752,#1751);
#1754=DIRECTION('',(7.071067811865E-1,0.E0,-7.071067811866E-1));
#1755=VECTOR('',#1754,2.121320343560E-1);
#1756=CARTESIAN_POINT('',(-6.54E0,5.E-1,-3.23E0));
#1757=LINE('',#1756,#1755);
#1758=DIRECTION('',(0.E0,0.E0,-1.E0));
#1759=VECTOR('',#1758,1.02E0);
#1760=CARTESIAN_POINT('',(-6.39E0,5.E-1,-3.38E0));
#1761=LINE('',#1760,#1759);
#1762=DIRECTION('',(1.E0,0.E0,0.E0));
#1763=VECTOR('',#1762,5.3E-1);
#1764=CARTESIAN_POINT('',(-7.37E0,5.E-1,-4.36E0));
#1765=LINE('',#1764,#1763);
#1766=DIRECTION('',(-7.071067811865E-1,0.E0,-7.071067811865E-1));
#1767=VECTOR('',#1766,5.939696961967E-1);
#1768=CARTESIAN_POINT('',(-6.42E0,5.E-1,-3.94E0));
#1769=LINE('',#1768,#1767);
#1770=DIRECTION('',(0.E0,0.E0,-1.E0));
#1771=VECTOR('',#1770,4.E-1);
#1772=CARTESIAN_POINT('',(-6.42E0,5.E-1,-3.54E0));
#1773=LINE('',#1772,#1771);
#1774=DIRECTION('',(7.071067811865E-1,0.E0,-7.071067811865E-1));
#1775=VECTOR('',#1774,3.549676041556E-1);
#1776=CARTESIAN_POINT('',(-6.671E0,5.E-1,-3.289E0));
#1777=LINE('',#1776,#1775);
#1778=DIRECTION('',(0.E0,0.E0,-1.E0));
#1779=VECTOR('',#1778,6.E-1);
#1780=CARTESIAN_POINT('',(-6.671E0,5.E-1,-2.689E0));
#1781=LINE('',#1780,#1779);
#1782=DIRECTION('',(-1.736481776669E-1,0.E0,-9.848077530122E-1));
#1783=VECTOR('',#1782,1.217496507651E0);
#1784=CARTESIAN_POINT('',(-6.459583950131E0,5.E-1,-1.49E0));
#1785=LINE('',#1784,#1783);
#1786=DIRECTION('',(0.E0,-3.420201433257E-1,9.396926207859E-1));
#1787=VECTOR('',#1786,4.682382198894E-1);
#1788=CARTESIAN_POINT('',(6.671E0,-3.298530969229E-1,-3.289E0));
#1789=LINE('',#1788,#1787);
#1790=DIRECTION('',(0.E0,1.E0,0.E0));
#1791=VECTOR('',#1790,8.298530969229E-1);
#1792=CARTESIAN_POINT('',(6.671E0,-3.298530969229E-1,-3.289E0));
#1793=LINE('',#1792,#1791);
#1794=DIRECTION('',(6.847910787717E-1,-2.492435693640E-1,6.847910787717E-1));
#1795=VECTOR('',#1794,3.665351488664E-1);
#1796=CARTESIAN_POINT('',(6.42E0,-2.384965681221E-1,-3.54E0));
#1797=LINE('',#1796,#1795);
#1798=DIRECTION('',(0.E0,1.E0,0.E0));
#1799=VECTOR('',#1798,7.384965681221E-1);
#1800=CARTESIAN_POINT('',(6.42E0,-2.384965681221E-1,-3.54E0));
#1801=LINE('',#1800,#1799);
#1802=DIRECTION('',(0.E0,-3.420201433257E-1,9.396926207859E-1));
#1803=VECTOR('',#1802,4.256711089904E-1);
#1804=CARTESIAN_POINT('',(6.42E0,-9.290847441557E-2,-3.94E0));
#1805=LINE('',#1804,#1803);
#1806=DIRECTION('',(0.E0,1.E0,0.E0));
#1807=VECTOR('',#1806,5.929084744156E-1);
#1808=CARTESIAN_POINT('',(6.42E0,-9.290847441557E-2,-3.94E0));
#1809=LINE('',#1808,#1807);
#1810=DIRECTION('',(-6.847910787717E-1,-2.492435693640E-1,6.847910787717E-1));
#1811=VECTOR('',#1810,6.133257471072E-1);
#1812=CARTESIAN_POINT('',(6.84E0,5.995902397623E-2,-4.36E0));
#1813=LINE('',#1812,#1811);
#1814=DIRECTION('',(0.E0,1.E0,0.E0));
#1815=VECTOR('',#1814,4.400409760238E-1);
#1816=CARTESIAN_POINT('',(6.84E0,5.995902397623E-2,-4.36E0));
#1817=LINE('',#1816,#1815);
#1818=DIRECTION('',(1.E0,0.E0,0.E0));
#1819=VECTOR('',#1818,5.3E-1);
#1820=CARTESIAN_POINT('',(6.84E0,5.995902397623E-2,-4.36E0));
#1821=LINE('',#1820,#1819);
#1822=DIRECTION('',(0.E0,1.E0,0.E0));
#1823=VECTOR('',#1822,4.400409760238E-1);
#1824=CARTESIAN_POINT('',(7.37E0,5.995902397623E-2,-4.36E0));
#1825=LINE('',#1824,#1823);
#1826=DIRECTION('',(0.E0,1.E0,0.E0));
#1827=VECTOR('',#1826,1.E0);
#1828=CARTESIAN_POINT('',(6.39E0,-5.E-1,-3.38E0));
#1829=LINE('',#1828,#1827);
#1830=DIRECTION('',(0.E0,1.E0,0.E0));
#1831=VECTOR('',#1830,1.E0);
#1832=CARTESIAN_POINT('',(6.54E0,-5.E-1,-3.23E0));
#1833=LINE('',#1832,#1831);
#1834=DIRECTION('',(0.E0,1.E0,0.E0));
#1835=VECTOR('',#1834,1.E0);
#1836=CARTESIAN_POINT('',(6.54E0,-5.E-1,-2.73E0));
#1837=LINE('',#1836,#1835);
#1838=DIRECTION('',(0.E0,0.E0,-1.E0));
#1839=VECTOR('',#1838,4.E-2);
#1840=CARTESIAN_POINT('',(6.39E0,-5.E-1,-1.45E0));
#1841=LINE('',#1840,#1839);
#1842=DIRECTION('',(0.E0,0.E0,-1.E0));
#1843=VECTOR('',#1842,4.E-2);
#1844=CARTESIAN_POINT('',(6.39E0,5.E-1,-1.45E0));
#1845=LINE('',#1844,#1843);
#1846=DIRECTION('',(0.E0,1.E0,0.E0));
#1847=VECTOR('',#1846,1.E0);
#1848=CARTESIAN_POINT('',(6.39E0,-5.E-1,-2.569986624807E0));
#1849=LINE('',#1848,#1847);
#1850=DIRECTION('',(0.E0,0.E0,-1.E0));
#1851=VECTOR('',#1850,4.E-2);
#1852=CARTESIAN_POINT('',(-6.39E0,-5.E-1,-1.45E0));
#1853=LINE('',#1852,#1851);
#1854=DIRECTION('',(0.E0,0.E0,-1.E0));
#1855=VECTOR('',#1854,4.E-2);
#1856=CARTESIAN_POINT('',(-6.39E0,5.E-1,-1.45E0));
#1857=LINE('',#1856,#1855);
#1858=DIRECTION('',(0.E0,1.E0,0.E0));
#1859=VECTOR('',#1858,1.E0);
#1860=CARTESIAN_POINT('',(-6.39E0,-5.E-1,-1.45E0));
#1861=LINE('',#1860,#1859);
#1862=DIRECTION('',(0.E0,1.E0,0.E0));
#1863=VECTOR('',#1862,1.E0);
#1864=CARTESIAN_POINT('',(-6.39E0,-5.E-1,-2.569986624807E0));
#1865=LINE('',#1864,#1863);
#1866=DIRECTION('',(0.E0,1.E0,0.E0));
#1867=VECTOR('',#1866,1.E0);
#1868=CARTESIAN_POINT('',(-6.54E0,-5.E-1,-2.73E0));
#1869=LINE('',#1868,#1867);
#1870=DIRECTION('',(0.E0,1.E0,0.E0));
#1871=VECTOR('',#1870,1.E0);
#1872=CARTESIAN_POINT('',(-6.54E0,-5.E-1,-3.23E0));
#1873=LINE('',#1872,#1871);
#1874=DIRECTION('',(1.E0,0.E0,0.E0));
#1875=VECTOR('',#1874,5.3E-1);
#1876=CARTESIAN_POINT('',(-7.37E0,5.995902397623E-2,-4.36E0));
#1877=LINE('',#1876,#1875);
#1878=DIRECTION('',(0.E0,1.E0,0.E0));
#1879=VECTOR('',#1878,4.400409760238E-1);
#1880=CARTESIAN_POINT('',(-6.84E0,5.995902397623E-2,-4.36E0));
#1881=LINE('',#1880,#1879);
#1882=DIRECTION('',(0.E0,3.420201433257E-1,-9.396926207859E-1));
#1883=VECTOR('',#1882,4.682382198894E-1);
#1884=CARTESIAN_POINT('',(-6.671E0,-4.9E-1,-2.849E0));
#1885=LINE('',#1884,#1883);
#1886=DIRECTION('',(0.E0,1.E0,0.E0));
#1887=VECTOR('',#1886,9.9E-1);
#1888=CARTESIAN_POINT('',(-6.671E0,-4.9E-1,-2.689E0));
#1889=LINE('',#1888,#1887);
#1890=DIRECTION('',(-1.736481776669E-1,0.E0,-9.848077530122E-1));
#1891=VECTOR('',#1890,4.061706447543E-2);
#1892=CARTESIAN_POINT('',(-6.452530870902E0,5.E-1,-1.45E0));
#1893=LINE('',#1892,#1891);
#1894=DIRECTION('',(6.847910787717E-1,2.492435693640E-1,-6.847910787717E-1));
#1895=VECTOR('',#1894,3.665351488664E-1);
#1896=CARTESIAN_POINT('',(-6.671E0,-3.298530969229E-1,-3.289E0));
#1897=LINE('',#1896,#1895);
#1898=DIRECTION('',(0.E0,1.E0,0.E0));
#1899=VECTOR('',#1898,8.298530969229E-1);
#1900=CARTESIAN_POINT('',(-6.671E0,-3.298530969229E-1,-3.289E0));
#1901=LINE('',#1900,#1899);
#1902=DIRECTION('',(0.E0,3.420201433257E-1,-9.396926207859E-1));
#1903=VECTOR('',#1902,4.256711089904E-1);
#1904=CARTESIAN_POINT('',(-6.42E0,-2.384965681221E-1,-3.54E0));
#1905=LINE('',#1904,#1903);
#1906=DIRECTION('',(0.E0,1.E0,0.E0));
#1907=VECTOR('',#1906,7.384965681221E-1);
#1908=CARTESIAN_POINT('',(-6.42E0,-2.384965681221E-1,-3.54E0));
#1909=LINE('',#1908,#1907);
#1910=DIRECTION('',(-6.847910787717E-1,2.492435693640E-1,-6.847910787717E-1));
#1911=VECTOR('',#1910,6.133257471072E-1);
#1912=CARTESIAN_POINT('',(-6.42E0,-9.290847441557E-2,-3.94E0));
#1913=LINE('',#1912,#1911);
#1914=DIRECTION('',(0.E0,1.E0,0.E0));
#1915=VECTOR('',#1914,5.929084744156E-1);
#1916=CARTESIAN_POINT('',(-6.42E0,-9.290847441557E-2,-3.94E0));
#1917=LINE('',#1916,#1915);
#1918=DIRECTION('',(0.E0,1.E0,0.E0));
#1919=VECTOR('',#1918,3.3E-1);
#1920=CARTESIAN_POINT('',(5.8E0,-8.3E-1,-1.49E0));
#1921=LINE('',#1920,#1919);
#1922=DIRECTION('',(0.E0,1.E0,0.E0));
#1923=VECTOR('',#1922,2.E-1);
#1924=CARTESIAN_POINT('',(-5.845E0,-7.E-1,-1.45E0));
#1925=LINE('',#1924,#1923);
#1926=DIRECTION('',(0.E0,0.E0,-1.E0));
#1927=VECTOR('',#1926,1.15E0);
#1928=CARTESIAN_POINT('',(-5.845E0,-7.E-1,-3.E-1));
#1929=LINE('',#1928,#1927);
#1930=DIRECTION('',(0.E0,1.E0,0.E0));
#1931=VECTOR('',#1930,5.7E-1);
#1932=CARTESIAN_POINT('',(-5.845E0,-7.E-1,-3.E-1));
#1933=LINE('',#1932,#1931);
#1934=DIRECTION('',(0.E0,-1.E0,0.E0));
#1935=VECTOR('',#1934,3.7E-1);
#1936=CARTESIAN_POINT('',(-5.845E0,-1.3E-1,-1.45E0));
#1937=LINE('',#1936,#1935);
#1938=CARTESIAN_POINT('',(-6.145E0,-1.E0,-1.15E0));
#1939=CARTESIAN_POINT('',(-6.145E0,-1.E0,-1.180177669530E0));
#1940=CARTESIAN_POINT('',(-6.136872448416E0,-9.918724484156E-1,
-1.229038914909E0));
#1941=CARTESIAN_POINT('',(-6.106285090015E0,-9.612850900154E-1,
-1.306492535941E0));
#1942=CARTESIAN_POINT('',(-6.049687787488E0,-9.046877874880E-1,
-1.377340210762E0));
#1943=CARTESIAN_POINT('',(-5.961154644739E0,-8.161546447388E-1,
-1.433201456744E0));
#1944=CARTESIAN_POINT('',(-5.887677669530E0,-7.426776695297E-1,-1.45E0));
#1945=CARTESIAN_POINT('',(-5.845E0,-7.E-1,-1.45E0));
#1947=CARTESIAN_POINT('',(-6.057132034356E0,-9.121320343560E-1,
-8.786796564404E-2));
#1948=CARTESIAN_POINT('',(-6.083734010884E0,-9.387340108835E-1,
-1.144699421716E-1));
#1949=CARTESIAN_POINT('',(-6.125612589936E0,-9.806125899364E-1,
-1.759646444112E-1));
#1950=CARTESIAN_POINT('',(-6.145E0,-1.E0,-2.539240250725E-1));
#1951=CARTESIAN_POINT('',(-6.145E0,-1.E0,-3.E-1));
#1953=DIRECTION('',(-5.773502691896E-1,-5.773502691896E-1,5.773502691896E-1));
#1954=VECTOR('',#1953,3.674234614175E-1);
#1955=CARTESIAN_POINT('',(-5.845E0,-7.E-1,-3.E-1));
#1956=LINE('',#1955,#1954);
#1957=CARTESIAN_POINT('',(-6.145E0,-7.E-1,0.E0));
#1958=CARTESIAN_POINT('',(-6.145E0,-7.460759749275E-1,0.E0));
#1959=CARTESIAN_POINT('',(-6.125612589936E0,-8.240353555888E-1,
-1.938741006361E-2));
#1960=CARTESIAN_POINT('',(-6.083734010884E0,-8.855300578284E-1,
-6.126598911646E-2));
#1961=CARTESIAN_POINT('',(-6.057132034356E0,-9.121320343560E-1,
-8.786796564404E-2));
#1963=DIRECTION('',(-5.773502691896E-1,5.773502691896E-1,5.773502691896E-1));
#1964=VECTOR('',#1963,5.196152422707E-1);
#1965=CARTESIAN_POINT('',(-5.845E0,-1.3E-1,-3.E-1));
#1966=LINE('',#1965,#1964);
#1967=DIRECTION('',(5.773502691896E-1,5.773502691896E-1,5.773502691896E-1));
#1968=VECTOR('',#1967,5.196152422707E-1);
#1969=CARTESIAN_POINT('',(5.845E0,-1.3E-1,-3.E-1));
#1970=LINE('',#1969,#1968);
#1971=CARTESIAN_POINT('',(6.057132034356E0,-9.121320343560E-1,
-8.786796564404E-2));
#1972=CARTESIAN_POINT('',(6.083734010884E0,-8.855300578284E-1,
-6.126598911646E-2));
#1973=CARTESIAN_POINT('',(6.125612589936E0,-8.240353555888E-1,
-1.938741006361E-2));
#1974=CARTESIAN_POINT('',(6.145E0,-7.460759749275E-1,0.E0));
#1975=CARTESIAN_POINT('',(6.145E0,-7.E-1,0.E0));
#1977=CARTESIAN_POINT('',(5.845E0,-7.E-1,-1.45E0));
#1978=CARTESIAN_POINT('',(5.887677669530E0,-7.426776695297E-1,-1.45E0));
#1979=CARTESIAN_POINT('',(5.961154644739E0,-8.161546447388E-1,
-1.433201456744E0));
#1980=CARTESIAN_POINT('',(6.049687787488E0,-9.046877874880E-1,
-1.377340210762E0));
#1981=CARTESIAN_POINT('',(6.106285090015E0,-9.612850900154E-1,
-1.306492535941E0));
#1982=CARTESIAN_POINT('',(6.136872448416E0,-9.918724484156E-1,
-1.229038914909E0));
#1983=CARTESIAN_POINT('',(6.145E0,-1.E0,-1.180177669530E0));
#1984=CARTESIAN_POINT('',(6.145E0,-1.E0,-1.15E0));
#1986=DIRECTION('',(-5.773502691896E-1,5.773502691896E-1,-5.773502691896E-1));
#1987=VECTOR('',#1986,3.674234614175E-1);
#1988=CARTESIAN_POINT('',(6.057132034356E0,-9.121320343560E-1,
-8.786796564404E-2));
#1989=LINE('',#1988,#1987);
#1990=CARTESIAN_POINT('',(6.145E0,-1.E0,-3.E-1));
#1991=CARTESIAN_POINT('',(6.145E0,-1.E0,-2.539240250725E-1));
#1992=CARTESIAN_POINT('',(6.125612589936E0,-9.806125899364E-1,
-1.759646444112E-1));
#1993=CARTESIAN_POINT('',(6.083734010884E0,-9.387340108835E-1,
-1.144699421716E-1));
#1994=CARTESIAN_POINT('',(6.057132034356E0,-9.121320343560E-1,
-8.786796564404E-2));
#1996=DIRECTION('',(0.E0,1.E0,0.E0));
#1997=VECTOR('',#1996,2.E-1);
#1998=CARTESIAN_POINT('',(5.845E0,-7.E-1,-1.45E0));
#1999=LINE('',#1998,#1997);
#2000=DIRECTION('',(0.E0,-1.E0,0.E0));
#2001=VECTOR('',#2000,3.7E-1);
#2002=CARTESIAN_POINT('',(5.845E0,-1.3E-1,-1.45E0));
#2003=LINE('',#2002,#2001);
#2004=DIRECTION('',(0.E0,0.E0,-1.E0));
#2005=VECTOR('',#2004,1.15E0);
#2006=CARTESIAN_POINT('',(5.845E0,-1.3E-1,-3.E-1));
#2007=LINE('',#2006,#2005);
#2008=DIRECTION('',(0.E0,-1.E0,0.E0));
#2009=VECTOR('',#2008,5.7E-1);
#2010=CARTESIAN_POINT('',(5.845E0,-1.3E-1,-3.E-1));
#2011=LINE('',#2010,#2009);
#2012=DIRECTION('',(0.E0,0.E0,-1.E0));
#2013=VECTOR('',#2012,1.15E0);
#2014=CARTESIAN_POINT('',(5.845E0,-7.E-1,-3.E-1));
#2015=LINE('',#2014,#2013);
#2016=DIRECTION('',(1.E0,0.E0,0.E0));
#2017=VECTOR('',#2016,4.5E-2);
#2018=CARTESIAN_POINT('',(-5.845E0,-1.3E-1,-1.45E0));
#2019=LINE('',#2018,#2017);
#2020=DIRECTION('',(0.E0,0.E0,-1.E0));
#2021=VECTOR('',#2020,1.15E0);
#2022=CARTESIAN_POINT('',(-5.845E0,-1.3E-1,-3.E-1));
#2023=LINE('',#2022,#2021);
#2024=DIRECTION('',(1.E0,0.E0,0.E0));
#2025=VECTOR('',#2024,1.169E1);
#2026=CARTESIAN_POINT('',(-5.845E0,-1.3E-1,-3.E-1));
#2027=LINE('',#2026,#2025);
#2028=DIRECTION('',(1.E0,0.E0,0.E0));
#2029=VECTOR('',#2028,4.5E-2);
#2030=CARTESIAN_POINT('',(5.8E0,-1.3E-1,-1.45E0));
#2031=LINE('',#2030,#2029);
#2032=DIRECTION('',(0.E0,0.E0,-1.E0));
#2033=VECTOR('',#2032,8.4E-1);
#2034=CARTESIAN_POINT('',(5.8E0,-3.2E-1,-2.55E0));
#2035=LINE('',#2034,#2033);
#2036=DIRECTION('',(0.E0,0.E0,1.E0));
#2037=VECTOR('',#2036,1.94E0);
#2038=CARTESIAN_POINT('',(5.8E0,-1.3E-1,-3.39E0));
#2039=LINE('',#2038,#2037);
#2040=DIRECTION('',(0.E0,-1.E0,0.E0));
#2041=VECTOR('',#2040,3.266664354748E-1);
#2042=CARTESIAN_POINT('',(5.8E0,-1.3E-1,-1.45E0));
#2043=LINE('',#2042,#2041);
#2044=DIRECTION('',(0.E0,0.E0,-1.E0));
#2045=VECTOR('',#2044,1.06E0);
#2046=CARTESIAN_POINT('',(5.8E0,-4.5E-1,-1.49E0));
#2047=LINE('',#2046,#2045);
#2048=DIRECTION('',(-1.E0,0.E0,0.E0));
#2049=VECTOR('',#2048,2.3E-1);
#2050=CARTESIAN_POINT('',(6.03E0,-3.2E-1,-2.55E0));
#2051=LINE('',#2050,#2049);
#2052=DIRECTION('',(0.E0,1.E0,0.E0));
#2053=VECTOR('',#2052,1.3E-1);
#2054=CARTESIAN_POINT('',(5.8E0,-4.5E-1,-2.55E0));
#2055=LINE('',#2054,#2053);
#2056=DIRECTION('',(0.E0,1.E0,0.E0));
#2057=VECTOR('',#2056,3.8E-1);
#2058=CARTESIAN_POINT('',(5.8E0,-8.3E-1,-2.55E0));
#2059=LINE('',#2058,#2057);
#2060=DIRECTION('',(1.E0,0.E0,0.E0));
#2061=VECTOR('',#2060,3.8E-1);
#2062=CARTESIAN_POINT('',(5.8E0,-8.3E-1,-2.55E0));
#2063=LINE('',#2062,#2061);
#2064=DIRECTION('',(0.E0,-1.E0,0.E0));
#2065=VECTOR('',#2064,3.6E-1);
#2066=CARTESIAN_POINT('',(6.03E0,-3.2E-1,-2.55E0));
#2067=LINE('',#2066,#2065);
#2068=DIRECTION('',(1.E0,0.E0,0.E0));
#2069=VECTOR('',#2068,2.3E-1);
#2070=CARTESIAN_POINT('',(5.8E0,2.8E-1,-2.55E0));
#2071=LINE('',#2070,#2069);
#2072=DIRECTION('',(0.E0,-1.E0,0.E0));
#2073=VECTOR('',#2072,4.E-1);
#2074=CARTESIAN_POINT('',(6.03E0,6.8E-1,-2.55E0));
#2075=LINE('',#2074,#2073);
#2076=DIRECTION('',(-1.E0,0.E0,0.E0));
#2077=VECTOR('',#2076,3.8E-1);
#2078=CARTESIAN_POINT('',(6.18E0,8.3E-1,-2.55E0));
#2079=LINE('',#2078,#2077);
#2080=DIRECTION('',(0.E0,1.E0,0.E0));
#2081=VECTOR('',#2080,5.5E-1);
#2082=CARTESIAN_POINT('',(5.8E0,2.8E-1,-2.55E0));
#2083=LINE('',#2082,#2081);
#2084=DIRECTION('',(1.E0,0.E0,0.E0));
#2085=VECTOR('',#2084,2.3E-1);
#2086=CARTESIAN_POINT('',(-6.03E0,2.8E-1,-2.55E0));
#2087=LINE('',#2086,#2085);
#2088=DIRECTION('',(0.E0,-1.E0,0.E0));
#2089=VECTOR('',#2088,5.5E-1);
#2090=CARTESIAN_POINT('',(-5.8E0,8.3E-1,-2.55E0));
#2091=LINE('',#2090,#2089);
#2092=DIRECTION('',(-1.E0,0.E0,0.E0));
#2093=VECTOR('',#2092,3.8E-1);
#2094=CARTESIAN_POINT('',(-5.8E0,8.3E-1,-2.55E0));
#2095=LINE('',#2094,#2093);
#2096=DIRECTION('',(0.E0,1.E0,0.E0));
#2097=VECTOR('',#2096,4.E-1);
#2098=CARTESIAN_POINT('',(-6.03E0,2.8E-1,-2.55E0));
#2099=LINE('',#2098,#2097);
#2100=DIRECTION('',(-1.E0,0.E0,0.E0));
#2101=VECTOR('',#2100,2.3E-1);
#2102=CARTESIAN_POINT('',(-5.8E0,-3.2E-1,-2.55E0));
#2103=LINE('',#2102,#2101);
#2104=DIRECTION('',(0.E0,1.E0,0.E0));
#2105=VECTOR('',#2104,3.6E-1);
#2106=CARTESIAN_POINT('',(-6.03E0,-6.8E-1,-2.55E0));
#2107=LINE('',#2106,#2105);
#2108=DIRECTION('',(1.E0,0.E0,0.E0));
#2109=VECTOR('',#2108,3.8E-1);
#2110=CARTESIAN_POINT('',(-6.18E0,-8.3E-1,-2.55E0));
#2111=LINE('',#2110,#2109);
#2112=DIRECTION('',(0.E0,-1.E0,0.E0));
#2113=VECTOR('',#2112,3.8E-1);
#2114=CARTESIAN_POINT('',(-5.8E0,-4.5E-1,-2.55E0));
#2115=LINE('',#2114,#2113);
#2116=DIRECTION('',(0.E0,-1.E0,0.E0));
#2117=VECTOR('',#2116,1.3E-1);
#2118=CARTESIAN_POINT('',(-5.8E0,-3.2E-1,-2.55E0));
#2119=LINE('',#2118,#2117);
#2120=DIRECTION('',(0.E0,0.E0,1.E0));
#2121=VECTOR('',#2120,1.8E0);
#2122=CARTESIAN_POINT('',(6.18E0,-8.3E-1,-4.4E0));
#2123=LINE('',#2122,#2121);
#2124=DIRECTION('',(5.773502691896E-1,-5.773502691896E-1,-5.773502691896E-1));
#2125=VECTOR('',#2124,2.598076211353E-1);
#2126=CARTESIAN_POINT('',(6.03E0,-6.8E-1,-4.25E0));
#2127=LINE('',#2126,#2125);
#2128=DIRECTION('',(7.071067811865E-1,-7.071067811866E-1,0.E0));
#2129=VECTOR('',#2128,2.121320343560E-1);
#2130=CARTESIAN_POINT('',(6.03E0,-6.8E-1,-2.55E0));
#2131=LINE('',#2130,#2129);
#2132=DIRECTION('',(5.773502691896E-1,5.773502691896E-1,-5.773502691896E-1));
#2133=VECTOR('',#2132,2.598076211353E-1);
#2134=CARTESIAN_POINT('',(6.03E0,6.8E-1,-4.25E0));
#2135=LINE('',#2134,#2133);
#2136=DIRECTION('',(-7.071067811865E-1,-7.071067811865E-1,0.E0));
#2137=VECTOR('',#2136,2.121320343560E-1);
#2138=CARTESIAN_POINT('',(6.18E0,8.3E-1,-2.55E0));
#2139=LINE('',#2138,#2137);
#2140=DIRECTION('',(1.E0,0.E0,0.E0));
#2141=VECTOR('',#2140,2.3E-1);
#2142=CARTESIAN_POINT('',(5.8E0,2.8E-1,-3.6E0));
#2143=LINE('',#2142,#2141);
#2144=DIRECTION('',(1.E0,0.E0,0.E0));
#2145=VECTOR('',#2144,2.3E-1);
#2146=CARTESIAN_POINT('',(-6.03E0,2.8E-1,-3.6E0));
#2147=LINE('',#2146,#2145);
#2148=CARTESIAN_POINT('',(-6.03E0,1.3E-1,-3.6E0));
#2149=DIRECTION('',(-1.E0,0.E0,0.E0));
#2150=DIRECTION('',(0.E0,1.E0,0.E0));
#2151=AXIS2_PLACEMENT_3D('',#2148,#2149,#2150);
#2153=CARTESIAN_POINT('',(-5.8E0,1.3E-1,-3.6E0));
#2154=DIRECTION('',(1.E0,0.E0,0.E0));
#2155=DIRECTION('',(0.E0,0.E0,-1.E0));
#2156=AXIS2_PLACEMENT_3D('',#2153,#2154,#2155);
#2158=DIRECTION('',(0.E0,1.E0,0.E0));
#2159=VECTOR('',#2158,3.E-1);
#2160=CARTESIAN_POINT('',(-6.03E0,-1.7E-1,-3.75E0));
#2161=LINE('',#2160,#2159);
#2162=DIRECTION('',(0.E0,0.E0,-1.E0));
#2163=VECTOR('',#2162,1.05E0);
#2164=CARTESIAN_POINT('',(-6.03E0,2.8E-1,-2.55E0));
#2165=LINE('',#2164,#2163);
#2166=DIRECTION('',(0.E0,0.E0,-1.E0));
#2167=VECTOR('',#2166,1.7E0);
#2168=CARTESIAN_POINT('',(-6.03E0,6.8E-1,-2.55E0));
#2169=LINE('',#2168,#2167);
#2170=DIRECTION('',(0.E0,-1.E0,0.E0));
#2171=VECTOR('',#2170,1.36E0);
#2172=CARTESIAN_POINT('',(-6.03E0,6.8E-1,-4.25E0));
#2173=LINE('',#2172,#2171);
#2174=DIRECTION('',(0.E0,0.E0,1.E0));
#2175=VECTOR('',#2174,1.7E0);
#2176=CARTESIAN_POINT('',(-6.03E0,-6.8E-1,-4.25E0));
#2177=LINE('',#2176,#2175);
#2178=DIRECTION('',(0.E0,0.E0,-1.E0));
#2179=VECTOR('',#2178,1.05E0);
#2180=CARTESIAN_POINT('',(-6.03E0,-3.2E-1,-2.55E0));
#2181=LINE('',#2180,#2179);
#2182=DIRECTION('',(-7.071067811865E-1,7.071067811865E-1,0.E0));
#2183=VECTOR('',#2182,2.121320343560E-1);
#2184=CARTESIAN_POINT('',(-6.03E0,6.8E-1,-2.55E0));
#2185=LINE('',#2184,#2183);
#2186=DIRECTION('',(-5.773502691896E-1,5.773502691896E-1,-5.773502691896E-1));
#2187=VECTOR('',#2186,2.598076211353E-1);
#2188=CARTESIAN_POINT('',(-6.03E0,6.8E-1,-4.25E0));
#2189=LINE('',#2188,#2187);
#2190=DIRECTION('',(-5.773502691896E-1,-5.773502691896E-1,-5.773502691896E-1));
#2191=VECTOR('',#2190,2.598076211353E-1);
#2192=CARTESIAN_POINT('',(-6.03E0,-6.8E-1,-4.25E0));
#2193=LINE('',#2192,#2191);
#2194=DIRECTION('',(0.E0,0.E0,1.E0));
#2195=VECTOR('',#2194,1.8E0);
#2196=CARTESIAN_POINT('',(-6.18E0,-8.3E-1,-4.4E0));
#2197=LINE('',#2196,#2195);
#2198=DIRECTION('',(7.071067811865E-1,7.071067811865E-1,0.E0));
#2199=VECTOR('',#2198,2.121320343560E-1);
#2200=CARTESIAN_POINT('',(-6.18E0,-8.3E-1,-2.55E0));
#2201=LINE('',#2200,#2199);
#2202=DIRECTION('',(-1.E0,0.E0,0.E0));
#2203=VECTOR('',#2202,2.E-1);
#2204=CARTESIAN_POINT('',(-5.815E0,-3.2E-1,-2.6E0));
#2205=LINE('',#2204,#2203);
#2206=DIRECTION('',(0.E0,0.E0,1.E0));
#2207=VECTOR('',#2206,1.E0);
#2208=CARTESIAN_POINT('',(-6.015E0,-3.2E-1,-3.6E0));
#2209=LINE('',#2208,#2207);
#2210=DIRECTION('',(-1.E0,0.E0,-2.960594732334E-14));
#2211=VECTOR('',#2210,1.5E-2);
#2212=CARTESIAN_POINT('',(-6.015E0,-3.2E-1,-3.6E0));
#2213=LINE('',#2212,#2211);
#2214=DIRECTION('',(0.E0,0.E0,-1.E0));
#2215=VECTOR('',#2214,8.4E-1);
#2216=CARTESIAN_POINT('',(-5.8E0,-3.2E-1,-2.55E0));
#2217=LINE('',#2216,#2215);
#2218=DIRECTION('',(-1.E0,0.E0,2.960594732334E-14));
#2219=VECTOR('',#2218,1.5E-2);
#2220=CARTESIAN_POINT('',(-5.8E0,-3.2E-1,-3.6E0));
#2221=LINE('',#2220,#2219);
#2222=DIRECTION('',(0.E0,0.E0,1.E0));
#2223=VECTOR('',#2222,1.E0);
#2224=CARTESIAN_POINT('',(-5.815E0,-3.2E-1,-3.6E0));
#2225=LINE('',#2224,#2223);
#2226=CARTESIAN_POINT('',(-5.815E0,-1.7E-1,-3.6E0));
#2227=DIRECTION('',(-1.E0,0.E0,0.E0));
#2228=DIRECTION('',(0.E0,-7.333333333333E-1,-6.798692684790E-1));
#2229=AXIS2_PLACEMENT_3D('',#2226,#2227,#2228);
#2231=CARTESIAN_POINT('',(-5.8E0,-1.7E-1,-3.6E0));
#2232=DIRECTION('',(1.E0,0.E0,0.E0));
#2233=DIRECTION('',(0.E0,-1.E0,0.E0));
#2234=AXIS2_PLACEMENT_3D('',#2231,#2232,#2233);
#2236=CARTESIAN_POINT('',(-6.03E0,-1.7E-1,-3.6E0));
#2237=DIRECTION('',(-1.E0,0.E0,0.E0));
#2238=DIRECTION('',(0.E0,0.E0,-1.E0));
#2239=AXIS2_PLACEMENT_3D('',#2236,#2237,#2238);
#2241=CARTESIAN_POINT('',(-6.015E0,-1.7E-1,-3.6E0));
#2242=DIRECTION('',(-1.E0,0.E0,0.E0));
#2243=DIRECTION('',(0.E0,-7.333333333333E-1,-6.798692684790E-1));
#2244=AXIS2_PLACEMENT_3D('',#2241,#2242,#2243);
#2246=DIRECTION('',(-1.E0,0.E0,0.E0));
#2247=VECTOR('',#2246,2.E-1);
#2248=CARTESIAN_POINT('',(-5.815E0,-2.8E-1,-3.701980390272E0));
#2249=LINE('',#2248,#2247);
#2250=DIRECTION('',(0.E0,0.E0,-1.E0));
#2251=VECTOR('',#2250,1.8E0);
#2252=CARTESIAN_POINT('',(-5.815E0,-6.79E-1,-2.6E0));
#2253=LINE('',#2252,#2251);
#2254=DIRECTION('',(0.E0,0.E0,-1.E0));
#2255=VECTOR('',#2254,6.980196097281E-1);
#2256=CARTESIAN_POINT('',(-5.815E0,-2.8E-1,-3.701980390272E0));
#2257=LINE('',#2256,#2255);
#2258=DIRECTION('',(0.E0,0.E0,-1.E0));
#2259=VECTOR('',#2258,1.8E0);
#2260=CARTESIAN_POINT('',(-6.166E0,-1.03E0,-2.6E0));
#2261=LINE('',#2260,#2259);
#2262=DIRECTION('',(0.E0,0.E0,-1.E0));
#2263=VECTOR('',#2262,1.94E0);
#2264=CARTESIAN_POINT('',(-5.8E0,-1.3E-1,-1.45E0));
#2265=LINE('',#2264,#2263);
#2266=DIRECTION('',(0.E0,1.E0,0.E0));
#2267=VECTOR('',#2266,3.266664354748E-1);
#2268=CARTESIAN_POINT('',(-5.8E0,-4.566664354748E-1,-1.45E0));
#2269=LINE('',#2268,#2267);
#2270=DIRECTION('',(0.E0,1.E0,0.E0));
#2271=VECTOR('',#2270,8.624968294987E-3);
#2272=CARTESIAN_POINT('',(-5.145E0,-4.5E-1,-3.39E0));
#2273=LINE('',#2272,#2271);
#2274=DIRECTION('',(1.E0,0.E0,0.E0));
#2275=VECTOR('',#2274,2.E-1);
#2276=CARTESIAN_POINT('',(-5.345E0,-4.413750317050E-1,-3.39E0));
#2277=LINE('',#2276,#2275);
#2278=DIRECTION('',(0.E0,1.E0,0.E0));
#2279=VECTOR('',#2278,8.624968294987E-3);
#2280=CARTESIAN_POINT('',(-5.345E0,-4.5E-1,-3.39E0));
#2281=LINE('',#2280,#2279);
#2282=DIRECTION('',(1.E0,0.E0,0.E0));
#2283=VECTOR('',#2282,4.55E-1);
#2284=CARTESIAN_POINT('',(-5.8E0,-4.5E-1,-3.39E0));
#2285=LINE('',#2284,#2283);
#2286=DIRECTION('',(0.E0,-1.E0,0.E0));
#2287=VECTOR('',#2286,1.9E-1);
#2288=CARTESIAN_POINT('',(-5.8E0,-1.3E-1,-3.39E0));
#2289=LINE('',#2288,#2287);
#2290=DIRECTION('',(-1.E0,0.E0,0.E0));
#2291=VECTOR('',#2290,1.16E1);
#2292=CARTESIAN_POINT('',(5.8E0,-1.3E-1,-3.39E0));
#2293=LINE('',#2292,#2291);
#2294=DIRECTION('',(0.E0,-1.E0,0.E0));
#2295=VECTOR('',#2294,1.9E-1);
#2296=CARTESIAN_POINT('',(5.8E0,-1.3E-1,-3.39E0));
#2297=LINE('',#2296,#2295);
#2298=DIRECTION('',(1.E0,0.E0,0.E0));
#2299=VECTOR('',#2298,4.45E-1);
#2300=CARTESIAN_POINT('',(5.355E0,-4.5E-1,-3.39E0));
#2301=LINE('',#2300,#2299);
#2302=DIRECTION('',(0.E0,1.E0,0.E0));
#2303=VECTOR('',#2302,8.624968294987E-3);
#2304=CARTESIAN_POINT('',(5.355E0,-4.5E-1,-3.39E0));
#2305=LINE('',#2304,#2303);
#2306=DIRECTION('',(1.E0,0.E0,0.E0));
#2307=VECTOR('',#2306,2.E-1);
#2308=CARTESIAN_POINT('',(5.155E0,-4.413750317050E-1,-3.39E0));
#2309=LINE('',#2308,#2307);
#2310=DIRECTION('',(0.E0,1.E0,0.E0));
#2311=VECTOR('',#2310,8.624968294987E-3);
#2312=CARTESIAN_POINT('',(5.155E0,-4.5E-1,-3.39E0));
#2313=LINE('',#2312,#2311);
#2314=DIRECTION('',(1.E0,0.E0,0.E0));
#2315=VECTOR('',#2314,3.E-1);
#2316=CARTESIAN_POINT('',(4.855E0,-4.5E-1,-3.39E0));
#2317=LINE('',#2316,#2315);
#2318=DIRECTION('',(0.E0,1.E0,0.E0));
#2319=VECTOR('',#2318,8.624968294987E-3);
#2320=CARTESIAN_POINT('',(4.855E0,-4.5E-1,-3.39E0));
#2321=LINE('',#2320,#2319);
#2322=DIRECTION('',(1.E0,0.E0,0.E0));
#2323=VECTOR('',#2322,2.E-1);
#2324=CARTESIAN_POINT('',(4.655E0,-4.413750317050E-1,-3.39E0));
#2325=LINE('',#2324,#2323);
#2326=DIRECTION('',(0.E0,1.E0,0.E0));
#2327=VECTOR('',#2326,8.624968294987E-3);
#2328=CARTESIAN_POINT('',(4.655E0,-4.5E-1,-3.39E0));
#2329=LINE('',#2328,#2327);
#2330=DIRECTION('',(1.E0,0.E0,0.E0));
#2331=VECTOR('',#2330,3.E-1);
#2332=CARTESIAN_POINT('',(4.355E0,-4.5E-1,-3.39E0));
#2333=LINE('',#2332,#2331);
#2334=DIRECTION('',(0.E0,1.E0,0.E0));
#2335=VECTOR('',#2334,8.624968294987E-3);
#2336=CARTESIAN_POINT('',(4.355E0,-4.5E-1,-3.39E0));
#2337=LINE('',#2336,#2335);
#2338=DIRECTION('',(1.E0,0.E0,0.E0));
#2339=VECTOR('',#2338,2.E-1);
#2340=CARTESIAN_POINT('',(4.155E0,-4.413750317050E-1,-3.39E0));
#2341=LINE('',#2340,#2339);
#2342=DIRECTION('',(0.E0,1.E0,0.E0));
#2343=VECTOR('',#2342,8.624968294987E-3);
#2344=CARTESIAN_POINT('',(4.155E0,-4.5E-1,-3.39E0));
#2345=LINE('',#2344,#2343);
#2346=DIRECTION('',(1.E0,0.E0,0.E0));
#2347=VECTOR('',#2346,3.E-1);
#2348=CARTESIAN_POINT('',(3.855E0,-4.5E-1,-3.39E0));
#2349=LINE('',#2348,#2347);
#2350=DIRECTION('',(0.E0,1.E0,0.E0));
#2351=VECTOR('',#2350,8.624968294987E-3);
#2352=CARTESIAN_POINT('',(3.855E0,-4.5E-1,-3.39E0));
#2353=LINE('',#2352,#2351);
#2354=DIRECTION('',(1.E0,0.E0,0.E0));
#2355=VECTOR('',#2354,2.E-1);
#2356=CARTESIAN_POINT('',(3.655E0,-4.413750317050E-1,-3.39E0));
#2357=LINE('',#2356,#2355);
#2358=DIRECTION('',(0.E0,1.E0,0.E0));
#2359=VECTOR('',#2358,8.624968294987E-3);
#2360=CARTESIAN_POINT('',(3.655E0,-4.5E-1,-3.39E0));
#2361=LINE('',#2360,#2359);
#2362=DIRECTION('',(1.E0,0.E0,0.E0));
#2363=VECTOR('',#2362,3.E-1);
#2364=CARTESIAN_POINT('',(3.355E0,-4.5E-1,-3.39E0));
#2365=LINE('',#2364,#2363);
#2366=DIRECTION('',(0.E0,1.E0,0.E0));
#2367=VECTOR('',#2366,8.624968294987E-3);
#2368=CARTESIAN_POINT('',(3.355E0,-4.5E-1,-3.39E0));
#2369=LINE('',#2368,#2367);
#2370=DIRECTION('',(1.E0,0.E0,0.E0));
#2371=VECTOR('',#2370,2.E-1);
#2372=CARTESIAN_POINT('',(3.155E0,-4.413750317050E-1,-3.39E0));
#2373=LINE('',#2372,#2371);
#2374=DIRECTION('',(0.E0,1.E0,0.E0));
#2375=VECTOR('',#2374,8.624968294987E-3);
#2376=CARTESIAN_POINT('',(3.155E0,-4.5E-1,-3.39E0));
#2377=LINE('',#2376,#2375);
#2378=DIRECTION('',(1.E0,0.E0,0.E0));
#2379=VECTOR('',#2378,3.E-1);
#2380=CARTESIAN_POINT('',(2.855E0,-4.5E-1,-3.39E0));
#2381=LINE('',#2380,#2379);
#2382=DIRECTION('',(0.E0,1.E0,0.E0));
#2383=VECTOR('',#2382,8.624968294987E-3);
#2384=CARTESIAN_POINT('',(2.855E0,-4.5E-1,-3.39E0));
#2385=LINE('',#2384,#2383);
#2386=DIRECTION('',(1.E0,0.E0,0.E0));
#2387=VECTOR('',#2386,2.E-1);
#2388=CARTESIAN_POINT('',(2.655E0,-4.413750317050E-1,-3.39E0));
#2389=LINE('',#2388,#2387);
#2390=DIRECTION('',(0.E0,1.E0,0.E0));
#2391=VECTOR('',#2390,8.624968294987E-3);
#2392=CARTESIAN_POINT('',(2.655E0,-4.5E-1,-3.39E0));
#2393=LINE('',#2392,#2391);
#2394=DIRECTION('',(1.E0,0.E0,0.E0));
#2395=VECTOR('',#2394,3.E-1);
#2396=CARTESIAN_POINT('',(2.355E0,-4.5E-1,-3.39E0));
#2397=LINE('',#2396,#2395);
#2398=DIRECTION('',(0.E0,1.E0,0.E0));
#2399=VECTOR('',#2398,8.624968294987E-3);
#2400=CARTESIAN_POINT('',(2.355E0,-4.5E-1,-3.39E0));
#2401=LINE('',#2400,#2399);
#2402=DIRECTION('',(1.E0,0.E0,0.E0));
#2403=VECTOR('',#2402,2.E-1);
#2404=CARTESIAN_POINT('',(2.155E0,-4.413750317050E-1,-3.39E0));
#2405=LINE('',#2404,#2403);
#2406=DIRECTION('',(0.E0,1.E0,0.E0));
#2407=VECTOR('',#2406,8.624968294987E-3);
#2408=CARTESIAN_POINT('',(2.155E0,-4.5E-1,-3.39E0));
#2409=LINE('',#2408,#2407);
#2410=DIRECTION('',(1.E0,0.E0,0.E0));
#2411=VECTOR('',#2410,3.E-1);
#2412=CARTESIAN_POINT('',(1.855E0,-4.5E-1,-3.39E0));
#2413=LINE('',#2412,#2411);
#2414=DIRECTION('',(0.E0,1.E0,0.E0));
#2415=VECTOR('',#2414,8.624968294987E-3);
#2416=CARTESIAN_POINT('',(1.855E0,-4.5E-1,-3.39E0));
#2417=LINE('',#2416,#2415);
#2418=DIRECTION('',(1.E0,0.E0,0.E0));
#2419=VECTOR('',#2418,2.E-1);
#2420=CARTESIAN_POINT('',(1.655E0,-4.413750317050E-1,-3.39E0));
#2421=LINE('',#2420,#2419);
#2422=DIRECTION('',(0.E0,1.E0,0.E0));
#2423=VECTOR('',#2422,8.624968294987E-3);
#2424=CARTESIAN_POINT('',(1.655E0,-4.5E-1,-3.39E0));
#2425=LINE('',#2424,#2423);
#2426=DIRECTION('',(1.E0,0.E0,0.E0));
#2427=VECTOR('',#2426,3.E-1);
#2428=CARTESIAN_POINT('',(1.355E0,-4.5E-1,-3.39E0));
#2429=LINE('',#2428,#2427);
#2430=DIRECTION('',(0.E0,1.E0,0.E0));
#2431=VECTOR('',#2430,8.624968294987E-3);
#2432=CARTESIAN_POINT('',(1.355E0,-4.5E-1,-3.39E0));
#2433=LINE('',#2432,#2431);
#2434=DIRECTION('',(1.E0,0.E0,0.E0));
#2435=VECTOR('',#2434,2.E-1);
#2436=CARTESIAN_POINT('',(1.155E0,-4.413750317050E-1,-3.39E0));
#2437=LINE('',#2436,#2435);
#2438=DIRECTION('',(0.E0,1.E0,0.E0));
#2439=VECTOR('',#2438,8.624968294987E-3);
#2440=CARTESIAN_POINT('',(1.155E0,-4.5E-1,-3.39E0));
#2441=LINE('',#2440,#2439);
#2442=DIRECTION('',(1.E0,0.E0,0.E0));
#2443=VECTOR('',#2442,3.E-1);
#2444=CARTESIAN_POINT('',(8.55E-1,-4.5E-1,-3.39E0));
#2445=LINE('',#2444,#2443);
#2446=DIRECTION('',(0.E0,1.E0,0.E0));
#2447=VECTOR('',#2446,8.624968294987E-3);
#2448=CARTESIAN_POINT('',(8.55E-1,-4.5E-1,-3.39E0));
#2449=LINE('',#2448,#2447);
#2450=DIRECTION('',(1.E0,0.E0,0.E0));
#2451=VECTOR('',#2450,2.E-1);
#2452=CARTESIAN_POINT('',(6.55E-1,-4.413750317050E-1,-3.39E0));
#2453=LINE('',#2452,#2451);
#2454=DIRECTION('',(0.E0,1.E0,0.E0));
#2455=VECTOR('',#2454,8.624968294987E-3);
#2456=CARTESIAN_POINT('',(6.55E-1,-4.5E-1,-3.39E0));
#2457=LINE('',#2456,#2455);
#2458=DIRECTION('',(1.E0,0.E0,0.E0));
#2459=VECTOR('',#2458,3.E-1);
#2460=CARTESIAN_POINT('',(3.55E-1,-4.5E-1,-3.39E0));
#2461=LINE('',#2460,#2459);
#2462=DIRECTION('',(0.E0,1.E0,0.E0));
#2463=VECTOR('',#2462,8.624968294987E-3);
#2464=CARTESIAN_POINT('',(3.55E-1,-4.5E-1,-3.39E0));
#2465=LINE('',#2464,#2463);
#2466=DIRECTION('',(1.E0,0.E0,0.E0));
#2467=VECTOR('',#2466,2.E-1);
#2468=CARTESIAN_POINT('',(1.55E-1,-4.413750317050E-1,-3.39E0));
#2469=LINE('',#2468,#2467);
#2470=DIRECTION('',(0.E0,1.E0,0.E0));
#2471=VECTOR('',#2470,8.624968294987E-3);
#2472=CARTESIAN_POINT('',(1.55E-1,-4.5E-1,-3.39E0));
#2473=LINE('',#2472,#2471);
#2474=DIRECTION('',(1.E0,0.E0,0.E0));
#2475=VECTOR('',#2474,3.E-1);
#2476=CARTESIAN_POINT('',(-1.45E-1,-4.5E-1,-3.39E0));
#2477=LINE('',#2476,#2475);
#2478=DIRECTION('',(0.E0,1.E0,0.E0));
#2479=VECTOR('',#2478,8.624968294987E-3);
#2480=CARTESIAN_POINT('',(-1.45E-1,-4.5E-1,-3.39E0));
#2481=LINE('',#2480,#2479);
#2482=DIRECTION('',(1.E0,0.E0,0.E0));
#2483=VECTOR('',#2482,2.E-1);
#2484=CARTESIAN_POINT('',(-3.45E-1,-4.413750317050E-1,-3.39E0));
#2485=LINE('',#2484,#2483);
#2486=DIRECTION('',(0.E0,1.E0,0.E0));
#2487=VECTOR('',#2486,8.624968294987E-3);
#2488=CARTESIAN_POINT('',(-3.45E-1,-4.5E-1,-3.39E0));
#2489=LINE('',#2488,#2487);
#2490=DIRECTION('',(1.E0,0.E0,0.E0));
#2491=VECTOR('',#2490,3.E-1);
#2492=CARTESIAN_POINT('',(-6.45E-1,-4.5E-1,-3.39E0));
#2493=LINE('',#2492,#2491);
#2494=DIRECTION('',(0.E0,1.E0,0.E0));
#2495=VECTOR('',#2494,8.624968294987E-3);
#2496=CARTESIAN_POINT('',(-6.45E-1,-4.5E-1,-3.39E0));
#2497=LINE('',#2496,#2495);
#2498=DIRECTION('',(1.E0,0.E0,0.E0));
#2499=VECTOR('',#2498,2.E-1);
#2500=CARTESIAN_POINT('',(-8.45E-1,-4.413750317050E-1,-3.39E0));
#2501=LINE('',#2500,#2499);
#2502=DIRECTION('',(0.E0,1.E0,0.E0));
#2503=VECTOR('',#2502,8.624968294987E-3);
#2504=CARTESIAN_POINT('',(-8.45E-1,-4.5E-1,-3.39E0));
#2505=LINE('',#2504,#2503);
#2506=DIRECTION('',(1.E0,0.E0,0.E0));
#2507=VECTOR('',#2506,3.E-1);
#2508=CARTESIAN_POINT('',(-1.145E0,-4.5E-1,-3.39E0));
#2509=LINE('',#2508,#2507);
#2510=DIRECTION('',(0.E0,1.E0,0.E0));
#2511=VECTOR('',#2510,8.624968294987E-3);
#2512=CARTESIAN_POINT('',(-1.145E0,-4.5E-1,-3.39E0));
#2513=LINE('',#2512,#2511);
#2514=DIRECTION('',(1.E0,0.E0,0.E0));
#2515=VECTOR('',#2514,2.E-1);
#2516=CARTESIAN_POINT('',(-1.345E0,-4.413750317050E-1,-3.39E0));
#2517=LINE('',#2516,#2515);
#2518=DIRECTION('',(0.E0,1.E0,0.E0));
#2519=VECTOR('',#2518,8.624968294987E-3);
#2520=CARTESIAN_POINT('',(-1.345E0,-4.5E-1,-3.39E0));
#2521=LINE('',#2520,#2519);
#2522=DIRECTION('',(1.E0,0.E0,0.E0));
#2523=VECTOR('',#2522,3.E-1);
#2524=CARTESIAN_POINT('',(-1.645E0,-4.5E-1,-3.39E0));
#2525=LINE('',#2524,#2523);
#2526=DIRECTION('',(0.E0,1.E0,0.E0));
#2527=VECTOR('',#2526,8.624968294987E-3);
#2528=CARTESIAN_POINT('',(-1.645E0,-4.5E-1,-3.39E0));
#2529=LINE('',#2528,#2527);
#2530=DIRECTION('',(1.E0,0.E0,0.E0));
#2531=VECTOR('',#2530,2.E-1);
#2532=CARTESIAN_POINT('',(-1.845E0,-4.413750317050E-1,-3.39E0));
#2533=LINE('',#2532,#2531);
#2534=DIRECTION('',(0.E0,1.E0,0.E0));
#2535=VECTOR('',#2534,8.624968294987E-3);
#2536=CARTESIAN_POINT('',(-1.845E0,-4.5E-1,-3.39E0));
#2537=LINE('',#2536,#2535);
#2538=DIRECTION('',(1.E0,0.E0,0.E0));
#2539=VECTOR('',#2538,3.E-1);
#2540=CARTESIAN_POINT('',(-2.145E0,-4.5E-1,-3.39E0));
#2541=LINE('',#2540,#2539);
#2542=DIRECTION('',(0.E0,1.E0,0.E0));
#2543=VECTOR('',#2542,8.624968294987E-3);
#2544=CARTESIAN_POINT('',(-2.145E0,-4.5E-1,-3.39E0));
#2545=LINE('',#2544,#2543);
#2546=DIRECTION('',(1.E0,0.E0,0.E0));
#2547=VECTOR('',#2546,2.E-1);
#2548=CARTESIAN_POINT('',(-2.345E0,-4.413750317050E-1,-3.39E0));
#2549=LINE('',#2548,#2547);
#2550=DIRECTION('',(0.E0,1.E0,0.E0));
#2551=VECTOR('',#2550,8.624968294987E-3);
#2552=CARTESIAN_POINT('',(-2.345E0,-4.5E-1,-3.39E0));
#2553=LINE('',#2552,#2551);
#2554=DIRECTION('',(1.E0,0.E0,0.E0));
#2555=VECTOR('',#2554,3.E-1);
#2556=CARTESIAN_POINT('',(-2.645E0,-4.5E-1,-3.39E0));
#2557=LINE('',#2556,#2555);
#2558=DIRECTION('',(0.E0,1.E0,0.E0));
#2559=VECTOR('',#2558,8.624968294987E-3);
#2560=CARTESIAN_POINT('',(-2.645E0,-4.5E-1,-3.39E0));
#2561=LINE('',#2560,#2559);
#2562=DIRECTION('',(1.E0,0.E0,0.E0));
#2563=VECTOR('',#2562,2.E-1);
#2564=CARTESIAN_POINT('',(-2.845E0,-4.413750317050E-1,-3.39E0));
#2565=LINE('',#2564,#2563);
#2566=DIRECTION('',(0.E0,1.E0,0.E0));
#2567=VECTOR('',#2566,8.624968294987E-3);
#2568=CARTESIAN_POINT('',(-2.845E0,-4.5E-1,-3.39E0));
#2569=LINE('',#2568,#2567);
#2570=DIRECTION('',(1.E0,0.E0,0.E0));
#2571=VECTOR('',#2570,3.E-1);
#2572=CARTESIAN_POINT('',(-3.145E0,-4.5E-1,-3.39E0));
#2573=LINE('',#2572,#2571);
#2574=DIRECTION('',(0.E0,1.E0,0.E0));
#2575=VECTOR('',#2574,8.624968294987E-3);
#2576=CARTESIAN_POINT('',(-3.145E0,-4.5E-1,-3.39E0));
#2577=LINE('',#2576,#2575);
#2578=DIRECTION('',(1.E0,0.E0,0.E0));
#2579=VECTOR('',#2578,2.E-1);
#2580=CARTESIAN_POINT('',(-3.345E0,-4.413750317050E-1,-3.39E0));
#2581=LINE('',#2580,#2579);
#2582=DIRECTION('',(0.E0,1.E0,0.E0));
#2583=VECTOR('',#2582,8.624968294987E-3);
#2584=CARTESIAN_POINT('',(-3.345E0,-4.5E-1,-3.39E0));
#2585=LINE('',#2584,#2583);
#2586=DIRECTION('',(1.E0,0.E0,0.E0));
#2587=VECTOR('',#2586,3.E-1);
#2588=CARTESIAN_POINT('',(-3.645E0,-4.5E-1,-3.39E0));
#2589=LINE('',#2588,#2587);
#2590=DIRECTION('',(0.E0,1.E0,0.E0));
#2591=VECTOR('',#2590,8.624968294987E-3);
#2592=CARTESIAN_POINT('',(-3.645E0,-4.5E-1,-3.39E0));
#2593=LINE('',#2592,#2591);
#2594=DIRECTION('',(1.E0,0.E0,0.E0));
#2595=VECTOR('',#2594,2.E-1);
#2596=CARTESIAN_POINT('',(-3.845E0,-4.413750317050E-1,-3.39E0));
#2597=LINE('',#2596,#2595);
#2598=DIRECTION('',(0.E0,1.E0,0.E0));
#2599=VECTOR('',#2598,8.624968294987E-3);
#2600=CARTESIAN_POINT('',(-3.845E0,-4.5E-1,-3.39E0));
#2601=LINE('',#2600,#2599);
#2602=DIRECTION('',(1.E0,0.E0,0.E0));
#2603=VECTOR('',#2602,3.E-1);
#2604=CARTESIAN_POINT('',(-4.145E0,-4.5E-1,-3.39E0));
#2605=LINE('',#2604,#2603);
#2606=DIRECTION('',(0.E0,1.E0,0.E0));
#2607=VECTOR('',#2606,8.624968294987E-3);
#2608=CARTESIAN_POINT('',(-4.145E0,-4.5E-1,-3.39E0));
#2609=LINE('',#2608,#2607);
#2610=DIRECTION('',(1.E0,0.E0,0.E0));
#2611=VECTOR('',#2610,2.E-1);
#2612=CARTESIAN_POINT('',(-4.345E0,-4.413750317050E-1,-3.39E0));
#2613=LINE('',#2612,#2611);
#2614=DIRECTION('',(0.E0,1.E0,0.E0));
#2615=VECTOR('',#2614,8.624968294987E-3);
#2616=CARTESIAN_POINT('',(-4.345E0,-4.5E-1,-3.39E0));
#2617=LINE('',#2616,#2615);
#2618=DIRECTION('',(1.E0,0.E0,0.E0));
#2619=VECTOR('',#2618,3.E-1);
#2620=CARTESIAN_POINT('',(-4.645E0,-4.5E-1,-3.39E0));
#2621=LINE('',#2620,#2619);
#2622=DIRECTION('',(0.E0,1.E0,0.E0));
#2623=VECTOR('',#2622,8.624968294987E-3);
#2624=CARTESIAN_POINT('',(-4.645E0,-4.5E-1,-3.39E0));
#2625=LINE('',#2624,#2623);
#2626=DIRECTION('',(1.E0,0.E0,0.E0));
#2627=VECTOR('',#2626,2.E-1);
#2628=CARTESIAN_POINT('',(-4.845E0,-4.413750317050E-1,-3.39E0));
#2629=LINE('',#2628,#2627);
#2630=DIRECTION('',(0.E0,1.E0,0.E0));
#2631=VECTOR('',#2630,8.624968294987E-3);
#2632=CARTESIAN_POINT('',(-4.845E0,-4.5E-1,-3.39E0));
#2633=LINE('',#2632,#2631);
#2634=DIRECTION('',(1.E0,0.E0,0.E0));
#2635=VECTOR('',#2634,3.E-1);
#2636=CARTESIAN_POINT('',(-5.145E0,-4.5E-1,-3.39E0));
#2637=LINE('',#2636,#2635);
#2638=DIRECTION('',(0.E0,7.071067811865E-1,7.071067811865E-1));
#2639=VECTOR('',#2638,4.666904755831E-1);
#2640=CARTESIAN_POINT('',(-5.145E0,-7.5E-1,-4.73E0));
#2641=LINE('',#2640,#2639);
#2642=DIRECTION('',(0.E0,0.E0,1.E0));
#2643=VECTOR('',#2642,3.7E-1);
#2644=CARTESIAN_POINT('',(-5.145E0,-7.5E-1,-5.1E0));
#2645=LINE('',#2644,#2643);
#2646=DIRECTION('',(0.E0,1.E0,0.E0));
#2647=VECTOR('',#2646,3.E-1);
#2648=CARTESIAN_POINT('',(-5.145E0,-1.05E0,-5.1E0));
#2649=LINE('',#2648,#2647);
#2650=DIRECTION('',(0.E0,0.E0,-1.E0));
#2651=VECTOR('',#2650,5.E-1);
#2652=CARTESIAN_POINT('',(-5.145E0,-1.05E0,-4.6E0));
#2653=LINE('',#2652,#2651);
#2654=DIRECTION('',(0.E0,-7.071067811865E-1,-7.071067811865E-1));
#2655=VECTOR('',#2654,2.828427124746E-1);
#2656=CARTESIAN_POINT('',(-5.145E0,-8.5E-1,-4.4E0));
#2657=LINE('',#2656,#2655);
#2658=DIRECTION('',(0.E0,-4.216293820650E-1,9.067682527413E-1));
#2659=VECTOR('',#2658,1.703387200692E-1);
#2660=CARTESIAN_POINT('',(-5.145E0,-3.781801907155E-1,-1.716957743571E0));
#2661=LINE('',#2660,#2659);
#2662=CARTESIAN_POINT('',(-5.145E0,-5.55E-1,-1.799175473074E0));
#2663=DIRECTION('',(1.E0,0.E0,0.E0));
#2664=DIRECTION('',(0.E0,9.986860302749E-1,-5.124658948456E-2));
#2665=AXIS2_PLACEMENT_3D('',#2662,#2663,#2664);
#2667=DIRECTION('',(0.E0,5.124658948458E-2,9.986860302749E-1));
#2668=VECTOR('',#2667,1.582911339554E0);
#2669=CARTESIAN_POINT('',(-5.145E0,-4.413750317050E-1,-3.39E0));
#2670=LINE('',#2669,#2668);
#2671=DIRECTION('',(-1.E0,0.E0,0.E0));
#2672=VECTOR('',#2671,2.E-1);
#2673=CARTESIAN_POINT('',(-5.145E0,-7.5E-1,-4.73E0));
#2674=LINE('',#2673,#2672);
#2675=DIRECTION('',(0.E0,-7.071067811865E-1,-7.071067811865E-1));
#2676=VECTOR('',#2675,2.828427124746E-1);
#2677=CARTESIAN_POINT('',(-5.345E0,-8.5E-1,-4.4E0));
#2678=LINE('',#2677,#2676);
#2679=DIRECTION('',(0.E0,0.E0,-1.E0));
#2680=VECTOR('',#2679,5.E-1);
#2681=CARTESIAN_POINT('',(-5.345E0,-1.05E0,-4.6E0));
#2682=LINE('',#2681,#2680);
#2683=DIRECTION('',(0.E0,1.E0,0.E0));
#2684=VECTOR('',#2683,3.E-1);
#2685=CARTESIAN_POINT('',(-5.345E0,-1.05E0,-5.1E0));
#2686=LINE('',#2685,#2684);
#2687=DIRECTION('',(0.E0,0.E0,1.E0));
#2688=VECTOR('',#2687,3.7E-1);
#2689=CARTESIAN_POINT('',(-5.345E0,-7.5E-1,-5.1E0));
#2690=LINE('',#2689,#2688);
#2691=DIRECTION('',(0.E0,7.071067811865E-1,7.071067811865E-1));
#2692=VECTOR('',#2691,4.666904755831E-1);
#2693=CARTESIAN_POINT('',(-5.345E0,-7.5E-1,-4.73E0));
#2694=LINE('',#2693,#2692);
#2695=DIRECTION('',(0.E0,5.124658948458E-2,9.986860302749E-1));
#2696=VECTOR('',#2695,1.582911339554E0);
#2697=CARTESIAN_POINT('',(-5.345E0,-4.413750317050E-1,-3.39E0));
#2698=LINE('',#2697,#2696);
#2699=CARTESIAN_POINT('',(-5.345E0,-5.55E-1,-1.799175473074E0));
#2700=DIRECTION('',(1.E0,0.E0,0.E0));
#2701=DIRECTION('',(0.E0,9.986860302749E-1,-5.124658948456E-2));
#2702=AXIS2_PLACEMENT_3D('',#2699,#2700,#2701);
#2704=DIRECTION('',(0.E0,-4.216293820650E-1,9.067682527413E-1));
#2705=VECTOR('',#2704,1.703387200692E-1);
#2706=CARTESIAN_POINT('',(-5.345E0,-3.781801907155E-1,-1.716957743571E0));
#2707=LINE('',#2706,#2705);
#2708=DIRECTION('',(-1.E0,0.E0,0.E0));
#2709=VECTOR('',#2708,2.E-1);
#2710=CARTESIAN_POINT('',(-5.145E0,-1.05E0,-4.6E0));
#2711=LINE('',#2710,#2709);
#2712=DIRECTION('',(-1.E0,0.E0,0.E0));
#2713=VECTOR('',#2712,2.E-1);
#2714=CARTESIAN_POINT('',(-5.145E0,-1.05E0,-5.1E0));
#2715=LINE('',#2714,#2713);
#2716=DIRECTION('',(-1.E0,0.E0,0.E0));
#2717=VECTOR('',#2716,2.E-1);
#2718=CARTESIAN_POINT('',(-5.145E0,-7.5E-1,-5.1E0));
#2719=LINE('',#2718,#2717);
#2720=DIRECTION('',(0.E0,0.E0,1.E0));
#2721=VECTOR('',#2720,1.8275E0);
#2722=CARTESIAN_POINT('',(-5.145E0,-4.5E-1,-3.39E0));
#2723=LINE('',#2722,#2721);
#2724=DIRECTION('',(0.E0,0.E0,1.E0));
#2725=VECTOR('',#2724,1.8275E0);
#2726=CARTESIAN_POINT('',(-4.845E0,-4.5E-1,-3.39E0));
#2727=LINE('',#2726,#2725);
#2728=DIRECTION('',(1.E0,0.E0,0.E0));
#2729=VECTOR('',#2728,2.E-1);
#2730=CARTESIAN_POINT('',(-4.845E0,-4.5E-1,-1.5625E0));
#2731=LINE('',#2730,#2729);
#2732=DIRECTION('',(0.E0,0.E0,1.E0));
#2733=VECTOR('',#2732,1.8275E0);
#2734=CARTESIAN_POINT('',(-4.645E0,-4.5E-1,-3.39E0));
#2735=LINE('',#2734,#2733);
#2736=DIRECTION('',(0.E0,0.E0,1.E0));
#2737=VECTOR('',#2736,1.8275E0);
#2738=CARTESIAN_POINT('',(-4.345E0,-4.5E-1,-3.39E0));
#2739=LINE('',#2738,#2737);
#2740=DIRECTION('',(1.E0,0.E0,0.E0));
#2741=VECTOR('',#2740,2.E-1);
#2742=CARTESIAN_POINT('',(-4.345E0,-4.5E-1,-1.5625E0));
#2743=LINE('',#2742,#2741);
#2744=DIRECTION('',(0.E0,0.E0,1.E0));
#2745=VECTOR('',#2744,1.8275E0);
#2746=CARTESIAN_POINT('',(-4.145E0,-4.5E-1,-3.39E0));
#2747=LINE('',#2746,#2745);
#2748=DIRECTION('',(0.E0,0.E0,1.E0));
#2749=VECTOR('',#2748,1.8275E0);
#2750=CARTESIAN_POINT('',(-3.845E0,-4.5E-1,-3.39E0));
#2751=LINE('',#2750,#2749);
#2752=DIRECTION('',(1.E0,0.E0,0.E0));
#2753=VECTOR('',#2752,2.E-1);
#2754=CARTESIAN_POINT('',(-3.845E0,-4.5E-1,-1.5625E0));
#2755=LINE('',#2754,#2753);
#2756=DIRECTION('',(0.E0,0.E0,1.E0));
#2757=VECTOR('',#2756,1.8275E0);
#2758=CARTESIAN_POINT('',(-3.645E0,-4.5E-1,-3.39E0));
#2759=LINE('',#2758,#2757);
#2760=DIRECTION('',(0.E0,0.E0,1.E0));
#2761=VECTOR('',#2760,1.8275E0);
#2762=CARTESIAN_POINT('',(-3.345E0,-4.5E-1,-3.39E0));
#2763=LINE('',#2762,#2761);
#2764=DIRECTION('',(1.E0,0.E0,0.E0));
#2765=VECTOR('',#2764,2.E-1);
#2766=CARTESIAN_POINT('',(-3.345E0,-4.5E-1,-1.5625E0));
#2767=LINE('',#2766,#2765);
#2768=DIRECTION('',(0.E0,0.E0,1.E0));
#2769=VECTOR('',#2768,1.8275E0);
#2770=CARTESIAN_POINT('',(-3.145E0,-4.5E-1,-3.39E0));
#2771=LINE('',#2770,#2769);
#2772=DIRECTION('',(0.E0,0.E0,1.E0));
#2773=VECTOR('',#2772,1.8275E0);
#2774=CARTESIAN_POINT('',(-2.845E0,-4.5E-1,-3.39E0));
#2775=LINE('',#2774,#2773);
#2776=DIRECTION('',(1.E0,0.E0,0.E0));
#2777=VECTOR('',#2776,2.E-1);
#2778=CARTESIAN_POINT('',(-2.845E0,-4.5E-1,-1.5625E0));
#2779=LINE('',#2778,#2777);
#2780=DIRECTION('',(0.E0,0.E0,1.E0));
#2781=VECTOR('',#2780,1.8275E0);
#2782=CARTESIAN_POINT('',(-2.645E0,-4.5E-1,-3.39E0));
#2783=LINE('',#2782,#2781);
#2784=DIRECTION('',(0.E0,0.E0,1.E0));
#2785=VECTOR('',#2784,1.8275E0);
#2786=CARTESIAN_POINT('',(-2.345E0,-4.5E-1,-3.39E0));
#2787=LINE('',#2786,#2785);
#2788=DIRECTION('',(1.E0,0.E0,0.E0));
#2789=VECTOR('',#2788,2.E-1);
#2790=CARTESIAN_POINT('',(-2.345E0,-4.5E-1,-1.5625E0));
#2791=LINE('',#2790,#2789);
#2792=DIRECTION('',(0.E0,0.E0,1.E0));
#2793=VECTOR('',#2792,1.8275E0);
#2794=CARTESIAN_POINT('',(-2.145E0,-4.5E-1,-3.39E0));
#2795=LINE('',#2794,#2793);
#2796=DIRECTION('',(0.E0,0.E0,1.E0));
#2797=VECTOR('',#2796,1.8275E0);
#2798=CARTESIAN_POINT('',(-1.845E0,-4.5E-1,-3.39E0));
#2799=LINE('',#2798,#2797);
#2800=DIRECTION('',(1.E0,0.E0,0.E0));
#2801=VECTOR('',#2800,2.E-1);
#2802=CARTESIAN_POINT('',(-1.845E0,-4.5E-1,-1.5625E0));
#2803=LINE('',#2802,#2801);
#2804=DIRECTION('',(0.E0,0.E0,1.E0));
#2805=VECTOR('',#2804,1.8275E0);
#2806=CARTESIAN_POINT('',(-1.645E0,-4.5E-1,-3.39E0));
#2807=LINE('',#2806,#2805);
#2808=DIRECTION('',(0.E0,0.E0,1.E0));
#2809=VECTOR('',#2808,1.8275E0);
#2810=CARTESIAN_POINT('',(-1.345E0,-4.5E-1,-3.39E0));
#2811=LINE('',#2810,#2809);
#2812=DIRECTION('',(1.E0,0.E0,0.E0));
#2813=VECTOR('',#2812,2.E-1);
#2814=CARTESIAN_POINT('',(-1.345E0,-4.5E-1,-1.5625E0));
#2815=LINE('',#2814,#2813);
#2816=DIRECTION('',(0.E0,0.E0,1.E0));
#2817=VECTOR('',#2816,1.8275E0);
#2818=CARTESIAN_POINT('',(-1.145E0,-4.5E-1,-3.39E0));
#2819=LINE('',#2818,#2817);
#2820=DIRECTION('',(0.E0,0.E0,1.E0));
#2821=VECTOR('',#2820,1.8275E0);
#2822=CARTESIAN_POINT('',(-8.45E-1,-4.5E-1,-3.39E0));
#2823=LINE('',#2822,#2821);
#2824=DIRECTION('',(1.E0,0.E0,0.E0));
#2825=VECTOR('',#2824,2.E-1);
#2826=CARTESIAN_POINT('',(-8.45E-1,-4.5E-1,-1.5625E0));
#2827=LINE('',#2826,#2825);
#2828=DIRECTION('',(0.E0,0.E0,1.E0));
#2829=VECTOR('',#2828,1.8275E0);
#2830=CARTESIAN_POINT('',(-6.45E-1,-4.5E-1,-3.39E0));
#2831=LINE('',#2830,#2829);
#2832=DIRECTION('',(0.E0,0.E0,1.E0));
#2833=VECTOR('',#2832,1.8275E0);
#2834=CARTESIAN_POINT('',(-3.45E-1,-4.5E-1,-3.39E0));
#2835=LINE('',#2834,#2833);
#2836=DIRECTION('',(1.E0,0.E0,0.E0));
#2837=VECTOR('',#2836,2.E-1);
#2838=CARTESIAN_POINT('',(-3.45E-1,-4.5E-1,-1.5625E0));
#2839=LINE('',#2838,#2837);
#2840=DIRECTION('',(0.E0,0.E0,1.E0));
#2841=VECTOR('',#2840,1.8275E0);
#2842=CARTESIAN_POINT('',(-1.45E-1,-4.5E-1,-3.39E0));
#2843=LINE('',#2842,#2841);
#2844=DIRECTION('',(0.E0,0.E0,1.E0));
#2845=VECTOR('',#2844,1.8275E0);
#2846=CARTESIAN_POINT('',(1.55E-1,-4.5E-1,-3.39E0));
#2847=LINE('',#2846,#2845);
#2848=DIRECTION('',(1.E0,0.E0,0.E0));
#2849=VECTOR('',#2848,2.E-1);
#2850=CARTESIAN_POINT('',(1.55E-1,-4.5E-1,-1.5625E0));
#2851=LINE('',#2850,#2849);
#2852=DIRECTION('',(0.E0,0.E0,1.E0));
#2853=VECTOR('',#2852,1.8275E0);
#2854=CARTESIAN_POINT('',(3.55E-1,-4.5E-1,-3.39E0));
#2855=LINE('',#2854,#2853);
#2856=DIRECTION('',(0.E0,0.E0,1.E0));
#2857=VECTOR('',#2856,1.8275E0);
#2858=CARTESIAN_POINT('',(6.55E-1,-4.5E-1,-3.39E0));
#2859=LINE('',#2858,#2857);
#2860=DIRECTION('',(1.E0,0.E0,0.E0));
#2861=VECTOR('',#2860,2.E-1);
#2862=CARTESIAN_POINT('',(6.55E-1,-4.5E-1,-1.5625E0));
#2863=LINE('',#2862,#2861);
#2864=DIRECTION('',(0.E0,0.E0,1.E0));
#2865=VECTOR('',#2864,1.8275E0);
#2866=CARTESIAN_POINT('',(8.55E-1,-4.5E-1,-3.39E0));
#2867=LINE('',#2866,#2865);
#2868=DIRECTION('',(0.E0,0.E0,1.E0));
#2869=VECTOR('',#2868,1.8275E0);
#2870=CARTESIAN_POINT('',(1.155E0,-4.5E-1,-3.39E0));
#2871=LINE('',#2870,#2869);
#2872=DIRECTION('',(1.E0,0.E0,0.E0));
#2873=VECTOR('',#2872,2.E-1);
#2874=CARTESIAN_POINT('',(1.155E0,-4.5E-1,-1.5625E0));
#2875=LINE('',#2874,#2873);
#2876=DIRECTION('',(0.E0,0.E0,1.E0));
#2877=VECTOR('',#2876,1.8275E0);
#2878=CARTESIAN_POINT('',(1.355E0,-4.5E-1,-3.39E0));
#2879=LINE('',#2878,#2877);
#2880=DIRECTION('',(0.E0,0.E0,1.E0));
#2881=VECTOR('',#2880,1.8275E0);
#2882=CARTESIAN_POINT('',(1.655E0,-4.5E-1,-3.39E0));
#2883=LINE('',#2882,#2881);
#2884=DIRECTION('',(1.E0,0.E0,0.E0));
#2885=VECTOR('',#2884,2.E-1);
#2886=CARTESIAN_POINT('',(1.655E0,-4.5E-1,-1.5625E0));
#2887=LINE('',#2886,#2885);
#2888=DIRECTION('',(0.E0,0.E0,1.E0));
#2889=VECTOR('',#2888,1.8275E0);
#2890=CARTESIAN_POINT('',(1.855E0,-4.5E-1,-3.39E0));
#2891=LINE('',#2890,#2889);
#2892=DIRECTION('',(0.E0,0.E0,1.E0));
#2893=VECTOR('',#2892,1.8275E0);
#2894=CARTESIAN_POINT('',(2.155E0,-4.5E-1,-3.39E0));
#2895=LINE('',#2894,#2893);
#2896=DIRECTION('',(1.E0,0.E0,0.E0));
#2897=VECTOR('',#2896,2.E-1);
#2898=CARTESIAN_POINT('',(2.155E0,-4.5E-1,-1.5625E0));
#2899=LINE('',#2898,#2897);
#2900=DIRECTION('',(0.E0,0.E0,1.E0));
#2901=VECTOR('',#2900,1.8275E0);
#2902=CARTESIAN_POINT('',(2.355E0,-4.5E-1,-3.39E0));
#2903=LINE('',#2902,#2901);
#2904=DIRECTION('',(0.E0,0.E0,1.E0));
#2905=VECTOR('',#2904,1.8275E0);
#2906=CARTESIAN_POINT('',(2.655E0,-4.5E-1,-3.39E0));
#2907=LINE('',#2906,#2905);
#2908=DIRECTION('',(1.E0,0.E0,0.E0));
#2909=VECTOR('',#2908,2.E-1);
#2910=CARTESIAN_POINT('',(2.655E0,-4.5E-1,-1.5625E0));
#2911=LINE('',#2910,#2909);
#2912=DIRECTION('',(0.E0,0.E0,1.E0));
#2913=VECTOR('',#2912,1.8275E0);
#2914=CARTESIAN_POINT('',(2.855E0,-4.5E-1,-3.39E0));
#2915=LINE('',#2914,#2913);
#2916=DIRECTION('',(0.E0,0.E0,1.E0));
#2917=VECTOR('',#2916,1.8275E0);
#2918=CARTESIAN_POINT('',(3.155E0,-4.5E-1,-3.39E0));
#2919=LINE('',#2918,#2917);
#2920=DIRECTION('',(1.E0,0.E0,0.E0));
#2921=VECTOR('',#2920,2.E-1);
#2922=CARTESIAN_POINT('',(3.155E0,-4.5E-1,-1.5625E0));
#2923=LINE('',#2922,#2921);
#2924=DIRECTION('',(0.E0,0.E0,1.E0));
#2925=VECTOR('',#2924,1.8275E0);
#2926=CARTESIAN_POINT('',(3.355E0,-4.5E-1,-3.39E0));
#2927=LINE('',#2926,#2925);
#2928=DIRECTION('',(0.E0,0.E0,1.E0));
#2929=VECTOR('',#2928,1.8275E0);
#2930=CARTESIAN_POINT('',(3.655E0,-4.5E-1,-3.39E0));
#2931=LINE('',#2930,#2929);
#2932=DIRECTION('',(1.E0,0.E0,0.E0));
#2933=VECTOR('',#2932,2.E-1);
#2934=CARTESIAN_POINT('',(3.655E0,-4.5E-1,-1.5625E0));
#2935=LINE('',#2934,#2933);
#2936=DIRECTION('',(0.E0,0.E0,1.E0));
#2937=VECTOR('',#2936,1.8275E0);
#2938=CARTESIAN_POINT('',(3.855E0,-4.5E-1,-3.39E0));
#2939=LINE('',#2938,#2937);
#2940=DIRECTION('',(0.E0,0.E0,1.E0));
#2941=VECTOR('',#2940,1.8275E0);
#2942=CARTESIAN_POINT('',(4.155E0,-4.5E-1,-3.39E0));
#2943=LINE('',#2942,#2941);
#2944=DIRECTION('',(1.E0,0.E0,0.E0));
#2945=VECTOR('',#2944,2.E-1);
#2946=CARTESIAN_POINT('',(4.155E0,-4.5E-1,-1.5625E0));
#2947=LINE('',#2946,#2945);
#2948=DIRECTION('',(0.E0,0.E0,1.E0));
#2949=VECTOR('',#2948,1.8275E0);
#2950=CARTESIAN_POINT('',(4.355E0,-4.5E-1,-3.39E0));
#2951=LINE('',#2950,#2949);
#2952=DIRECTION('',(0.E0,0.E0,1.E0));
#2953=VECTOR('',#2952,1.8275E0);
#2954=CARTESIAN_POINT('',(4.655E0,-4.5E-1,-3.39E0));
#2955=LINE('',#2954,#2953);
#2956=DIRECTION('',(1.E0,0.E0,0.E0));
#2957=VECTOR('',#2956,2.E-1);
#2958=CARTESIAN_POINT('',(4.655E0,-4.5E-1,-1.5625E0));
#2959=LINE('',#2958,#2957);
#2960=DIRECTION('',(0.E0,0.E0,1.E0));
#2961=VECTOR('',#2960,1.8275E0);
#2962=CARTESIAN_POINT('',(4.855E0,-4.5E-1,-3.39E0));
#2963=LINE('',#2962,#2961);
#2964=DIRECTION('',(0.E0,0.E0,1.E0));
#2965=VECTOR('',#2964,1.8275E0);
#2966=CARTESIAN_POINT('',(5.155E0,-4.5E-1,-3.39E0));
#2967=LINE('',#2966,#2965);
#2968=DIRECTION('',(1.E0,0.E0,0.E0));
#2969=VECTOR('',#2968,2.E-1);
#2970=CARTESIAN_POINT('',(5.155E0,-4.5E-1,-1.5625E0));
#2971=LINE('',#2970,#2969);
#2972=DIRECTION('',(0.E0,0.E0,1.E0));
#2973=VECTOR('',#2972,1.8275E0);
#2974=CARTESIAN_POINT('',(5.355E0,-4.5E-1,-3.39E0));
#2975=LINE('',#2974,#2973);
#2976=DIRECTION('',(1.E0,0.E0,0.E0));
#2977=VECTOR('',#2976,1.16E1);
#2978=CARTESIAN_POINT('',(-5.8E0,-4.5E-1,-1.49E0));
#2979=LINE('',#2978,#2977);
#2980=DIRECTION('',(0.E0,0.E0,-1.E0));
#2981=VECTOR('',#2980,1.06E0);
#2982=CARTESIAN_POINT('',(-5.8E0,-4.5E-1,-1.49E0));
#2983=LINE('',#2982,#2981);
#2984=DIRECTION('',(0.E0,0.E0,1.E0));
#2985=VECTOR('',#2984,1.8275E0);
#2986=CARTESIAN_POINT('',(-5.345E0,-4.5E-1,-3.39E0));
#2987=LINE('',#2986,#2985);
#2988=DIRECTION('',(1.E0,0.E0,0.E0));
#2989=VECTOR('',#2988,2.E-1);
#2990=CARTESIAN_POINT('',(-5.345E0,-4.5E-1,-1.5625E0));
#2991=LINE('',#2990,#2989);
#2992=DIRECTION('',(0.E0,-7.071067811865E-1,-7.071067811865E-1));
#2993=VECTOR('',#2992,2.828427124746E-1);
#2994=CARTESIAN_POINT('',(-4.845E0,-8.5E-1,-4.4E0));
#2995=LINE('',#2994,#2993);
#2996=DIRECTION('',(0.E0,0.E0,-1.E0));
#2997=VECTOR('',#2996,5.E-1);
#2998=CARTESIAN_POINT('',(-4.845E0,-1.05E0,-4.6E0));
#2999=LINE('',#2998,#2997);
#3000=DIRECTION('',(0.E0,1.E0,0.E0));
#3001=VECTOR('',#3000,3.E-1);
#3002=CARTESIAN_POINT('',(-4.845E0,-1.05E0,-5.1E0));
#3003=LINE('',#3002,#3001);
#3004=DIRECTION('',(0.E0,0.E0,1.E0));
#3005=VECTOR('',#3004,3.7E-1);
#3006=CARTESIAN_POINT('',(-4.845E0,-7.5E-1,-5.1E0));
#3007=LINE('',#3006,#3005);
#3008=DIRECTION('',(0.E0,7.071067811865E-1,7.071067811865E-1));
#3009=VECTOR('',#3008,4.666904755831E-1);
#3010=CARTESIAN_POINT('',(-4.845E0,-7.5E-1,-4.73E0));
#3011=LINE('',#3010,#3009);
#3012=DIRECTION('',(0.E0,5.124658948458E-2,9.986860302749E-1));
#3013=VECTOR('',#3012,1.582911339554E0);
#3014=CARTESIAN_POINT('',(-4.845E0,-4.413750317050E-1,-3.39E0));
#3015=LINE('',#3014,#3013);
#3016=CARTESIAN_POINT('',(-4.845E0,-5.55E-1,-1.799175473074E0));
#3017=DIRECTION('',(1.E0,0.E0,0.E0));
#3018=DIRECTION('',(0.E0,9.986860302749E-1,-5.124658948456E-2));
#3019=AXIS2_PLACEMENT_3D('',#3016,#3017,#3018);
#3021=DIRECTION('',(0.E0,-4.216293820650E-1,9.067682527413E-1));
#3022=VECTOR('',#3021,1.703387200692E-1);
#3023=CARTESIAN_POINT('',(-4.845E0,-3.781801907155E-1,-1.716957743571E0));
#3024=LINE('',#3023,#3022);
#3025=DIRECTION('',(0.E0,7.071067811865E-1,7.071067811865E-1));
#3026=VECTOR('',#3025,4.666904755831E-1);
#3027=CARTESIAN_POINT('',(-4.645E0,-7.5E-1,-4.73E0));
#3028=LINE('',#3027,#3026);
#3029=DIRECTION('',(0.E0,0.E0,1.E0));
#3030=VECTOR('',#3029,3.7E-1);
#3031=CARTESIAN_POINT('',(-4.645E0,-7.5E-1,-5.1E0));
#3032=LINE('',#3031,#3030);
#3033=DIRECTION('',(0.E0,1.E0,0.E0));
#3034=VECTOR('',#3033,3.E-1);
#3035=CARTESIAN_POINT('',(-4.645E0,-1.05E0,-5.1E0));
#3036=LINE('',#3035,#3034);
#3037=DIRECTION('',(0.E0,0.E0,-1.E0));
#3038=VECTOR('',#3037,5.E-1);
#3039=CARTESIAN_POINT('',(-4.645E0,-1.05E0,-4.6E0));
#3040=LINE('',#3039,#3038);
#3041=DIRECTION('',(0.E0,-7.071067811865E-1,-7.071067811865E-1));
#3042=VECTOR('',#3041,2.828427124746E-1);
#3043=CARTESIAN_POINT('',(-4.645E0,-8.5E-1,-4.4E0));
#3044=LINE('',#3043,#3042);
#3045=DIRECTION('',(0.E0,-4.216293820650E-1,9.067682527413E-1));
#3046=VECTOR('',#3045,1.703387200692E-1);
#3047=CARTESIAN_POINT('',(-4.645E0,-3.781801907155E-1,-1.716957743571E0));
#3048=LINE('',#3047,#3046);
#3049=CARTESIAN_POINT('',(-4.645E0,-5.55E-1,-1.799175473074E0));
#3050=DIRECTION('',(1.E0,0.E0,0.E0));
#3051=DIRECTION('',(0.E0,9.986860302749E-1,-5.124658948456E-2));
#3052=AXIS2_PLACEMENT_3D('',#3049,#3050,#3051);
#3054=DIRECTION('',(0.E0,5.124658948458E-2,9.986860302749E-1));
#3055=VECTOR('',#3054,1.582911339554E0);
#3056=CARTESIAN_POINT('',(-4.645E0,-4.413750317050E-1,-3.39E0));
#3057=LINE('',#3056,#3055);
#3058=DIRECTION('',(-1.E0,0.E0,0.E0));
#3059=VECTOR('',#3058,2.E-1);
#3060=CARTESIAN_POINT('',(-4.645E0,-7.5E-1,-4.73E0));
#3061=LINE('',#3060,#3059);
#3062=DIRECTION('',(-1.E0,0.E0,0.E0));
#3063=VECTOR('',#3062,2.E-1);
#3064=CARTESIAN_POINT('',(-4.645E0,-7.5E-1,-5.1E0));
#3065=LINE('',#3064,#3063);
#3066=DIRECTION('',(-1.E0,0.E0,0.E0));
#3067=VECTOR('',#3066,2.E-1);
#3068=CARTESIAN_POINT('',(-4.645E0,-1.05E0,-5.1E0));
#3069=LINE('',#3068,#3067);
#3070=DIRECTION('',(-1.E0,0.E0,0.E0));
#3071=VECTOR('',#3070,2.E-1);
#3072=CARTESIAN_POINT('',(-4.645E0,-1.05E0,-4.6E0));
#3073=LINE('',#3072,#3071);
#3074=DIRECTION('',(-1.E0,0.E0,0.E0));
#3075=VECTOR('',#3074,2.E-1);
#3076=CARTESIAN_POINT('',(-4.645E0,-3.781801907155E-1,-1.716957743571E0));
#3077=LINE('',#3076,#3075);
#3078=DIRECTION('',(-1.E0,0.E0,0.E0));
#3079=VECTOR('',#3078,2.E-1);
#3080=CARTESIAN_POINT('',(-4.645E0,-3.602562240964E-1,-1.809168558024E0));
#3081=LINE('',#3080,#3079);
#3082=DIRECTION('',(0.E0,-7.071067811865E-1,-7.071067811865E-1));
#3083=VECTOR('',#3082,2.828427124746E-1);
#3084=CARTESIAN_POINT('',(-4.345E0,-8.5E-1,-4.4E0));
#3085=LINE('',#3084,#3083);
#3086=DIRECTION('',(0.E0,0.E0,-1.E0));
#3087=VECTOR('',#3086,5.E-1);
#3088=CARTESIAN_POINT('',(-4.345E0,-1.05E0,-4.6E0));
#3089=LINE('',#3088,#3087);
#3090=DIRECTION('',(0.E0,1.E0,0.E0));
#3091=VECTOR('',#3090,3.E-1);
#3092=CARTESIAN_POINT('',(-4.345E0,-1.05E0,-5.1E0));
#3093=LINE('',#3092,#3091);
#3094=DIRECTION('',(0.E0,0.E0,1.E0));
#3095=VECTOR('',#3094,3.7E-1);
#3096=CARTESIAN_POINT('',(-4.345E0,-7.5E-1,-5.1E0));
#3097=LINE('',#3096,#3095);
#3098=DIRECTION('',(0.E0,7.071067811865E-1,7.071067811865E-1));
#3099=VECTOR('',#3098,4.666904755831E-1);
#3100=CARTESIAN_POINT('',(-4.345E0,-7.5E-1,-4.73E0));
#3101=LINE('',#3100,#3099);
#3102=DIRECTION('',(0.E0,5.124658948458E-2,9.986860302749E-1));
#3103=VECTOR('',#3102,1.582911339554E0);
#3104=CARTESIAN_POINT('',(-4.345E0,-4.413750317050E-1,-3.39E0));
#3105=LINE('',#3104,#3103);
#3106=CARTESIAN_POINT('',(-4.345E0,-5.55E-1,-1.799175473074E0));
#3107=DIRECTION('',(1.E0,0.E0,0.E0));
#3108=DIRECTION('',(0.E0,9.986860302749E-1,-5.124658948456E-2));
#3109=AXIS2_PLACEMENT_3D('',#3106,#3107,#3108);
#3111=DIRECTION('',(0.E0,-4.216293820650E-1,9.067682527413E-1));
#3112=VECTOR('',#3111,1.703387200692E-1);
#3113=CARTESIAN_POINT('',(-4.345E0,-3.781801907155E-1,-1.716957743571E0));
#3114=LINE('',#3113,#3112);
#3115=DIRECTION('',(0.E0,7.071067811865E-1,7.071067811865E-1));
#3116=VECTOR('',#3115,4.666904755831E-1);
#3117=CARTESIAN_POINT('',(-4.145E0,-7.5E-1,-4.73E0));
#3118=LINE('',#3117,#3116);
#3119=DIRECTION('',(0.E0,0.E0,1.E0));
#3120=VECTOR('',#3119,3.7E-1);
#3121=CARTESIAN_POINT('',(-4.145E0,-7.5E-1,-5.1E0));
#3122=LINE('',#3121,#3120);
#3123=DIRECTION('',(0.E0,1.E0,0.E0));
#3124=VECTOR('',#3123,3.E-1);
#3125=CARTESIAN_POINT('',(-4.145E0,-1.05E0,-5.1E0));
#3126=LINE('',#3125,#3124);
#3127=DIRECTION('',(0.E0,0.E0,-1.E0));
#3128=VECTOR('',#3127,5.E-1);
#3129=CARTESIAN_POINT('',(-4.145E0,-1.05E0,-4.6E0));
#3130=LINE('',#3129,#3128);
#3131=DIRECTION('',(0.E0,-7.071067811865E-1,-7.071067811865E-1));
#3132=VECTOR('',#3131,2.828427124746E-1);
#3133=CARTESIAN_POINT('',(-4.145E0,-8.5E-1,-4.4E0));
#3134=LINE('',#3133,#3132);
#3135=DIRECTION('',(0.E0,-4.216293820650E-1,9.067682527413E-1));
#3136=VECTOR('',#3135,1.703387200692E-1);
#3137=CARTESIAN_POINT('',(-4.145E0,-3.781801907155E-1,-1.716957743571E0));
#3138=LINE('',#3137,#3136);
#3139=CARTESIAN_POINT('',(-4.145E0,-5.55E-1,-1.799175473074E0));
#3140=DIRECTION('',(1.E0,0.E0,0.E0));
#3141=DIRECTION('',(0.E0,9.986860302749E-1,-5.124658948456E-2));
#3142=AXIS2_PLACEMENT_3D('',#3139,#3140,#3141);
#3144=DIRECTION('',(0.E0,5.124658948458E-2,9.986860302749E-1));
#3145=VECTOR('',#3144,1.582911339554E0);
#3146=CARTESIAN_POINT('',(-4.145E0,-4.413750317050E-1,-3.39E0));
#3147=LINE('',#3146,#3145);
#3148=DIRECTION('',(-1.E0,0.E0,0.E0));
#3149=VECTOR('',#3148,2.E-1);
#3150=CARTESIAN_POINT('',(-4.145E0,-7.5E-1,-4.73E0));
#3151=LINE('',#3150,#3149);
#3152=DIRECTION('',(-1.E0,0.E0,0.E0));
#3153=VECTOR('',#3152,2.E-1);
#3154=CARTESIAN_POINT('',(-4.145E0,-7.5E-1,-5.1E0));
#3155=LINE('',#3154,#3153);
#3156=DIRECTION('',(-1.E0,0.E0,0.E0));
#3157=VECTOR('',#3156,2.E-1);
#3158=CARTESIAN_POINT('',(-4.145E0,-1.05E0,-5.1E0));
#3159=LINE('',#3158,#3157);
#3160=DIRECTION('',(-1.E0,0.E0,0.E0));
#3161=VECTOR('',#3160,2.E-1);
#3162=CARTESIAN_POINT('',(-4.145E0,-1.05E0,-4.6E0));
#3163=LINE('',#3162,#3161);
#3164=DIRECTION('',(-1.E0,0.E0,0.E0));
#3165=VECTOR('',#3164,2.E-1);
#3166=CARTESIAN_POINT('',(-4.145E0,-3.781801907155E-1,-1.716957743571E0));
#3167=LINE('',#3166,#3165);
#3168=DIRECTION('',(-1.E0,0.E0,0.E0));
#3169=VECTOR('',#3168,2.E-1);
#3170=CARTESIAN_POINT('',(-4.145E0,-3.602562240964E-1,-1.809168558024E0));
#3171=LINE('',#3170,#3169);
#3172=DIRECTION('',(0.E0,-7.071067811865E-1,-7.071067811865E-1));
#3173=VECTOR('',#3172,2.828427124746E-1);
#3174=CARTESIAN_POINT('',(-3.845E0,-8.5E-1,-4.4E0));
#3175=LINE('',#3174,#3173);
#3176=DIRECTION('',(0.E0,0.E0,-1.E0));
#3177=VECTOR('',#3176,5.E-1);
#3178=CARTESIAN_POINT('',(-3.845E0,-1.05E0,-4.6E0));
#3179=LINE('',#3178,#3177);
#3180=DIRECTION('',(0.E0,1.E0,0.E0));
#3181=VECTOR('',#3180,3.E-1);
#3182=CARTESIAN_POINT('',(-3.845E0,-1.05E0,-5.1E0));
#3183=LINE('',#3182,#3181);
#3184=DIRECTION('',(0.E0,0.E0,1.E0));
#3185=VECTOR('',#3184,3.7E-1);
#3186=CARTESIAN_POINT('',(-3.845E0,-7.5E-1,-5.1E0));
#3187=LINE('',#3186,#3185);
#3188=DIRECTION('',(0.E0,7.071067811865E-1,7.071067811865E-1));
#3189=VECTOR('',#3188,4.666904755831E-1);
#3190=CARTESIAN_POINT('',(-3.845E0,-7.5E-1,-4.73E0));
#3191=LINE('',#3190,#3189);
#3192=DIRECTION('',(0.E0,5.124658948458E-2,9.986860302749E-1));
#3193=VECTOR('',#3192,1.582911339554E0);
#3194=CARTESIAN_POINT('',(-3.845E0,-4.413750317050E-1,-3.39E0));
#3195=LINE('',#3194,#3193);
#3196=CARTESIAN_POINT('',(-3.845E0,-5.55E-1,-1.799175473074E0));
#3197=DIRECTION('',(1.E0,0.E0,0.E0));
#3198=DIRECTION('',(0.E0,9.986860302749E-1,-5.124658948456E-2));
#3199=AXIS2_PLACEMENT_3D('',#3196,#3197,#3198);
#3201=DIRECTION('',(0.E0,-4.216293820650E-1,9.067682527413E-1));
#3202=VECTOR('',#3201,1.703387200692E-1);
#3203=CARTESIAN_POINT('',(-3.845E0,-3.781801907155E-1,-1.716957743571E0));
#3204=LINE('',#3203,#3202);
#3205=DIRECTION('',(0.E0,7.071067811865E-1,7.071067811865E-1));
#3206=VECTOR('',#3205,4.666904755831E-1);
#3207=CARTESIAN_POINT('',(-3.645E0,-7.5E-1,-4.73E0));
#3208=LINE('',#3207,#3206);
#3209=DIRECTION('',(0.E0,0.E0,1.E0));
#3210=VECTOR('',#3209,3.7E-1);
#3211=CARTESIAN_POINT('',(-3.645E0,-7.5E-1,-5.1E0));
#3212=LINE('',#3211,#3210);
#3213=DIRECTION('',(0.E0,1.E0,0.E0));
#3214=VECTOR('',#3213,3.E-1);
#3215=CARTESIAN_POINT('',(-3.645E0,-1.05E0,-5.1E0));
#3216=LINE('',#3215,#3214);
#3217=DIRECTION('',(0.E0,0.E0,-1.E0));
#3218=VECTOR('',#3217,5.E-1);
#3219=CARTESIAN_POINT('',(-3.645E0,-1.05E0,-4.6E0));
#3220=LINE('',#3219,#3218);
#3221=DIRECTION('',(0.E0,-7.071067811865E-1,-7.071067811865E-1));
#3222=VECTOR('',#3221,2.828427124746E-1);
#3223=CARTESIAN_POINT('',(-3.645E0,-8.5E-1,-4.4E0));
#3224=LINE('',#3223,#3222);
#3225=DIRECTION('',(0.E0,-4.216293820650E-1,9.067682527413E-1));
#3226=VECTOR('',#3225,1.703387200692E-1);
#3227=CARTESIAN_POINT('',(-3.645E0,-3.781801907155E-1,-1.716957743571E0));
#3228=LINE('',#3227,#3226);
#3229=CARTESIAN_POINT('',(-3.645E0,-5.55E-1,-1.799175473074E0));
#3230=DIRECTION('',(1.E0,0.E0,0.E0));
#3231=DIRECTION('',(0.E0,9.986860302749E-1,-5.124658948456E-2));
#3232=AXIS2_PLACEMENT_3D('',#3229,#3230,#3231);
#3234=DIRECTION('',(0.E0,5.124658948458E-2,9.986860302749E-1));
#3235=VECTOR('',#3234,1.582911339554E0);
#3236=CARTESIAN_POINT('',(-3.645E0,-4.413750317050E-1,-3.39E0));
#3237=LINE('',#3236,#3235);
#3238=DIRECTION('',(-1.E0,0.E0,0.E0));
#3239=VECTOR('',#3238,2.E-1);
#3240=CARTESIAN_POINT('',(-3.645E0,-7.5E-1,-4.73E0));
#3241=LINE('',#3240,#3239);
#3242=DIRECTION('',(-1.E0,0.E0,0.E0));
#3243=VECTOR('',#3242,2.E-1);
#3244=CARTESIAN_POINT('',(-3.645E0,-7.5E-1,-5.1E0));
#3245=LINE('',#3244,#3243);
#3246=DIRECTION('',(-1.E0,0.E0,0.E0));
#3247=VECTOR('',#3246,2.E-1);
#3248=CARTESIAN_POINT('',(-3.645E0,-1.05E0,-5.1E0));
#3249=LINE('',#3248,#3247);
#3250=DIRECTION('',(-1.E0,0.E0,0.E0));
#3251=VECTOR('',#3250,2.E-1);
#3252=CARTESIAN_POINT('',(-3.645E0,-1.05E0,-4.6E0));
#3253=LINE('',#3252,#3251);
#3254=DIRECTION('',(-1.E0,0.E0,0.E0));
#3255=VECTOR('',#3254,2.E-1);
#3256=CARTESIAN_POINT('',(-3.645E0,-3.781801907155E-1,-1.716957743571E0));
#3257=LINE('',#3256,#3255);
#3258=DIRECTION('',(-1.E0,0.E0,0.E0));
#3259=VECTOR('',#3258,2.E-1);
#3260=CARTESIAN_POINT('',(-3.645E0,-3.602562240964E-1,-1.809168558024E0));
#3261=LINE('',#3260,#3259);
#3262=DIRECTION('',(0.E0,-7.071067811865E-1,-7.071067811865E-1));
#3263=VECTOR('',#3262,2.828427124746E-1);
#3264=CARTESIAN_POINT('',(-3.345E0,-8.5E-1,-4.4E0));
#3265=LINE('',#3264,#3263);
#3266=DIRECTION('',(0.E0,0.E0,-1.E0));
#3267=VECTOR('',#3266,5.E-1);
#3268=CARTESIAN_POINT('',(-3.345E0,-1.05E0,-4.6E0));
#3269=LINE('',#3268,#3267);
#3270=DIRECTION('',(0.E0,1.E0,0.E0));
#3271=VECTOR('',#3270,3.E-1);
#3272=CARTESIAN_POINT('',(-3.345E0,-1.05E0,-5.1E0));
#3273=LINE('',#3272,#3271);
#3274=DIRECTION('',(0.E0,0.E0,1.E0));
#3275=VECTOR('',#3274,3.7E-1);
#3276=CARTESIAN_POINT('',(-3.345E0,-7.5E-1,-5.1E0));
#3277=LINE('',#3276,#3275);
#3278=DIRECTION('',(0.E0,7.071067811865E-1,7.071067811865E-1));
#3279=VECTOR('',#3278,4.666904755831E-1);
#3280=CARTESIAN_POINT('',(-3.345E0,-7.5E-1,-4.73E0));
#3281=LINE('',#3280,#3279);
#3282=DIRECTION('',(0.E0,5.124658948458E-2,9.986860302749E-1));
#3283=VECTOR('',#3282,1.582911339554E0);
#3284=CARTESIAN_POINT('',(-3.345E0,-4.413750317050E-1,-3.39E0));
#3285=LINE('',#3284,#3283);
#3286=CARTESIAN_POINT('',(-3.345E0,-5.55E-1,-1.799175473074E0));
#3287=DIRECTION('',(1.E0,0.E0,0.E0));
#3288=DIRECTION('',(0.E0,9.986860302749E-1,-5.124658948456E-2));
#3289=AXIS2_PLACEMENT_3D('',#3286,#3287,#3288);
#3291=DIRECTION('',(0.E0,-4.216293820650E-1,9.067682527413E-1));
#3292=VECTOR('',#3291,1.703387200692E-1);
#3293=CARTESIAN_POINT('',(-3.345E0,-3.781801907155E-1,-1.716957743571E0));
#3294=LINE('',#3293,#3292);
#3295=DIRECTION('',(0.E0,7.071067811865E-1,7.071067811865E-1));
#3296=VECTOR('',#3295,4.666904755831E-1);
#3297=CARTESIAN_POINT('',(-3.145E0,-7.5E-1,-4.73E0));
#3298=LINE('',#3297,#3296);
#3299=DIRECTION('',(0.E0,0.E0,1.E0));
#3300=VECTOR('',#3299,3.7E-1);
#3301=CARTESIAN_POINT('',(-3.145E0,-7.5E-1,-5.1E0));
#3302=LINE('',#3301,#3300);
#3303=DIRECTION('',(0.E0,1.E0,0.E0));
#3304=VECTOR('',#3303,3.E-1);
#3305=CARTESIAN_POINT('',(-3.145E0,-1.05E0,-5.1E0));
#3306=LINE('',#3305,#3304);
#3307=DIRECTION('',(0.E0,0.E0,-1.E0));
#3308=VECTOR('',#3307,5.E-1);
#3309=CARTESIAN_POINT('',(-3.145E0,-1.05E0,-4.6E0));
#3310=LINE('',#3309,#3308);
#3311=DIRECTION('',(0.E0,-7.071067811865E-1,-7.071067811865E-1));
#3312=VECTOR('',#3311,2.828427124746E-1);
#3313=CARTESIAN_POINT('',(-3.145E0,-8.5E-1,-4.4E0));
#3314=LINE('',#3313,#3312);
#3315=DIRECTION('',(0.E0,-4.216293820650E-1,9.067682527413E-1));
#3316=VECTOR('',#3315,1.703387200692E-1);
#3317=CARTESIAN_POINT('',(-3.145E0,-3.781801907155E-1,-1.716957743571E0));
#3318=LINE('',#3317,#3316);
#3319=CARTESIAN_POINT('',(-3.145E0,-5.55E-1,-1.799175473074E0));
#3320=DIRECTION('',(1.E0,0.E0,0.E0));
#3321=DIRECTION('',(0.E0,9.986860302749E-1,-5.124658948456E-2));
#3322=AXIS2_PLACEMENT_3D('',#3319,#3320,#3321);
#3324=DIRECTION('',(0.E0,5.124658948458E-2,9.986860302749E-1));
#3325=VECTOR('',#3324,1.582911339554E0);
#3326=CARTESIAN_POINT('',(-3.145E0,-4.413750317050E-1,-3.39E0));
#3327=LINE('',#3326,#3325);
#3328=DIRECTION('',(-1.E0,0.E0,0.E0));
#3329=VECTOR('',#3328,2.E-1);
#3330=CARTESIAN_POINT('',(-3.145E0,-7.5E-1,-4.73E0));
#3331=LINE('',#3330,#3329);
#3332=DIRECTION('',(-1.E0,0.E0,0.E0));
#3333=VECTOR('',#3332,2.E-1);
#3334=CARTESIAN_POINT('',(-3.145E0,-7.5E-1,-5.1E0));
#3335=LINE('',#3334,#3333);
#3336=DIRECTION('',(-1.E0,0.E0,0.E0));
#3337=VECTOR('',#3336,2.E-1);
#3338=CARTESIAN_POINT('',(-3.145E0,-1.05E0,-5.1E0));
#3339=LINE('',#3338,#3337);
#3340=DIRECTION('',(-1.E0,0.E0,0.E0));
#3341=VECTOR('',#3340,2.E-1);
#3342=CARTESIAN_POINT('',(-3.145E0,-1.05E0,-4.6E0));
#3343=LINE('',#3342,#3341);
#3344=DIRECTION('',(-1.E0,0.E0,0.E0));
#3345=VECTOR('',#3344,2.E-1);
#3346=CARTESIAN_POINT('',(-3.145E0,-3.781801907155E-1,-1.716957743571E0));
#3347=LINE('',#3346,#3345);
#3348=DIRECTION('',(-1.E0,0.E0,0.E0));
#3349=VECTOR('',#3348,2.E-1);
#3350=CARTESIAN_POINT('',(-3.145E0,-3.602562240964E-1,-1.809168558024E0));
#3351=LINE('',#3350,#3349);
#3352=DIRECTION('',(0.E0,-7.071067811865E-1,-7.071067811865E-1));
#3353=VECTOR('',#3352,2.828427124746E-1);
#3354=CARTESIAN_POINT('',(-2.845E0,-8.5E-1,-4.4E0));
#3355=LINE('',#3354,#3353);
#3356=DIRECTION('',(0.E0,0.E0,-1.E0));
#3357=VECTOR('',#3356,5.E-1);
#3358=CARTESIAN_POINT('',(-2.845E0,-1.05E0,-4.6E0));
#3359=LINE('',#3358,#3357);
#3360=DIRECTION('',(0.E0,1.E0,0.E0));
#3361=VECTOR('',#3360,3.E-1);
#3362=CARTESIAN_POINT('',(-2.845E0,-1.05E0,-5.1E0));
#3363=LINE('',#3362,#3361);
#3364=DIRECTION('',(0.E0,0.E0,1.E0));
#3365=VECTOR('',#3364,3.7E-1);
#3366=CARTESIAN_POINT('',(-2.845E0,-7.5E-1,-5.1E0));
#3367=LINE('',#3366,#3365);
#3368=DIRECTION('',(0.E0,7.071067811865E-1,7.071067811865E-1));
#3369=VECTOR('',#3368,4.666904755831E-1);
#3370=CARTESIAN_POINT('',(-2.845E0,-7.5E-1,-4.73E0));
#3371=LINE('',#3370,#3369);
#3372=DIRECTION('',(0.E0,5.124658948458E-2,9.986860302749E-1));
#3373=VECTOR('',#3372,1.582911339554E0);
#3374=CARTESIAN_POINT('',(-2.845E0,-4.413750317050E-1,-3.39E0));
#3375=LINE('',#3374,#3373);
#3376=CARTESIAN_POINT('',(-2.845E0,-5.55E-1,-1.799175473074E0));
#3377=DIRECTION('',(1.E0,0.E0,0.E0));
#3378=DIRECTION('',(0.E0,9.986860302749E-1,-5.124658948456E-2));
#3379=AXIS2_PLACEMENT_3D('',#3376,#3377,#3378);
#3381=DIRECTION('',(0.E0,-4.216293820650E-1,9.067682527413E-1));
#3382=VECTOR('',#3381,1.703387200692E-1);
#3383=CARTESIAN_POINT('',(-2.845E0,-3.781801907155E-1,-1.716957743571E0));
#3384=LINE('',#3383,#3382);
#3385=DIRECTION('',(0.E0,7.071067811865E-1,7.071067811865E-1));
#3386=VECTOR('',#3385,4.666904755831E-1);
#3387=CARTESIAN_POINT('',(-2.645E0,-7.5E-1,-4.73E0));
#3388=LINE('',#3387,#3386);
#3389=DIRECTION('',(0.E0,0.E0,1.E0));
#3390=VECTOR('',#3389,3.7E-1);
#3391=CARTESIAN_POINT('',(-2.645E0,-7.5E-1,-5.1E0));
#3392=LINE('',#3391,#3390);
#3393=DIRECTION('',(0.E0,1.E0,0.E0));
#3394=VECTOR('',#3393,3.E-1);
#3395=CARTESIAN_POINT('',(-2.645E0,-1.05E0,-5.1E0));
#3396=LINE('',#3395,#3394);
#3397=DIRECTION('',(0.E0,0.E0,-1.E0));
#3398=VECTOR('',#3397,5.E-1);
#3399=CARTESIAN_POINT('',(-2.645E0,-1.05E0,-4.6E0));
#3400=LINE('',#3399,#3398);
#3401=DIRECTION('',(0.E0,-7.071067811865E-1,-7.071067811865E-1));
#3402=VECTOR('',#3401,2.828427124746E-1);
#3403=CARTESIAN_POINT('',(-2.645E0,-8.5E-1,-4.4E0));
#3404=LINE('',#3403,#3402);
#3405=DIRECTION('',(0.E0,-4.216293820650E-1,9.067682527413E-1));
#3406=VECTOR('',#3405,1.703387200692E-1);
#3407=CARTESIAN_POINT('',(-2.645E0,-3.781801907155E-1,-1.716957743571E0));
#3408=LINE('',#3407,#3406);
#3409=CARTESIAN_POINT('',(-2.645E0,-5.55E-1,-1.799175473074E0));
#3410=DIRECTION('',(1.E0,0.E0,0.E0));
#3411=DIRECTION('',(0.E0,9.986860302749E-1,-5.124658948456E-2));
#3412=AXIS2_PLACEMENT_3D('',#3409,#3410,#3411);
#3414=DIRECTION('',(0.E0,5.124658948458E-2,9.986860302749E-1));
#3415=VECTOR('',#3414,1.582911339554E0);
#3416=CARTESIAN_POINT('',(-2.645E0,-4.413750317050E-1,-3.39E0));
#3417=LINE('',#3416,#3415);
#3418=DIRECTION('',(-1.E0,0.E0,0.E0));
#3419=VECTOR('',#3418,2.E-1);
#3420=CARTESIAN_POINT('',(-2.645E0,-7.5E-1,-4.73E0));
#3421=LINE('',#3420,#3419);
#3422=DIRECTION('',(-1.E0,0.E0,0.E0));
#3423=VECTOR('',#3422,2.E-1);
#3424=CARTESIAN_POINT('',(-2.645E0,-7.5E-1,-5.1E0));
#3425=LINE('',#3424,#3423);
#3426=DIRECTION('',(-1.E0,0.E0,0.E0));
#3427=VECTOR('',#3426,2.E-1);
#3428=CARTESIAN_POINT('',(-2.645E0,-1.05E0,-5.1E0));
#3429=LINE('',#3428,#3427);
#3430=DIRECTION('',(-1.E0,0.E0,0.E0));
#3431=VECTOR('',#3430,2.E-1);
#3432=CARTESIAN_POINT('',(-2.645E0,-1.05E0,-4.6E0));
#3433=LINE('',#3432,#3431);
#3434=DIRECTION('',(-1.E0,0.E0,0.E0));
#3435=VECTOR('',#3434,2.E-1);
#3436=CARTESIAN_POINT('',(-2.645E0,-3.781801907155E-1,-1.716957743571E0));
#3437=LINE('',#3436,#3435);
#3438=DIRECTION('',(-1.E0,0.E0,0.E0));
#3439=VECTOR('',#3438,2.E-1);
#3440=CARTESIAN_POINT('',(-2.645E0,-3.602562240964E-1,-1.809168558024E0));
#3441=LINE('',#3440,#3439);
#3442=DIRECTION('',(0.E0,-7.071067811865E-1,-7.071067811865E-1));
#3443=VECTOR('',#3442,2.828427124746E-1);
#3444=CARTESIAN_POINT('',(-2.345E0,-8.5E-1,-4.4E0));
#3445=LINE('',#3444,#3443);
#3446=DIRECTION('',(0.E0,0.E0,-1.E0));
#3447=VECTOR('',#3446,5.E-1);
#3448=CARTESIAN_POINT('',(-2.345E0,-1.05E0,-4.6E0));
#3449=LINE('',#3448,#3447);
#3450=DIRECTION('',(0.E0,1.E0,0.E0));
#3451=VECTOR('',#3450,3.E-1);
#3452=CARTESIAN_POINT('',(-2.345E0,-1.05E0,-5.1E0));
#3453=LINE('',#3452,#3451);
#3454=DIRECTION('',(0.E0,0.E0,1.E0));
#3455=VECTOR('',#3454,3.7E-1);
#3456=CARTESIAN_POINT('',(-2.345E0,-7.5E-1,-5.1E0));
#3457=LINE('',#3456,#3455);
#3458=DIRECTION('',(0.E0,7.071067811865E-1,7.071067811865E-1));
#3459=VECTOR('',#3458,4.666904755831E-1);
#3460=CARTESIAN_POINT('',(-2.345E0,-7.5E-1,-4.73E0));
#3461=LINE('',#3460,#3459);
#3462=DIRECTION('',(0.E0,5.124658948458E-2,9.986860302749E-1));
#3463=VECTOR('',#3462,1.582911339554E0);
#3464=CARTESIAN_POINT('',(-2.345E0,-4.413750317050E-1,-3.39E0));
#3465=LINE('',#3464,#3463);
#3466=CARTESIAN_POINT('',(-2.345E0,-5.55E-1,-1.799175473074E0));
#3467=DIRECTION('',(1.E0,0.E0,0.E0));
#3468=DIRECTION('',(0.E0,9.986860302749E-1,-5.124658948456E-2));
#3469=AXIS2_PLACEMENT_3D('',#3466,#3467,#3468);
#3471=DIRECTION('',(0.E0,-4.216293820650E-1,9.067682527413E-1));
#3472=VECTOR('',#3471,1.703387200692E-1);
#3473=CARTESIAN_POINT('',(-2.345E0,-3.781801907155E-1,-1.716957743571E0));
#3474=LINE('',#3473,#3472);
#3475=DIRECTION('',(0.E0,7.071067811865E-1,7.071067811865E-1));
#3476=VECTOR('',#3475,4.666904755831E-1);
#3477=CARTESIAN_POINT('',(-2.145E0,-7.5E-1,-4.73E0));
#3478=LINE('',#3477,#3476);
#3479=DIRECTION('',(0.E0,0.E0,1.E0));
#3480=VECTOR('',#3479,3.7E-1);
#3481=CARTESIAN_POINT('',(-2.145E0,-7.5E-1,-5.1E0));
#3482=LINE('',#3481,#3480);
#3483=DIRECTION('',(0.E0,1.E0,0.E0));
#3484=VECTOR('',#3483,3.E-1);
#3485=CARTESIAN_POINT('',(-2.145E0,-1.05E0,-5.1E0));
#3486=LINE('',#3485,#3484);
#3487=DIRECTION('',(0.E0,0.E0,-1.E0));
#3488=VECTOR('',#3487,5.E-1);
#3489=CARTESIAN_POINT('',(-2.145E0,-1.05E0,-4.6E0));
#3490=LINE('',#3489,#3488);
#3491=DIRECTION('',(0.E0,-7.071067811865E-1,-7.071067811865E-1));
#3492=VECTOR('',#3491,2.828427124746E-1);
#3493=CARTESIAN_POINT('',(-2.145E0,-8.5E-1,-4.4E0));
#3494=LINE('',#3493,#3492);
#3495=DIRECTION('',(0.E0,-4.216293820650E-1,9.067682527413E-1));
#3496=VECTOR('',#3495,1.703387200692E-1);
#3497=CARTESIAN_POINT('',(-2.145E0,-3.781801907155E-1,-1.716957743571E0));
#3498=LINE('',#3497,#3496);
#3499=CARTESIAN_POINT('',(-2.145E0,-5.55E-1,-1.799175473074E0));
#3500=DIRECTION('',(1.E0,0.E0,0.E0));
#3501=DIRECTION('',(0.E0,9.986860302749E-1,-5.124658948456E-2));
#3502=AXIS2_PLACEMENT_3D('',#3499,#3500,#3501);
#3504=DIRECTION('',(0.E0,5.124658948458E-2,9.986860302749E-1));
#3505=VECTOR('',#3504,1.582911339554E0);
#3506=CARTESIAN_POINT('',(-2.145E0,-4.413750317050E-1,-3.39E0));
#3507=LINE('',#3506,#3505);
#3508=DIRECTION('',(-1.E0,0.E0,0.E0));
#3509=VECTOR('',#3508,2.E-1);
#3510=CARTESIAN_POINT('',(-2.145E0,-7.5E-1,-4.73E0));
#3511=LINE('',#3510,#3509);
#3512=DIRECTION('',(-1.E0,0.E0,0.E0));
#3513=VECTOR('',#3512,2.E-1);
#3514=CARTESIAN_POINT('',(-2.145E0,-7.5E-1,-5.1E0));
#3515=LINE('',#3514,#3513);
#3516=DIRECTION('',(-1.E0,0.E0,0.E0));
#3517=VECTOR('',#3516,2.E-1);
#3518=CARTESIAN_POINT('',(-2.145E0,-1.05E0,-5.1E0));
#3519=LINE('',#3518,#3517);
#3520=DIRECTION('',(-1.E0,0.E0,0.E0));
#3521=VECTOR('',#3520,2.E-1);
#3522=CARTESIAN_POINT('',(-2.145E0,-1.05E0,-4.6E0));
#3523=LINE('',#3522,#3521);
#3524=DIRECTION('',(-1.E0,0.E0,0.E0));
#3525=VECTOR('',#3524,2.E-1);
#3526=CARTESIAN_POINT('',(-2.145E0,-3.781801907155E-1,-1.716957743571E0));
#3527=LINE('',#3526,#3525);
#3528=DIRECTION('',(-1.E0,0.E0,0.E0));
#3529=VECTOR('',#3528,2.E-1);
#3530=CARTESIAN_POINT('',(-2.145E0,-3.602562240964E-1,-1.809168558024E0));
#3531=LINE('',#3530,#3529);
#3532=DIRECTION('',(0.E0,-7.071067811865E-1,-7.071067811865E-1));
#3533=VECTOR('',#3532,2.828427124746E-1);
#3534=CARTESIAN_POINT('',(-1.845E0,-8.5E-1,-4.4E0));
#3535=LINE('',#3534,#3533);
#3536=DIRECTION('',(0.E0,0.E0,-1.E0));
#3537=VECTOR('',#3536,5.E-1);
#3538=CARTESIAN_POINT('',(-1.845E0,-1.05E0,-4.6E0));
#3539=LINE('',#3538,#3537);
#3540=DIRECTION('',(0.E0,1.E0,0.E0));
#3541=VECTOR('',#3540,3.E-1);
#3542=CARTESIAN_POINT('',(-1.845E0,-1.05E0,-5.1E0));
#3543=LINE('',#3542,#3541);
#3544=DIRECTION('',(0.E0,0.E0,1.E0));
#3545=VECTOR('',#3544,3.7E-1);
#3546=CARTESIAN_POINT('',(-1.845E0,-7.5E-1,-5.1E0));
#3547=LINE('',#3546,#3545);
#3548=DIRECTION('',(0.E0,7.071067811865E-1,7.071067811865E-1));
#3549=VECTOR('',#3548,4.666904755831E-1);
#3550=CARTESIAN_POINT('',(-1.845E0,-7.5E-1,-4.73E0));
#3551=LINE('',#3550,#3549);
#3552=DIRECTION('',(0.E0,5.124658948458E-2,9.986860302749E-1));
#3553=VECTOR('',#3552,1.582911339554E0);
#3554=CARTESIAN_POINT('',(-1.845E0,-4.413750317050E-1,-3.39E0));
#3555=LINE('',#3554,#3553);
#3556=CARTESIAN_POINT('',(-1.845E0,-5.55E-1,-1.799175473074E0));
#3557=DIRECTION('',(1.E0,0.E0,0.E0));
#3558=DIRECTION('',(0.E0,9.986860302749E-1,-5.124658948456E-2));
#3559=AXIS2_PLACEMENT_3D('',#3556,#3557,#3558);
#3561=DIRECTION('',(0.E0,-4.216293820650E-1,9.067682527413E-1));
#3562=VECTOR('',#3561,1.703387200692E-1);
#3563=CARTESIAN_POINT('',(-1.845E0,-3.781801907155E-1,-1.716957743571E0));
#3564=LINE('',#3563,#3562);
#3565=DIRECTION('',(0.E0,7.071067811865E-1,7.071067811865E-1));
#3566=VECTOR('',#3565,4.666904755831E-1);
#3567=CARTESIAN_POINT('',(-1.645E0,-7.5E-1,-4.73E0));
#3568=LINE('',#3567,#3566);
#3569=DIRECTION('',(0.E0,0.E0,1.E0));
#3570=VECTOR('',#3569,3.7E-1);
#3571=CARTESIAN_POINT('',(-1.645E0,-7.5E-1,-5.1E0));
#3572=LINE('',#3571,#3570);
#3573=DIRECTION('',(0.E0,1.E0,0.E0));
#3574=VECTOR('',#3573,3.E-1);
#3575=CARTESIAN_POINT('',(-1.645E0,-1.05E0,-5.1E0));
#3576=LINE('',#3575,#3574);
#3577=DIRECTION('',(0.E0,0.E0,-1.E0));
#3578=VECTOR('',#3577,5.E-1);
#3579=CARTESIAN_POINT('',(-1.645E0,-1.05E0,-4.6E0));
#3580=LINE('',#3579,#3578);
#3581=DIRECTION('',(0.E0,-7.071067811865E-1,-7.071067811865E-1));
#3582=VECTOR('',#3581,2.828427124746E-1);
#3583=CARTESIAN_POINT('',(-1.645E0,-8.5E-1,-4.4E0));
#3584=LINE('',#3583,#3582);
#3585=DIRECTION('',(0.E0,-4.216293820650E-1,9.067682527413E-1));
#3586=VECTOR('',#3585,1.703387200692E-1);
#3587=CARTESIAN_POINT('',(-1.645E0,-3.781801907155E-1,-1.716957743571E0));
#3588=LINE('',#3587,#3586);
#3589=CARTESIAN_POINT('',(-1.645E0,-5.55E-1,-1.799175473074E0));
#3590=DIRECTION('',(1.E0,0.E0,0.E0));
#3591=DIRECTION('',(0.E0,9.986860302749E-1,-5.124658948456E-2));
#3592=AXIS2_PLACEMENT_3D('',#3589,#3590,#3591);
#3594=DIRECTION('',(0.E0,5.124658948458E-2,9.986860302749E-1));
#3595=VECTOR('',#3594,1.582911339554E0);
#3596=CARTESIAN_POINT('',(-1.645E0,-4.413750317050E-1,-3.39E0));
#3597=LINE('',#3596,#3595);
#3598=DIRECTION('',(-1.E0,0.E0,0.E0));
#3599=VECTOR('',#3598,2.E-1);
#3600=CARTESIAN_POINT('',(-1.645E0,-7.5E-1,-4.73E0));
#3601=LINE('',#3600,#3599);
#3602=DIRECTION('',(-1.E0,0.E0,0.E0));
#3603=VECTOR('',#3602,2.E-1);
#3604=CARTESIAN_POINT('',(-1.645E0,-7.5E-1,-5.1E0));
#3605=LINE('',#3604,#3603);
#3606=DIRECTION('',(-1.E0,0.E0,0.E0));
#3607=VECTOR('',#3606,2.E-1);
#3608=CARTESIAN_POINT('',(-1.645E0,-1.05E0,-5.1E0));
#3609=LINE('',#3608,#3607);
#3610=DIRECTION('',(-1.E0,0.E0,0.E0));
#3611=VECTOR('',#3610,2.E-1);
#3612=CARTESIAN_POINT('',(-1.645E0,-1.05E0,-4.6E0));
#3613=LINE('',#3612,#3611);
#3614=DIRECTION('',(-1.E0,0.E0,0.E0));
#3615=VECTOR('',#3614,2.E-1);
#3616=CARTESIAN_POINT('',(-1.645E0,-3.781801907155E-1,-1.716957743571E0));
#3617=LINE('',#3616,#3615);
#3618=DIRECTION('',(-1.E0,0.E0,0.E0));
#3619=VECTOR('',#3618,2.E-1);
#3620=CARTESIAN_POINT('',(-1.645E0,-3.602562240964E-1,-1.809168558024E0));
#3621=LINE('',#3620,#3619);
#3622=DIRECTION('',(0.E0,-7.071067811865E-1,-7.071067811865E-1));
#3623=VECTOR('',#3622,2.828427124746E-1);
#3624=CARTESIAN_POINT('',(-1.345E0,-8.5E-1,-4.4E0));
#3625=LINE('',#3624,#3623);
#3626=DIRECTION('',(0.E0,0.E0,-1.E0));
#3627=VECTOR('',#3626,5.E-1);
#3628=CARTESIAN_POINT('',(-1.345E0,-1.05E0,-4.6E0));
#3629=LINE('',#3628,#3627);
#3630=DIRECTION('',(0.E0,1.E0,0.E0));
#3631=VECTOR('',#3630,3.E-1);
#3632=CARTESIAN_POINT('',(-1.345E0,-1.05E0,-5.1E0));
#3633=LINE('',#3632,#3631);
#3634=DIRECTION('',(0.E0,0.E0,1.E0));
#3635=VECTOR('',#3634,3.7E-1);
#3636=CARTESIAN_POINT('',(-1.345E0,-7.5E-1,-5.1E0));
#3637=LINE('',#3636,#3635);
#3638=DIRECTION('',(0.E0,7.071067811865E-1,7.071067811865E-1));
#3639=VECTOR('',#3638,4.666904755831E-1);
#3640=CARTESIAN_POINT('',(-1.345E0,-7.5E-1,-4.73E0));
#3641=LINE('',#3640,#3639);
#3642=DIRECTION('',(0.E0,5.124658948458E-2,9.986860302749E-1));
#3643=VECTOR('',#3642,1.582911339554E0);
#3644=CARTESIAN_POINT('',(-1.345E0,-4.413750317050E-1,-3.39E0));
#3645=LINE('',#3644,#3643);
#3646=CARTESIAN_POINT('',(-1.345E0,-5.55E-1,-1.799175473074E0));
#3647=DIRECTION('',(1.E0,0.E0,0.E0));
#3648=DIRECTION('',(0.E0,9.986860302749E-1,-5.124658948456E-2));
#3649=AXIS2_PLACEMENT_3D('',#3646,#3647,#3648);
#3651=DIRECTION('',(0.E0,-4.216293820650E-1,9.067682527413E-1));
#3652=VECTOR('',#3651,1.703387200692E-1);
#3653=CARTESIAN_POINT('',(-1.345E0,-3.781801907155E-1,-1.716957743571E0));
#3654=LINE('',#3653,#3652);
#3655=DIRECTION('',(0.E0,7.071067811865E-1,7.071067811865E-1));
#3656=VECTOR('',#3655,4.666904755831E-1);
#3657=CARTESIAN_POINT('',(-1.145E0,-7.5E-1,-4.73E0));
#3658=LINE('',#3657,#3656);
#3659=DIRECTION('',(0.E0,0.E0,1.E0));
#3660=VECTOR('',#3659,3.7E-1);
#3661=CARTESIAN_POINT('',(-1.145E0,-7.5E-1,-5.1E0));
#3662=LINE('',#3661,#3660);
#3663=DIRECTION('',(0.E0,1.E0,0.E0));
#3664=VECTOR('',#3663,3.E-1);
#3665=CARTESIAN_POINT('',(-1.145E0,-1.05E0,-5.1E0));
#3666=LINE('',#3665,#3664);
#3667=DIRECTION('',(0.E0,0.E0,-1.E0));
#3668=VECTOR('',#3667,5.E-1);
#3669=CARTESIAN_POINT('',(-1.145E0,-1.05E0,-4.6E0));
#3670=LINE('',#3669,#3668);
#3671=DIRECTION('',(0.E0,-7.071067811865E-1,-7.071067811865E-1));
#3672=VECTOR('',#3671,2.828427124746E-1);
#3673=CARTESIAN_POINT('',(-1.145E0,-8.5E-1,-4.4E0));
#3674=LINE('',#3673,#3672);
#3675=DIRECTION('',(0.E0,-4.216293820650E-1,9.067682527413E-1));
#3676=VECTOR('',#3675,1.703387200692E-1);
#3677=CARTESIAN_POINT('',(-1.145E0,-3.781801907155E-1,-1.716957743571E0));
#3678=LINE('',#3677,#3676);
#3679=CARTESIAN_POINT('',(-1.145E0,-5.55E-1,-1.799175473074E0));
#3680=DIRECTION('',(1.E0,0.E0,0.E0));
#3681=DIRECTION('',(0.E0,9.986860302749E-1,-5.124658948456E-2));
#3682=AXIS2_PLACEMENT_3D('',#3679,#3680,#3681);
#3684=DIRECTION('',(0.E0,5.124658948458E-2,9.986860302749E-1));
#3685=VECTOR('',#3684,1.582911339554E0);
#3686=CARTESIAN_POINT('',(-1.145E0,-4.413750317050E-1,-3.39E0));
#3687=LINE('',#3686,#3685);
#3688=DIRECTION('',(-1.E0,0.E0,0.E0));
#3689=VECTOR('',#3688,2.E-1);
#3690=CARTESIAN_POINT('',(-1.145E0,-7.5E-1,-4.73E0));
#3691=LINE('',#3690,#3689);
#3692=DIRECTION('',(-1.E0,0.E0,0.E0));
#3693=VECTOR('',#3692,2.E-1);
#3694=CARTESIAN_POINT('',(-1.145E0,-7.5E-1,-5.1E0));
#3695=LINE('',#3694,#3693);
#3696=DIRECTION('',(-1.E0,0.E0,0.E0));
#3697=VECTOR('',#3696,2.E-1);
#3698=CARTESIAN_POINT('',(-1.145E0,-1.05E0,-5.1E0));
#3699=LINE('',#3698,#3697);
#3700=DIRECTION('',(-1.E0,0.E0,0.E0));
#3701=VECTOR('',#3700,2.E-1);
#3702=CARTESIAN_POINT('',(-1.145E0,-1.05E0,-4.6E0));
#3703=LINE('',#3702,#3701);
#3704=DIRECTION('',(-1.E0,0.E0,0.E0));
#3705=VECTOR('',#3704,2.E-1);
#3706=CARTESIAN_POINT('',(-1.145E0,-3.781801907155E-1,-1.716957743571E0));
#3707=LINE('',#3706,#3705);
#3708=DIRECTION('',(-1.E0,0.E0,0.E0));
#3709=VECTOR('',#3708,2.E-1);
#3710=CARTESIAN_POINT('',(-1.145E0,-3.602562240964E-1,-1.809168558024E0));
#3711=LINE('',#3710,#3709);
#3712=DIRECTION('',(0.E0,-7.071067811865E-1,-7.071067811865E-1));
#3713=VECTOR('',#3712,2.828427124746E-1);
#3714=CARTESIAN_POINT('',(-8.45E-1,-8.5E-1,-4.4E0));
#3715=LINE('',#3714,#3713);
#3716=DIRECTION('',(0.E0,0.E0,-1.E0));
#3717=VECTOR('',#3716,5.E-1);
#3718=CARTESIAN_POINT('',(-8.45E-1,-1.05E0,-4.6E0));
#3719=LINE('',#3718,#3717);
#3720=DIRECTION('',(0.E0,1.E0,0.E0));
#3721=VECTOR('',#3720,3.E-1);
#3722=CARTESIAN_POINT('',(-8.45E-1,-1.05E0,-5.1E0));
#3723=LINE('',#3722,#3721);
#3724=DIRECTION('',(0.E0,0.E0,1.E0));
#3725=VECTOR('',#3724,3.7E-1);
#3726=CARTESIAN_POINT('',(-8.45E-1,-7.5E-1,-5.1E0));
#3727=LINE('',#3726,#3725);
#3728=DIRECTION('',(0.E0,7.071067811865E-1,7.071067811865E-1));
#3729=VECTOR('',#3728,4.666904755831E-1);
#3730=CARTESIAN_POINT('',(-8.45E-1,-7.5E-1,-4.73E0));
#3731=LINE('',#3730,#3729);
#3732=DIRECTION('',(0.E0,5.124658948458E-2,9.986860302749E-1));
#3733=VECTOR('',#3732,1.582911339554E0);
#3734=CARTESIAN_POINT('',(-8.45E-1,-4.413750317050E-1,-3.39E0));
#3735=LINE('',#3734,#3733);
#3736=CARTESIAN_POINT('',(-8.45E-1,-5.55E-1,-1.799175473074E0));
#3737=DIRECTION('',(1.E0,0.E0,0.E0));
#3738=DIRECTION('',(0.E0,9.986860302749E-1,-5.124658948456E-2));
#3739=AXIS2_PLACEMENT_3D('',#3736,#3737,#3738);
#3741=DIRECTION('',(0.E0,-4.216293820650E-1,9.067682527413E-1));
#3742=VECTOR('',#3741,1.703387200692E-1);
#3743=CARTESIAN_POINT('',(-8.45E-1,-3.781801907155E-1,-1.716957743571E0));
#3744=LINE('',#3743,#3742);
#3745=DIRECTION('',(0.E0,7.071067811865E-1,7.071067811865E-1));
#3746=VECTOR('',#3745,4.666904755831E-1);
#3747=CARTESIAN_POINT('',(-6.45E-1,-7.5E-1,-4.73E0));
#3748=LINE('',#3747,#3746);
#3749=DIRECTION('',(0.E0,0.E0,1.E0));
#3750=VECTOR('',#3749,3.7E-1);
#3751=CARTESIAN_POINT('',(-6.45E-1,-7.5E-1,-5.1E0));
#3752=LINE('',#3751,#3750);
#3753=DIRECTION('',(0.E0,1.E0,0.E0));
#3754=VECTOR('',#3753,3.E-1);
#3755=CARTESIAN_POINT('',(-6.45E-1,-1.05E0,-5.1E0));
#3756=LINE('',#3755,#3754);
#3757=DIRECTION('',(0.E0,0.E0,-1.E0));
#3758=VECTOR('',#3757,5.E-1);
#3759=CARTESIAN_POINT('',(-6.45E-1,-1.05E0,-4.6E0));
#3760=LINE('',#3759,#3758);
#3761=DIRECTION('',(0.E0,-7.071067811865E-1,-7.071067811865E-1));
#3762=VECTOR('',#3761,2.828427124746E-1);
#3763=CARTESIAN_POINT('',(-6.45E-1,-8.5E-1,-4.4E0));
#3764=LINE('',#3763,#3762);
#3765=DIRECTION('',(0.E0,-4.216293820650E-1,9.067682527413E-1));
#3766=VECTOR('',#3765,1.703387200692E-1);
#3767=CARTESIAN_POINT('',(-6.45E-1,-3.781801907155E-1,-1.716957743571E0));
#3768=LINE('',#3767,#3766);
#3769=CARTESIAN_POINT('',(-6.45E-1,-5.55E-1,-1.799175473074E0));
#3770=DIRECTION('',(1.E0,0.E0,0.E0));
#3771=DIRECTION('',(0.E0,9.986860302749E-1,-5.124658948456E-2));
#3772=AXIS2_PLACEMENT_3D('',#3769,#3770,#3771);
#3774=DIRECTION('',(0.E0,5.124658948458E-2,9.986860302749E-1));
#3775=VECTOR('',#3774,1.582911339554E0);
#3776=CARTESIAN_POINT('',(-6.45E-1,-4.413750317050E-1,-3.39E0));
#3777=LINE('',#3776,#3775);
#3778=DIRECTION('',(-1.E0,0.E0,0.E0));
#3779=VECTOR('',#3778,2.E-1);
#3780=CARTESIAN_POINT('',(-6.45E-1,-7.5E-1,-4.73E0));
#3781=LINE('',#3780,#3779);
#3782=DIRECTION('',(-1.E0,0.E0,0.E0));
#3783=VECTOR('',#3782,2.E-1);
#3784=CARTESIAN_POINT('',(-6.45E-1,-7.5E-1,-5.1E0));
#3785=LINE('',#3784,#3783);
#3786=DIRECTION('',(-1.E0,0.E0,0.E0));
#3787=VECTOR('',#3786,2.E-1);
#3788=CARTESIAN_POINT('',(-6.45E-1,-1.05E0,-5.1E0));
#3789=LINE('',#3788,#3787);
#3790=DIRECTION('',(-1.E0,0.E0,0.E0));
#3791=VECTOR('',#3790,2.E-1);
#3792=CARTESIAN_POINT('',(-6.45E-1,-1.05E0,-4.6E0));
#3793=LINE('',#3792,#3791);
#3794=DIRECTION('',(-1.E0,0.E0,0.E0));
#3795=VECTOR('',#3794,2.E-1);
#3796=CARTESIAN_POINT('',(-6.45E-1,-3.781801907155E-1,-1.716957743571E0));
#3797=LINE('',#3796,#3795);
#3798=DIRECTION('',(-1.E0,0.E0,0.E0));
#3799=VECTOR('',#3798,2.E-1);
#3800=CARTESIAN_POINT('',(-6.45E-1,-3.602562240964E-1,-1.809168558024E0));
#3801=LINE('',#3800,#3799);
#3802=DIRECTION('',(0.E0,-7.071067811865E-1,-7.071067811865E-1));
#3803=VECTOR('',#3802,2.828427124746E-1);
#3804=CARTESIAN_POINT('',(-3.45E-1,-8.5E-1,-4.4E0));
#3805=LINE('',#3804,#3803);
#3806=DIRECTION('',(0.E0,0.E0,-1.E0));
#3807=VECTOR('',#3806,5.E-1);
#3808=CARTESIAN_POINT('',(-3.45E-1,-1.05E0,-4.6E0));
#3809=LINE('',#3808,#3807);
#3810=DIRECTION('',(0.E0,1.E0,0.E0));
#3811=VECTOR('',#3810,3.E-1);
#3812=CARTESIAN_POINT('',(-3.45E-1,-1.05E0,-5.1E0));
#3813=LINE('',#3812,#3811);
#3814=DIRECTION('',(0.E0,0.E0,1.E0));
#3815=VECTOR('',#3814,3.7E-1);
#3816=CARTESIAN_POINT('',(-3.45E-1,-7.5E-1,-5.1E0));
#3817=LINE('',#3816,#3815);
#3818=DIRECTION('',(0.E0,7.071067811865E-1,7.071067811865E-1));
#3819=VECTOR('',#3818,4.666904755831E-1);
#3820=CARTESIAN_POINT('',(-3.45E-1,-7.5E-1,-4.73E0));
#3821=LINE('',#3820,#3819);
#3822=DIRECTION('',(0.E0,5.124658948458E-2,9.986860302749E-1));
#3823=VECTOR('',#3822,1.582911339554E0);
#3824=CARTESIAN_POINT('',(-3.45E-1,-4.413750317050E-1,-3.39E0));
#3825=LINE('',#3824,#3823);
#3826=CARTESIAN_POINT('',(-3.45E-1,-5.55E-1,-1.799175473074E0));
#3827=DIRECTION('',(1.E0,0.E0,0.E0));
#3828=DIRECTION('',(0.E0,9.986860302749E-1,-5.124658948456E-2));
#3829=AXIS2_PLACEMENT_3D('',#3826,#3827,#3828);
#3831=DIRECTION('',(0.E0,-4.216293820650E-1,9.067682527413E-1));
#3832=VECTOR('',#3831,1.703387200692E-1);
#3833=CARTESIAN_POINT('',(-3.45E-1,-3.781801907155E-1,-1.716957743571E0));
#3834=LINE('',#3833,#3832);
#3835=DIRECTION('',(0.E0,7.071067811865E-1,7.071067811865E-1));
#3836=VECTOR('',#3835,4.666904755831E-1);
#3837=CARTESIAN_POINT('',(-1.45E-1,-7.5E-1,-4.73E0));
#3838=LINE('',#3837,#3836);
#3839=DIRECTION('',(0.E0,0.E0,1.E0));
#3840=VECTOR('',#3839,3.7E-1);
#3841=CARTESIAN_POINT('',(-1.45E-1,-7.5E-1,-5.1E0));
#3842=LINE('',#3841,#3840);
#3843=DIRECTION('',(0.E0,1.E0,0.E0));
#3844=VECTOR('',#3843,3.E-1);
#3845=CARTESIAN_POINT('',(-1.45E-1,-1.05E0,-5.1E0));
#3846=LINE('',#3845,#3844);
#3847=DIRECTION('',(0.E0,0.E0,-1.E0));
#3848=VECTOR('',#3847,5.E-1);
#3849=CARTESIAN_POINT('',(-1.45E-1,-1.05E0,-4.6E0));
#3850=LINE('',#3849,#3848);
#3851=DIRECTION('',(0.E0,-7.071067811865E-1,-7.071067811865E-1));
#3852=VECTOR('',#3851,2.828427124746E-1);
#3853=CARTESIAN_POINT('',(-1.45E-1,-8.5E-1,-4.4E0));
#3854=LINE('',#3853,#3852);
#3855=DIRECTION('',(0.E0,-4.216293820650E-1,9.067682527413E-1));
#3856=VECTOR('',#3855,1.703387200692E-1);
#3857=CARTESIAN_POINT('',(-1.45E-1,-3.781801907155E-1,-1.716957743571E0));
#3858=LINE('',#3857,#3856);
#3859=CARTESIAN_POINT('',(-1.45E-1,-5.55E-1,-1.799175473074E0));
#3860=DIRECTION('',(1.E0,0.E0,0.E0));
#3861=DIRECTION('',(0.E0,9.986860302749E-1,-5.124658948456E-2));
#3862=AXIS2_PLACEMENT_3D('',#3859,#3860,#3861);
#3864=DIRECTION('',(0.E0,5.124658948458E-2,9.986860302749E-1));
#3865=VECTOR('',#3864,1.582911339554E0);
#3866=CARTESIAN_POINT('',(-1.45E-1,-4.413750317050E-1,-3.39E0));
#3867=LINE('',#3866,#3865);
#3868=DIRECTION('',(-1.E0,0.E0,0.E0));
#3869=VECTOR('',#3868,2.E-1);
#3870=CARTESIAN_POINT('',(-1.45E-1,-7.5E-1,-4.73E0));
#3871=LINE('',#3870,#3869);
#3872=DIRECTION('',(-1.E0,0.E0,0.E0));
#3873=VECTOR('',#3872,2.E-1);
#3874=CARTESIAN_POINT('',(-1.45E-1,-7.5E-1,-5.1E0));
#3875=LINE('',#3874,#3873);
#3876=DIRECTION('',(-1.E0,0.E0,0.E0));
#3877=VECTOR('',#3876,2.E-1);
#3878=CARTESIAN_POINT('',(-1.45E-1,-1.05E0,-5.1E0));
#3879=LINE('',#3878,#3877);
#3880=DIRECTION('',(-1.E0,0.E0,0.E0));
#3881=VECTOR('',#3880,2.E-1);
#3882=CARTESIAN_POINT('',(-1.45E-1,-1.05E0,-4.6E0));
#3883=LINE('',#3882,#3881);
#3884=DIRECTION('',(-1.E0,0.E0,0.E0));
#3885=VECTOR('',#3884,2.E-1);
#3886=CARTESIAN_POINT('',(-1.45E-1,-3.781801907155E-1,-1.716957743571E0));
#3887=LINE('',#3886,#3885);
#3888=DIRECTION('',(-1.E0,0.E0,0.E0));
#3889=VECTOR('',#3888,2.E-1);
#3890=CARTESIAN_POINT('',(-1.45E-1,-3.602562240964E-1,-1.809168558024E0));
#3891=LINE('',#3890,#3889);
#3892=DIRECTION('',(0.E0,-7.071067811865E-1,-7.071067811865E-1));
#3893=VECTOR('',#3892,2.828427124746E-1);
#3894=CARTESIAN_POINT('',(1.55E-1,-8.5E-1,-4.4E0));
#3895=LINE('',#3894,#3893);
#3896=DIRECTION('',(0.E0,0.E0,-1.E0));
#3897=VECTOR('',#3896,5.E-1);
#3898=CARTESIAN_POINT('',(1.55E-1,-1.05E0,-4.6E0));
#3899=LINE('',#3898,#3897);
#3900=DIRECTION('',(0.E0,1.E0,0.E0));
#3901=VECTOR('',#3900,3.E-1);
#3902=CARTESIAN_POINT('',(1.55E-1,-1.05E0,-5.1E0));
#3903=LINE('',#3902,#3901);
#3904=DIRECTION('',(0.E0,0.E0,1.E0));
#3905=VECTOR('',#3904,3.7E-1);
#3906=CARTESIAN_POINT('',(1.55E-1,-7.5E-1,-5.1E0));
#3907=LINE('',#3906,#3905);
#3908=DIRECTION('',(0.E0,7.071067811865E-1,7.071067811865E-1));
#3909=VECTOR('',#3908,4.666904755831E-1);
#3910=CARTESIAN_POINT('',(1.55E-1,-7.5E-1,-4.73E0));
#3911=LINE('',#3910,#3909);
#3912=DIRECTION('',(0.E0,5.124658948458E-2,9.986860302749E-1));
#3913=VECTOR('',#3912,1.582911339554E0);
#3914=CARTESIAN_POINT('',(1.55E-1,-4.413750317050E-1,-3.39E0));
#3915=LINE('',#3914,#3913);
#3916=CARTESIAN_POINT('',(1.55E-1,-5.55E-1,-1.799175473074E0));
#3917=DIRECTION('',(1.E0,0.E0,0.E0));
#3918=DIRECTION('',(0.E0,9.986860302749E-1,-5.124658948456E-2));
#3919=AXIS2_PLACEMENT_3D('',#3916,#3917,#3918);
#3921=DIRECTION('',(0.E0,-4.216293820650E-1,9.067682527413E-1));
#3922=VECTOR('',#3921,1.703387200692E-1);
#3923=CARTESIAN_POINT('',(1.55E-1,-3.781801907155E-1,-1.716957743571E0));
#3924=LINE('',#3923,#3922);
#3925=DIRECTION('',(0.E0,7.071067811865E-1,7.071067811865E-1));
#3926=VECTOR('',#3925,4.666904755831E-1);
#3927=CARTESIAN_POINT('',(3.55E-1,-7.5E-1,-4.73E0));
#3928=LINE('',#3927,#3926);
#3929=DIRECTION('',(0.E0,0.E0,1.E0));
#3930=VECTOR('',#3929,3.7E-1);
#3931=CARTESIAN_POINT('',(3.55E-1,-7.5E-1,-5.1E0));
#3932=LINE('',#3931,#3930);
#3933=DIRECTION('',(0.E0,1.E0,0.E0));
#3934=VECTOR('',#3933,3.E-1);
#3935=CARTESIAN_POINT('',(3.55E-1,-1.05E0,-5.1E0));
#3936=LINE('',#3935,#3934);
#3937=DIRECTION('',(0.E0,0.E0,-1.E0));
#3938=VECTOR('',#3937,5.E-1);
#3939=CARTESIAN_POINT('',(3.55E-1,-1.05E0,-4.6E0));
#3940=LINE('',#3939,#3938);
#3941=DIRECTION('',(0.E0,-7.071067811865E-1,-7.071067811865E-1));
#3942=VECTOR('',#3941,2.828427124746E-1);
#3943=CARTESIAN_POINT('',(3.55E-1,-8.5E-1,-4.4E0));
#3944=LINE('',#3943,#3942);
#3945=DIRECTION('',(0.E0,-4.216293820650E-1,9.067682527413E-1));
#3946=VECTOR('',#3945,1.703387200692E-1);
#3947=CARTESIAN_POINT('',(3.55E-1,-3.781801907155E-1,-1.716957743571E0));
#3948=LINE('',#3947,#3946);
#3949=CARTESIAN_POINT('',(3.55E-1,-5.55E-1,-1.799175473074E0));
#3950=DIRECTION('',(1.E0,0.E0,0.E0));
#3951=DIRECTION('',(0.E0,9.986860302749E-1,-5.124658948456E-2));
#3952=AXIS2_PLACEMENT_3D('',#3949,#3950,#3951);
#3954=DIRECTION('',(0.E0,5.124658948458E-2,9.986860302749E-1));
#3955=VECTOR('',#3954,1.582911339554E0);
#3956=CARTESIAN_POINT('',(3.55E-1,-4.413750317050E-1,-3.39E0));
#3957=LINE('',#3956,#3955);
#3958=DIRECTION('',(-1.E0,0.E0,0.E0));
#3959=VECTOR('',#3958,2.E-1);
#3960=CARTESIAN_POINT('',(3.55E-1,-7.5E-1,-4.73E0));
#3961=LINE('',#3960,#3959);
#3962=DIRECTION('',(-1.E0,0.E0,0.E0));
#3963=VECTOR('',#3962,2.E-1);
#3964=CARTESIAN_POINT('',(3.55E-1,-7.5E-1,-5.1E0));
#3965=LINE('',#3964,#3963);
#3966=DIRECTION('',(-1.E0,0.E0,0.E0));
#3967=VECTOR('',#3966,2.E-1);
#3968=CARTESIAN_POINT('',(3.55E-1,-1.05E0,-5.1E0));
#3969=LINE('',#3968,#3967);
#3970=DIRECTION('',(-1.E0,0.E0,0.E0));
#3971=VECTOR('',#3970,2.E-1);
#3972=CARTESIAN_POINT('',(3.55E-1,-1.05E0,-4.6E0));
#3973=LINE('',#3972,#3971);
#3974=DIRECTION('',(-1.E0,0.E0,0.E0));
#3975=VECTOR('',#3974,2.E-1);
#3976=CARTESIAN_POINT('',(3.55E-1,-3.781801907155E-1,-1.716957743571E0));
#3977=LINE('',#3976,#3975);
#3978=DIRECTION('',(-1.E0,0.E0,0.E0));
#3979=VECTOR('',#3978,2.E-1);
#3980=CARTESIAN_POINT('',(3.55E-1,-3.602562240964E-1,-1.809168558024E0));
#3981=LINE('',#3980,#3979);
#3982=DIRECTION('',(0.E0,-7.071067811865E-1,-7.071067811865E-1));
#3983=VECTOR('',#3982,2.828427124746E-1);
#3984=CARTESIAN_POINT('',(6.55E-1,-8.5E-1,-4.4E0));
#3985=LINE('',#3984,#3983);
#3986=DIRECTION('',(0.E0,0.E0,-1.E0));
#3987=VECTOR('',#3986,5.E-1);
#3988=CARTESIAN_POINT('',(6.55E-1,-1.05E0,-4.6E0));
#3989=LINE('',#3988,#3987);
#3990=DIRECTION('',(0.E0,1.E0,0.E0));
#3991=VECTOR('',#3990,3.E-1);
#3992=CARTESIAN_POINT('',(6.55E-1,-1.05E0,-5.1E0));
#3993=LINE('',#3992,#3991);
#3994=DIRECTION('',(0.E0,0.E0,1.E0));
#3995=VECTOR('',#3994,3.7E-1);
#3996=CARTESIAN_POINT('',(6.55E-1,-7.5E-1,-5.1E0));
#3997=LINE('',#3996,#3995);
#3998=DIRECTION('',(0.E0,7.071067811865E-1,7.071067811865E-1));
#3999=VECTOR('',#3998,4.666904755831E-1);
#4000=CARTESIAN_POINT('',(6.55E-1,-7.5E-1,-4.73E0));
#4001=LINE('',#4000,#3999);
#4002=DIRECTION('',(0.E0,5.124658948458E-2,9.986860302749E-1));
#4003=VECTOR('',#4002,1.582911339554E0);
#4004=CARTESIAN_POINT('',(6.55E-1,-4.413750317050E-1,-3.39E0));
#4005=LINE('',#4004,#4003);
#4006=CARTESIAN_POINT('',(6.55E-1,-5.55E-1,-1.799175473074E0));
#4007=DIRECTION('',(1.E0,0.E0,0.E0));
#4008=DIRECTION('',(0.E0,9.986860302749E-1,-5.124658948456E-2));
#4009=AXIS2_PLACEMENT_3D('',#4006,#4007,#4008);
#4011=DIRECTION('',(0.E0,-4.216293820650E-1,9.067682527413E-1));
#4012=VECTOR('',#4011,1.703387200692E-1);
#4013=CARTESIAN_POINT('',(6.55E-1,-3.781801907155E-1,-1.716957743571E0));
#4014=LINE('',#4013,#4012);
#4015=DIRECTION('',(0.E0,7.071067811865E-1,7.071067811865E-1));
#4016=VECTOR('',#4015,4.666904755831E-1);
#4017=CARTESIAN_POINT('',(8.55E-1,-7.5E-1,-4.73E0));
#4018=LINE('',#4017,#4016);
#4019=DIRECTION('',(0.E0,0.E0,1.E0));
#4020=VECTOR('',#4019,3.7E-1);
#4021=CARTESIAN_POINT('',(8.55E-1,-7.5E-1,-5.1E0));
#4022=LINE('',#4021,#4020);
#4023=DIRECTION('',(0.E0,1.E0,0.E0));
#4024=VECTOR('',#4023,3.E-1);
#4025=CARTESIAN_POINT('',(8.55E-1,-1.05E0,-5.1E0));
#4026=LINE('',#4025,#4024);
#4027=DIRECTION('',(0.E0,0.E0,-1.E0));
#4028=VECTOR('',#4027,5.E-1);
#4029=CARTESIAN_POINT('',(8.55E-1,-1.05E0,-4.6E0));
#4030=LINE('',#4029,#4028);
#4031=DIRECTION('',(0.E0,-7.071067811865E-1,-7.071067811865E-1));
#4032=VECTOR('',#4031,2.828427124746E-1);
#4033=CARTESIAN_POINT('',(8.55E-1,-8.5E-1,-4.4E0));
#4034=LINE('',#4033,#4032);
#4035=DIRECTION('',(0.E0,-4.216293820650E-1,9.067682527413E-1));
#4036=VECTOR('',#4035,1.703387200692E-1);
#4037=CARTESIAN_POINT('',(8.55E-1,-3.781801907155E-1,-1.716957743571E0));
#4038=LINE('',#4037,#4036);
#4039=CARTESIAN_POINT('',(8.55E-1,-5.55E-1,-1.799175473074E0));
#4040=DIRECTION('',(1.E0,0.E0,0.E0));
#4041=DIRECTION('',(0.E0,9.986860302749E-1,-5.124658948456E-2));
#4042=AXIS2_PLACEMENT_3D('',#4039,#4040,#4041);
#4044=DIRECTION('',(0.E0,5.124658948458E-2,9.986860302749E-1));
#4045=VECTOR('',#4044,1.582911339554E0);
#4046=CARTESIAN_POINT('',(8.55E-1,-4.413750317050E-1,-3.39E0));
#4047=LINE('',#4046,#4045);
#4048=DIRECTION('',(-1.E0,0.E0,0.E0));
#4049=VECTOR('',#4048,2.E-1);
#4050=CARTESIAN_POINT('',(8.55E-1,-7.5E-1,-4.73E0));
#4051=LINE('',#4050,#4049);
#4052=DIRECTION('',(-1.E0,0.E0,0.E0));
#4053=VECTOR('',#4052,2.E-1);
#4054=CARTESIAN_POINT('',(8.55E-1,-7.5E-1,-5.1E0));
#4055=LINE('',#4054,#4053);
#4056=DIRECTION('',(-1.E0,0.E0,0.E0));
#4057=VECTOR('',#4056,2.E-1);
#4058=CARTESIAN_POINT('',(8.55E-1,-1.05E0,-5.1E0));
#4059=LINE('',#4058,#4057);
#4060=DIRECTION('',(-1.E0,0.E0,0.E0));
#4061=VECTOR('',#4060,2.E-1);
#4062=CARTESIAN_POINT('',(8.55E-1,-1.05E0,-4.6E0));
#4063=LINE('',#4062,#4061);
#4064=DIRECTION('',(-1.E0,0.E0,0.E0));
#4065=VECTOR('',#4064,2.E-1);
#4066=CARTESIAN_POINT('',(8.55E-1,-3.781801907155E-1,-1.716957743571E0));
#4067=LINE('',#4066,#4065);
#4068=DIRECTION('',(-1.E0,0.E0,0.E0));
#4069=VECTOR('',#4068,2.E-1);
#4070=CARTESIAN_POINT('',(8.55E-1,-3.602562240964E-1,-1.809168558024E0));
#4071=LINE('',#4070,#4069);
#4072=DIRECTION('',(0.E0,-7.071067811865E-1,-7.071067811865E-1));
#4073=VECTOR('',#4072,2.828427124746E-1);
#4074=CARTESIAN_POINT('',(1.155E0,-8.5E-1,-4.4E0));
#4075=LINE('',#4074,#4073);
#4076=DIRECTION('',(0.E0,0.E0,-1.E0));
#4077=VECTOR('',#4076,5.E-1);
#4078=CARTESIAN_POINT('',(1.155E0,-1.05E0,-4.6E0));
#4079=LINE('',#4078,#4077);
#4080=DIRECTION('',(0.E0,1.E0,0.E0));
#4081=VECTOR('',#4080,3.E-1);
#4082=CARTESIAN_POINT('',(1.155E0,-1.05E0,-5.1E0));
#4083=LINE('',#4082,#4081);
#4084=DIRECTION('',(0.E0,0.E0,1.E0));
#4085=VECTOR('',#4084,3.7E-1);
#4086=CARTESIAN_POINT('',(1.155E0,-7.5E-1,-5.1E0));
#4087=LINE('',#4086,#4085);
#4088=DIRECTION('',(0.E0,7.071067811865E-1,7.071067811865E-1));
#4089=VECTOR('',#4088,4.666904755831E-1);
#4090=CARTESIAN_POINT('',(1.155E0,-7.5E-1,-4.73E0));
#4091=LINE('',#4090,#4089);
#4092=DIRECTION('',(0.E0,5.124658948458E-2,9.986860302749E-1));
#4093=VECTOR('',#4092,1.582911339554E0);
#4094=CARTESIAN_POINT('',(1.155E0,-4.413750317050E-1,-3.39E0));
#4095=LINE('',#4094,#4093);
#4096=CARTESIAN_POINT('',(1.155E0,-5.55E-1,-1.799175473074E0));
#4097=DIRECTION('',(1.E0,0.E0,0.E0));
#4098=DIRECTION('',(0.E0,9.986860302749E-1,-5.124658948456E-2));
#4099=AXIS2_PLACEMENT_3D('',#4096,#4097,#4098);
#4101=DIRECTION('',(0.E0,-4.216293820650E-1,9.067682527413E-1));
#4102=VECTOR('',#4101,1.703387200692E-1);
#4103=CARTESIAN_POINT('',(1.155E0,-3.781801907155E-1,-1.716957743571E0));
#4104=LINE('',#4103,#4102);
#4105=DIRECTION('',(0.E0,7.071067811865E-1,7.071067811865E-1));
#4106=VECTOR('',#4105,4.666904755831E-1);
#4107=CARTESIAN_POINT('',(1.355E0,-7.5E-1,-4.73E0));
#4108=LINE('',#4107,#4106);
#4109=DIRECTION('',(0.E0,0.E0,1.E0));
#4110=VECTOR('',#4109,3.7E-1);
#4111=CARTESIAN_POINT('',(1.355E0,-7.5E-1,-5.1E0));
#4112=LINE('',#4111,#4110);
#4113=DIRECTION('',(0.E0,1.E0,0.E0));
#4114=VECTOR('',#4113,3.E-1);
#4115=CARTESIAN_POINT('',(1.355E0,-1.05E0,-5.1E0));
#4116=LINE('',#4115,#4114);
#4117=DIRECTION('',(0.E0,0.E0,-1.E0));
#4118=VECTOR('',#4117,5.E-1);
#4119=CARTESIAN_POINT('',(1.355E0,-1.05E0,-4.6E0));
#4120=LINE('',#4119,#4118);
#4121=DIRECTION('',(0.E0,-7.071067811865E-1,-7.071067811865E-1));
#4122=VECTOR('',#4121,2.828427124746E-1);
#4123=CARTESIAN_POINT('',(1.355E0,-8.5E-1,-4.4E0));
#4124=LINE('',#4123,#4122);
#4125=DIRECTION('',(0.E0,-4.216293820650E-1,9.067682527413E-1));
#4126=VECTOR('',#4125,1.703387200692E-1);
#4127=CARTESIAN_POINT('',(1.355E0,-3.781801907155E-1,-1.716957743571E0));
#4128=LINE('',#4127,#4126);
#4129=CARTESIAN_POINT('',(1.355E0,-5.55E-1,-1.799175473074E0));
#4130=DIRECTION('',(1.E0,0.E0,0.E0));
#4131=DIRECTION('',(0.E0,9.986860302749E-1,-5.124658948456E-2));
#4132=AXIS2_PLACEMENT_3D('',#4129,#4130,#4131);
#4134=DIRECTION('',(0.E0,5.124658948458E-2,9.986860302749E-1));
#4135=VECTOR('',#4134,1.582911339554E0);
#4136=CARTESIAN_POINT('',(1.355E0,-4.413750317050E-1,-3.39E0));
#4137=LINE('',#4136,#4135);
#4138=DIRECTION('',(-1.E0,0.E0,0.E0));
#4139=VECTOR('',#4138,2.E-1);
#4140=CARTESIAN_POINT('',(1.355E0,-7.5E-1,-4.73E0));
#4141=LINE('',#4140,#4139);
#4142=DIRECTION('',(-1.E0,0.E0,0.E0));
#4143=VECTOR('',#4142,2.E-1);
#4144=CARTESIAN_POINT('',(1.355E0,-7.5E-1,-5.1E0));
#4145=LINE('',#4144,#4143);
#4146=DIRECTION('',(-1.E0,0.E0,0.E0));
#4147=VECTOR('',#4146,2.E-1);
#4148=CARTESIAN_POINT('',(1.355E0,-1.05E0,-5.1E0));
#4149=LINE('',#4148,#4147);
#4150=DIRECTION('',(-1.E0,0.E0,0.E0));
#4151=VECTOR('',#4150,2.E-1);
#4152=CARTESIAN_POINT('',(1.355E0,-1.05E0,-4.6E0));
#4153=LINE('',#4152,#4151);
#4154=DIRECTION('',(-1.E0,0.E0,0.E0));
#4155=VECTOR('',#4154,2.E-1);
#4156=CARTESIAN_POINT('',(1.355E0,-3.781801907155E-1,-1.716957743571E0));
#4157=LINE('',#4156,#4155);
#4158=DIRECTION('',(-1.E0,0.E0,0.E0));
#4159=VECTOR('',#4158,2.E-1);
#4160=CARTESIAN_POINT('',(1.355E0,-3.602562240964E-1,-1.809168558024E0));
#4161=LINE('',#4160,#4159);
#4162=DIRECTION('',(0.E0,-7.071067811865E-1,-7.071067811865E-1));
#4163=VECTOR('',#4162,2.828427124746E-1);
#4164=CARTESIAN_POINT('',(1.655E0,-8.5E-1,-4.4E0));
#4165=LINE('',#4164,#4163);
#4166=DIRECTION('',(0.E0,0.E0,-1.E0));
#4167=VECTOR('',#4166,5.E-1);
#4168=CARTESIAN_POINT('',(1.655E0,-1.05E0,-4.6E0));
#4169=LINE('',#4168,#4167);
#4170=DIRECTION('',(0.E0,1.E0,0.E0));
#4171=VECTOR('',#4170,3.E-1);
#4172=CARTESIAN_POINT('',(1.655E0,-1.05E0,-5.1E0));
#4173=LINE('',#4172,#4171);
#4174=DIRECTION('',(0.E0,0.E0,1.E0));
#4175=VECTOR('',#4174,3.7E-1);
#4176=CARTESIAN_POINT('',(1.655E0,-7.5E-1,-5.1E0));
#4177=LINE('',#4176,#4175);
#4178=DIRECTION('',(0.E0,7.071067811865E-1,7.071067811865E-1));
#4179=VECTOR('',#4178,4.666904755831E-1);
#4180=CARTESIAN_POINT('',(1.655E0,-7.5E-1,-4.73E0));
#4181=LINE('',#4180,#4179);
#4182=DIRECTION('',(0.E0,5.124658948458E-2,9.986860302749E-1));
#4183=VECTOR('',#4182,1.582911339554E0);
#4184=CARTESIAN_POINT('',(1.655E0,-4.413750317050E-1,-3.39E0));
#4185=LINE('',#4184,#4183);
#4186=CARTESIAN_POINT('',(1.655E0,-5.55E-1,-1.799175473074E0));
#4187=DIRECTION('',(1.E0,0.E0,0.E0));
#4188=DIRECTION('',(0.E0,9.986860302749E-1,-5.124658948456E-2));
#4189=AXIS2_PLACEMENT_3D('',#4186,#4187,#4188);
#4191=DIRECTION('',(0.E0,-4.216293820650E-1,9.067682527413E-1));
#4192=VECTOR('',#4191,1.703387200692E-1);
#4193=CARTESIAN_POINT('',(1.655E0,-3.781801907155E-1,-1.716957743571E0));
#4194=LINE('',#4193,#4192);
#4195=DIRECTION('',(0.E0,7.071067811865E-1,7.071067811865E-1));
#4196=VECTOR('',#4195,4.666904755831E-1);
#4197=CARTESIAN_POINT('',(1.855E0,-7.5E-1,-4.73E0));
#4198=LINE('',#4197,#4196);
#4199=DIRECTION('',(0.E0,0.E0,1.E0));
#4200=VECTOR('',#4199,3.7E-1);
#4201=CARTESIAN_POINT('',(1.855E0,-7.5E-1,-5.1E0));
#4202=LINE('',#4201,#4200);
#4203=DIRECTION('',(0.E0,1.E0,0.E0));
#4204=VECTOR('',#4203,3.E-1);
#4205=CARTESIAN_POINT('',(1.855E0,-1.05E0,-5.1E0));
#4206=LINE('',#4205,#4204);
#4207=DIRECTION('',(0.E0,0.E0,-1.E0));
#4208=VECTOR('',#4207,5.E-1);
#4209=CARTESIAN_POINT('',(1.855E0,-1.05E0,-4.6E0));
#4210=LINE('',#4209,#4208);
#4211=DIRECTION('',(0.E0,-7.071067811865E-1,-7.071067811865E-1));
#4212=VECTOR('',#4211,2.828427124746E-1);
#4213=CARTESIAN_POINT('',(1.855E0,-8.5E-1,-4.4E0));
#4214=LINE('',#4213,#4212);
#4215=DIRECTION('',(0.E0,-4.216293820650E-1,9.067682527413E-1));
#4216=VECTOR('',#4215,1.703387200692E-1);
#4217=CARTESIAN_POINT('',(1.855E0,-3.781801907155E-1,-1.716957743571E0));
#4218=LINE('',#4217,#4216);
#4219=CARTESIAN_POINT('',(1.855E0,-5.55E-1,-1.799175473074E0));
#4220=DIRECTION('',(1.E0,0.E0,0.E0));
#4221=DIRECTION('',(0.E0,9.986860302749E-1,-5.124658948456E-2));
#4222=AXIS2_PLACEMENT_3D('',#4219,#4220,#4221);
#4224=DIRECTION('',(0.E0,5.124658948458E-2,9.986860302749E-1));
#4225=VECTOR('',#4224,1.582911339554E0);
#4226=CARTESIAN_POINT('',(1.855E0,-4.413750317050E-1,-3.39E0));
#4227=LINE('',#4226,#4225);
#4228=DIRECTION('',(-1.E0,0.E0,0.E0));
#4229=VECTOR('',#4228,2.E-1);
#4230=CARTESIAN_POINT('',(1.855E0,-7.5E-1,-4.73E0));
#4231=LINE('',#4230,#4229);
#4232=DIRECTION('',(-1.E0,0.E0,0.E0));
#4233=VECTOR('',#4232,2.E-1);
#4234=CARTESIAN_POINT('',(1.855E0,-7.5E-1,-5.1E0));
#4235=LINE('',#4234,#4233);
#4236=DIRECTION('',(-1.E0,0.E0,0.E0));
#4237=VECTOR('',#4236,2.E-1);
#4238=CARTESIAN_POINT('',(1.855E0,-1.05E0,-5.1E0));
#4239=LINE('',#4238,#4237);
#4240=DIRECTION('',(-1.E0,0.E0,0.E0));
#4241=VECTOR('',#4240,2.E-1);
#4242=CARTESIAN_POINT('',(1.855E0,-1.05E0,-4.6E0));
#4243=LINE('',#4242,#4241);
#4244=DIRECTION('',(-1.E0,0.E0,0.E0));
#4245=VECTOR('',#4244,2.E-1);
#4246=CARTESIAN_POINT('',(1.855E0,-3.781801907155E-1,-1.716957743571E0));
#4247=LINE('',#4246,#4245);
#4248=DIRECTION('',(-1.E0,0.E0,0.E0));
#4249=VECTOR('',#4248,2.E-1);
#4250=CARTESIAN_POINT('',(1.855E0,-3.602562240964E-1,-1.809168558024E0));
#4251=LINE('',#4250,#4249);
#4252=DIRECTION('',(0.E0,-7.071067811865E-1,-7.071067811865E-1));
#4253=VECTOR('',#4252,2.828427124746E-1);
#4254=CARTESIAN_POINT('',(2.155E0,-8.5E-1,-4.4E0));
#4255=LINE('',#4254,#4253);
#4256=DIRECTION('',(0.E0,0.E0,-1.E0));
#4257=VECTOR('',#4256,5.E-1);
#4258=CARTESIAN_POINT('',(2.155E0,-1.05E0,-4.6E0));
#4259=LINE('',#4258,#4257);
#4260=DIRECTION('',(0.E0,1.E0,0.E0));
#4261=VECTOR('',#4260,3.E-1);
#4262=CARTESIAN_POINT('',(2.155E0,-1.05E0,-5.1E0));
#4263=LINE('',#4262,#4261);
#4264=DIRECTION('',(0.E0,0.E0,1.E0));
#4265=VECTOR('',#4264,3.7E-1);
#4266=CARTESIAN_POINT('',(2.155E0,-7.5E-1,-5.1E0));
#4267=LINE('',#4266,#4265);
#4268=DIRECTION('',(0.E0,7.071067811865E-1,7.071067811865E-1));
#4269=VECTOR('',#4268,4.666904755831E-1);
#4270=CARTESIAN_POINT('',(2.155E0,-7.5E-1,-4.73E0));
#4271=LINE('',#4270,#4269);
#4272=DIRECTION('',(0.E0,5.124658948458E-2,9.986860302749E-1));
#4273=VECTOR('',#4272,1.582911339554E0);
#4274=CARTESIAN_POINT('',(2.155E0,-4.413750317050E-1,-3.39E0));
#4275=LINE('',#4274,#4273);
#4276=CARTESIAN_POINT('',(2.155E0,-5.55E-1,-1.799175473074E0));
#4277=DIRECTION('',(1.E0,0.E0,0.E0));
#4278=DIRECTION('',(0.E0,9.986860302749E-1,-5.124658948456E-2));
#4279=AXIS2_PLACEMENT_3D('',#4276,#4277,#4278);
#4281=DIRECTION('',(0.E0,-4.216293820650E-1,9.067682527413E-1));
#4282=VECTOR('',#4281,1.703387200692E-1);
#4283=CARTESIAN_POINT('',(2.155E0,-3.781801907155E-1,-1.716957743571E0));
#4284=LINE('',#4283,#4282);
#4285=DIRECTION('',(0.E0,7.071067811865E-1,7.071067811865E-1));
#4286=VECTOR('',#4285,4.666904755831E-1);
#4287=CARTESIAN_POINT('',(2.355E0,-7.5E-1,-4.73E0));
#4288=LINE('',#4287,#4286);
#4289=DIRECTION('',(0.E0,0.E0,1.E0));
#4290=VECTOR('',#4289,3.7E-1);
#4291=CARTESIAN_POINT('',(2.355E0,-7.5E-1,-5.1E0));
#4292=LINE('',#4291,#4290);
#4293=DIRECTION('',(0.E0,1.E0,0.E0));
#4294=VECTOR('',#4293,3.E-1);
#4295=CARTESIAN_POINT('',(2.355E0,-1.05E0,-5.1E0));
#4296=LINE('',#4295,#4294);
#4297=DIRECTION('',(0.E0,0.E0,-1.E0));
#4298=VECTOR('',#4297,5.E-1);
#4299=CARTESIAN_POINT('',(2.355E0,-1.05E0,-4.6E0));
#4300=LINE('',#4299,#4298);
#4301=DIRECTION('',(0.E0,-7.071067811865E-1,-7.071067811865E-1));
#4302=VECTOR('',#4301,2.828427124746E-1);
#4303=CARTESIAN_POINT('',(2.355E0,-8.5E-1,-4.4E0));
#4304=LINE('',#4303,#4302);
#4305=DIRECTION('',(0.E0,-4.216293820650E-1,9.067682527413E-1));
#4306=VECTOR('',#4305,1.703387200692E-1);
#4307=CARTESIAN_POINT('',(2.355E0,-3.781801907155E-1,-1.716957743571E0));
#4308=LINE('',#4307,#4306);
#4309=CARTESIAN_POINT('',(2.355E0,-5.55E-1,-1.799175473074E0));
#4310=DIRECTION('',(1.E0,0.E0,0.E0));
#4311=DIRECTION('',(0.E0,9.986860302749E-1,-5.124658948456E-2));
#4312=AXIS2_PLACEMENT_3D('',#4309,#4310,#4311);
#4314=DIRECTION('',(0.E0,5.124658948458E-2,9.986860302749E-1));
#4315=VECTOR('',#4314,1.582911339554E0);
#4316=CARTESIAN_POINT('',(2.355E0,-4.413750317050E-1,-3.39E0));
#4317=LINE('',#4316,#4315);
#4318=DIRECTION('',(-1.E0,0.E0,0.E0));
#4319=VECTOR('',#4318,2.E-1);
#4320=CARTESIAN_POINT('',(2.355E0,-7.5E-1,-4.73E0));
#4321=LINE('',#4320,#4319);
#4322=DIRECTION('',(-1.E0,0.E0,0.E0));
#4323=VECTOR('',#4322,2.E-1);
#4324=CARTESIAN_POINT('',(2.355E0,-7.5E-1,-5.1E0));
#4325=LINE('',#4324,#4323);
#4326=DIRECTION('',(-1.E0,0.E0,0.E0));
#4327=VECTOR('',#4326,2.E-1);
#4328=CARTESIAN_POINT('',(2.355E0,-1.05E0,-5.1E0));
#4329=LINE('',#4328,#4327);
#4330=DIRECTION('',(-1.E0,0.E0,0.E0));
#4331=VECTOR('',#4330,2.E-1);
#4332=CARTESIAN_POINT('',(2.355E0,-1.05E0,-4.6E0));
#4333=LINE('',#4332,#4331);
#4334=DIRECTION('',(-1.E0,0.E0,0.E0));
#4335=VECTOR('',#4334,2.E-1);
#4336=CARTESIAN_POINT('',(2.355E0,-3.781801907155E-1,-1.716957743571E0));
#4337=LINE('',#4336,#4335);
#4338=DIRECTION('',(-1.E0,0.E0,0.E0));
#4339=VECTOR('',#4338,2.E-1);
#4340=CARTESIAN_POINT('',(2.355E0,-3.602562240964E-1,-1.809168558024E0));
#4341=LINE('',#4340,#4339);
#4342=DIRECTION('',(0.E0,-7.071067811865E-1,-7.071067811865E-1));
#4343=VECTOR('',#4342,2.828427124746E-1);
#4344=CARTESIAN_POINT('',(2.655E0,-8.5E-1,-4.4E0));
#4345=LINE('',#4344,#4343);
#4346=DIRECTION('',(0.E0,0.E0,-1.E0));
#4347=VECTOR('',#4346,5.E-1);
#4348=CARTESIAN_POINT('',(2.655E0,-1.05E0,-4.6E0));
#4349=LINE('',#4348,#4347);
#4350=DIRECTION('',(0.E0,1.E0,0.E0));
#4351=VECTOR('',#4350,3.E-1);
#4352=CARTESIAN_POINT('',(2.655E0,-1.05E0,-5.1E0));
#4353=LINE('',#4352,#4351);
#4354=DIRECTION('',(0.E0,0.E0,1.E0));
#4355=VECTOR('',#4354,3.7E-1);
#4356=CARTESIAN_POINT('',(2.655E0,-7.5E-1,-5.1E0));
#4357=LINE('',#4356,#4355);
#4358=DIRECTION('',(0.E0,7.071067811865E-1,7.071067811865E-1));
#4359=VECTOR('',#4358,4.666904755831E-1);
#4360=CARTESIAN_POINT('',(2.655E0,-7.5E-1,-4.73E0));
#4361=LINE('',#4360,#4359);
#4362=DIRECTION('',(0.E0,5.124658948458E-2,9.986860302749E-1));
#4363=VECTOR('',#4362,1.582911339554E0);
#4364=CARTESIAN_POINT('',(2.655E0,-4.413750317050E-1,-3.39E0));
#4365=LINE('',#4364,#4363);
#4366=CARTESIAN_POINT('',(2.655E0,-5.55E-1,-1.799175473074E0));
#4367=DIRECTION('',(1.E0,0.E0,0.E0));
#4368=DIRECTION('',(0.E0,9.986860302749E-1,-5.124658948456E-2));
#4369=AXIS2_PLACEMENT_3D('',#4366,#4367,#4368);
#4371=DIRECTION('',(0.E0,-4.216293820650E-1,9.067682527413E-1));
#4372=VECTOR('',#4371,1.703387200692E-1);
#4373=CARTESIAN_POINT('',(2.655E0,-3.781801907155E-1,-1.716957743571E0));
#4374=LINE('',#4373,#4372);
#4375=DIRECTION('',(0.E0,7.071067811865E-1,7.071067811865E-1));
#4376=VECTOR('',#4375,4.666904755831E-1);
#4377=CARTESIAN_POINT('',(2.855E0,-7.5E-1,-4.73E0));
#4378=LINE('',#4377,#4376);
#4379=DIRECTION('',(0.E0,0.E0,1.E0));
#4380=VECTOR('',#4379,3.7E-1);
#4381=CARTESIAN_POINT('',(2.855E0,-7.5E-1,-5.1E0));
#4382=LINE('',#4381,#4380);
#4383=DIRECTION('',(0.E0,1.E0,0.E0));
#4384=VECTOR('',#4383,3.E-1);
#4385=CARTESIAN_POINT('',(2.855E0,-1.05E0,-5.1E0));
#4386=LINE('',#4385,#4384);
#4387=DIRECTION('',(0.E0,0.E0,-1.E0));
#4388=VECTOR('',#4387,5.E-1);
#4389=CARTESIAN_POINT('',(2.855E0,-1.05E0,-4.6E0));
#4390=LINE('',#4389,#4388);
#4391=DIRECTION('',(0.E0,-7.071067811865E-1,-7.071067811865E-1));
#4392=VECTOR('',#4391,2.828427124746E-1);
#4393=CARTESIAN_POINT('',(2.855E0,-8.5E-1,-4.4E0));
#4394=LINE('',#4393,#4392);
#4395=DIRECTION('',(0.E0,-4.216293820650E-1,9.067682527413E-1));
#4396=VECTOR('',#4395,1.703387200692E-1);
#4397=CARTESIAN_POINT('',(2.855E0,-3.781801907155E-1,-1.716957743571E0));
#4398=LINE('',#4397,#4396);
#4399=CARTESIAN_POINT('',(2.855E0,-5.55E-1,-1.799175473074E0));
#4400=DIRECTION('',(1.E0,0.E0,0.E0));
#4401=DIRECTION('',(0.E0,9.986860302749E-1,-5.124658948456E-2));
#4402=AXIS2_PLACEMENT_3D('',#4399,#4400,#4401);
#4404=DIRECTION('',(0.E0,5.124658948458E-2,9.986860302749E-1));
#4405=VECTOR('',#4404,1.582911339554E0);
#4406=CARTESIAN_POINT('',(2.855E0,-4.413750317050E-1,-3.39E0));
#4407=LINE('',#4406,#4405);
#4408=DIRECTION('',(-1.E0,0.E0,0.E0));
#4409=VECTOR('',#4408,2.E-1);
#4410=CARTESIAN_POINT('',(2.855E0,-7.5E-1,-4.73E0));
#4411=LINE('',#4410,#4409);
#4412=DIRECTION('',(-1.E0,0.E0,0.E0));
#4413=VECTOR('',#4412,2.E-1);
#4414=CARTESIAN_POINT('',(2.855E0,-7.5E-1,-5.1E0));
#4415=LINE('',#4414,#4413);
#4416=DIRECTION('',(-1.E0,0.E0,0.E0));
#4417=VECTOR('',#4416,2.E-1);
#4418=CARTESIAN_POINT('',(2.855E0,-1.05E0,-5.1E0));
#4419=LINE('',#4418,#4417);
#4420=DIRECTION('',(-1.E0,0.E0,0.E0));
#4421=VECTOR('',#4420,2.E-1);
#4422=CARTESIAN_POINT('',(2.855E0,-1.05E0,-4.6E0));
#4423=LINE('',#4422,#4421);
#4424=DIRECTION('',(-1.E0,0.E0,0.E0));
#4425=VECTOR('',#4424,2.E-1);
#4426=CARTESIAN_POINT('',(2.855E0,-3.781801907155E-1,-1.716957743571E0));
#4427=LINE('',#4426,#4425);
#4428=DIRECTION('',(-1.E0,0.E0,0.E0));
#4429=VECTOR('',#4428,2.E-1);
#4430=CARTESIAN_POINT('',(2.855E0,-3.602562240964E-1,-1.809168558024E0));
#4431=LINE('',#4430,#4429);
#4432=DIRECTION('',(0.E0,5.124658948458E-2,9.986860302749E-1));
#4433=VECTOR('',#4432,1.582911339554E0);
#4434=CARTESIAN_POINT('',(3.155E0,-4.413750317050E-1,-3.39E0));
#4435=LINE('',#4434,#4433);
#4436=CARTESIAN_POINT('',(3.155E0,-5.55E-1,-1.799175473074E0));
#4437=DIRECTION('',(1.E0,0.E0,0.E0));
#4438=DIRECTION('',(0.E0,9.986860302749E-1,-5.124658948456E-2));
#4439=AXIS2_PLACEMENT_3D('',#4436,#4437,#4438);
#4441=DIRECTION('',(0.E0,-4.216293820650E-1,9.067682527413E-1));
#4442=VECTOR('',#4441,1.703387200692E-1);
#4443=CARTESIAN_POINT('',(3.155E0,-3.781801907155E-1,-1.716957743571E0));
#4444=LINE('',#4443,#4442);
#4445=DIRECTION('',(0.E0,-7.071067811865E-1,-7.071067811865E-1));
#4446=VECTOR('',#4445,2.828427124746E-1);
#4447=CARTESIAN_POINT('',(3.155E0,-8.5E-1,-4.4E0));
#4448=LINE('',#4447,#4446);
#4449=DIRECTION('',(0.E0,0.E0,-1.E0));
#4450=VECTOR('',#4449,5.E-1);
#4451=CARTESIAN_POINT('',(3.155E0,-1.05E0,-4.6E0));
#4452=LINE('',#4451,#4450);
#4453=DIRECTION('',(0.E0,1.E0,0.E0));
#4454=VECTOR('',#4453,3.E-1);
#4455=CARTESIAN_POINT('',(3.155E0,-1.05E0,-5.1E0));
#4456=LINE('',#4455,#4454);
#4457=DIRECTION('',(0.E0,0.E0,1.E0));
#4458=VECTOR('',#4457,3.7E-1);
#4459=CARTESIAN_POINT('',(3.155E0,-7.5E-1,-5.1E0));
#4460=LINE('',#4459,#4458);
#4461=DIRECTION('',(0.E0,7.071067811865E-1,7.071067811865E-1));
#4462=VECTOR('',#4461,4.666904755831E-1);
#4463=CARTESIAN_POINT('',(3.155E0,-7.5E-1,-4.73E0));
#4464=LINE('',#4463,#4462);
#4465=DIRECTION('',(0.E0,5.124658948458E-2,9.986860302749E-1));
#4466=VECTOR('',#4465,1.582911339554E0);
#4467=CARTESIAN_POINT('',(3.355E0,-4.413750317050E-1,-3.39E0));
#4468=LINE('',#4467,#4466);
#4469=DIRECTION('',(0.E0,-4.216293820650E-1,9.067682527413E-1));
#4470=VECTOR('',#4469,1.703387200692E-1);
#4471=CARTESIAN_POINT('',(3.355E0,-3.781801907155E-1,-1.716957743571E0));
#4472=LINE('',#4471,#4470);
#4473=CARTESIAN_POINT('',(3.355E0,-5.55E-1,-1.799175473074E0));
#4474=DIRECTION('',(1.E0,0.E0,0.E0));
#4475=DIRECTION('',(0.E0,9.986860302749E-1,-5.124658948456E-2));
#4476=AXIS2_PLACEMENT_3D('',#4473,#4474,#4475);
#4478=DIRECTION('',(0.E0,7.071067811865E-1,7.071067811865E-1));
#4479=VECTOR('',#4478,4.666904755831E-1);
#4480=CARTESIAN_POINT('',(3.355E0,-7.5E-1,-4.73E0));
#4481=LINE('',#4480,#4479);
#4482=DIRECTION('',(0.E0,0.E0,1.E0));
#4483=VECTOR('',#4482,3.7E-1);
#4484=CARTESIAN_POINT('',(3.355E0,-7.5E-1,-5.1E0));
#4485=LINE('',#4484,#4483);
#4486=DIRECTION('',(0.E0,1.E0,0.E0));
#4487=VECTOR('',#4486,3.E-1);
#4488=CARTESIAN_POINT('',(3.355E0,-1.05E0,-5.1E0));
#4489=LINE('',#4488,#4487);
#4490=DIRECTION('',(0.E0,0.E0,-1.E0));
#4491=VECTOR('',#4490,5.E-1);
#4492=CARTESIAN_POINT('',(3.355E0,-1.05E0,-4.6E0));
#4493=LINE('',#4492,#4491);
#4494=DIRECTION('',(0.E0,-7.071067811865E-1,-7.071067811865E-1));
#4495=VECTOR('',#4494,2.828427124746E-1);
#4496=CARTESIAN_POINT('',(3.355E0,-8.5E-1,-4.4E0));
#4497=LINE('',#4496,#4495);
#4498=DIRECTION('',(-1.E0,0.E0,0.E0));
#4499=VECTOR('',#4498,2.E-1);
#4500=CARTESIAN_POINT('',(3.355E0,-3.781801907155E-1,-1.716957743571E0));
#4501=LINE('',#4500,#4499);
#4502=DIRECTION('',(-1.E0,0.E0,0.E0));
#4503=VECTOR('',#4502,2.E-1);
#4504=CARTESIAN_POINT('',(3.355E0,-3.602562240964E-1,-1.809168558024E0));
#4505=LINE('',#4504,#4503);
#4506=DIRECTION('',(-1.E0,0.E0,0.E0));
#4507=VECTOR('',#4506,2.E-1);
#4508=CARTESIAN_POINT('',(3.355E0,-7.5E-1,-4.73E0));
#4509=LINE('',#4508,#4507);
#4510=DIRECTION('',(-1.E0,0.E0,0.E0));
#4511=VECTOR('',#4510,2.E-1);
#4512=CARTESIAN_POINT('',(3.355E0,-7.5E-1,-5.1E0));
#4513=LINE('',#4512,#4511);
#4514=DIRECTION('',(-1.E0,0.E0,0.E0));
#4515=VECTOR('',#4514,2.E-1);
#4516=CARTESIAN_POINT('',(3.355E0,-1.05E0,-5.1E0));
#4517=LINE('',#4516,#4515);
#4518=DIRECTION('',(-1.E0,0.E0,0.E0));
#4519=VECTOR('',#4518,2.E-1);
#4520=CARTESIAN_POINT('',(3.355E0,-1.05E0,-4.6E0));
#4521=LINE('',#4520,#4519);
#4522=DIRECTION('',(0.E0,5.124658948458E-2,9.986860302749E-1));
#4523=VECTOR('',#4522,1.582911339554E0);
#4524=CARTESIAN_POINT('',(3.655E0,-4.413750317050E-1,-3.39E0));
#4525=LINE('',#4524,#4523);
#4526=CARTESIAN_POINT('',(3.655E0,-5.55E-1,-1.799175473074E0));
#4527=DIRECTION('',(1.E0,0.E0,0.E0));
#4528=DIRECTION('',(0.E0,9.986860302749E-1,-5.124658948456E-2));
#4529=AXIS2_PLACEMENT_3D('',#4526,#4527,#4528);
#4531=DIRECTION('',(0.E0,-4.216293820650E-1,9.067682527413E-1));
#4532=VECTOR('',#4531,1.703387200692E-1);
#4533=CARTESIAN_POINT('',(3.655E0,-3.781801907155E-1,-1.716957743571E0));
#4534=LINE('',#4533,#4532);
#4535=DIRECTION('',(0.E0,-7.071067811865E-1,-7.071067811865E-1));
#4536=VECTOR('',#4535,2.828427124746E-1);
#4537=CARTESIAN_POINT('',(3.655E0,-8.5E-1,-4.4E0));
#4538=LINE('',#4537,#4536);
#4539=DIRECTION('',(0.E0,0.E0,-1.E0));
#4540=VECTOR('',#4539,5.E-1);
#4541=CARTESIAN_POINT('',(3.655E0,-1.05E0,-4.6E0));
#4542=LINE('',#4541,#4540);
#4543=DIRECTION('',(0.E0,1.E0,0.E0));
#4544=VECTOR('',#4543,3.E-1);
#4545=CARTESIAN_POINT('',(3.655E0,-1.05E0,-5.1E0));
#4546=LINE('',#4545,#4544);
#4547=DIRECTION('',(0.E0,0.E0,1.E0));
#4548=VECTOR('',#4547,3.7E-1);
#4549=CARTESIAN_POINT('',(3.655E0,-7.5E-1,-5.1E0));
#4550=LINE('',#4549,#4548);
#4551=DIRECTION('',(0.E0,7.071067811865E-1,7.071067811865E-1));
#4552=VECTOR('',#4551,4.666904755831E-1);
#4553=CARTESIAN_POINT('',(3.655E0,-7.5E-1,-4.73E0));
#4554=LINE('',#4553,#4552);
#4555=DIRECTION('',(0.E0,5.124658948458E-2,9.986860302749E-1));
#4556=VECTOR('',#4555,1.582911339554E0);
#4557=CARTESIAN_POINT('',(3.855E0,-4.413750317050E-1,-3.39E0));
#4558=LINE('',#4557,#4556);
#4559=DIRECTION('',(0.E0,-4.216293820650E-1,9.067682527413E-1));
#4560=VECTOR('',#4559,1.703387200692E-1);
#4561=CARTESIAN_POINT('',(3.855E0,-3.781801907155E-1,-1.716957743571E0));
#4562=LINE('',#4561,#4560);
#4563=CARTESIAN_POINT('',(3.855E0,-5.55E-1,-1.799175473074E0));
#4564=DIRECTION('',(1.E0,0.E0,0.E0));
#4565=DIRECTION('',(0.E0,9.986860302749E-1,-5.124658948456E-2));
#4566=AXIS2_PLACEMENT_3D('',#4563,#4564,#4565);
#4568=DIRECTION('',(0.E0,7.071067811865E-1,7.071067811865E-1));
#4569=VECTOR('',#4568,4.666904755831E-1);
#4570=CARTESIAN_POINT('',(3.855E0,-7.5E-1,-4.73E0));
#4571=LINE('',#4570,#4569);
#4572=DIRECTION('',(0.E0,0.E0,1.E0));
#4573=VECTOR('',#4572,3.7E-1);
#4574=CARTESIAN_POINT('',(3.855E0,-7.5E-1,-5.1E0));
#4575=LINE('',#4574,#4573);
#4576=DIRECTION('',(0.E0,1.E0,0.E0));
#4577=VECTOR('',#4576,3.E-1);
#4578=CARTESIAN_POINT('',(3.855E0,-1.05E0,-5.1E0));
#4579=LINE('',#4578,#4577);
#4580=DIRECTION('',(0.E0,0.E0,-1.E0));
#4581=VECTOR('',#4580,5.E-1);
#4582=CARTESIAN_POINT('',(3.855E0,-1.05E0,-4.6E0));
#4583=LINE('',#4582,#4581);
#4584=DIRECTION('',(0.E0,-7.071067811865E-1,-7.071067811865E-1));
#4585=VECTOR('',#4584,2.828427124746E-1);
#4586=CARTESIAN_POINT('',(3.855E0,-8.5E-1,-4.4E0));
#4587=LINE('',#4586,#4585);
#4588=DIRECTION('',(-1.E0,0.E0,0.E0));
#4589=VECTOR('',#4588,2.E-1);
#4590=CARTESIAN_POINT('',(3.855E0,-3.781801907155E-1,-1.716957743571E0));
#4591=LINE('',#4590,#4589);
#4592=DIRECTION('',(-1.E0,0.E0,0.E0));
#4593=VECTOR('',#4592,2.E-1);
#4594=CARTESIAN_POINT('',(3.855E0,-3.602562240964E-1,-1.809168558024E0));
#4595=LINE('',#4594,#4593);
#4596=DIRECTION('',(-1.E0,0.E0,0.E0));
#4597=VECTOR('',#4596,2.E-1);
#4598=CARTESIAN_POINT('',(3.855E0,-7.5E-1,-4.73E0));
#4599=LINE('',#4598,#4597);
#4600=DIRECTION('',(-1.E0,0.E0,0.E0));
#4601=VECTOR('',#4600,2.E-1);
#4602=CARTESIAN_POINT('',(3.855E0,-7.5E-1,-5.1E0));
#4603=LINE('',#4602,#4601);
#4604=DIRECTION('',(-1.E0,0.E0,0.E0));
#4605=VECTOR('',#4604,2.E-1);
#4606=CARTESIAN_POINT('',(3.855E0,-1.05E0,-5.1E0));
#4607=LINE('',#4606,#4605);
#4608=DIRECTION('',(-1.E0,0.E0,0.E0));
#4609=VECTOR('',#4608,2.E-1);
#4610=CARTESIAN_POINT('',(3.855E0,-1.05E0,-4.6E0));
#4611=LINE('',#4610,#4609);
#4612=DIRECTION('',(0.E0,5.124658948458E-2,9.986860302749E-1));
#4613=VECTOR('',#4612,1.582911339554E0);
#4614=CARTESIAN_POINT('',(4.155E0,-4.413750317050E-1,-3.39E0));
#4615=LINE('',#4614,#4613);
#4616=CARTESIAN_POINT('',(4.155E0,-5.55E-1,-1.799175473074E0));
#4617=DIRECTION('',(1.E0,0.E0,0.E0));
#4618=DIRECTION('',(0.E0,9.986860302749E-1,-5.124658948456E-2));
#4619=AXIS2_PLACEMENT_3D('',#4616,#4617,#4618);
#4621=DIRECTION('',(0.E0,-4.216293820650E-1,9.067682527413E-1));
#4622=VECTOR('',#4621,1.703387200692E-1);
#4623=CARTESIAN_POINT('',(4.155E0,-3.781801907155E-1,-1.716957743571E0));
#4624=LINE('',#4623,#4622);
#4625=DIRECTION('',(0.E0,-7.071067811865E-1,-7.071067811865E-1));
#4626=VECTOR('',#4625,2.828427124746E-1);
#4627=CARTESIAN_POINT('',(4.155E0,-8.5E-1,-4.4E0));
#4628=LINE('',#4627,#4626);
#4629=DIRECTION('',(0.E0,0.E0,-1.E0));
#4630=VECTOR('',#4629,5.E-1);
#4631=CARTESIAN_POINT('',(4.155E0,-1.05E0,-4.6E0));
#4632=LINE('',#4631,#4630);
#4633=DIRECTION('',(0.E0,1.E0,0.E0));
#4634=VECTOR('',#4633,3.E-1);
#4635=CARTESIAN_POINT('',(4.155E0,-1.05E0,-5.1E0));
#4636=LINE('',#4635,#4634);
#4637=DIRECTION('',(0.E0,0.E0,1.E0));
#4638=VECTOR('',#4637,3.7E-1);
#4639=CARTESIAN_POINT('',(4.155E0,-7.5E-1,-5.1E0));
#4640=LINE('',#4639,#4638);
#4641=DIRECTION('',(0.E0,7.071067811865E-1,7.071067811865E-1));
#4642=VECTOR('',#4641,4.666904755831E-1);
#4643=CARTESIAN_POINT('',(4.155E0,-7.5E-1,-4.73E0));
#4644=LINE('',#4643,#4642);
#4645=DIRECTION('',(0.E0,5.124658948458E-2,9.986860302749E-1));
#4646=VECTOR('',#4645,1.582911339554E0);
#4647=CARTESIAN_POINT('',(4.355E0,-4.413750317050E-1,-3.39E0));
#4648=LINE('',#4647,#4646);
#4649=DIRECTION('',(0.E0,-4.216293820650E-1,9.067682527413E-1));
#4650=VECTOR('',#4649,1.703387200692E-1);
#4651=CARTESIAN_POINT('',(4.355E0,-3.781801907155E-1,-1.716957743571E0));
#4652=LINE('',#4651,#4650);
#4653=CARTESIAN_POINT('',(4.355E0,-5.55E-1,-1.799175473074E0));
#4654=DIRECTION('',(1.E0,0.E0,0.E0));
#4655=DIRECTION('',(0.E0,9.986860302749E-1,-5.124658948456E-2));
#4656=AXIS2_PLACEMENT_3D('',#4653,#4654,#4655);
#4658=DIRECTION('',(0.E0,7.071067811865E-1,7.071067811865E-1));
#4659=VECTOR('',#4658,4.666904755831E-1);
#4660=CARTESIAN_POINT('',(4.355E0,-7.5E-1,-4.73E0));
#4661=LINE('',#4660,#4659);
#4662=DIRECTION('',(0.E0,0.E0,1.E0));
#4663=VECTOR('',#4662,3.7E-1);
#4664=CARTESIAN_POINT('',(4.355E0,-7.5E-1,-5.1E0));
#4665=LINE('',#4664,#4663);
#4666=DIRECTION('',(0.E0,1.E0,0.E0));
#4667=VECTOR('',#4666,3.E-1);
#4668=CARTESIAN_POINT('',(4.355E0,-1.05E0,-5.1E0));
#4669=LINE('',#4668,#4667);
#4670=DIRECTION('',(0.E0,0.E0,-1.E0));
#4671=VECTOR('',#4670,5.E-1);
#4672=CARTESIAN_POINT('',(4.355E0,-1.05E0,-4.6E0));
#4673=LINE('',#4672,#4671);
#4674=DIRECTION('',(0.E0,-7.071067811865E-1,-7.071067811865E-1));
#4675=VECTOR('',#4674,2.828427124746E-1);
#4676=CARTESIAN_POINT('',(4.355E0,-8.5E-1,-4.4E0));
#4677=LINE('',#4676,#4675);
#4678=DIRECTION('',(-1.E0,0.E0,0.E0));
#4679=VECTOR('',#4678,2.E-1);
#4680=CARTESIAN_POINT('',(4.355E0,-3.781801907155E-1,-1.716957743571E0));
#4681=LINE('',#4680,#4679);
#4682=DIRECTION('',(-1.E0,0.E0,0.E0));
#4683=VECTOR('',#4682,2.E-1);
#4684=CARTESIAN_POINT('',(4.355E0,-3.602562240964E-1,-1.809168558024E0));
#4685=LINE('',#4684,#4683);
#4686=DIRECTION('',(-1.E0,0.E0,0.E0));
#4687=VECTOR('',#4686,2.E-1);
#4688=CARTESIAN_POINT('',(4.355E0,-7.5E-1,-4.73E0));
#4689=LINE('',#4688,#4687);
#4690=DIRECTION('',(-1.E0,0.E0,0.E0));
#4691=VECTOR('',#4690,2.E-1);
#4692=CARTESIAN_POINT('',(4.355E0,-7.5E-1,-5.1E0));
#4693=LINE('',#4692,#4691);
#4694=DIRECTION('',(-1.E0,0.E0,0.E0));
#4695=VECTOR('',#4694,2.E-1);
#4696=CARTESIAN_POINT('',(4.355E0,-1.05E0,-5.1E0));
#4697=LINE('',#4696,#4695);
#4698=DIRECTION('',(-1.E0,0.E0,0.E0));
#4699=VECTOR('',#4698,2.E-1);
#4700=CARTESIAN_POINT('',(4.355E0,-1.05E0,-4.6E0));
#4701=LINE('',#4700,#4699);
#4702=DIRECTION('',(0.E0,5.124658948458E-2,9.986860302749E-1));
#4703=VECTOR('',#4702,1.582911339554E0);
#4704=CARTESIAN_POINT('',(4.655E0,-4.413750317050E-1,-3.39E0));
#4705=LINE('',#4704,#4703);
#4706=CARTESIAN_POINT('',(4.655E0,-5.55E-1,-1.799175473074E0));
#4707=DIRECTION('',(1.E0,0.E0,0.E0));
#4708=DIRECTION('',(0.E0,9.986860302749E-1,-5.124658948456E-2));
#4709=AXIS2_PLACEMENT_3D('',#4706,#4707,#4708);
#4711=DIRECTION('',(0.E0,-4.216293820650E-1,9.067682527413E-1));
#4712=VECTOR('',#4711,1.703387200692E-1);
#4713=CARTESIAN_POINT('',(4.655E0,-3.781801907155E-1,-1.716957743571E0));
#4714=LINE('',#4713,#4712);
#4715=DIRECTION('',(0.E0,-7.071067811865E-1,-7.071067811865E-1));
#4716=VECTOR('',#4715,2.828427124746E-1);
#4717=CARTESIAN_POINT('',(4.655E0,-8.5E-1,-4.4E0));
#4718=LINE('',#4717,#4716);
#4719=DIRECTION('',(0.E0,0.E0,-1.E0));
#4720=VECTOR('',#4719,5.E-1);
#4721=CARTESIAN_POINT('',(4.655E0,-1.05E0,-4.6E0));
#4722=LINE('',#4721,#4720);
#4723=DIRECTION('',(0.E0,1.E0,0.E0));
#4724=VECTOR('',#4723,3.E-1);
#4725=CARTESIAN_POINT('',(4.655E0,-1.05E0,-5.1E0));
#4726=LINE('',#4725,#4724);
#4727=DIRECTION('',(0.E0,0.E0,1.E0));
#4728=VECTOR('',#4727,3.7E-1);
#4729=CARTESIAN_POINT('',(4.655E0,-7.5E-1,-5.1E0));
#4730=LINE('',#4729,#4728);
#4731=DIRECTION('',(0.E0,7.071067811865E-1,7.071067811865E-1));
#4732=VECTOR('',#4731,4.666904755831E-1);
#4733=CARTESIAN_POINT('',(4.655E0,-7.5E-1,-4.73E0));
#4734=LINE('',#4733,#4732);
#4735=DIRECTION('',(0.E0,5.124658948458E-2,9.986860302749E-1));
#4736=VECTOR('',#4735,1.582911339554E0);
#4737=CARTESIAN_POINT('',(4.855E0,-4.413750317050E-1,-3.39E0));
#4738=LINE('',#4737,#4736);
#4739=DIRECTION('',(0.E0,-4.216293820650E-1,9.067682527413E-1));
#4740=VECTOR('',#4739,1.703387200692E-1);
#4741=CARTESIAN_POINT('',(4.855E0,-3.781801907155E-1,-1.716957743571E0));
#4742=LINE('',#4741,#4740);
#4743=CARTESIAN_POINT('',(4.855E0,-5.55E-1,-1.799175473074E0));
#4744=DIRECTION('',(1.E0,0.E0,0.E0));
#4745=DIRECTION('',(0.E0,9.986860302749E-1,-5.124658948456E-2));
#4746=AXIS2_PLACEMENT_3D('',#4743,#4744,#4745);
#4748=DIRECTION('',(0.E0,7.071067811865E-1,7.071067811865E-1));
#4749=VECTOR('',#4748,4.666904755831E-1);
#4750=CARTESIAN_POINT('',(4.855E0,-7.5E-1,-4.73E0));
#4751=LINE('',#4750,#4749);
#4752=DIRECTION('',(0.E0,0.E0,1.E0));
#4753=VECTOR('',#4752,3.7E-1);
#4754=CARTESIAN_POINT('',(4.855E0,-7.5E-1,-5.1E0));
#4755=LINE('',#4754,#4753);
#4756=DIRECTION('',(0.E0,1.E0,0.E0));
#4757=VECTOR('',#4756,3.E-1);
#4758=CARTESIAN_POINT('',(4.855E0,-1.05E0,-5.1E0));
#4759=LINE('',#4758,#4757);
#4760=DIRECTION('',(0.E0,0.E0,-1.E0));
#4761=VECTOR('',#4760,5.E-1);
#4762=CARTESIAN_POINT('',(4.855E0,-1.05E0,-4.6E0));
#4763=LINE('',#4762,#4761);
#4764=DIRECTION('',(0.E0,-7.071067811865E-1,-7.071067811865E-1));
#4765=VECTOR('',#4764,2.828427124746E-1);
#4766=CARTESIAN_POINT('',(4.855E0,-8.5E-1,-4.4E0));
#4767=LINE('',#4766,#4765);
#4768=DIRECTION('',(-1.E0,0.E0,0.E0));
#4769=VECTOR('',#4768,2.E-1);
#4770=CARTESIAN_POINT('',(4.855E0,-3.781801907155E-1,-1.716957743571E0));
#4771=LINE('',#4770,#4769);
#4772=DIRECTION('',(-1.E0,0.E0,0.E0));
#4773=VECTOR('',#4772,2.E-1);
#4774=CARTESIAN_POINT('',(4.855E0,-3.602562240964E-1,-1.809168558024E0));
#4775=LINE('',#4774,#4773);
#4776=DIRECTION('',(-1.E0,0.E0,0.E0));
#4777=VECTOR('',#4776,2.E-1);
#4778=CARTESIAN_POINT('',(4.855E0,-7.5E-1,-4.73E0));
#4779=LINE('',#4778,#4777);
#4780=DIRECTION('',(-1.E0,0.E0,0.E0));
#4781=VECTOR('',#4780,2.E-1);
#4782=CARTESIAN_POINT('',(4.855E0,-7.5E-1,-5.1E0));
#4783=LINE('',#4782,#4781);
#4784=DIRECTION('',(-1.E0,0.E0,0.E0));
#4785=VECTOR('',#4784,2.E-1);
#4786=CARTESIAN_POINT('',(4.855E0,-1.05E0,-5.1E0));
#4787=LINE('',#4786,#4785);
#4788=DIRECTION('',(-1.E0,0.E0,0.E0));
#4789=VECTOR('',#4788,2.E-1);
#4790=CARTESIAN_POINT('',(4.855E0,-1.05E0,-4.6E0));
#4791=LINE('',#4790,#4789);
#4792=DIRECTION('',(0.E0,5.124658948458E-2,9.986860302749E-1));
#4793=VECTOR('',#4792,1.582911339554E0);
#4794=CARTESIAN_POINT('',(5.155E0,-4.413750317050E-1,-3.39E0));
#4795=LINE('',#4794,#4793);
#4796=CARTESIAN_POINT('',(5.155E0,-5.55E-1,-1.799175473074E0));
#4797=DIRECTION('',(1.E0,0.E0,0.E0));
#4798=DIRECTION('',(0.E0,9.986860302749E-1,-5.124658948456E-2));
#4799=AXIS2_PLACEMENT_3D('',#4796,#4797,#4798);
#4801=DIRECTION('',(0.E0,-4.216293820650E-1,9.067682527413E-1));
#4802=VECTOR('',#4801,1.703387200692E-1);
#4803=CARTESIAN_POINT('',(5.155E0,-3.781801907155E-1,-1.716957743571E0));
#4804=LINE('',#4803,#4802);
#4805=DIRECTION('',(0.E0,-7.071067811865E-1,-7.071067811865E-1));
#4806=VECTOR('',#4805,2.828427124746E-1);
#4807=CARTESIAN_POINT('',(5.155E0,-8.5E-1,-4.4E0));
#4808=LINE('',#4807,#4806);
#4809=DIRECTION('',(0.E0,0.E0,-1.E0));
#4810=VECTOR('',#4809,5.E-1);
#4811=CARTESIAN_POINT('',(5.155E0,-1.05E0,-4.6E0));
#4812=LINE('',#4811,#4810);
#4813=DIRECTION('',(0.E0,1.E0,0.E0));
#4814=VECTOR('',#4813,3.E-1);
#4815=CARTESIAN_POINT('',(5.155E0,-1.05E0,-5.1E0));
#4816=LINE('',#4815,#4814);
#4817=DIRECTION('',(0.E0,0.E0,1.E0));
#4818=VECTOR('',#4817,3.7E-1);
#4819=CARTESIAN_POINT('',(5.155E0,-7.5E-1,-5.1E0));
#4820=LINE('',#4819,#4818);
#4821=DIRECTION('',(0.E0,7.071067811865E-1,7.071067811865E-1));
#4822=VECTOR('',#4821,4.666904755831E-1);
#4823=CARTESIAN_POINT('',(5.155E0,-7.5E-1,-4.73E0));
#4824=LINE('',#4823,#4822);
#4825=DIRECTION('',(0.E0,5.124658948458E-2,9.986860302749E-1));
#4826=VECTOR('',#4825,1.582911339554E0);
#4827=CARTESIAN_POINT('',(5.355E0,-4.413750317050E-1,-3.39E0));
#4828=LINE('',#4827,#4826);
#4829=DIRECTION('',(0.E0,-4.216293820650E-1,9.067682527413E-1));
#4830=VECTOR('',#4829,1.703387200692E-1);
#4831=CARTESIAN_POINT('',(5.355E0,-3.781801907155E-1,-1.716957743571E0));
#4832=LINE('',#4831,#4830);
#4833=CARTESIAN_POINT('',(5.355E0,-5.55E-1,-1.799175473074E0));
#4834=DIRECTION('',(1.E0,0.E0,0.E0));
#4835=DIRECTION('',(0.E0,9.986860302749E-1,-5.124658948456E-2));
#4836=AXIS2_PLACEMENT_3D('',#4833,#4834,#4835);
#4838=DIRECTION('',(0.E0,7.071067811865E-1,7.071067811865E-1));
#4839=VECTOR('',#4838,4.666904755831E-1);
#4840=CARTESIAN_POINT('',(5.355E0,-7.5E-1,-4.73E0));
#4841=LINE('',#4840,#4839);
#4842=DIRECTION('',(0.E0,0.E0,1.E0));
#4843=VECTOR('',#4842,3.7E-1);
#4844=CARTESIAN_POINT('',(5.355E0,-7.5E-1,-5.1E0));
#4845=LINE('',#4844,#4843);
#4846=DIRECTION('',(0.E0,1.E0,0.E0));
#4847=VECTOR('',#4846,3.E-1);
#4848=CARTESIAN_POINT('',(5.355E0,-1.05E0,-5.1E0));
#4849=LINE('',#4848,#4847);
#4850=DIRECTION('',(0.E0,0.E0,-1.E0));
#4851=VECTOR('',#4850,5.E-1);
#4852=CARTESIAN_POINT('',(5.355E0,-1.05E0,-4.6E0));
#4853=LINE('',#4852,#4851);
#4854=DIRECTION('',(0.E0,-7.071067811865E-1,-7.071067811865E-1));
#4855=VECTOR('',#4854,2.828427124746E-1);
#4856=CARTESIAN_POINT('',(5.355E0,-8.5E-1,-4.4E0));
#4857=LINE('',#4856,#4855);
#4858=DIRECTION('',(-1.E0,0.E0,0.E0));
#4859=VECTOR('',#4858,2.E-1);
#4860=CARTESIAN_POINT('',(5.355E0,-3.781801907155E-1,-1.716957743571E0));
#4861=LINE('',#4860,#4859);
#4862=DIRECTION('',(-1.E0,0.E0,0.E0));
#4863=VECTOR('',#4862,2.E-1);
#4864=CARTESIAN_POINT('',(5.355E0,-3.602562240964E-1,-1.809168558024E0));
#4865=LINE('',#4864,#4863);
#4866=DIRECTION('',(-1.E0,0.E0,0.E0));
#4867=VECTOR('',#4866,2.E-1);
#4868=CARTESIAN_POINT('',(5.355E0,-7.5E-1,-4.73E0));
#4869=LINE('',#4868,#4867);
#4870=DIRECTION('',(-1.E0,0.E0,0.E0));
#4871=VECTOR('',#4870,2.E-1);
#4872=CARTESIAN_POINT('',(5.355E0,-7.5E-1,-5.1E0));
#4873=LINE('',#4872,#4871);
#4874=DIRECTION('',(-1.E0,0.E0,0.E0));
#4875=VECTOR('',#4874,2.E-1);
#4876=CARTESIAN_POINT('',(5.355E0,-1.05E0,-5.1E0));
#4877=LINE('',#4876,#4875);
#4878=DIRECTION('',(-1.E0,0.E0,0.E0));
#4879=VECTOR('',#4878,2.E-1);
#4880=CARTESIAN_POINT('',(5.355E0,-1.05E0,-4.6E0));
#4881=LINE('',#4880,#4879);
#4882=DIRECTION('',(-6.570709631920E-14,-1.643934402268E-1,9.863948483292E-1));
#4883=VECTOR('',#4882,4.055171219492E-2);
#4884=CARTESIAN_POINT('',(5.8E0,-4.5E-1,-1.49E0));
#4885=LINE('',#4884,#4883);
#4886=DIRECTION('',(-4.380473087947E-14,1.643934402268E-1,-9.863948483292E-1));
#4887=VECTOR('',#4886,4.055171219492E-2);
#4888=CARTESIAN_POINT('',(-5.8E0,-4.566664354748E-1,-1.45E0));
#4889=LINE('',#4888,#4887);
#4890=DIRECTION('',(1.E0,0.E0,0.E0));
#4891=VECTOR('',#4890,1.16E1);
#4892=CARTESIAN_POINT('',(-5.8E0,-6.999913303055E-1,1.E-2));
#4893=LINE('',#4892,#4891);
#4894=DIRECTION('',(7.071067811865E-1,0.E0,-7.071067811865E-1));
#4895=VECTOR('',#4894,2.121320343560E-1);
#4896=CARTESIAN_POINT('',(-5.8E0,-1.E0,-4.25E0));
#4897=LINE('',#4896,#4895);
#4898=DIRECTION('',(0.E0,0.E0,-1.E0));
#4899=VECTOR('',#4898,4.26E0);
#4900=CARTESIAN_POINT('',(-5.8E0,-1.E0,1.E-2));
#4901=LINE('',#4900,#4899);
#4902=DIRECTION('',(1.E0,0.E0,0.E0));
#4903=VECTOR('',#4902,1.16E1);
#4904=CARTESIAN_POINT('',(-5.8E0,-1.E0,1.E-2));
#4905=LINE('',#4904,#4903);
#4906=DIRECTION('',(7.071067811865E-1,0.E0,7.071067811865E-1));
#4907=VECTOR('',#4906,2.121320343560E-1);
#4908=CARTESIAN_POINT('',(5.65E0,-1.E0,-4.4E0));
#4909=LINE('',#4908,#4907);
#4910=DIRECTION('',(-1.E0,0.E0,0.E0));
#4911=VECTOR('',#4910,2.E-1);
#4912=CARTESIAN_POINT('',(-5.145E0,-3.781801907155E-1,-1.716957743571E0));
#4913=LINE('',#4912,#4911);
#4914=DIRECTION('',(-1.E0,0.E0,0.E0));
#4915=VECTOR('',#4914,2.E-1);
#4916=CARTESIAN_POINT('',(-5.145E0,-3.602562240964E-1,-1.809168558024E0));
#4917=LINE('',#4916,#4915);
#4918=DIRECTION('',(0.E0,0.E0,-1.E0));
#4919=VECTOR('',#4918,1.8E0);
#4920=CARTESIAN_POINT('',(6.166E0,-8.3E-1,-2.6E0));
#4921=LINE('',#4920,#4919);
#4922=DIRECTION('',(0.E0,1.E0,0.E0));
#4923=VECTOR('',#4922,2.E-1);
#4924=CARTESIAN_POINT('',(-7.565E0,-1.03E0,-4.3E0));
#4925=LINE('',#4924,#4923);
#4926=DIRECTION('',(0.E0,0.E0,1.E0));
#4927=VECTOR('',#4926,1.6E0);
#4928=CARTESIAN_POINT('',(-7.565E0,-8.3E-1,-4.3E0));
#4929=LINE('',#4928,#4927);
#4930=DIRECTION('',(0.E0,1.E0,0.E0));
#4931=VECTOR('',#4930,2.E-1);
#4932=CARTESIAN_POINT('',(-7.565E0,-1.03E0,-2.7E0));
#4933=LINE('',#4932,#4931);
#4934=DIRECTION('',(0.E0,-1.E0,0.E0));
#4935=VECTOR('',#4934,2.E-1);
#4936=CARTESIAN_POINT('',(-7.565E0,-8.3E-1,-1.7E0));
#4937=LINE('',#4936,#4935);
#4938=DIRECTION('',(0.E0,1.E0,0.E0));
#4939=VECTOR('',#4938,2.E-1);
#4940=CARTESIAN_POINT('',(-7.565E0,-1.03E0,-2.E0));
#4941=LINE('',#4940,#4939);
#4942=DIRECTION('',(0.E0,0.E0,1.E0));
#4943=VECTOR('',#4942,3.E-1);
#4944=CARTESIAN_POINT('',(-7.565E0,-8.3E-1,-2.E0));
#4945=LINE('',#4944,#4943);
#4946=DIRECTION('',(0.E0,-1.E0,0.E0));
#4947=VECTOR('',#4946,2.E-1);
#4948=CARTESIAN_POINT('',(-7.415E0,-8.3E-1,-2.55E0));
#4949=LINE('',#4948,#4947);
#4950=DIRECTION('',(0.E0,-1.E0,0.E0));
#4951=VECTOR('',#4950,2.E-1);
#4952=CARTESIAN_POINT('',(-7.415E0,-8.3E-1,-2.15E0));
#4953=LINE('',#4952,#4951);
#4954=DIRECTION('',(0.E0,1.E0,0.E0));
#4955=VECTOR('',#4954,1.4E0);
#4956=CARTESIAN_POINT('',(8.215E0,-7.E-1,-3.E-1));
#4957=LINE('',#4956,#4955);
#4958=DIRECTION('',(0.E0,0.E0,-1.E0));
#4959=VECTOR('',#4958,8.5E-1);
#4960=CARTESIAN_POINT('',(8.215E0,7.E-1,-3.E-1));
#4961=LINE('',#4960,#4959);
#4962=DIRECTION('',(0.E0,-1.E0,0.E0));
#4963=VECTOR('',#4962,1.4E0);
#4964=CARTESIAN_POINT('',(8.215E0,7.E-1,-1.15E0));
#4965=LINE('',#4964,#4963);
#4966=DIRECTION('',(0.E0,0.E0,-1.E0));
#4967=VECTOR('',#4966,8.5E-1);
#4968=CARTESIAN_POINT('',(8.215E0,-7.E-1,-3.E-1));
#4969=LINE('',#4968,#4967);
#4970=CARTESIAN_POINT('',(7.915E0,7.E-1,-3.E-1));
#4971=DIRECTION('',(-1.E0,0.E0,0.E0));
#4972=DIRECTION('',(0.E0,0.E0,1.E0));
#4973=AXIS2_PLACEMENT_3D('',#4970,#4971,#4972);
#4975=CARTESIAN_POINT('',(7.915E0,7.E-1,-3.E-1));
#4976=DIRECTION('',(0.E0,0.E0,-1.E0));
#4977=DIRECTION('',(0.E0,1.E0,0.E0));
#4978=AXIS2_PLACEMENT_3D('',#4975,#4976,#4977);
#4980=CARTESIAN_POINT('',(7.915E0,7.E-1,-3.E-1));
#4981=DIRECTION('',(0.E0,-1.E0,0.E0));
#4982=DIRECTION('',(1.E0,0.E0,0.E0));
#4983=AXIS2_PLACEMENT_3D('',#4980,#4981,#4982);
#4985=CARTESIAN_POINT('',(-7.915E0,7.E-1,-3.E-1));
#4986=DIRECTION('',(0.E0,-1.E0,0.E0));
#4987=DIRECTION('',(0.E0,0.E0,1.E0));
#4988=AXIS2_PLACEMENT_3D('',#4985,#4986,#4987);
#4990=CARTESIAN_POINT('',(-7.915E0,7.E-1,-3.E-1));
#4991=DIRECTION('',(0.E0,0.E0,-1.E0));
#4992=DIRECTION('',(-1.E0,0.E0,0.E0));
#4993=AXIS2_PLACEMENT_3D('',#4990,#4991,#4992);
#4995=CARTESIAN_POINT('',(-7.915E0,7.E-1,-3.E-1));
#4996=DIRECTION('',(1.E0,0.E0,0.E0));
#4997=DIRECTION('',(0.E0,1.E0,0.E0));
#4998=AXIS2_PLACEMENT_3D('',#4995,#4996,#4997);
#5000=DIRECTION('',(0.E0,0.E0,-1.E0));
#5001=VECTOR('',#5000,8.5E-1);
#5002=CARTESIAN_POINT('',(-8.215E0,7.E-1,-3.E-1));
#5003=LINE('',#5002,#5001);
#5004=DIRECTION('',(0.E0,-1.E0,0.E0));
#5005=VECTOR('',#5004,1.4E0);
#5006=CARTESIAN_POINT('',(-8.215E0,7.E-1,-3.E-1));
#5007=LINE('',#5006,#5005);
#5008=DIRECTION('',(0.E0,0.E0,-1.E0));
#5009=VECTOR('',#5008,8.5E-1);
#5010=CARTESIAN_POINT('',(-8.215E0,-7.E-1,-3.E-1));
#5011=LINE('',#5010,#5009);
#5012=DIRECTION('',(0.E0,1.E0,0.E0));
#5013=VECTOR('',#5012,1.4E0);
#5014=CARTESIAN_POINT('',(-8.215E0,-7.E-1,-1.15E0));
#5015=LINE('',#5014,#5013);
#5016=CARTESIAN_POINT('',(-5.65E0,1.E0,-4.4E0));
#5017=CARTESIAN_POINT('',(5.65E0,1.E0,-4.4E0));
#5018=VERTEX_POINT('',#5016);
#5019=VERTEX_POINT('',#5017);
#5020=CARTESIAN_POINT('',(6.39E0,-5.E-1,-3.38E0));
#5021=CARTESIAN_POINT('',(6.54E0,-5.E-1,-3.23E0));
#5022=VERTEX_POINT('',#5020);
#5023=VERTEX_POINT('',#5021);
#5024=CARTESIAN_POINT('',(6.54E0,-5.E-1,-2.73E0));
#5025=VERTEX_POINT('',#5024);
#5026=CARTESIAN_POINT('',(6.39E0,-5.E-1,-2.569986624807E0));
#5027=VERTEX_POINT('',#5026);
#5028=CARTESIAN_POINT('',(-6.39E0,-5.E-1,-2.569986624807E0));
#5029=CARTESIAN_POINT('',(-6.54E0,-5.E-1,-2.73E0));
#5030=VERTEX_POINT('',#5028);
#5031=VERTEX_POINT('',#5029);
#5032=CARTESIAN_POINT('',(-6.54E0,-5.E-1,-3.23E0));
#5033=VERTEX_POINT('',#5032);
#5034=CARTESIAN_POINT('',(-6.39E0,-5.E-1,-3.38E0));
#5035=VERTEX_POINT('',#5034);
#5036=CARTESIAN_POINT('',(6.39E0,5.E-1,-3.38E0));
#5037=CARTESIAN_POINT('',(6.54E0,5.E-1,-3.23E0));
#5038=VERTEX_POINT('',#5036);
#5039=VERTEX_POINT('',#5037);
#5040=CARTESIAN_POINT('',(6.54E0,5.E-1,-2.73E0));
#5041=VERTEX_POINT('',#5040);
#5042=CARTESIAN_POINT('',(6.39E0,5.E-1,-2.569986624807E0));
#5043=VERTEX_POINT('',#5042);
#5044=CARTESIAN_POINT('',(-6.39E0,5.E-1,-2.569986624807E0));
#5045=CARTESIAN_POINT('',(-6.54E0,5.E-1,-2.73E0));
#5046=VERTEX_POINT('',#5044);
#5047=VERTEX_POINT('',#5045);
#5048=CARTESIAN_POINT('',(-6.54E0,5.E-1,-3.23E0));
#5049=VERTEX_POINT('',#5048);
#5050=CARTESIAN_POINT('',(-6.39E0,5.E-1,-3.38E0));
#5051=VERTEX_POINT('',#5050);
#5052=CARTESIAN_POINT('',(6.39E0,-5.E-1,-4.4E0));
#5053=VERTEX_POINT('',#5052);
#5054=CARTESIAN_POINT('',(-6.39E0,-5.E-1,-4.4E0));
#5055=VERTEX_POINT('',#5054);
#5056=CARTESIAN_POINT('',(6.39E0,5.E-1,-4.4E0));
#5057=VERTEX_POINT('',#5056);
#5058=CARTESIAN_POINT('',(-6.39E0,5.E-1,-4.4E0));
#5059=VERTEX_POINT('',#5058);
#5060=CARTESIAN_POINT('',(6.452530870902E0,-4.9E-1,-1.45E0));
#5061=CARTESIAN_POINT('',(6.671E0,-4.9E-1,-2.689E0));
#5062=VERTEX_POINT('',#5060);
#5063=VERTEX_POINT('',#5061);
#5064=CARTESIAN_POINT('',(-6.671E0,-4.9E-1,-2.689E0));
#5065=CARTESIAN_POINT('',(-6.452530870902E0,-4.9E-1,-1.45E0));
#5066=VERTEX_POINT('',#5064);
#5067=VERTEX_POINT('',#5065);
#5068=CARTESIAN_POINT('',(6.671E0,5.E-1,-2.689E0));
#5069=VERTEX_POINT('',#5068);
#5070=CARTESIAN_POINT('',(-6.671E0,5.E-1,-2.689E0));
#5071=VERTEX_POINT('',#5070);
#5072=CARTESIAN_POINT('',(5.8E0,-4.5E-1,-1.49E0));
#5073=CARTESIAN_POINT('',(5.8E0,-4.566664354748E-1,-1.45E0));
#5074=VERTEX_POINT('',#5072);
#5075=VERTEX_POINT('',#5073);
#5076=CARTESIAN_POINT('',(-6.03E0,6.8E-1,-2.55E0));
#5077=CARTESIAN_POINT('',(-6.18E0,8.3E-1,-2.55E0));
#5078=VERTEX_POINT('',#5076);
#5079=VERTEX_POINT('',#5077);
#5080=CARTESIAN_POINT('',(6.03E0,-6.8E-1,-2.55E0));
#5081=CARTESIAN_POINT('',(6.18E0,-8.3E-1,-2.55E0));
#5082=VERTEX_POINT('',#5080);
#5083=VERTEX_POINT('',#5081);
#5084=CARTESIAN_POINT('',(6.18E0,8.3E-1,-2.55E0));
#5085=CARTESIAN_POINT('',(6.03E0,6.8E-1,-2.55E0));
#5086=VERTEX_POINT('',#5084);
#5087=VERTEX_POINT('',#5085);
#5088=CARTESIAN_POINT('',(-5.845E0,-1.3E-1,-3.E-1));
#5089=CARTESIAN_POINT('',(-6.145E0,1.7E-1,0.E0));
#5090=VERTEX_POINT('',#5088);
#5091=VERTEX_POINT('',#5089);
#5092=CARTESIAN_POINT('',(5.845E0,-1.3E-1,-3.E-1));
#5093=CARTESIAN_POINT('',(6.145E0,1.7E-1,0.E0));
#5094=VERTEX_POINT('',#5092);
#5095=VERTEX_POINT('',#5093);
#5096=CARTESIAN_POINT('',(-5.8E0,-4.566664354748E-1,-1.45E0));
#5097=CARTESIAN_POINT('',(-5.8E0,-4.5E-1,-1.49E0));
#5098=VERTEX_POINT('',#5096);
#5099=VERTEX_POINT('',#5097);
#5100=CARTESIAN_POINT('',(-6.18E0,-8.3E-1,-2.55E0));
#5101=CARTESIAN_POINT('',(-6.03E0,-6.8E-1,-2.55E0));
#5102=VERTEX_POINT('',#5100);
#5103=VERTEX_POINT('',#5101);
#5104=CARTESIAN_POINT('',(-6.03E0,6.8E-1,-4.25E0));
#5105=CARTESIAN_POINT('',(-6.18E0,8.3E-1,-4.4E0));
#5106=VERTEX_POINT('',#5104);
#5107=VERTEX_POINT('',#5105);
#5108=CARTESIAN_POINT('',(6.03E0,6.8E-1,-4.25E0));
#5109=CARTESIAN_POINT('',(6.18E0,8.3E-1,-4.4E0));
#5110=VERTEX_POINT('',#5108);
#5111=VERTEX_POINT('',#5109);
#5112=CARTESIAN_POINT('',(5.8E0,-3.2E-1,-2.55E0));
#5113=CARTESIAN_POINT('',(5.8E0,-3.2E-1,-3.39E0));
#5114=VERTEX_POINT('',#5112);
#5115=VERTEX_POINT('',#5113);
#5116=CARTESIAN_POINT('',(-5.8E0,-3.2E-1,-2.55E0));
#5117=CARTESIAN_POINT('',(-5.8E0,-3.2E-1,-3.39E0));
#5118=VERTEX_POINT('',#5116);
#5119=VERTEX_POINT('',#5117);
#5120=CARTESIAN_POINT('',(5.8E0,2.8E-1,-3.6E0));
#5121=CARTESIAN_POINT('',(5.8E0,1.3E-1,-3.75E0));
#5122=VERTEX_POINT('',#5120);
#5123=VERTEX_POINT('',#5121);
#5124=CARTESIAN_POINT('',(6.03E0,1.3E-1,-3.75E0));
#5125=CARTESIAN_POINT('',(6.03E0,2.8E-1,-3.6E0));
#5126=VERTEX_POINT('',#5124);
#5127=VERTEX_POINT('',#5125);
#5128=CARTESIAN_POINT('',(6.03E0,-3.2E-1,-3.6E0));
#5129=CARTESIAN_POINT('',(6.03E0,-1.7E-1,-3.75E0));
#5130=VERTEX_POINT('',#5128);
#5131=VERTEX_POINT('',#5129);
#5132=CARTESIAN_POINT('',(5.8E0,-1.7E-1,-3.75E0));
#5133=CARTESIAN_POINT('',(5.8E0,-3.2E-1,-3.6E0));
#5134=VERTEX_POINT('',#5132);
#5135=VERTEX_POINT('',#5133);
#5136=CARTESIAN_POINT('',(-5.8E0,-3.2E-1,-3.6E0));
#5137=CARTESIAN_POINT('',(-5.8E0,-1.7E-1,-3.75E0));
#5138=VERTEX_POINT('',#5136);
#5139=VERTEX_POINT('',#5137);
#5140=CARTESIAN_POINT('',(-6.03E0,-1.7E-1,-3.75E0));
#5141=CARTESIAN_POINT('',(-6.03E0,-3.2E-1,-3.6E0));
#5142=VERTEX_POINT('',#5140);
#5143=VERTEX_POINT('',#5141);
#5144=CARTESIAN_POINT('',(-6.03E0,2.8E-1,-3.6E0));
#5145=CARTESIAN_POINT('',(-6.03E0,1.3E-1,-3.75E0));
#5146=VERTEX_POINT('',#5144);
#5147=VERTEX_POINT('',#5145);
#5148=CARTESIAN_POINT('',(-5.8E0,1.3E-1,-3.75E0));
#5149=CARTESIAN_POINT('',(-5.8E0,2.8E-1,-3.6E0));
#5150=VERTEX_POINT('',#5148);
#5151=VERTEX_POINT('',#5149);
#5152=CARTESIAN_POINT('',(6.015E0,-6.79E-1,-4.4E0));
#5153=CARTESIAN_POINT('',(6.166E0,-8.3E-1,-4.4E0));
#5154=VERTEX_POINT('',#5152);
#5155=VERTEX_POINT('',#5153);
#5156=CARTESIAN_POINT('',(6.015E0,-2.8E-1,-4.4E0));
#5157=VERTEX_POINT('',#5156);
#5158=CARTESIAN_POINT('',(5.815E0,-2.8E-1,-4.4E0));
#5159=VERTEX_POINT('',#5158);
#5160=CARTESIAN_POINT('',(5.815E0,-6.79E-1,-4.4E0));
#5161=VERTEX_POINT('',#5160);
#5162=CARTESIAN_POINT('',(6.166E0,-1.03E0,-4.4E0));
#5163=VERTEX_POINT('',#5162);
#5164=CARTESIAN_POINT('',(-5.815E0,-6.79E-1,-4.4E0));
#5165=CARTESIAN_POINT('',(-6.166E0,-1.03E0,-4.4E0));
#5166=VERTEX_POINT('',#5164);
#5167=VERTEX_POINT('',#5165);
#5168=CARTESIAN_POINT('',(-5.815E0,-2.8E-1,-4.4E0));
#5169=VERTEX_POINT('',#5168);
#5170=CARTESIAN_POINT('',(-6.015E0,-2.8E-1,-4.4E0));
#5171=VERTEX_POINT('',#5170);
#5172=CARTESIAN_POINT('',(-6.015E0,-6.79E-1,-4.4E0));
#5173=VERTEX_POINT('',#5172);
#5174=CARTESIAN_POINT('',(-6.166E0,-8.3E-1,-4.4E0));
#5175=VERTEX_POINT('',#5174);
#5176=CARTESIAN_POINT('',(6.015E0,-6.79E-1,-2.6E0));
#5177=CARTESIAN_POINT('',(6.166E0,-8.3E-1,-2.6E0));
#5178=VERTEX_POINT('',#5176);
#5179=VERTEX_POINT('',#5177);
#5180=CARTESIAN_POINT('',(6.166E0,-1.03E0,-2.6E0));
#5181=CARTESIAN_POINT('',(5.815E0,-6.79E-1,-2.6E0));
#5182=VERTEX_POINT('',#5180);
#5183=VERTEX_POINT('',#5181);
#5184=CARTESIAN_POINT('',(-5.815E0,-6.79E-1,-2.6E0));
#5185=CARTESIAN_POINT('',(-6.166E0,-1.03E0,-2.6E0));
#5186=VERTEX_POINT('',#5184);
#5187=VERTEX_POINT('',#5185);
#5188=CARTESIAN_POINT('',(-6.166E0,-8.3E-1,-2.6E0));
#5189=CARTESIAN_POINT('',(-6.015E0,-6.79E-1,-2.6E0));
#5190=VERTEX_POINT('',#5188);
#5191=VERTEX_POINT('',#5189);
#5192=CARTESIAN_POINT('',(6.18E0,-8.3E-1,-4.4E0));
#5193=VERTEX_POINT('',#5192);
#5194=CARTESIAN_POINT('',(-6.18E0,-8.3E-1,-4.4E0));
#5195=VERTEX_POINT('',#5194);
#5196=CARTESIAN_POINT('',(6.18E0,-8.3E-1,-2.6E0));
#5197=VERTEX_POINT('',#5196);
#5198=CARTESIAN_POINT('',(-6.18E0,-8.3E-1,-2.6E0));
#5199=VERTEX_POINT('',#5198);
#5200=CARTESIAN_POINT('',(6.015E0,-3.2E-1,-2.6E0));
#5201=VERTEX_POINT('',#5200);
#5202=CARTESIAN_POINT('',(5.815E0,-3.2E-1,-2.6E0));
#5203=VERTEX_POINT('',#5202);
#5204=CARTESIAN_POINT('',(-5.815E0,-3.2E-1,-2.6E0));
#5205=VERTEX_POINT('',#5204);
#5206=CARTESIAN_POINT('',(-6.015E0,-3.2E-1,-2.6E0));
#5207=VERTEX_POINT('',#5206);
#5208=CARTESIAN_POINT('',(6.015E0,-2.8E-1,-3.701980390272E0));
#5209=VERTEX_POINT('',#5208);
#5210=CARTESIAN_POINT('',(5.815E0,-2.8E-1,-3.701980390272E0));
#5211=VERTEX_POINT('',#5210);
#5212=CARTESIAN_POINT('',(-5.815E0,-2.8E-1,-3.701980390272E0));
#5213=VERTEX_POINT('',#5212);
#5214=CARTESIAN_POINT('',(-6.015E0,-2.8E-1,-3.701980390272E0));
#5215=VERTEX_POINT('',#5214);
#5216=CARTESIAN_POINT('',(-7.415E0,-8.3E-1,-2.15E0));
#5217=CARTESIAN_POINT('',(-7.415E0,-1.03E0,-2.15E0));
#5218=VERTEX_POINT('',#5216);
#5219=VERTEX_POINT('',#5217);
#5220=CARTESIAN_POINT('',(-7.415E0,-8.3E-1,-2.55E0));
#5221=CARTESIAN_POINT('',(-7.415E0,-1.03E0,-2.55E0));
#5222=VERTEX_POINT('',#5220);
#5223=VERTEX_POINT('',#5221);
#5224=CARTESIAN_POINT('',(7.415E0,-8.3E-1,-2.55E0));
#5225=CARTESIAN_POINT('',(7.415E0,-1.03E0,-2.55E0));
#5226=VERTEX_POINT('',#5224);
#5227=VERTEX_POINT('',#5225);
#5228=CARTESIAN_POINT('',(7.415E0,-8.3E-1,-2.15E0));
#5229=CARTESIAN_POINT('',(7.415E0,-1.03E0,-2.15E0));
#5230=VERTEX_POINT('',#5228);
#5231=VERTEX_POINT('',#5229);
#5232=CARTESIAN_POINT('',(7.37E0,5.E-1,-1.45E0));
#5233=CARTESIAN_POINT('',(6.452530870902E0,5.E-1,-1.45E0));
#5234=VERTEX_POINT('',#5232);
#5235=VERTEX_POINT('',#5233);
#5236=CARTESIAN_POINT('',(6.39E0,5.E-1,-1.45E0));
#5237=CARTESIAN_POINT('',(-6.39E0,5.E-1,-1.45E0));
#5238=VERTEX_POINT('',#5236);
#5239=VERTEX_POINT('',#5237);
#5240=CARTESIAN_POINT('',(-6.452530870902E0,5.E-1,-1.45E0));
#5241=CARTESIAN_POINT('',(-7.37E0,5.E-1,-1.45E0));
#5242=VERTEX_POINT('',#5240);
#5243=VERTEX_POINT('',#5241);
#5244=CARTESIAN_POINT('',(-7.37E0,5.E-1,-1.49E0));
#5245=CARTESIAN_POINT('',(-6.459583950131E0,5.E-1,-1.49E0));
#5246=VERTEX_POINT('',#5244);
#5247=VERTEX_POINT('',#5245);
#5248=CARTESIAN_POINT('',(-6.39E0,5.E-1,-1.49E0));
#5249=CARTESIAN_POINT('',(6.39E0,5.E-1,-1.49E0));
#5250=VERTEX_POINT('',#5248);
#5251=VERTEX_POINT('',#5249);
#5252=CARTESIAN_POINT('',(6.459583950131E0,5.E-1,-1.49E0));
#5253=CARTESIAN_POINT('',(7.37E0,5.E-1,-1.49E0));
#5254=VERTEX_POINT('',#5252);
#5255=VERTEX_POINT('',#5253);
#5256=CARTESIAN_POINT('',(-6.39E0,-5.E-1,-1.49E0));
#5257=CARTESIAN_POINT('',(-5.8E0,-5.E-1,-1.49E0));
#5258=VERTEX_POINT('',#5256);
#5259=VERTEX_POINT('',#5257);
#5260=CARTESIAN_POINT('',(-5.845E0,-5.E-1,-1.45E0));
#5261=CARTESIAN_POINT('',(-6.39E0,-5.E-1,-1.45E0));
#5262=VERTEX_POINT('',#5260);
#5263=VERTEX_POINT('',#5261);
#5264=CARTESIAN_POINT('',(6.39E0,-5.E-1,-1.45E0));
#5265=CARTESIAN_POINT('',(5.845E0,-5.E-1,-1.45E0));
#5266=VERTEX_POINT('',#5264);
#5267=VERTEX_POINT('',#5265);
#5268=CARTESIAN_POINT('',(5.8E0,-5.E-1,-1.49E0));
#5269=CARTESIAN_POINT('',(6.39E0,-5.E-1,-1.49E0));
#5270=VERTEX_POINT('',#5268);
#5271=VERTEX_POINT('',#5269);
#5272=CARTESIAN_POINT('',(-5.8E0,-8.3E-1,-1.49E0));
#5273=VERTEX_POINT('',#5272);
#5274=CARTESIAN_POINT('',(5.8E0,-8.3E-1,-1.49E0));
#5275=VERTEX_POINT('',#5274);
#5276=CARTESIAN_POINT('',(-5.8E0,-5.E-1,-1.45E0));
#5277=VERTEX_POINT('',#5276);
#5278=CARTESIAN_POINT('',(5.8E0,-5.E-1,-1.45E0));
#5279=VERTEX_POINT('',#5278);
#5280=CARTESIAN_POINT('',(7.915E0,-1.E0,-3.E-1));
#5281=CARTESIAN_POINT('',(7.915E0,-7.E-1,0.E0));
#5282=VERTEX_POINT('',#5280);
#5283=VERTEX_POINT('',#5281);
#5284=CARTESIAN_POINT('',(8.215E0,-7.E-1,-3.E-1));
#5285=VERTEX_POINT('',#5284);
#5286=CARTESIAN_POINT('',(7.915E0,-1.E0,-1.15E0));
#5287=CARTESIAN_POINT('',(8.215E0,-7.E-1,-1.15E0));
#5288=VERTEX_POINT('',#5286);
#5289=VERTEX_POINT('',#5287);
#5290=CARTESIAN_POINT('',(7.915E0,-7.E-1,-1.45E0));
#5291=VERTEX_POINT('',#5290);
#5292=CARTESIAN_POINT('',(7.915E0,7.E-1,-1.45E0));
#5293=CARTESIAN_POINT('',(8.215E0,7.E-1,-1.15E0));
#5294=VERTEX_POINT('',#5292);
#5295=VERTEX_POINT('',#5293);
#5296=CARTESIAN_POINT('',(7.915E0,1.E0,-1.15E0));
#5297=VERTEX_POINT('',#5296);
#5298=CARTESIAN_POINT('',(-7.915E0,7.E-1,-1.45E0));
#5299=CARTESIAN_POINT('',(-7.915E0,1.E0,-1.15E0));
#5300=VERTEX_POINT('',#5298);
#5301=VERTEX_POINT('',#5299);
#5302=CARTESIAN_POINT('',(-8.215E0,7.E-1,-1.15E0));
#5303=VERTEX_POINT('',#5302);
#5304=CARTESIAN_POINT('',(-7.915E0,-1.E0,-3.E-1));
#5305=CARTESIAN_POINT('',(-8.215E0,-7.E-1,-3.E-1));
#5306=VERTEX_POINT('',#5304);
#5307=VERTEX_POINT('',#5305);
#5308=CARTESIAN_POINT('',(-7.915E0,-7.E-1,0.E0));
#5309=VERTEX_POINT('',#5308);
#5310=CARTESIAN_POINT('',(-7.915E0,7.E-1,0.E0));
#5311=CARTESIAN_POINT('',(-8.215E0,7.E-1,-3.E-1));
#5312=VERTEX_POINT('',#5310);
#5313=VERTEX_POINT('',#5311);
#5314=CARTESIAN_POINT('',(7.915E0,7.E-1,0.E0));
#5315=CARTESIAN_POINT('',(7.915E0,1.E0,-3.E-1));
#5316=VERTEX_POINT('',#5314);
#5317=VERTEX_POINT('',#5315);
#5318=CARTESIAN_POINT('',(8.215E0,7.E-1,-3.E-1));
#5319=VERTEX_POINT('',#5318);
#5320=CARTESIAN_POINT('',(-7.915E0,-1.E0,-1.15E0));
#5321=CARTESIAN_POINT('',(-7.915E0,-7.E-1,-1.45E0));
#5322=VERTEX_POINT('',#5320);
#5323=VERTEX_POINT('',#5321);
#5324=CARTESIAN_POINT('',(-8.215E0,-7.E-1,-1.15E0));
#5325=VERTEX_POINT('',#5324);
#5326=CARTESIAN_POINT('',(-7.915E0,1.E0,-3.E-1));
#5327=VERTEX_POINT('',#5326);
#5328=CARTESIAN_POINT('',(5.355E0,-3.602562240964E-1,-1.809168558024E0));
#5329=CARTESIAN_POINT('',(5.355E0,-3.781801907155E-1,-1.716957743571E0));
#5330=VERTEX_POINT('',#5328);
#5331=VERTEX_POINT('',#5329);
#5332=CARTESIAN_POINT('',(5.155E0,-3.602562240964E-1,-1.809168558024E0));
#5333=CARTESIAN_POINT('',(5.155E0,-3.781801907155E-1,-1.716957743571E0));
#5334=VERTEX_POINT('',#5332);
#5335=VERTEX_POINT('',#5333);
#5336=CARTESIAN_POINT('',(5.355E0,-4.413750317050E-1,-3.39E0));
#5337=VERTEX_POINT('',#5336);
#5338=CARTESIAN_POINT('',(5.355E0,-4.5E-1,-1.5625E0));
#5339=VERTEX_POINT('',#5338);
#5340=CARTESIAN_POINT('',(5.155E0,-4.413750317050E-1,-3.39E0));
#5341=VERTEX_POINT('',#5340);
#5342=CARTESIAN_POINT('',(5.155E0,-4.5E-1,-1.5625E0));
#5343=VERTEX_POINT('',#5342);
#5344=CARTESIAN_POINT('',(4.855E0,-3.602562240964E-1,-1.809168558024E0));
#5345=CARTESIAN_POINT('',(4.855E0,-3.781801907155E-1,-1.716957743571E0));
#5346=VERTEX_POINT('',#5344);
#5347=VERTEX_POINT('',#5345);
#5348=CARTESIAN_POINT('',(4.655E0,-3.602562240964E-1,-1.809168558024E0));
#5349=CARTESIAN_POINT('',(4.655E0,-3.781801907155E-1,-1.716957743571E0));
#5350=VERTEX_POINT('',#5348);
#5351=VERTEX_POINT('',#5349);
#5352=CARTESIAN_POINT('',(4.855E0,-4.413750317050E-1,-3.39E0));
#5353=VERTEX_POINT('',#5352);
#5354=CARTESIAN_POINT('',(4.855E0,-4.5E-1,-1.5625E0));
#5355=VERTEX_POINT('',#5354);
#5356=CARTESIAN_POINT('',(4.655E0,-4.413750317050E-1,-3.39E0));
#5357=VERTEX_POINT('',#5356);
#5358=CARTESIAN_POINT('',(4.655E0,-4.5E-1,-1.5625E0));
#5359=VERTEX_POINT('',#5358);
#5360=CARTESIAN_POINT('',(4.355E0,-3.602562240964E-1,-1.809168558024E0));
#5361=CARTESIAN_POINT('',(4.355E0,-3.781801907155E-1,-1.716957743571E0));
#5362=VERTEX_POINT('',#5360);
#5363=VERTEX_POINT('',#5361);
#5364=CARTESIAN_POINT('',(4.155E0,-3.602562240964E-1,-1.809168558024E0));
#5365=CARTESIAN_POINT('',(4.155E0,-3.781801907155E-1,-1.716957743571E0));
#5366=VERTEX_POINT('',#5364);
#5367=VERTEX_POINT('',#5365);
#5368=CARTESIAN_POINT('',(4.355E0,-4.413750317050E-1,-3.39E0));
#5369=VERTEX_POINT('',#5368);
#5370=CARTESIAN_POINT('',(4.355E0,-4.5E-1,-1.5625E0));
#5371=VERTEX_POINT('',#5370);
#5372=CARTESIAN_POINT('',(4.155E0,-4.413750317050E-1,-3.39E0));
#5373=VERTEX_POINT('',#5372);
#5374=CARTESIAN_POINT('',(4.155E0,-4.5E-1,-1.5625E0));
#5375=VERTEX_POINT('',#5374);
#5376=CARTESIAN_POINT('',(3.855E0,-3.602562240964E-1,-1.809168558024E0));
#5377=CARTESIAN_POINT('',(3.855E0,-3.781801907155E-1,-1.716957743571E0));
#5378=VERTEX_POINT('',#5376);
#5379=VERTEX_POINT('',#5377);
#5380=CARTESIAN_POINT('',(3.655E0,-3.602562240964E-1,-1.809168558024E0));
#5381=CARTESIAN_POINT('',(3.655E0,-3.781801907155E-1,-1.716957743571E0));
#5382=VERTEX_POINT('',#5380);
#5383=VERTEX_POINT('',#5381);
#5384=CARTESIAN_POINT('',(3.855E0,-4.413750317050E-1,-3.39E0));
#5385=VERTEX_POINT('',#5384);
#5386=CARTESIAN_POINT('',(3.855E0,-4.5E-1,-1.5625E0));
#5387=VERTEX_POINT('',#5386);
#5388=CARTESIAN_POINT('',(3.655E0,-4.413750317050E-1,-3.39E0));
#5389=VERTEX_POINT('',#5388);
#5390=CARTESIAN_POINT('',(3.655E0,-4.5E-1,-1.5625E0));
#5391=VERTEX_POINT('',#5390);
#5392=CARTESIAN_POINT('',(3.355E0,-3.602562240964E-1,-1.809168558024E0));
#5393=CARTESIAN_POINT('',(3.355E0,-3.781801907155E-1,-1.716957743571E0));
#5394=VERTEX_POINT('',#5392);
#5395=VERTEX_POINT('',#5393);
#5396=CARTESIAN_POINT('',(3.155E0,-3.602562240964E-1,-1.809168558024E0));
#5397=CARTESIAN_POINT('',(3.155E0,-3.781801907155E-1,-1.716957743571E0));
#5398=VERTEX_POINT('',#5396);
#5399=VERTEX_POINT('',#5397);
#5400=CARTESIAN_POINT('',(3.355E0,-4.413750317050E-1,-3.39E0));
#5401=VERTEX_POINT('',#5400);
#5402=CARTESIAN_POINT('',(3.355E0,-4.5E-1,-1.5625E0));
#5403=VERTEX_POINT('',#5402);
#5404=CARTESIAN_POINT('',(3.155E0,-4.413750317050E-1,-3.39E0));
#5405=VERTEX_POINT('',#5404);
#5406=CARTESIAN_POINT('',(3.155E0,-4.5E-1,-1.5625E0));
#5407=VERTEX_POINT('',#5406);
#5408=CARTESIAN_POINT('',(-7.37E0,-5.E-1,-4.4E0));
#5409=VERTEX_POINT('',#5408);
#5410=CARTESIAN_POINT('',(7.37E0,-5.E-1,-4.4E0));
#5411=VERTEX_POINT('',#5410);
#5412=CARTESIAN_POINT('',(-7.37E0,5.E-1,-4.4E0));
#5413=VERTEX_POINT('',#5412);
#5414=CARTESIAN_POINT('',(7.37E0,5.E-1,-4.4E0));
#5415=VERTEX_POINT('',#5414);
#5416=CARTESIAN_POINT('',(-7.37E0,8.3E-1,-4.4E0));
#5417=VERTEX_POINT('',#5416);
#5418=CARTESIAN_POINT('',(7.37E0,8.3E-1,-4.4E0));
#5419=VERTEX_POINT('',#5418);
#5420=CARTESIAN_POINT('',(-7.37E0,-4.9E-1,-1.45E0));
#5421=VERTEX_POINT('',#5420);
#5422=CARTESIAN_POINT('',(7.37E0,-4.9E-1,-1.45E0));
#5423=VERTEX_POINT('',#5422);
#5424=CARTESIAN_POINT('',(7.37E0,5.E-1,-4.36E0));
#5425=CARTESIAN_POINT('',(6.84E0,5.E-1,-4.36E0));
#5426=VERTEX_POINT('',#5424);
#5427=VERTEX_POINT('',#5425);
#5428=CARTESIAN_POINT('',(6.42E0,5.E-1,-3.94E0));
#5429=VERTEX_POINT('',#5428);
#5430=CARTESIAN_POINT('',(6.42E0,5.E-1,-3.54E0));
#5431=VERTEX_POINT('',#5430);
#5432=CARTESIAN_POINT('',(6.671E0,5.E-1,-3.289E0));
#5433=VERTEX_POINT('',#5432);
#5434=CARTESIAN_POINT('',(-6.671E0,5.E-1,-3.289E0));
#5435=VERTEX_POINT('',#5434);
#5436=CARTESIAN_POINT('',(-6.42E0,5.E-1,-3.54E0));
#5437=VERTEX_POINT('',#5436);
#5438=CARTESIAN_POINT('',(-6.42E0,5.E-1,-3.94E0));
#5439=VERTEX_POINT('',#5438);
#5440=CARTESIAN_POINT('',(-6.84E0,5.E-1,-4.36E0));
#5441=VERTEX_POINT('',#5440);
#5442=CARTESIAN_POINT('',(-7.37E0,5.E-1,-4.36E0));
#5443=VERTEX_POINT('',#5442);
#5444=CARTESIAN_POINT('',(5.8E0,-4.5E-1,-2.55E0));
#5445=CARTESIAN_POINT('',(5.8E0,-4.5E-1,-3.39E0));
#5446=VERTEX_POINT('',#5444);
#5447=VERTEX_POINT('',#5445);
#5448=CARTESIAN_POINT('',(-5.8E0,-4.5E-1,-2.55E0));
#5449=CARTESIAN_POINT('',(-5.8E0,-4.5E-1,-3.39E0));
#5450=VERTEX_POINT('',#5448);
#5451=VERTEX_POINT('',#5449);
#5452=CARTESIAN_POINT('',(-5.845E0,-1.3E-1,-1.45E0));
#5453=CARTESIAN_POINT('',(-5.8E0,-1.3E-1,-1.45E0));
#5454=VERTEX_POINT('',#5452);
#5455=VERTEX_POINT('',#5453);
#5456=CARTESIAN_POINT('',(5.8E0,-1.3E-1,-1.45E0));
#5457=CARTESIAN_POINT('',(5.845E0,-1.3E-1,-1.45E0));
#5458=VERTEX_POINT('',#5456);
#5459=VERTEX_POINT('',#5457);
#5460=CARTESIAN_POINT('',(5.8E0,-8.3E-1,-2.55E0));
#5461=VERTEX_POINT('',#5460);
#5462=CARTESIAN_POINT('',(-5.8E0,-8.3E-1,-2.55E0));
#5463=VERTEX_POINT('',#5462);
#5464=CARTESIAN_POINT('',(-5.8E0,-1.E0,1.E-2));
#5465=CARTESIAN_POINT('',(5.8E0,-1.E0,1.E-2));
#5466=VERTEX_POINT('',#5464);
#5467=VERTEX_POINT('',#5465);
#5468=CARTESIAN_POINT('',(7.37E0,-4.9E-1,-2.849E0));
#5469=CARTESIAN_POINT('',(7.37E0,5.995902397623E-2,-4.36E0));
#5470=VERTEX_POINT('',#5468);
#5471=VERTEX_POINT('',#5469);
#5472=CARTESIAN_POINT('',(6.84E0,5.995902397623E-2,-4.36E0));
#5473=VERTEX_POINT('',#5472);
#5474=CARTESIAN_POINT('',(6.42E0,-9.290847441557E-2,-3.94E0));
#5475=VERTEX_POINT('',#5474);
#5476=CARTESIAN_POINT('',(6.42E0,-2.384965681221E-1,-3.54E0));
#5477=VERTEX_POINT('',#5476);
#5478=CARTESIAN_POINT('',(6.671E0,-3.298530969229E-1,-3.289E0));
#5479=VERTEX_POINT('',#5478);
#5480=CARTESIAN_POINT('',(6.671E0,-4.9E-1,-2.849E0));
#5481=VERTEX_POINT('',#5480);
#5482=CARTESIAN_POINT('',(-6.671E0,-4.9E-1,-2.849E0));
#5483=CARTESIAN_POINT('',(-6.671E0,-3.298530969229E-1,-3.289E0));
#5484=VERTEX_POINT('',#5482);
#5485=VERTEX_POINT('',#5483);
#5486=CARTESIAN_POINT('',(-6.42E0,-2.384965681221E-1,-3.54E0));
#5487=VERTEX_POINT('',#5486);
#5488=CARTESIAN_POINT('',(-6.42E0,-9.290847441557E-2,-3.94E0));
#5489=VERTEX_POINT('',#5488);
#5490=CARTESIAN_POINT('',(-6.84E0,5.995902397623E-2,-4.36E0));
#5491=VERTEX_POINT('',#5490);
#5492=CARTESIAN_POINT('',(-7.37E0,5.995902397623E-2,-4.36E0));
#5493=VERTEX_POINT('',#5492);
#5494=CARTESIAN_POINT('',(-7.37E0,-4.9E-1,-2.849E0));
#5495=VERTEX_POINT('',#5494);
#5496=CARTESIAN_POINT('',(5.8E0,-6.999913303055E-1,1.E-2));
#5497=VERTEX_POINT('',#5496);
#5498=CARTESIAN_POINT('',(-5.8E0,-6.999913303055E-1,1.E-2));
#5499=VERTEX_POINT('',#5498);
#5500=CARTESIAN_POINT('',(-6.03E0,-6.8E-1,-4.25E0));
#5501=VERTEX_POINT('',#5500);
#5502=CARTESIAN_POINT('',(-5.65E0,8.3E-1,-4.4E0));
#5503=CARTESIAN_POINT('',(-5.8E0,8.3E-1,-4.25E0));
#5504=VERTEX_POINT('',#5502);
#5505=VERTEX_POINT('',#5503);
#5506=CARTESIAN_POINT('',(-5.8E0,-1.E0,-4.25E0));
#5507=VERTEX_POINT('',#5506);
#5508=CARTESIAN_POINT('',(-5.65E0,-1.E0,-4.4E0));
#5509=VERTEX_POINT('',#5508);
#5510=CARTESIAN_POINT('',(5.65E0,-1.E0,-4.4E0));
#5511=CARTESIAN_POINT('',(5.8E0,-1.E0,-4.25E0));
#5512=VERTEX_POINT('',#5510);
#5513=VERTEX_POINT('',#5511);
#5514=CARTESIAN_POINT('',(5.8E0,8.3E-1,-4.25E0));
#5515=VERTEX_POINT('',#5514);
#5516=CARTESIAN_POINT('',(5.65E0,8.3E-1,-4.4E0));
#5517=VERTEX_POINT('',#5516);
#5518=CARTESIAN_POINT('',(6.03E0,-6.8E-1,-4.25E0));
#5519=VERTEX_POINT('',#5518);
#5520=CARTESIAN_POINT('',(5.845E0,-7.E-1,-3.E-1));
#5521=VERTEX_POINT('',#5520);
#5522=CARTESIAN_POINT('',(-5.845E0,-7.E-1,-3.E-1));
#5523=VERTEX_POINT('',#5522);
#5524=CARTESIAN_POINT('',(5.8E0,8.3E-1,-2.55E0));
#5525=VERTEX_POINT('',#5524);
#5526=CARTESIAN_POINT('',(-5.8E0,8.3E-1,-2.55E0));
#5527=VERTEX_POINT('',#5526);
#5528=CARTESIAN_POINT('',(6.03E0,-3.2E-1,-2.55E0));
#5529=VERTEX_POINT('',#5528);
#5530=CARTESIAN_POINT('',(5.8E0,2.8E-1,-2.55E0));
#5531=CARTESIAN_POINT('',(6.03E0,2.8E-1,-2.55E0));
#5532=VERTEX_POINT('',#5530);
#5533=VERTEX_POINT('',#5531);
#5534=CARTESIAN_POINT('',(-6.03E0,2.8E-1,-2.55E0));
#5535=CARTESIAN_POINT('',(-5.8E0,2.8E-1,-2.55E0));
#5536=VERTEX_POINT('',#5534);
#5537=VERTEX_POINT('',#5535);
#5538=CARTESIAN_POINT('',(-6.03E0,-3.2E-1,-2.55E0));
#5539=VERTEX_POINT('',#5538);
#5540=CARTESIAN_POINT('',(5.8E0,-1.3E-1,-3.39E0));
#5541=VERTEX_POINT('',#5540);
#5542=CARTESIAN_POINT('',(-5.8E0,-1.3E-1,-3.39E0));
#5543=VERTEX_POINT('',#5542);
#5544=CARTESIAN_POINT('',(7.37E0,-8.3E-1,-1.6E0));
#5545=CARTESIAN_POINT('',(7.37E0,-8.3E-1,-4.4E0));
#5546=VERTEX_POINT('',#5544);
#5547=VERTEX_POINT('',#5545);
#5548=CARTESIAN_POINT('',(-7.37E0,-8.3E-1,-4.4E0));
#5549=CARTESIAN_POINT('',(-7.37E0,-8.3E-1,-1.6E0));
#5550=VERTEX_POINT('',#5548);
#5551=VERTEX_POINT('',#5549);
#5552=CARTESIAN_POINT('',(-7.565E0,-8.3E-1,-2.E0));
#5553=VERTEX_POINT('',#5552);
#5554=CARTESIAN_POINT('',(-7.565E0,-8.3E-1,-2.7E0));
#5555=VERTEX_POINT('',#5554);
#5556=CARTESIAN_POINT('',(7.565E0,-8.3E-1,-2.7E0));
#5557=VERTEX_POINT('',#5556);
#5558=CARTESIAN_POINT('',(7.565E0,-8.3E-1,-2.E0));
#5559=VERTEX_POINT('',#5558);
#5560=CARTESIAN_POINT('',(-7.565E0,-1.03E0,-2.E0));
#5561=VERTEX_POINT('',#5560);
#5562=CARTESIAN_POINT('',(-7.565E0,-1.03E0,-2.7E0));
#5563=VERTEX_POINT('',#5562);
#5564=CARTESIAN_POINT('',(7.565E0,-1.03E0,-2.7E0));
#5565=VERTEX_POINT('',#5564);
#5566=CARTESIAN_POINT('',(7.565E0,-1.03E0,-2.E0));
#5567=VERTEX_POINT('',#5566);
#5568=CARTESIAN_POINT('',(5.65E0,1.E0,-1.49E0));
#5569=CARTESIAN_POINT('',(-5.65E0,1.E0,-1.49E0));
#5570=VERTEX_POINT('',#5568);
#5571=VERTEX_POINT('',#5569);
#5572=CARTESIAN_POINT('',(-7.37E0,8.3E-1,-1.49E0));
#5573=VERTEX_POINT('',#5572);
#5574=CARTESIAN_POINT('',(7.37E0,8.3E-1,-1.49E0));
#5575=VERTEX_POINT('',#5574);
#5576=CARTESIAN_POINT('',(5.65E0,8.3E-1,-1.49E0));
#5577=VERTEX_POINT('',#5576);
#5578=CARTESIAN_POINT('',(-5.65E0,8.3E-1,-1.49E0));
#5579=VERTEX_POINT('',#5578);
#5580=CARTESIAN_POINT('',(-7.37E0,-8.3E-1,-1.49E0));
#5581=CARTESIAN_POINT('',(-7.37E0,-5.E-1,-1.49E0));
#5582=VERTEX_POINT('',#5580);
#5583=VERTEX_POINT('',#5581);
#5584=CARTESIAN_POINT('',(7.37E0,-8.3E-1,-1.49E0));
#5585=VERTEX_POINT('',#5584);
#5586=CARTESIAN_POINT('',(7.37E0,-5.E-1,-1.49E0));
#5587=VERTEX_POINT('',#5586);
#5588=CARTESIAN_POINT('',(-6.215E0,-1.03E0,-2.6E0));
#5589=CARTESIAN_POINT('',(-6.215E0,-8.3E-1,-2.6E0));
#5590=VERTEX_POINT('',#5588);
#5591=VERTEX_POINT('',#5589);
#5592=CARTESIAN_POINT('',(-6.265E0,-1.03E0,-2.55E0));
#5593=CARTESIAN_POINT('',(-6.265E0,-8.3E-1,-2.55E0));
#5594=VERTEX_POINT('',#5592);
#5595=VERTEX_POINT('',#5593);
#5596=CARTESIAN_POINT('',(6.215E0,-8.3E-1,-2.6E0));
#5597=CARTESIAN_POINT('',(6.215E0,-1.03E0,-2.6E0));
#5598=VERTEX_POINT('',#5596);
#5599=VERTEX_POINT('',#5597);
#5600=CARTESIAN_POINT('',(6.265E0,-8.3E-1,-2.55E0));
#5601=CARTESIAN_POINT('',(6.265E0,-1.03E0,-2.55E0));
#5602=VERTEX_POINT('',#5600);
#5603=VERTEX_POINT('',#5601);
#5604=VERTEX_POINT('',#1977);
#5605=VERTEX_POINT('',#1984);
#5606=VERTEX_POINT('',#1938);
#5607=VERTEX_POINT('',#1945);
#5608=VERTEX_POINT('',#1957);
#5609=VERTEX_POINT('',#1961);
#5610=VERTEX_POINT('',#1951);
#5611=VERTEX_POINT('',#1990);
#5612=VERTEX_POINT('',#1994);
#5613=VERTEX_POINT('',#1975);
#5614=CARTESIAN_POINT('',(7.465E0,-8.3E-1,-1.6E0));
#5615=CARTESIAN_POINT('',(7.565E0,-8.3E-1,-1.7E0));
#5616=VERTEX_POINT('',#5614);
#5617=VERTEX_POINT('',#5615);
#5618=CARTESIAN_POINT('',(7.465E0,-1.03E0,-1.6E0));
#5619=VERTEX_POINT('',#5618);
#5620=CARTESIAN_POINT('',(7.565E0,-1.03E0,-1.7E0));
#5621=VERTEX_POINT('',#5620);
#5622=CARTESIAN_POINT('',(7.565E0,-8.3E-1,-4.3E0));
#5623=CARTESIAN_POINT('',(7.465E0,-8.3E-1,-4.4E0));
#5624=VERTEX_POINT('',#5622);
#5625=VERTEX_POINT('',#5623);
#5626=CARTESIAN_POINT('',(7.565E0,-1.03E0,-4.3E0));
#5627=VERTEX_POINT('',#5626);
#5628=CARTESIAN_POINT('',(7.465E0,-1.03E0,-4.4E0));
#5629=VERTEX_POINT('',#5628);
#5630=CARTESIAN_POINT('',(-7.565E0,-1.03E0,-4.3E0));
#5631=CARTESIAN_POINT('',(-7.465E0,-1.03E0,-4.4E0));
#5632=VERTEX_POINT('',#5630);
#5633=VERTEX_POINT('',#5631);
#5634=CARTESIAN_POINT('',(-7.565E0,-8.3E-1,-4.3E0));
#5635=VERTEX_POINT('',#5634);
#5636=CARTESIAN_POINT('',(-7.465E0,-8.3E-1,-4.4E0));
#5637=VERTEX_POINT('',#5636);
#5638=CARTESIAN_POINT('',(-7.565E0,-8.3E-1,-1.7E0));
#5639=CARTESIAN_POINT('',(-7.465E0,-8.3E-1,-1.6E0));
#5640=VERTEX_POINT('',#5638);
#5641=VERTEX_POINT('',#5639);
#5642=CARTESIAN_POINT('',(-7.565E0,-1.03E0,-1.7E0));
#5643=VERTEX_POINT('',#5642);
#5644=CARTESIAN_POINT('',(-7.465E0,-1.03E0,-1.6E0));
#5645=VERTEX_POINT('',#5644);
#5646=CARTESIAN_POINT('',(-6.315E0,-8.3E-1,-1.6E0));
#5647=CARTESIAN_POINT('',(-6.315E0,-1.03E0,-1.6E0));
#5648=VERTEX_POINT('',#5646);
#5649=VERTEX_POINT('',#5647);
#5650=CARTESIAN_POINT('',(-6.265E0,-1.03E0,-1.65E0));
#5651=VERTEX_POINT('',#5650);
#5652=CARTESIAN_POINT('',(-6.265E0,-8.3E-1,-1.65E0));
#5653=VERTEX_POINT('',#5652);
#5654=CARTESIAN_POINT('',(6.265E0,-8.3E-1,-1.65E0));
#5655=CARTESIAN_POINT('',(6.265E0,-1.03E0,-1.65E0));
#5656=VERTEX_POINT('',#5654);
#5657=VERTEX_POINT('',#5655);
#5658=CARTESIAN_POINT('',(6.315E0,-1.03E0,-1.6E0));
#5659=VERTEX_POINT('',#5658);
#5660=CARTESIAN_POINT('',(6.315E0,-8.3E-1,-1.6E0));
#5661=VERTEX_POINT('',#5660);
#5662=CARTESIAN_POINT('',(5.355E0,-4.2E-1,-4.4E0));
#5663=CARTESIAN_POINT('',(5.355E0,-8.5E-1,-4.4E0));
#5664=VERTEX_POINT('',#5662);
#5665=VERTEX_POINT('',#5663);
#5666=CARTESIAN_POINT('',(5.155E0,-4.2E-1,-4.4E0));
#5667=CARTESIAN_POINT('',(5.155E0,-8.5E-1,-4.4E0));
#5668=VERTEX_POINT('',#5666);
#5669=VERTEX_POINT('',#5667);
#5670=CARTESIAN_POINT('',(5.355E0,-4.5E-1,-3.39E0));
#5671=VERTEX_POINT('',#5670);
#5672=CARTESIAN_POINT('',(5.155E0,-4.5E-1,-3.39E0));
#5673=VERTEX_POINT('',#5672);
#5674=CARTESIAN_POINT('',(4.855E0,-4.2E-1,-4.4E0));
#5675=CARTESIAN_POINT('',(4.855E0,-8.5E-1,-4.4E0));
#5676=VERTEX_POINT('',#5674);
#5677=VERTEX_POINT('',#5675);
#5678=CARTESIAN_POINT('',(4.655E0,-4.2E-1,-4.4E0));
#5679=CARTESIAN_POINT('',(4.655E0,-8.5E-1,-4.4E0));
#5680=VERTEX_POINT('',#5678);
#5681=VERTEX_POINT('',#5679);
#5682=CARTESIAN_POINT('',(4.855E0,-4.5E-1,-3.39E0));
#5683=VERTEX_POINT('',#5682);
#5684=CARTESIAN_POINT('',(4.655E0,-4.5E-1,-3.39E0));
#5685=VERTEX_POINT('',#5684);
#5686=CARTESIAN_POINT('',(4.355E0,-4.2E-1,-4.4E0));
#5687=CARTESIAN_POINT('',(4.355E0,-8.5E-1,-4.4E0));
#5688=VERTEX_POINT('',#5686);
#5689=VERTEX_POINT('',#5687);
#5690=CARTESIAN_POINT('',(4.155E0,-4.2E-1,-4.4E0));
#5691=CARTESIAN_POINT('',(4.155E0,-8.5E-1,-4.4E0));
#5692=VERTEX_POINT('',#5690);
#5693=VERTEX_POINT('',#5691);
#5694=CARTESIAN_POINT('',(4.355E0,-4.5E-1,-3.39E0));
#5695=VERTEX_POINT('',#5694);
#5696=CARTESIAN_POINT('',(4.155E0,-4.5E-1,-3.39E0));
#5697=VERTEX_POINT('',#5696);
#5698=CARTESIAN_POINT('',(3.855E0,-4.2E-1,-4.4E0));
#5699=CARTESIAN_POINT('',(3.855E0,-8.5E-1,-4.4E0));
#5700=VERTEX_POINT('',#5698);
#5701=VERTEX_POINT('',#5699);
#5702=CARTESIAN_POINT('',(3.655E0,-4.2E-1,-4.4E0));
#5703=CARTESIAN_POINT('',(3.655E0,-8.5E-1,-4.4E0));
#5704=VERTEX_POINT('',#5702);
#5705=VERTEX_POINT('',#5703);
#5706=CARTESIAN_POINT('',(3.855E0,-4.5E-1,-3.39E0));
#5707=VERTEX_POINT('',#5706);
#5708=CARTESIAN_POINT('',(3.655E0,-4.5E-1,-3.39E0));
#5709=VERTEX_POINT('',#5708);
#5710=CARTESIAN_POINT('',(3.355E0,-4.2E-1,-4.4E0));
#5711=CARTESIAN_POINT('',(3.355E0,-8.5E-1,-4.4E0));
#5712=VERTEX_POINT('',#5710);
#5713=VERTEX_POINT('',#5711);
#5714=CARTESIAN_POINT('',(3.155E0,-4.2E-1,-4.4E0));
#5715=CARTESIAN_POINT('',(3.155E0,-8.5E-1,-4.4E0));
#5716=VERTEX_POINT('',#5714);
#5717=VERTEX_POINT('',#5715);
#5718=CARTESIAN_POINT('',(3.355E0,-4.5E-1,-3.39E0));
#5719=VERTEX_POINT('',#5718);
#5720=CARTESIAN_POINT('',(3.155E0,-4.5E-1,-3.39E0));
#5721=VERTEX_POINT('',#5720);
#5722=CARTESIAN_POINT('',(6.015E0,-3.2E-1,-3.6E0));
#5723=VERTEX_POINT('',#5722);
#5724=CARTESIAN_POINT('',(5.815E0,-3.2E-1,-3.6E0));
#5725=VERTEX_POINT('',#5724);
#5726=CARTESIAN_POINT('',(-5.815E0,-3.2E-1,-3.6E0));
#5727=VERTEX_POINT('',#5726);
#5728=CARTESIAN_POINT('',(-6.015E0,-3.2E-1,-3.6E0));
#5729=VERTEX_POINT('',#5728);
#5730=CARTESIAN_POINT('',(5.355E0,-1.05E0,-4.6E0));
#5731=CARTESIAN_POINT('',(5.355E0,-1.05E0,-5.1E0));
#5732=VERTEX_POINT('',#5730);
#5733=VERTEX_POINT('',#5731);
#5734=CARTESIAN_POINT('',(5.355E0,-7.5E-1,-5.1E0));
#5735=VERTEX_POINT('',#5734);
#5736=CARTESIAN_POINT('',(5.355E0,-7.5E-1,-4.73E0));
#5737=VERTEX_POINT('',#5736);
#5738=CARTESIAN_POINT('',(5.155E0,-1.05E0,-4.6E0));
#5739=CARTESIAN_POINT('',(5.155E0,-1.05E0,-5.1E0));
#5740=VERTEX_POINT('',#5738);
#5741=VERTEX_POINT('',#5739);
#5742=CARTESIAN_POINT('',(5.155E0,-7.5E-1,-5.1E0));
#5743=VERTEX_POINT('',#5742);
#5744=CARTESIAN_POINT('',(5.155E0,-7.5E-1,-4.73E0));
#5745=VERTEX_POINT('',#5744);
#5746=CARTESIAN_POINT('',(4.855E0,-1.05E0,-4.6E0));
#5747=CARTESIAN_POINT('',(4.855E0,-1.05E0,-5.1E0));
#5748=VERTEX_POINT('',#5746);
#5749=VERTEX_POINT('',#5747);
#5750=CARTESIAN_POINT('',(4.855E0,-7.5E-1,-5.1E0));
#5751=VERTEX_POINT('',#5750);
#5752=CARTESIAN_POINT('',(4.855E0,-7.5E-1,-4.73E0));
#5753=VERTEX_POINT('',#5752);
#5754=CARTESIAN_POINT('',(4.655E0,-1.05E0,-4.6E0));
#5755=CARTESIAN_POINT('',(4.655E0,-1.05E0,-5.1E0));
#5756=VERTEX_POINT('',#5754);
#5757=VERTEX_POINT('',#5755);
#5758=CARTESIAN_POINT('',(4.655E0,-7.5E-1,-5.1E0));
#5759=VERTEX_POINT('',#5758);
#5760=CARTESIAN_POINT('',(4.655E0,-7.5E-1,-4.73E0));
#5761=VERTEX_POINT('',#5760);
#5762=CARTESIAN_POINT('',(4.355E0,-1.05E0,-4.6E0));
#5763=CARTESIAN_POINT('',(4.355E0,-1.05E0,-5.1E0));
#5764=VERTEX_POINT('',#5762);
#5765=VERTEX_POINT('',#5763);
#5766=CARTESIAN_POINT('',(4.355E0,-7.5E-1,-5.1E0));
#5767=VERTEX_POINT('',#5766);
#5768=CARTESIAN_POINT('',(4.355E0,-7.5E-1,-4.73E0));
#5769=VERTEX_POINT('',#5768);
#5770=CARTESIAN_POINT('',(4.155E0,-1.05E0,-4.6E0));
#5771=CARTESIAN_POINT('',(4.155E0,-1.05E0,-5.1E0));
#5772=VERTEX_POINT('',#5770);
#5773=VERTEX_POINT('',#5771);
#5774=CARTESIAN_POINT('',(4.155E0,-7.5E-1,-5.1E0));
#5775=VERTEX_POINT('',#5774);
#5776=CARTESIAN_POINT('',(4.155E0,-7.5E-1,-4.73E0));
#5777=VERTEX_POINT('',#5776);
#5778=CARTESIAN_POINT('',(3.855E0,-1.05E0,-4.6E0));
#5779=CARTESIAN_POINT('',(3.855E0,-1.05E0,-5.1E0));
#5780=VERTEX_POINT('',#5778);
#5781=VERTEX_POINT('',#5779);
#5782=CARTESIAN_POINT('',(3.855E0,-7.5E-1,-5.1E0));
#5783=VERTEX_POINT('',#5782);
#5784=CARTESIAN_POINT('',(3.855E0,-7.5E-1,-4.73E0));
#5785=VERTEX_POINT('',#5784);
#5786=CARTESIAN_POINT('',(3.655E0,-1.05E0,-4.6E0));
#5787=CARTESIAN_POINT('',(3.655E0,-1.05E0,-5.1E0));
#5788=VERTEX_POINT('',#5786);
#5789=VERTEX_POINT('',#5787);
#5790=CARTESIAN_POINT('',(3.655E0,-7.5E-1,-5.1E0));
#5791=VERTEX_POINT('',#5790);
#5792=CARTESIAN_POINT('',(3.655E0,-7.5E-1,-4.73E0));
#5793=VERTEX_POINT('',#5792);
#5794=CARTESIAN_POINT('',(3.355E0,-1.05E0,-4.6E0));
#5795=CARTESIAN_POINT('',(3.355E0,-1.05E0,-5.1E0));
#5796=VERTEX_POINT('',#5794);
#5797=VERTEX_POINT('',#5795);
#5798=CARTESIAN_POINT('',(3.355E0,-7.5E-1,-5.1E0));
#5799=VERTEX_POINT('',#5798);
#5800=CARTESIAN_POINT('',(3.355E0,-7.5E-1,-4.73E0));
#5801=VERTEX_POINT('',#5800);
#5802=CARTESIAN_POINT('',(3.155E0,-1.05E0,-4.6E0));
#5803=CARTESIAN_POINT('',(3.155E0,-1.05E0,-5.1E0));
#5804=VERTEX_POINT('',#5802);
#5805=VERTEX_POINT('',#5803);
#5806=CARTESIAN_POINT('',(3.155E0,-7.5E-1,-5.1E0));
#5807=VERTEX_POINT('',#5806);
#5808=CARTESIAN_POINT('',(3.155E0,-7.5E-1,-4.73E0));
#5809=VERTEX_POINT('',#5808);
#5810=CARTESIAN_POINT('',(2.855E0,-3.602562240964E-1,-1.809168558024E0));
#5811=CARTESIAN_POINT('',(2.855E0,-3.781801907155E-1,-1.716957743571E0));
#5812=VERTEX_POINT('',#5810);
#5813=VERTEX_POINT('',#5811);
#5814=CARTESIAN_POINT('',(2.855E0,-1.05E0,-4.6E0));
#5815=CARTESIAN_POINT('',(2.855E0,-1.05E0,-5.1E0));
#5816=VERTEX_POINT('',#5814);
#5817=VERTEX_POINT('',#5815);
#5818=CARTESIAN_POINT('',(2.855E0,-7.5E-1,-5.1E0));
#5819=VERTEX_POINT('',#5818);
#5820=CARTESIAN_POINT('',(2.855E0,-7.5E-1,-4.73E0));
#5821=VERTEX_POINT('',#5820);
#5822=CARTESIAN_POINT('',(2.655E0,-3.602562240964E-1,-1.809168558024E0));
#5823=CARTESIAN_POINT('',(2.655E0,-3.781801907155E-1,-1.716957743571E0));
#5824=VERTEX_POINT('',#5822);
#5825=VERTEX_POINT('',#5823);
#5826=CARTESIAN_POINT('',(2.655E0,-1.05E0,-4.6E0));
#5827=CARTESIAN_POINT('',(2.655E0,-1.05E0,-5.1E0));
#5828=VERTEX_POINT('',#5826);
#5829=VERTEX_POINT('',#5827);
#5830=CARTESIAN_POINT('',(2.655E0,-7.5E-1,-5.1E0));
#5831=VERTEX_POINT('',#5830);
#5832=CARTESIAN_POINT('',(2.655E0,-7.5E-1,-4.73E0));
#5833=VERTEX_POINT('',#5832);
#5834=CARTESIAN_POINT('',(2.855E0,-8.5E-1,-4.4E0));
#5835=CARTESIAN_POINT('',(2.855E0,-4.2E-1,-4.4E0));
#5836=VERTEX_POINT('',#5834);
#5837=VERTEX_POINT('',#5835);
#5838=CARTESIAN_POINT('',(2.655E0,-8.5E-1,-4.4E0));
#5839=CARTESIAN_POINT('',(2.655E0,-4.2E-1,-4.4E0));
#5840=VERTEX_POINT('',#5838);
#5841=VERTEX_POINT('',#5839);
#5842=CARTESIAN_POINT('',(2.855E0,-4.5E-1,-3.39E0));
#5843=CARTESIAN_POINT('',(2.855E0,-4.5E-1,-1.5625E0));
#5844=VERTEX_POINT('',#5842);
#5845=VERTEX_POINT('',#5843);
#5846=CARTESIAN_POINT('',(2.655E0,-4.5E-1,-3.39E0));
#5847=CARTESIAN_POINT('',(2.655E0,-4.5E-1,-1.5625E0));
#5848=VERTEX_POINT('',#5846);
#5849=VERTEX_POINT('',#5847);
#5850=CARTESIAN_POINT('',(2.855E0,-4.413750317050E-1,-3.39E0));
#5851=VERTEX_POINT('',#5850);
#5852=CARTESIAN_POINT('',(2.655E0,-4.413750317050E-1,-3.39E0));
#5853=VERTEX_POINT('',#5852);
#5854=CARTESIAN_POINT('',(2.355E0,-3.602562240964E-1,-1.809168558024E0));
#5855=CARTESIAN_POINT('',(2.355E0,-3.781801907155E-1,-1.716957743571E0));
#5856=VERTEX_POINT('',#5854);
#5857=VERTEX_POINT('',#5855);
#5858=CARTESIAN_POINT('',(2.355E0,-1.05E0,-4.6E0));
#5859=CARTESIAN_POINT('',(2.355E0,-1.05E0,-5.1E0));
#5860=VERTEX_POINT('',#5858);
#5861=VERTEX_POINT('',#5859);
#5862=CARTESIAN_POINT('',(2.355E0,-7.5E-1,-5.1E0));
#5863=VERTEX_POINT('',#5862);
#5864=CARTESIAN_POINT('',(2.355E0,-7.5E-1,-4.73E0));
#5865=VERTEX_POINT('',#5864);
#5866=CARTESIAN_POINT('',(2.155E0,-3.602562240964E-1,-1.809168558024E0));
#5867=CARTESIAN_POINT('',(2.155E0,-3.781801907155E-1,-1.716957743571E0));
#5868=VERTEX_POINT('',#5866);
#5869=VERTEX_POINT('',#5867);
#5870=CARTESIAN_POINT('',(2.155E0,-1.05E0,-4.6E0));
#5871=CARTESIAN_POINT('',(2.155E0,-1.05E0,-5.1E0));
#5872=VERTEX_POINT('',#5870);
#5873=VERTEX_POINT('',#5871);
#5874=CARTESIAN_POINT('',(2.155E0,-7.5E-1,-5.1E0));
#5875=VERTEX_POINT('',#5874);
#5876=CARTESIAN_POINT('',(2.155E0,-7.5E-1,-4.73E0));
#5877=VERTEX_POINT('',#5876);
#5878=CARTESIAN_POINT('',(2.355E0,-8.5E-1,-4.4E0));
#5879=CARTESIAN_POINT('',(2.355E0,-4.2E-1,-4.4E0));
#5880=VERTEX_POINT('',#5878);
#5881=VERTEX_POINT('',#5879);
#5882=CARTESIAN_POINT('',(2.155E0,-8.5E-1,-4.4E0));
#5883=CARTESIAN_POINT('',(2.155E0,-4.2E-1,-4.4E0));
#5884=VERTEX_POINT('',#5882);
#5885=VERTEX_POINT('',#5883);
#5886=CARTESIAN_POINT('',(2.355E0,-4.5E-1,-3.39E0));
#5887=CARTESIAN_POINT('',(2.355E0,-4.5E-1,-1.5625E0));
#5888=VERTEX_POINT('',#5886);
#5889=VERTEX_POINT('',#5887);
#5890=CARTESIAN_POINT('',(2.155E0,-4.5E-1,-3.39E0));
#5891=CARTESIAN_POINT('',(2.155E0,-4.5E-1,-1.5625E0));
#5892=VERTEX_POINT('',#5890);
#5893=VERTEX_POINT('',#5891);
#5894=CARTESIAN_POINT('',(2.355E0,-4.413750317050E-1,-3.39E0));
#5895=VERTEX_POINT('',#5894);
#5896=CARTESIAN_POINT('',(2.155E0,-4.413750317050E-1,-3.39E0));
#5897=VERTEX_POINT('',#5896);
#5898=CARTESIAN_POINT('',(1.855E0,-3.602562240964E-1,-1.809168558024E0));
#5899=CARTESIAN_POINT('',(1.855E0,-3.781801907155E-1,-1.716957743571E0));
#5900=VERTEX_POINT('',#5898);
#5901=VERTEX_POINT('',#5899);
#5902=CARTESIAN_POINT('',(1.855E0,-1.05E0,-4.6E0));
#5903=CARTESIAN_POINT('',(1.855E0,-1.05E0,-5.1E0));
#5904=VERTEX_POINT('',#5902);
#5905=VERTEX_POINT('',#5903);
#5906=CARTESIAN_POINT('',(1.855E0,-7.5E-1,-5.1E0));
#5907=VERTEX_POINT('',#5906);
#5908=CARTESIAN_POINT('',(1.855E0,-7.5E-1,-4.73E0));
#5909=VERTEX_POINT('',#5908);
#5910=CARTESIAN_POINT('',(1.655E0,-3.602562240964E-1,-1.809168558024E0));
#5911=CARTESIAN_POINT('',(1.655E0,-3.781801907155E-1,-1.716957743571E0));
#5912=VERTEX_POINT('',#5910);
#5913=VERTEX_POINT('',#5911);
#5914=CARTESIAN_POINT('',(1.655E0,-1.05E0,-4.6E0));
#5915=CARTESIAN_POINT('',(1.655E0,-1.05E0,-5.1E0));
#5916=VERTEX_POINT('',#5914);
#5917=VERTEX_POINT('',#5915);
#5918=CARTESIAN_POINT('',(1.655E0,-7.5E-1,-5.1E0));
#5919=VERTEX_POINT('',#5918);
#5920=CARTESIAN_POINT('',(1.655E0,-7.5E-1,-4.73E0));
#5921=VERTEX_POINT('',#5920);
#5922=CARTESIAN_POINT('',(1.855E0,-8.5E-1,-4.4E0));
#5923=CARTESIAN_POINT('',(1.855E0,-4.2E-1,-4.4E0));
#5924=VERTEX_POINT('',#5922);
#5925=VERTEX_POINT('',#5923);
#5926=CARTESIAN_POINT('',(1.655E0,-8.5E-1,-4.4E0));
#5927=CARTESIAN_POINT('',(1.655E0,-4.2E-1,-4.4E0));
#5928=VERTEX_POINT('',#5926);
#5929=VERTEX_POINT('',#5927);
#5930=CARTESIAN_POINT('',(1.855E0,-4.5E-1,-3.39E0));
#5931=CARTESIAN_POINT('',(1.855E0,-4.5E-1,-1.5625E0));
#5932=VERTEX_POINT('',#5930);
#5933=VERTEX_POINT('',#5931);
#5934=CARTESIAN_POINT('',(1.655E0,-4.5E-1,-3.39E0));
#5935=CARTESIAN_POINT('',(1.655E0,-4.5E-1,-1.5625E0));
#5936=VERTEX_POINT('',#5934);
#5937=VERTEX_POINT('',#5935);
#5938=CARTESIAN_POINT('',(1.855E0,-4.413750317050E-1,-3.39E0));
#5939=VERTEX_POINT('',#5938);
#5940=CARTESIAN_POINT('',(1.655E0,-4.413750317050E-1,-3.39E0));
#5941=VERTEX_POINT('',#5940);
#5942=CARTESIAN_POINT('',(1.355E0,-3.602562240964E-1,-1.809168558024E0));
#5943=CARTESIAN_POINT('',(1.355E0,-3.781801907155E-1,-1.716957743571E0));
#5944=VERTEX_POINT('',#5942);
#5945=VERTEX_POINT('',#5943);
#5946=CARTESIAN_POINT('',(1.355E0,-1.05E0,-4.6E0));
#5947=CARTESIAN_POINT('',(1.355E0,-1.05E0,-5.1E0));
#5948=VERTEX_POINT('',#5946);
#5949=VERTEX_POINT('',#5947);
#5950=CARTESIAN_POINT('',(1.355E0,-7.5E-1,-5.1E0));
#5951=VERTEX_POINT('',#5950);
#5952=CARTESIAN_POINT('',(1.355E0,-7.5E-1,-4.73E0));
#5953=VERTEX_POINT('',#5952);
#5954=CARTESIAN_POINT('',(1.155E0,-3.602562240964E-1,-1.809168558024E0));
#5955=CARTESIAN_POINT('',(1.155E0,-3.781801907155E-1,-1.716957743571E0));
#5956=VERTEX_POINT('',#5954);
#5957=VERTEX_POINT('',#5955);
#5958=CARTESIAN_POINT('',(1.155E0,-1.05E0,-4.6E0));
#5959=CARTESIAN_POINT('',(1.155E0,-1.05E0,-5.1E0));
#5960=VERTEX_POINT('',#5958);
#5961=VERTEX_POINT('',#5959);
#5962=CARTESIAN_POINT('',(1.155E0,-7.5E-1,-5.1E0));
#5963=VERTEX_POINT('',#5962);
#5964=CARTESIAN_POINT('',(1.155E0,-7.5E-1,-4.73E0));
#5965=VERTEX_POINT('',#5964);
#5966=CARTESIAN_POINT('',(1.355E0,-8.5E-1,-4.4E0));
#5967=CARTESIAN_POINT('',(1.355E0,-4.2E-1,-4.4E0));
#5968=VERTEX_POINT('',#5966);
#5969=VERTEX_POINT('',#5967);
#5970=CARTESIAN_POINT('',(1.155E0,-8.5E-1,-4.4E0));
#5971=CARTESIAN_POINT('',(1.155E0,-4.2E-1,-4.4E0));
#5972=VERTEX_POINT('',#5970);
#5973=VERTEX_POINT('',#5971);
#5974=CARTESIAN_POINT('',(1.355E0,-4.5E-1,-3.39E0));
#5975=CARTESIAN_POINT('',(1.355E0,-4.5E-1,-1.5625E0));
#5976=VERTEX_POINT('',#5974);
#5977=VERTEX_POINT('',#5975);
#5978=CARTESIAN_POINT('',(1.155E0,-4.5E-1,-3.39E0));
#5979=CARTESIAN_POINT('',(1.155E0,-4.5E-1,-1.5625E0));
#5980=VERTEX_POINT('',#5978);
#5981=VERTEX_POINT('',#5979);
#5982=CARTESIAN_POINT('',(1.355E0,-4.413750317050E-1,-3.39E0));
#5983=VERTEX_POINT('',#5982);
#5984=CARTESIAN_POINT('',(1.155E0,-4.413750317050E-1,-3.39E0));
#5985=VERTEX_POINT('',#5984);
#5986=CARTESIAN_POINT('',(8.55E-1,-3.602562240964E-1,-1.809168558024E0));
#5987=CARTESIAN_POINT('',(8.55E-1,-3.781801907155E-1,-1.716957743571E0));
#5988=VERTEX_POINT('',#5986);
#5989=VERTEX_POINT('',#5987);
#5990=CARTESIAN_POINT('',(8.55E-1,-1.05E0,-4.6E0));
#5991=CARTESIAN_POINT('',(8.55E-1,-1.05E0,-5.1E0));
#5992=VERTEX_POINT('',#5990);
#5993=VERTEX_POINT('',#5991);
#5994=CARTESIAN_POINT('',(8.55E-1,-7.5E-1,-5.1E0));
#5995=VERTEX_POINT('',#5994);
#5996=CARTESIAN_POINT('',(8.55E-1,-7.5E-1,-4.73E0));
#5997=VERTEX_POINT('',#5996);
#5998=CARTESIAN_POINT('',(6.55E-1,-3.602562240964E-1,-1.809168558024E0));
#5999=CARTESIAN_POINT('',(6.55E-1,-3.781801907155E-1,-1.716957743571E0));
#6000=VERTEX_POINT('',#5998);
#6001=VERTEX_POINT('',#5999);
#6002=CARTESIAN_POINT('',(6.55E-1,-1.05E0,-4.6E0));
#6003=CARTESIAN_POINT('',(6.55E-1,-1.05E0,-5.1E0));
#6004=VERTEX_POINT('',#6002);
#6005=VERTEX_POINT('',#6003);
#6006=CARTESIAN_POINT('',(6.55E-1,-7.5E-1,-5.1E0));
#6007=VERTEX_POINT('',#6006);
#6008=CARTESIAN_POINT('',(6.55E-1,-7.5E-1,-4.73E0));
#6009=VERTEX_POINT('',#6008);
#6010=CARTESIAN_POINT('',(8.55E-1,-8.5E-1,-4.4E0));
#6011=CARTESIAN_POINT('',(8.55E-1,-4.2E-1,-4.4E0));
#6012=VERTEX_POINT('',#6010);
#6013=VERTEX_POINT('',#6011);
#6014=CARTESIAN_POINT('',(6.55E-1,-8.5E-1,-4.4E0));
#6015=CARTESIAN_POINT('',(6.55E-1,-4.2E-1,-4.4E0));
#6016=VERTEX_POINT('',#6014);
#6017=VERTEX_POINT('',#6015);
#6018=CARTESIAN_POINT('',(8.55E-1,-4.5E-1,-3.39E0));
#6019=CARTESIAN_POINT('',(8.55E-1,-4.5E-1,-1.5625E0));
#6020=VERTEX_POINT('',#6018);
#6021=VERTEX_POINT('',#6019);
#6022=CARTESIAN_POINT('',(6.55E-1,-4.5E-1,-3.39E0));
#6023=CARTESIAN_POINT('',(6.55E-1,-4.5E-1,-1.5625E0));
#6024=VERTEX_POINT('',#6022);
#6025=VERTEX_POINT('',#6023);
#6026=CARTESIAN_POINT('',(8.55E-1,-4.413750317050E-1,-3.39E0));
#6027=VERTEX_POINT('',#6026);
#6028=CARTESIAN_POINT('',(6.55E-1,-4.413750317050E-1,-3.39E0));
#6029=VERTEX_POINT('',#6028);
#6030=CARTESIAN_POINT('',(3.55E-1,-3.602562240964E-1,-1.809168558024E0));
#6031=CARTESIAN_POINT('',(3.55E-1,-3.781801907155E-1,-1.716957743571E0));
#6032=VERTEX_POINT('',#6030);
#6033=VERTEX_POINT('',#6031);
#6034=CARTESIAN_POINT('',(3.55E-1,-1.05E0,-4.6E0));
#6035=CARTESIAN_POINT('',(3.55E-1,-1.05E0,-5.1E0));
#6036=VERTEX_POINT('',#6034);
#6037=VERTEX_POINT('',#6035);
#6038=CARTESIAN_POINT('',(3.55E-1,-7.5E-1,-5.1E0));
#6039=VERTEX_POINT('',#6038);
#6040=CARTESIAN_POINT('',(3.55E-1,-7.5E-1,-4.73E0));
#6041=VERTEX_POINT('',#6040);
#6042=CARTESIAN_POINT('',(1.55E-1,-3.602562240964E-1,-1.809168558024E0));
#6043=CARTESIAN_POINT('',(1.55E-1,-3.781801907155E-1,-1.716957743571E0));
#6044=VERTEX_POINT('',#6042);
#6045=VERTEX_POINT('',#6043);
#6046=CARTESIAN_POINT('',(1.55E-1,-1.05E0,-4.6E0));
#6047=CARTESIAN_POINT('',(1.55E-1,-1.05E0,-5.1E0));
#6048=VERTEX_POINT('',#6046);
#6049=VERTEX_POINT('',#6047);
#6050=CARTESIAN_POINT('',(1.55E-1,-7.5E-1,-5.1E0));
#6051=VERTEX_POINT('',#6050);
#6052=CARTESIAN_POINT('',(1.55E-1,-7.5E-1,-4.73E0));
#6053=VERTEX_POINT('',#6052);
#6054=CARTESIAN_POINT('',(3.55E-1,-8.5E-1,-4.4E0));
#6055=CARTESIAN_POINT('',(3.55E-1,-4.2E-1,-4.4E0));
#6056=VERTEX_POINT('',#6054);
#6057=VERTEX_POINT('',#6055);
#6058=CARTESIAN_POINT('',(1.55E-1,-8.5E-1,-4.4E0));
#6059=CARTESIAN_POINT('',(1.55E-1,-4.2E-1,-4.4E0));
#6060=VERTEX_POINT('',#6058);
#6061=VERTEX_POINT('',#6059);
#6062=CARTESIAN_POINT('',(3.55E-1,-4.5E-1,-3.39E0));
#6063=CARTESIAN_POINT('',(3.55E-1,-4.5E-1,-1.5625E0));
#6064=VERTEX_POINT('',#6062);
#6065=VERTEX_POINT('',#6063);
#6066=CARTESIAN_POINT('',(1.55E-1,-4.5E-1,-3.39E0));
#6067=CARTESIAN_POINT('',(1.55E-1,-4.5E-1,-1.5625E0));
#6068=VERTEX_POINT('',#6066);
#6069=VERTEX_POINT('',#6067);
#6070=CARTESIAN_POINT('',(3.55E-1,-4.413750317050E-1,-3.39E0));
#6071=VERTEX_POINT('',#6070);
#6072=CARTESIAN_POINT('',(1.55E-1,-4.413750317050E-1,-3.39E0));
#6073=VERTEX_POINT('',#6072);
#6074=CARTESIAN_POINT('',(-1.45E-1,-3.602562240964E-1,-1.809168558024E0));
#6075=CARTESIAN_POINT('',(-1.45E-1,-3.781801907155E-1,-1.716957743571E0));
#6076=VERTEX_POINT('',#6074);
#6077=VERTEX_POINT('',#6075);
#6078=CARTESIAN_POINT('',(-1.45E-1,-1.05E0,-4.6E0));
#6079=CARTESIAN_POINT('',(-1.45E-1,-1.05E0,-5.1E0));
#6080=VERTEX_POINT('',#6078);
#6081=VERTEX_POINT('',#6079);
#6082=CARTESIAN_POINT('',(-1.45E-1,-7.5E-1,-5.1E0));
#6083=VERTEX_POINT('',#6082);
#6084=CARTESIAN_POINT('',(-1.45E-1,-7.5E-1,-4.73E0));
#6085=VERTEX_POINT('',#6084);
#6086=CARTESIAN_POINT('',(-3.45E-1,-3.602562240964E-1,-1.809168558024E0));
#6087=CARTESIAN_POINT('',(-3.45E-1,-3.781801907155E-1,-1.716957743571E0));
#6088=VERTEX_POINT('',#6086);
#6089=VERTEX_POINT('',#6087);
#6090=CARTESIAN_POINT('',(-3.45E-1,-1.05E0,-4.6E0));
#6091=CARTESIAN_POINT('',(-3.45E-1,-1.05E0,-5.1E0));
#6092=VERTEX_POINT('',#6090);
#6093=VERTEX_POINT('',#6091);
#6094=CARTESIAN_POINT('',(-3.45E-1,-7.5E-1,-5.1E0));
#6095=VERTEX_POINT('',#6094);
#6096=CARTESIAN_POINT('',(-3.45E-1,-7.5E-1,-4.73E0));
#6097=VERTEX_POINT('',#6096);
#6098=CARTESIAN_POINT('',(-1.45E-1,-8.5E-1,-4.4E0));
#6099=CARTESIAN_POINT('',(-1.45E-1,-4.2E-1,-4.4E0));
#6100=VERTEX_POINT('',#6098);
#6101=VERTEX_POINT('',#6099);
#6102=CARTESIAN_POINT('',(-3.45E-1,-8.5E-1,-4.4E0));
#6103=CARTESIAN_POINT('',(-3.45E-1,-4.2E-1,-4.4E0));
#6104=VERTEX_POINT('',#6102);
#6105=VERTEX_POINT('',#6103);
#6106=CARTESIAN_POINT('',(-1.45E-1,-4.5E-1,-3.39E0));
#6107=CARTESIAN_POINT('',(-1.45E-1,-4.5E-1,-1.5625E0));
#6108=VERTEX_POINT('',#6106);
#6109=VERTEX_POINT('',#6107);
#6110=CARTESIAN_POINT('',(-3.45E-1,-4.5E-1,-3.39E0));
#6111=CARTESIAN_POINT('',(-3.45E-1,-4.5E-1,-1.5625E0));
#6112=VERTEX_POINT('',#6110);
#6113=VERTEX_POINT('',#6111);
#6114=CARTESIAN_POINT('',(-1.45E-1,-4.413750317050E-1,-3.39E0));
#6115=VERTEX_POINT('',#6114);
#6116=CARTESIAN_POINT('',(-3.45E-1,-4.413750317050E-1,-3.39E0));
#6117=VERTEX_POINT('',#6116);
#6118=CARTESIAN_POINT('',(-6.45E-1,-3.602562240964E-1,-1.809168558024E0));
#6119=CARTESIAN_POINT('',(-6.45E-1,-3.781801907155E-1,-1.716957743571E0));
#6120=VERTEX_POINT('',#6118);
#6121=VERTEX_POINT('',#6119);
#6122=CARTESIAN_POINT('',(-6.45E-1,-1.05E0,-4.6E0));
#6123=CARTESIAN_POINT('',(-6.45E-1,-1.05E0,-5.1E0));
#6124=VERTEX_POINT('',#6122);
#6125=VERTEX_POINT('',#6123);
#6126=CARTESIAN_POINT('',(-6.45E-1,-7.5E-1,-5.1E0));
#6127=VERTEX_POINT('',#6126);
#6128=CARTESIAN_POINT('',(-6.45E-1,-7.5E-1,-4.73E0));
#6129=VERTEX_POINT('',#6128);
#6130=CARTESIAN_POINT('',(-8.45E-1,-3.602562240964E-1,-1.809168558024E0));
#6131=CARTESIAN_POINT('',(-8.45E-1,-3.781801907155E-1,-1.716957743571E0));
#6132=VERTEX_POINT('',#6130);
#6133=VERTEX_POINT('',#6131);
#6134=CARTESIAN_POINT('',(-8.45E-1,-1.05E0,-4.6E0));
#6135=CARTESIAN_POINT('',(-8.45E-1,-1.05E0,-5.1E0));
#6136=VERTEX_POINT('',#6134);
#6137=VERTEX_POINT('',#6135);
#6138=CARTESIAN_POINT('',(-8.45E-1,-7.5E-1,-5.1E0));
#6139=VERTEX_POINT('',#6138);
#6140=CARTESIAN_POINT('',(-8.45E-1,-7.5E-1,-4.73E0));
#6141=VERTEX_POINT('',#6140);
#6142=CARTESIAN_POINT('',(-6.45E-1,-8.5E-1,-4.4E0));
#6143=CARTESIAN_POINT('',(-6.45E-1,-4.2E-1,-4.4E0));
#6144=VERTEX_POINT('',#6142);
#6145=VERTEX_POINT('',#6143);
#6146=CARTESIAN_POINT('',(-8.45E-1,-8.5E-1,-4.4E0));
#6147=CARTESIAN_POINT('',(-8.45E-1,-4.2E-1,-4.4E0));
#6148=VERTEX_POINT('',#6146);
#6149=VERTEX_POINT('',#6147);
#6150=CARTESIAN_POINT('',(-6.45E-1,-4.5E-1,-3.39E0));
#6151=CARTESIAN_POINT('',(-6.45E-1,-4.5E-1,-1.5625E0));
#6152=VERTEX_POINT('',#6150);
#6153=VERTEX_POINT('',#6151);
#6154=CARTESIAN_POINT('',(-8.45E-1,-4.5E-1,-3.39E0));
#6155=CARTESIAN_POINT('',(-8.45E-1,-4.5E-1,-1.5625E0));
#6156=VERTEX_POINT('',#6154);
#6157=VERTEX_POINT('',#6155);
#6158=CARTESIAN_POINT('',(-6.45E-1,-4.413750317050E-1,-3.39E0));
#6159=VERTEX_POINT('',#6158);
#6160=CARTESIAN_POINT('',(-8.45E-1,-4.413750317050E-1,-3.39E0));
#6161=VERTEX_POINT('',#6160);
#6162=CARTESIAN_POINT('',(-1.145E0,-3.602562240964E-1,-1.809168558024E0));
#6163=CARTESIAN_POINT('',(-1.145E0,-3.781801907155E-1,-1.716957743571E0));
#6164=VERTEX_POINT('',#6162);
#6165=VERTEX_POINT('',#6163);
#6166=CARTESIAN_POINT('',(-1.145E0,-1.05E0,-4.6E0));
#6167=CARTESIAN_POINT('',(-1.145E0,-1.05E0,-5.1E0));
#6168=VERTEX_POINT('',#6166);
#6169=VERTEX_POINT('',#6167);
#6170=CARTESIAN_POINT('',(-1.145E0,-7.5E-1,-5.1E0));
#6171=VERTEX_POINT('',#6170);
#6172=CARTESIAN_POINT('',(-1.145E0,-7.5E-1,-4.73E0));
#6173=VERTEX_POINT('',#6172);
#6174=CARTESIAN_POINT('',(-1.345E0,-3.602562240964E-1,-1.809168558024E0));
#6175=CARTESIAN_POINT('',(-1.345E0,-3.781801907155E-1,-1.716957743571E0));
#6176=VERTEX_POINT('',#6174);
#6177=VERTEX_POINT('',#6175);
#6178=CARTESIAN_POINT('',(-1.345E0,-1.05E0,-4.6E0));
#6179=CARTESIAN_POINT('',(-1.345E0,-1.05E0,-5.1E0));
#6180=VERTEX_POINT('',#6178);
#6181=VERTEX_POINT('',#6179);
#6182=CARTESIAN_POINT('',(-1.345E0,-7.5E-1,-5.1E0));
#6183=VERTEX_POINT('',#6182);
#6184=CARTESIAN_POINT('',(-1.345E0,-7.5E-1,-4.73E0));
#6185=VERTEX_POINT('',#6184);
#6186=CARTESIAN_POINT('',(-1.145E0,-8.5E-1,-4.4E0));
#6187=CARTESIAN_POINT('',(-1.145E0,-4.2E-1,-4.4E0));
#6188=VERTEX_POINT('',#6186);
#6189=VERTEX_POINT('',#6187);
#6190=CARTESIAN_POINT('',(-1.345E0,-8.5E-1,-4.4E0));
#6191=CARTESIAN_POINT('',(-1.345E0,-4.2E-1,-4.4E0));
#6192=VERTEX_POINT('',#6190);
#6193=VERTEX_POINT('',#6191);
#6194=CARTESIAN_POINT('',(-1.145E0,-4.5E-1,-3.39E0));
#6195=CARTESIAN_POINT('',(-1.145E0,-4.5E-1,-1.5625E0));
#6196=VERTEX_POINT('',#6194);
#6197=VERTEX_POINT('',#6195);
#6198=CARTESIAN_POINT('',(-1.345E0,-4.5E-1,-3.39E0));
#6199=CARTESIAN_POINT('',(-1.345E0,-4.5E-1,-1.5625E0));
#6200=VERTEX_POINT('',#6198);
#6201=VERTEX_POINT('',#6199);
#6202=CARTESIAN_POINT('',(-1.145E0,-4.413750317050E-1,-3.39E0));
#6203=VERTEX_POINT('',#6202);
#6204=CARTESIAN_POINT('',(-1.345E0,-4.413750317050E-1,-3.39E0));
#6205=VERTEX_POINT('',#6204);
#6206=CARTESIAN_POINT('',(-1.645E0,-3.602562240964E-1,-1.809168558024E0));
#6207=CARTESIAN_POINT('',(-1.645E0,-3.781801907155E-1,-1.716957743571E0));
#6208=VERTEX_POINT('',#6206);
#6209=VERTEX_POINT('',#6207);
#6210=CARTESIAN_POINT('',(-1.645E0,-1.05E0,-4.6E0));
#6211=CARTESIAN_POINT('',(-1.645E0,-1.05E0,-5.1E0));
#6212=VERTEX_POINT('',#6210);
#6213=VERTEX_POINT('',#6211);
#6214=CARTESIAN_POINT('',(-1.645E0,-7.5E-1,-5.1E0));
#6215=VERTEX_POINT('',#6214);
#6216=CARTESIAN_POINT('',(-1.645E0,-7.5E-1,-4.73E0));
#6217=VERTEX_POINT('',#6216);
#6218=CARTESIAN_POINT('',(-1.845E0,-3.602562240964E-1,-1.809168558024E0));
#6219=CARTESIAN_POINT('',(-1.845E0,-3.781801907155E-1,-1.716957743571E0));
#6220=VERTEX_POINT('',#6218);
#6221=VERTEX_POINT('',#6219);
#6222=CARTESIAN_POINT('',(-1.845E0,-1.05E0,-4.6E0));
#6223=CARTESIAN_POINT('',(-1.845E0,-1.05E0,-5.1E0));
#6224=VERTEX_POINT('',#6222);
#6225=VERTEX_POINT('',#6223);
#6226=CARTESIAN_POINT('',(-1.845E0,-7.5E-1,-5.1E0));
#6227=VERTEX_POINT('',#6226);
#6228=CARTESIAN_POINT('',(-1.845E0,-7.5E-1,-4.73E0));
#6229=VERTEX_POINT('',#6228);
#6230=CARTESIAN_POINT('',(-1.645E0,-8.5E-1,-4.4E0));
#6231=CARTESIAN_POINT('',(-1.645E0,-4.2E-1,-4.4E0));
#6232=VERTEX_POINT('',#6230);
#6233=VERTEX_POINT('',#6231);
#6234=CARTESIAN_POINT('',(-1.845E0,-8.5E-1,-4.4E0));
#6235=CARTESIAN_POINT('',(-1.845E0,-4.2E-1,-4.4E0));
#6236=VERTEX_POINT('',#6234);
#6237=VERTEX_POINT('',#6235);
#6238=CARTESIAN_POINT('',(-1.645E0,-4.5E-1,-3.39E0));
#6239=CARTESIAN_POINT('',(-1.645E0,-4.5E-1,-1.5625E0));
#6240=VERTEX_POINT('',#6238);
#6241=VERTEX_POINT('',#6239);
#6242=CARTESIAN_POINT('',(-1.845E0,-4.5E-1,-3.39E0));
#6243=CARTESIAN_POINT('',(-1.845E0,-4.5E-1,-1.5625E0));
#6244=VERTEX_POINT('',#6242);
#6245=VERTEX_POINT('',#6243);
#6246=CARTESIAN_POINT('',(-1.645E0,-4.413750317050E-1,-3.39E0));
#6247=VERTEX_POINT('',#6246);
#6248=CARTESIAN_POINT('',(-1.845E0,-4.413750317050E-1,-3.39E0));
#6249=VERTEX_POINT('',#6248);
#6250=CARTESIAN_POINT('',(-2.145E0,-3.602562240964E-1,-1.809168558024E0));
#6251=CARTESIAN_POINT('',(-2.145E0,-3.781801907155E-1,-1.716957743571E0));
#6252=VERTEX_POINT('',#6250);
#6253=VERTEX_POINT('',#6251);
#6254=CARTESIAN_POINT('',(-2.145E0,-1.05E0,-4.6E0));
#6255=CARTESIAN_POINT('',(-2.145E0,-1.05E0,-5.1E0));
#6256=VERTEX_POINT('',#6254);
#6257=VERTEX_POINT('',#6255);
#6258=CARTESIAN_POINT('',(-2.145E0,-7.5E-1,-5.1E0));
#6259=VERTEX_POINT('',#6258);
#6260=CARTESIAN_POINT('',(-2.145E0,-7.5E-1,-4.73E0));
#6261=VERTEX_POINT('',#6260);
#6262=CARTESIAN_POINT('',(-2.345E0,-3.602562240964E-1,-1.809168558024E0));
#6263=CARTESIAN_POINT('',(-2.345E0,-3.781801907155E-1,-1.716957743571E0));
#6264=VERTEX_POINT('',#6262);
#6265=VERTEX_POINT('',#6263);
#6266=CARTESIAN_POINT('',(-2.345E0,-1.05E0,-4.6E0));
#6267=CARTESIAN_POINT('',(-2.345E0,-1.05E0,-5.1E0));
#6268=VERTEX_POINT('',#6266);
#6269=VERTEX_POINT('',#6267);
#6270=CARTESIAN_POINT('',(-2.345E0,-7.5E-1,-5.1E0));
#6271=VERTEX_POINT('',#6270);
#6272=CARTESIAN_POINT('',(-2.345E0,-7.5E-1,-4.73E0));
#6273=VERTEX_POINT('',#6272);
#6274=CARTESIAN_POINT('',(-2.145E0,-8.5E-1,-4.4E0));
#6275=CARTESIAN_POINT('',(-2.145E0,-4.2E-1,-4.4E0));
#6276=VERTEX_POINT('',#6274);
#6277=VERTEX_POINT('',#6275);
#6278=CARTESIAN_POINT('',(-2.345E0,-8.5E-1,-4.4E0));
#6279=CARTESIAN_POINT('',(-2.345E0,-4.2E-1,-4.4E0));
#6280=VERTEX_POINT('',#6278);
#6281=VERTEX_POINT('',#6279);
#6282=CARTESIAN_POINT('',(-2.145E0,-4.5E-1,-3.39E0));
#6283=CARTESIAN_POINT('',(-2.145E0,-4.5E-1,-1.5625E0));
#6284=VERTEX_POINT('',#6282);
#6285=VERTEX_POINT('',#6283);
#6286=CARTESIAN_POINT('',(-2.345E0,-4.5E-1,-3.39E0));
#6287=CARTESIAN_POINT('',(-2.345E0,-4.5E-1,-1.5625E0));
#6288=VERTEX_POINT('',#6286);
#6289=VERTEX_POINT('',#6287);
#6290=CARTESIAN_POINT('',(-2.145E0,-4.413750317050E-1,-3.39E0));
#6291=VERTEX_POINT('',#6290);
#6292=CARTESIAN_POINT('',(-2.345E0,-4.413750317050E-1,-3.39E0));
#6293=VERTEX_POINT('',#6292);
#6294=CARTESIAN_POINT('',(-2.645E0,-3.602562240964E-1,-1.809168558024E0));
#6295=CARTESIAN_POINT('',(-2.645E0,-3.781801907155E-1,-1.716957743571E0));
#6296=VERTEX_POINT('',#6294);
#6297=VERTEX_POINT('',#6295);
#6298=CARTESIAN_POINT('',(-2.645E0,-1.05E0,-4.6E0));
#6299=CARTESIAN_POINT('',(-2.645E0,-1.05E0,-5.1E0));
#6300=VERTEX_POINT('',#6298);
#6301=VERTEX_POINT('',#6299);
#6302=CARTESIAN_POINT('',(-2.645E0,-7.5E-1,-5.1E0));
#6303=VERTEX_POINT('',#6302);
#6304=CARTESIAN_POINT('',(-2.645E0,-7.5E-1,-4.73E0));
#6305=VERTEX_POINT('',#6304);
#6306=CARTESIAN_POINT('',(-2.845E0,-3.602562240964E-1,-1.809168558024E0));
#6307=CARTESIAN_POINT('',(-2.845E0,-3.781801907155E-1,-1.716957743571E0));
#6308=VERTEX_POINT('',#6306);
#6309=VERTEX_POINT('',#6307);
#6310=CARTESIAN_POINT('',(-2.845E0,-1.05E0,-4.6E0));
#6311=CARTESIAN_POINT('',(-2.845E0,-1.05E0,-5.1E0));
#6312=VERTEX_POINT('',#6310);
#6313=VERTEX_POINT('',#6311);
#6314=CARTESIAN_POINT('',(-2.845E0,-7.5E-1,-5.1E0));
#6315=VERTEX_POINT('',#6314);
#6316=CARTESIAN_POINT('',(-2.845E0,-7.5E-1,-4.73E0));
#6317=VERTEX_POINT('',#6316);
#6318=CARTESIAN_POINT('',(-2.645E0,-8.5E-1,-4.4E0));
#6319=CARTESIAN_POINT('',(-2.645E0,-4.2E-1,-4.4E0));
#6320=VERTEX_POINT('',#6318);
#6321=VERTEX_POINT('',#6319);
#6322=CARTESIAN_POINT('',(-2.845E0,-8.5E-1,-4.4E0));
#6323=CARTESIAN_POINT('',(-2.845E0,-4.2E-1,-4.4E0));
#6324=VERTEX_POINT('',#6322);
#6325=VERTEX_POINT('',#6323);
#6326=CARTESIAN_POINT('',(-2.645E0,-4.5E-1,-3.39E0));
#6327=CARTESIAN_POINT('',(-2.645E0,-4.5E-1,-1.5625E0));
#6328=VERTEX_POINT('',#6326);
#6329=VERTEX_POINT('',#6327);
#6330=CARTESIAN_POINT('',(-2.845E0,-4.5E-1,-3.39E0));
#6331=CARTESIAN_POINT('',(-2.845E0,-4.5E-1,-1.5625E0));
#6332=VERTEX_POINT('',#6330);
#6333=VERTEX_POINT('',#6331);
#6334=CARTESIAN_POINT('',(-2.645E0,-4.413750317050E-1,-3.39E0));
#6335=VERTEX_POINT('',#6334);
#6336=CARTESIAN_POINT('',(-2.845E0,-4.413750317050E-1,-3.39E0));
#6337=VERTEX_POINT('',#6336);
#6338=CARTESIAN_POINT('',(-3.145E0,-3.602562240964E-1,-1.809168558024E0));
#6339=CARTESIAN_POINT('',(-3.145E0,-3.781801907155E-1,-1.716957743571E0));
#6340=VERTEX_POINT('',#6338);
#6341=VERTEX_POINT('',#6339);
#6342=CARTESIAN_POINT('',(-3.145E0,-1.05E0,-4.6E0));
#6343=CARTESIAN_POINT('',(-3.145E0,-1.05E0,-5.1E0));
#6344=VERTEX_POINT('',#6342);
#6345=VERTEX_POINT('',#6343);
#6346=CARTESIAN_POINT('',(-3.145E0,-7.5E-1,-5.1E0));
#6347=VERTEX_POINT('',#6346);
#6348=CARTESIAN_POINT('',(-3.145E0,-7.5E-1,-4.73E0));
#6349=VERTEX_POINT('',#6348);
#6350=CARTESIAN_POINT('',(-3.345E0,-3.602562240964E-1,-1.809168558024E0));
#6351=CARTESIAN_POINT('',(-3.345E0,-3.781801907155E-1,-1.716957743571E0));
#6352=VERTEX_POINT('',#6350);
#6353=VERTEX_POINT('',#6351);
#6354=CARTESIAN_POINT('',(-3.345E0,-1.05E0,-4.6E0));
#6355=CARTESIAN_POINT('',(-3.345E0,-1.05E0,-5.1E0));
#6356=VERTEX_POINT('',#6354);
#6357=VERTEX_POINT('',#6355);
#6358=CARTESIAN_POINT('',(-3.345E0,-7.5E-1,-5.1E0));
#6359=VERTEX_POINT('',#6358);
#6360=CARTESIAN_POINT('',(-3.345E0,-7.5E-1,-4.73E0));
#6361=VERTEX_POINT('',#6360);
#6362=CARTESIAN_POINT('',(-3.145E0,-8.5E-1,-4.4E0));
#6363=CARTESIAN_POINT('',(-3.145E0,-4.2E-1,-4.4E0));
#6364=VERTEX_POINT('',#6362);
#6365=VERTEX_POINT('',#6363);
#6366=CARTESIAN_POINT('',(-3.345E0,-8.5E-1,-4.4E0));
#6367=CARTESIAN_POINT('',(-3.345E0,-4.2E-1,-4.4E0));
#6368=VERTEX_POINT('',#6366);
#6369=VERTEX_POINT('',#6367);
#6370=CARTESIAN_POINT('',(-3.145E0,-4.5E-1,-3.39E0));
#6371=CARTESIAN_POINT('',(-3.145E0,-4.5E-1,-1.5625E0));
#6372=VERTEX_POINT('',#6370);
#6373=VERTEX_POINT('',#6371);
#6374=CARTESIAN_POINT('',(-3.345E0,-4.5E-1,-3.39E0));
#6375=CARTESIAN_POINT('',(-3.345E0,-4.5E-1,-1.5625E0));
#6376=VERTEX_POINT('',#6374);
#6377=VERTEX_POINT('',#6375);
#6378=CARTESIAN_POINT('',(-3.145E0,-4.413750317050E-1,-3.39E0));
#6379=VERTEX_POINT('',#6378);
#6380=CARTESIAN_POINT('',(-3.345E0,-4.413750317050E-1,-3.39E0));
#6381=VERTEX_POINT('',#6380);
#6382=CARTESIAN_POINT('',(-3.645E0,-3.602562240964E-1,-1.809168558024E0));
#6383=CARTESIAN_POINT('',(-3.645E0,-3.781801907155E-1,-1.716957743571E0));
#6384=VERTEX_POINT('',#6382);
#6385=VERTEX_POINT('',#6383);
#6386=CARTESIAN_POINT('',(-3.645E0,-1.05E0,-4.6E0));
#6387=CARTESIAN_POINT('',(-3.645E0,-1.05E0,-5.1E0));
#6388=VERTEX_POINT('',#6386);
#6389=VERTEX_POINT('',#6387);
#6390=CARTESIAN_POINT('',(-3.645E0,-7.5E-1,-5.1E0));
#6391=VERTEX_POINT('',#6390);
#6392=CARTESIAN_POINT('',(-3.645E0,-7.5E-1,-4.73E0));
#6393=VERTEX_POINT('',#6392);
#6394=CARTESIAN_POINT('',(-3.845E0,-3.602562240964E-1,-1.809168558024E0));
#6395=CARTESIAN_POINT('',(-3.845E0,-3.781801907155E-1,-1.716957743571E0));
#6396=VERTEX_POINT('',#6394);
#6397=VERTEX_POINT('',#6395);
#6398=CARTESIAN_POINT('',(-3.845E0,-1.05E0,-4.6E0));
#6399=CARTESIAN_POINT('',(-3.845E0,-1.05E0,-5.1E0));
#6400=VERTEX_POINT('',#6398);
#6401=VERTEX_POINT('',#6399);
#6402=CARTESIAN_POINT('',(-3.845E0,-7.5E-1,-5.1E0));
#6403=VERTEX_POINT('',#6402);
#6404=CARTESIAN_POINT('',(-3.845E0,-7.5E-1,-4.73E0));
#6405=VERTEX_POINT('',#6404);
#6406=CARTESIAN_POINT('',(-3.645E0,-8.5E-1,-4.4E0));
#6407=CARTESIAN_POINT('',(-3.645E0,-4.2E-1,-4.4E0));
#6408=VERTEX_POINT('',#6406);
#6409=VERTEX_POINT('',#6407);
#6410=CARTESIAN_POINT('',(-3.845E0,-8.5E-1,-4.4E0));
#6411=CARTESIAN_POINT('',(-3.845E0,-4.2E-1,-4.4E0));
#6412=VERTEX_POINT('',#6410);
#6413=VERTEX_POINT('',#6411);
#6414=CARTESIAN_POINT('',(-3.645E0,-4.5E-1,-3.39E0));
#6415=CARTESIAN_POINT('',(-3.645E0,-4.5E-1,-1.5625E0));
#6416=VERTEX_POINT('',#6414);
#6417=VERTEX_POINT('',#6415);
#6418=CARTESIAN_POINT('',(-3.845E0,-4.5E-1,-3.39E0));
#6419=CARTESIAN_POINT('',(-3.845E0,-4.5E-1,-1.5625E0));
#6420=VERTEX_POINT('',#6418);
#6421=VERTEX_POINT('',#6419);
#6422=CARTESIAN_POINT('',(-3.645E0,-4.413750317050E-1,-3.39E0));
#6423=VERTEX_POINT('',#6422);
#6424=CARTESIAN_POINT('',(-3.845E0,-4.413750317050E-1,-3.39E0));
#6425=VERTEX_POINT('',#6424);
#6426=CARTESIAN_POINT('',(-4.145E0,-3.602562240964E-1,-1.809168558024E0));
#6427=CARTESIAN_POINT('',(-4.145E0,-3.781801907155E-1,-1.716957743571E0));
#6428=VERTEX_POINT('',#6426);
#6429=VERTEX_POINT('',#6427);
#6430=CARTESIAN_POINT('',(-4.145E0,-1.05E0,-4.6E0));
#6431=CARTESIAN_POINT('',(-4.145E0,-1.05E0,-5.1E0));
#6432=VERTEX_POINT('',#6430);
#6433=VERTEX_POINT('',#6431);
#6434=CARTESIAN_POINT('',(-4.145E0,-7.5E-1,-5.1E0));
#6435=VERTEX_POINT('',#6434);
#6436=CARTESIAN_POINT('',(-4.145E0,-7.5E-1,-4.73E0));
#6437=VERTEX_POINT('',#6436);
#6438=CARTESIAN_POINT('',(-4.345E0,-3.602562240964E-1,-1.809168558024E0));
#6439=CARTESIAN_POINT('',(-4.345E0,-3.781801907155E-1,-1.716957743571E0));
#6440=VERTEX_POINT('',#6438);
#6441=VERTEX_POINT('',#6439);
#6442=CARTESIAN_POINT('',(-4.345E0,-1.05E0,-4.6E0));
#6443=CARTESIAN_POINT('',(-4.345E0,-1.05E0,-5.1E0));
#6444=VERTEX_POINT('',#6442);
#6445=VERTEX_POINT('',#6443);
#6446=CARTESIAN_POINT('',(-4.345E0,-7.5E-1,-5.1E0));
#6447=VERTEX_POINT('',#6446);
#6448=CARTESIAN_POINT('',(-4.345E0,-7.5E-1,-4.73E0));
#6449=VERTEX_POINT('',#6448);
#6450=CARTESIAN_POINT('',(-4.145E0,-8.5E-1,-4.4E0));
#6451=CARTESIAN_POINT('',(-4.145E0,-4.2E-1,-4.4E0));
#6452=VERTEX_POINT('',#6450);
#6453=VERTEX_POINT('',#6451);
#6454=CARTESIAN_POINT('',(-4.345E0,-8.5E-1,-4.4E0));
#6455=CARTESIAN_POINT('',(-4.345E0,-4.2E-1,-4.4E0));
#6456=VERTEX_POINT('',#6454);
#6457=VERTEX_POINT('',#6455);
#6458=CARTESIAN_POINT('',(-4.145E0,-4.5E-1,-3.39E0));
#6459=CARTESIAN_POINT('',(-4.145E0,-4.5E-1,-1.5625E0));
#6460=VERTEX_POINT('',#6458);
#6461=VERTEX_POINT('',#6459);
#6462=CARTESIAN_POINT('',(-4.345E0,-4.5E-1,-3.39E0));
#6463=CARTESIAN_POINT('',(-4.345E0,-4.5E-1,-1.5625E0));
#6464=VERTEX_POINT('',#6462);
#6465=VERTEX_POINT('',#6463);
#6466=CARTESIAN_POINT('',(-4.145E0,-4.413750317050E-1,-3.39E0));
#6467=VERTEX_POINT('',#6466);
#6468=CARTESIAN_POINT('',(-4.345E0,-4.413750317050E-1,-3.39E0));
#6469=VERTEX_POINT('',#6468);
#6470=CARTESIAN_POINT('',(-4.645E0,-3.602562240964E-1,-1.809168558024E0));
#6471=CARTESIAN_POINT('',(-4.645E0,-3.781801907155E-1,-1.716957743571E0));
#6472=VERTEX_POINT('',#6470);
#6473=VERTEX_POINT('',#6471);
#6474=CARTESIAN_POINT('',(-4.645E0,-1.05E0,-4.6E0));
#6475=CARTESIAN_POINT('',(-4.645E0,-1.05E0,-5.1E0));
#6476=VERTEX_POINT('',#6474);
#6477=VERTEX_POINT('',#6475);
#6478=CARTESIAN_POINT('',(-4.645E0,-7.5E-1,-5.1E0));
#6479=VERTEX_POINT('',#6478);
#6480=CARTESIAN_POINT('',(-4.645E0,-7.5E-1,-4.73E0));
#6481=VERTEX_POINT('',#6480);
#6482=CARTESIAN_POINT('',(-4.845E0,-3.602562240964E-1,-1.809168558024E0));
#6483=CARTESIAN_POINT('',(-4.845E0,-3.781801907155E-1,-1.716957743571E0));
#6484=VERTEX_POINT('',#6482);
#6485=VERTEX_POINT('',#6483);
#6486=CARTESIAN_POINT('',(-4.845E0,-1.05E0,-4.6E0));
#6487=CARTESIAN_POINT('',(-4.845E0,-1.05E0,-5.1E0));
#6488=VERTEX_POINT('',#6486);
#6489=VERTEX_POINT('',#6487);
#6490=CARTESIAN_POINT('',(-4.845E0,-7.5E-1,-5.1E0));
#6491=VERTEX_POINT('',#6490);
#6492=CARTESIAN_POINT('',(-4.845E0,-7.5E-1,-4.73E0));
#6493=VERTEX_POINT('',#6492);
#6494=CARTESIAN_POINT('',(-4.645E0,-8.5E-1,-4.4E0));
#6495=CARTESIAN_POINT('',(-4.645E0,-4.2E-1,-4.4E0));
#6496=VERTEX_POINT('',#6494);
#6497=VERTEX_POINT('',#6495);
#6498=CARTESIAN_POINT('',(-4.845E0,-8.5E-1,-4.4E0));
#6499=CARTESIAN_POINT('',(-4.845E0,-4.2E-1,-4.4E0));
#6500=VERTEX_POINT('',#6498);
#6501=VERTEX_POINT('',#6499);
#6502=CARTESIAN_POINT('',(-4.645E0,-4.5E-1,-3.39E0));
#6503=CARTESIAN_POINT('',(-4.645E0,-4.5E-1,-1.5625E0));
#6504=VERTEX_POINT('',#6502);
#6505=VERTEX_POINT('',#6503);
#6506=CARTESIAN_POINT('',(-4.845E0,-4.5E-1,-3.39E0));
#6507=CARTESIAN_POINT('',(-4.845E0,-4.5E-1,-1.5625E0));
#6508=VERTEX_POINT('',#6506);
#6509=VERTEX_POINT('',#6507);
#6510=CARTESIAN_POINT('',(-4.645E0,-4.413750317050E-1,-3.39E0));
#6511=VERTEX_POINT('',#6510);
#6512=CARTESIAN_POINT('',(-4.845E0,-4.413750317050E-1,-3.39E0));
#6513=VERTEX_POINT('',#6512);
#6514=CARTESIAN_POINT('',(-5.145E0,-3.602562240964E-1,-1.809168558024E0));
#6515=CARTESIAN_POINT('',(-5.145E0,-3.781801907155E-1,-1.716957743571E0));
#6516=VERTEX_POINT('',#6514);
#6517=VERTEX_POINT('',#6515);
#6518=CARTESIAN_POINT('',(-5.145E0,-1.05E0,-4.6E0));
#6519=CARTESIAN_POINT('',(-5.145E0,-1.05E0,-5.1E0));
#6520=VERTEX_POINT('',#6518);
#6521=VERTEX_POINT('',#6519);
#6522=CARTESIAN_POINT('',(-5.145E0,-7.5E-1,-5.1E0));
#6523=VERTEX_POINT('',#6522);
#6524=CARTESIAN_POINT('',(-5.145E0,-7.5E-1,-4.73E0));
#6525=VERTEX_POINT('',#6524);
#6526=CARTESIAN_POINT('',(-5.345E0,-3.602562240964E-1,-1.809168558024E0));
#6527=CARTESIAN_POINT('',(-5.345E0,-3.781801907155E-1,-1.716957743571E0));
#6528=VERTEX_POINT('',#6526);
#6529=VERTEX_POINT('',#6527);
#6530=CARTESIAN_POINT('',(-5.345E0,-1.05E0,-4.6E0));
#6531=CARTESIAN_POINT('',(-5.345E0,-1.05E0,-5.1E0));
#6532=VERTEX_POINT('',#6530);
#6533=VERTEX_POINT('',#6531);
#6534=CARTESIAN_POINT('',(-5.345E0,-7.5E-1,-5.1E0));
#6535=VERTEX_POINT('',#6534);
#6536=CARTESIAN_POINT('',(-5.345E0,-7.5E-1,-4.73E0));
#6537=VERTEX_POINT('',#6536);
#6538=CARTESIAN_POINT('',(-5.145E0,-8.5E-1,-4.4E0));
#6539=CARTESIAN_POINT('',(-5.145E0,-4.2E-1,-4.4E0));
#6540=VERTEX_POINT('',#6538);
#6541=VERTEX_POINT('',#6539);
#6542=CARTESIAN_POINT('',(-5.345E0,-8.5E-1,-4.4E0));
#6543=CARTESIAN_POINT('',(-5.345E0,-4.2E-1,-4.4E0));
#6544=VERTEX_POINT('',#6542);
#6545=VERTEX_POINT('',#6543);
#6546=CARTESIAN_POINT('',(-5.145E0,-4.5E-1,-3.39E0));
#6547=CARTESIAN_POINT('',(-5.145E0,-4.5E-1,-1.5625E0));
#6548=VERTEX_POINT('',#6546);
#6549=VERTEX_POINT('',#6547);
#6550=CARTESIAN_POINT('',(-5.345E0,-4.5E-1,-3.39E0));
#6551=CARTESIAN_POINT('',(-5.345E0,-4.5E-1,-1.5625E0));
#6552=VERTEX_POINT('',#6550);
#6553=VERTEX_POINT('',#6551);
#6554=CARTESIAN_POINT('',(-5.145E0,-4.413750317050E-1,-3.39E0));
#6555=VERTEX_POINT('',#6554);
#6556=CARTESIAN_POINT('',(-5.345E0,-4.413750317050E-1,-3.39E0));
#6557=VERTEX_POINT('',#6556);
#6558=CARTESIAN_POINT('',(0.E0,0.E0,0.E0));
#6559=DIRECTION('',(0.E0,0.E0,1.E0));
#6560=DIRECTION('',(1.E0,0.E0,0.E0));
#6561=AXIS2_PLACEMENT_3D('',#6558,#6559,#6560);
#6562=PLANE('',#6561);
#6564=ORIENTED_EDGE('',*,*,#6563,.F.);
#6566=ORIENTED_EDGE('',*,*,#6565,.F.);
#6568=ORIENTED_EDGE('',*,*,#6567,.F.);
#6570=ORIENTED_EDGE('',*,*,#6569,.F.);
#6572=ORIENTED_EDGE('',*,*,#6571,.F.);
#6574=ORIENTED_EDGE('',*,*,#6573,.F.);
#6576=ORIENTED_EDGE('',*,*,#6575,.F.);
#6578=ORIENTED_EDGE('',*,*,#6577,.F.);
#6579=EDGE_LOOP('',(#6564,#6566,#6568,#6570,#6572,#6574,#6576,#6578));
#6580=FACE_OUTER_BOUND('',#6579,.F.);
#6582=CARTESIAN_POINT('',(-8.23345216E0,-7.E-1,-3.E-1));
#6583=DIRECTION('',(1.E0,0.E0,0.E0));
#6584=DIRECTION('',(0.E0,0.E0,1.E0));
#6585=AXIS2_PLACEMENT_3D('',#6582,#6583,#6584);
#6586=CYLINDRICAL_SURFACE('',#6585,3.E-1);
#6588=ORIENTED_EDGE('',*,*,#6587,.F.);
#6589=ORIENTED_EDGE('',*,*,#6563,.T.);
#6591=ORIENTED_EDGE('',*,*,#6590,.T.);
#6593=ORIENTED_EDGE('',*,*,#6592,.T.);
#6595=ORIENTED_EDGE('',*,*,#6594,.F.);
#6596=EDGE_LOOP('',(#6588,#6589,#6591,#6593,#6595));
#6597=FACE_OUTER_BOUND('',#6596,.F.);
#6599=CARTESIAN_POINT('',(-7.915E0,-7.E-1,-3.E-1));
#6600=DIRECTION('',(-7.071067811865E-1,7.071067811865E-1,0.E0));
#6601=DIRECTION('',(-7.071067811865E-1,-7.071067811865E-1,0.E0));
#6602=AXIS2_PLACEMENT_3D('',#6599,#6600,#6601);
#6603=SPHERICAL_SURFACE('',#6602,3.E-1);
#6605=ORIENTED_EDGE('',*,*,#6604,.T.);
#6607=ORIENTED_EDGE('',*,*,#6606,.T.);
#6608=ORIENTED_EDGE('',*,*,#6587,.T.);
#6609=EDGE_LOOP('',(#6605,#6607,#6608));
#6610=FACE_OUTER_BOUND('',#6609,.F.);
#6612=CARTESIAN_POINT('',(-7.915E0,-7.E-1,1.87776E-2));
#6613=DIRECTION('',(0.E0,0.E0,-1.E0));
#6614=DIRECTION('',(0.E0,-1.E0,0.E0));
#6615=AXIS2_PLACEMENT_3D('',#6612,#6613,#6614);
#6616=CYLINDRICAL_SURFACE('',#6615,3.E-1);
#6617=ORIENTED_EDGE('',*,*,#6604,.F.);
#6619=ORIENTED_EDGE('',*,*,#6618,.T.);
#6621=ORIENTED_EDGE('',*,*,#6620,.F.);
#6623=ORIENTED_EDGE('',*,*,#6622,.F.);
#6624=EDGE_LOOP('',(#6617,#6619,#6621,#6623));
#6625=FACE_OUTER_BOUND('',#6624,.F.);
#6627=CARTESIAN_POINT('',(-8.215E0,-1.E0,0.E0));
#6628=DIRECTION('',(0.E0,-1.E0,0.E0));
#6629=DIRECTION('',(1.E0,0.E0,0.E0));
#6630=AXIS2_PLACEMENT_3D('',#6627,#6628,#6629);
#6631=PLANE('',#6630);
#6633=ORIENTED_EDGE('',*,*,#6632,.T.);
#6634=ORIENTED_EDGE('',*,*,#6618,.F.);
#6635=ORIENTED_EDGE('',*,*,#6594,.T.);
#6637=ORIENTED_EDGE('',*,*,#6636,.T.);
#6638=EDGE_LOOP('',(#6633,#6634,#6635,#6637));
#6639=FACE_OUTER_BOUND('',#6638,.F.);
#6641=CARTESIAN_POINT('',(8.248007227165E0,-7.E-1,-1.15E0));
#6642=DIRECTION('',(-1.E0,0.E0,0.E0));
#6643=DIRECTION('',(0.E0,0.E0,-1.E0));
#6644=AXIS2_PLACEMENT_3D('',#6641,#6642,#6643);
#6645=CYLINDRICAL_SURFACE('',#6644,3.E-1);
#6647=ORIENTED_EDGE('',*,*,#6646,.F.);
#6648=ORIENTED_EDGE('',*,*,#6632,.F.);
#6650=ORIENTED_EDGE('',*,*,#6649,.T.);
#6652=ORIENTED_EDGE('',*,*,#6651,.T.);
#6653=EDGE_LOOP('',(#6647,#6648,#6650,#6652));
#6654=FACE_OUTER_BOUND('',#6653,.F.);
#6656=CARTESIAN_POINT('',(-7.915E0,-7.E-1,-1.15E0));
#6657=DIRECTION('',(-7.071067811865E-1,0.E0,7.071067811865E-1));
#6658=DIRECTION('',(-7.071067811865E-1,0.E0,-7.071067811865E-1));
#6659=AXIS2_PLACEMENT_3D('',#6656,#6657,#6658);
#6660=SPHERICAL_SURFACE('',#6659,3.E-1);
#6661=ORIENTED_EDGE('',*,*,#6646,.T.);
#6663=ORIENTED_EDGE('',*,*,#6662,.T.);
#6664=ORIENTED_EDGE('',*,*,#6620,.T.);
#6665=EDGE_LOOP('',(#6661,#6663,#6664));
#6666=FACE_OUTER_BOUND('',#6665,.F.);
#6668=CARTESIAN_POINT('',(-7.915E0,-1.01809648E0,-1.15E0));
#6669=DIRECTION('',(0.E0,1.E0,0.E0));
#6670=DIRECTION('',(0.E0,0.E0,-1.E0));
#6671=AXIS2_PLACEMENT_3D('',#6668,#6669,#6670);
#6672=CYLINDRICAL_SURFACE('',#6671,3.E-1);
#6674=ORIENTED_EDGE('',*,*,#6673,.F.);
#6676=ORIENTED_EDGE('',*,*,#6675,.F.);
#6677=ORIENTED_EDGE('',*,*,#6662,.F.);
#6679=ORIENTED_EDGE('',*,*,#6678,.T.);
#6680=EDGE_LOOP('',(#6674,#6676,#6677,#6679));
#6681=FACE_OUTER_BOUND('',#6680,.F.);
#6683=CARTESIAN_POINT('',(-7.915E0,7.E-1,-1.15E0));
#6684=DIRECTION('',(-7.071067811865E-1,-7.071067811865E-1,0.E0));
#6685=DIRECTION('',(-7.071067811865E-1,7.071067811865E-1,0.E0));
#6686=AXIS2_PLACEMENT_3D('',#6683,#6684,#6685);
#6687=SPHERICAL_SURFACE('',#6686,3.E-1);
#6689=ORIENTED_EDGE('',*,*,#6688,.T.);
#6691=ORIENTED_EDGE('',*,*,#6690,.T.);
#6692=ORIENTED_EDGE('',*,*,#6673,.T.);
#6693=EDGE_LOOP('',(#6689,#6691,#6692));
#6694=FACE_OUTER_BOUND('',#6693,.F.);
#6696=CARTESIAN_POINT('',(-8.23434208E0,7.E-1,-1.15E0));
#6697=DIRECTION('',(1.E0,0.E0,0.E0));
#6698=DIRECTION('',(0.E0,0.E0,-1.E0));
#6699=AXIS2_PLACEMENT_3D('',#6696,#6697,#6698);
#6700=CYLINDRICAL_SURFACE('',#6699,3.E-1);
#6702=ORIENTED_EDGE('',*,*,#6701,.F.);
#6704=ORIENTED_EDGE('',*,*,#6703,.F.);
#6705=ORIENTED_EDGE('',*,*,#6688,.F.);
#6707=ORIENTED_EDGE('',*,*,#6706,.T.);
#6708=EDGE_LOOP('',(#6702,#6704,#6705,#6707));
#6709=FACE_OUTER_BOUND('',#6708,.F.);
#6711=CARTESIAN_POINT('',(7.915E0,7.E-1,-1.15E0));
#6712=DIRECTION('',(-7.071067811865E-1,7.071067811865E-1,0.E0));
#6713=DIRECTION('',(7.071067811865E-1,7.071067811865E-1,0.E0));
#6714=AXIS2_PLACEMENT_3D('',#6711,#6712,#6713);
#6715=SPHERICAL_SURFACE('',#6714,3.E-1);
#6717=ORIENTED_EDGE('',*,*,#6716,.T.);
#6719=ORIENTED_EDGE('',*,*,#6718,.T.);
#6720=ORIENTED_EDGE('',*,*,#6701,.T.);
#6721=EDGE_LOOP('',(#6717,#6719,#6720));
#6722=FACE_OUTER_BOUND('',#6721,.F.);
#6724=CARTESIAN_POINT('',(7.915E0,1.0187776E0,-1.15E0));
#6725=DIRECTION('',(0.E0,-1.E0,0.E0));
#6726=DIRECTION('',(0.E0,0.E0,-1.E0));
#6727=AXIS2_PLACEMENT_3D('',#6724,#6725,#6726);
#6728=CYLINDRICAL_SURFACE('',#6727,3.E-1);
#6730=ORIENTED_EDGE('',*,*,#6729,.F.);
#6732=ORIENTED_EDGE('',*,*,#6731,.F.);
#6733=ORIENTED_EDGE('',*,*,#6716,.F.);
#6735=ORIENTED_EDGE('',*,*,#6734,.T.);
#6736=EDGE_LOOP('',(#6730,#6732,#6733,#6735));
#6737=FACE_OUTER_BOUND('',#6736,.F.);
#6739=CARTESIAN_POINT('',(7.915E0,-7.E-1,-1.15E0));
#6740=DIRECTION('',(7.071067811865E-1,7.071067811865E-1,0.E0));
#6741=DIRECTION('',(7.071067811865E-1,-7.071067811865E-1,0.E0));
#6742=AXIS2_PLACEMENT_3D('',#6739,#6740,#6741);
#6743=SPHERICAL_SURFACE('',#6742,3.E-1);
#6745=ORIENTED_EDGE('',*,*,#6744,.T.);
#6746=ORIENTED_EDGE('',*,*,#6729,.T.);
#6748=ORIENTED_EDGE('',*,*,#6747,.T.);
#6749=EDGE_LOOP('',(#6745,#6746,#6748));
#6750=FACE_OUTER_BOUND('',#6749,.F.);
#6752=CARTESIAN_POINT('',(7.915E0,-7.E-1,1.87776E-2));
#6753=DIRECTION('',(0.E0,0.E0,-1.E0));
#6754=DIRECTION('',(1.E0,0.E0,0.E0));
#6755=AXIS2_PLACEMENT_3D('',#6752,#6753,#6754);
#6756=CYLINDRICAL_SURFACE('',#6755,3.E-1);
#6758=ORIENTED_EDGE('',*,*,#6757,.F.);
#6760=ORIENTED_EDGE('',*,*,#6759,.T.);
#6761=ORIENTED_EDGE('',*,*,#6744,.F.);
#6763=ORIENTED_EDGE('',*,*,#6762,.F.);
#6764=EDGE_LOOP('',(#6758,#6760,#6761,#6763));
#6765=FACE_OUTER_BOUND('',#6764,.F.);
#6767=CARTESIAN_POINT('',(7.915E0,-7.E-1,-3.E-1));
#6768=DIRECTION('',(7.071067811865E-1,0.E0,-7.071067811865E-1));
#6769=DIRECTION('',(7.071067811865E-1,0.E0,7.071067811865E-1));
#6770=AXIS2_PLACEMENT_3D('',#6767,#6768,#6769);
#6771=SPHERICAL_SURFACE('',#6770,3.E-1);
#6773=ORIENTED_EDGE('',*,*,#6772,.T.);
#6775=ORIENTED_EDGE('',*,*,#6774,.T.);
#6776=ORIENTED_EDGE('',*,*,#6757,.T.);
#6777=EDGE_LOOP('',(#6773,#6775,#6776));
#6778=FACE_OUTER_BOUND('',#6777,.F.);
#6780=CARTESIAN_POINT('',(6.12654784E0,-7.E-1,-3.E-1));
#6781=DIRECTION('',(1.E0,0.E0,0.E0));
#6782=DIRECTION('',(0.E0,0.E0,1.E0));
#6783=AXIS2_PLACEMENT_3D('',#6780,#6781,#6782);
#6784=CYLINDRICAL_SURFACE('',#6783,3.E-1);
#6785=ORIENTED_EDGE('',*,*,#6772,.F.);
#6787=ORIENTED_EDGE('',*,*,#6786,.F.);
#6789=ORIENTED_EDGE('',*,*,#6788,.T.);
#6791=ORIENTED_EDGE('',*,*,#6790,.T.);
#6792=ORIENTED_EDGE('',*,*,#6571,.T.);
#6793=EDGE_LOOP('',(#6785,#6787,#6789,#6791,#6792));
#6794=FACE_OUTER_BOUND('',#6793,.F.);
#6796=CARTESIAN_POINT('',(5.845E0,-1.E0,0.E0));
#6797=DIRECTION('',(0.E0,-1.E0,0.E0));
#6798=DIRECTION('',(1.E0,0.E0,0.E0));
#6799=AXIS2_PLACEMENT_3D('',#6796,#6797,#6798);
#6800=PLANE('',#6799);
#6802=ORIENTED_EDGE('',*,*,#6801,.T.);
#6804=ORIENTED_EDGE('',*,*,#6803,.F.);
#6805=ORIENTED_EDGE('',*,*,#6786,.T.);
#6806=ORIENTED_EDGE('',*,*,#6762,.T.);
#6807=EDGE_LOOP('',(#6802,#6804,#6805,#6806));
#6808=FACE_OUTER_BOUND('',#6807,.F.);
#6810=CARTESIAN_POINT('',(8.248007227165E0,-7.E-1,-1.15E0));
#6811=DIRECTION('',(-1.E0,0.E0,0.E0));
#6812=DIRECTION('',(0.E0,0.E0,-1.E0));
#6813=AXIS2_PLACEMENT_3D('',#6810,#6811,#6812);
#6814=CYLINDRICAL_SURFACE('',#6813,3.E-1);
#6815=ORIENTED_EDGE('',*,*,#6747,.F.);
#6817=ORIENTED_EDGE('',*,*,#6816,.T.);
#6819=ORIENTED_EDGE('',*,*,#6818,.T.);
#6820=ORIENTED_EDGE('',*,*,#6801,.F.);
#6821=EDGE_LOOP('',(#6815,#6817,#6819,#6820));
#6822=FACE_OUTER_BOUND('',#6821,.F.);
#6824=CARTESIAN_POINT('',(0.E0,0.E0,-1.45E0));
#6825=DIRECTION('',(0.E0,0.E0,1.E0));
#6826=DIRECTION('',(1.E0,0.E0,0.E0));
#6827=AXIS2_PLACEMENT_3D('',#6824,#6825,#6826);
#6828=PLANE('',#6827);
#6829=ORIENTED_EDGE('',*,*,#6816,.F.);
#6830=ORIENTED_EDGE('',*,*,#6734,.F.);
#6831=ORIENTED_EDGE('',*,*,#6706,.F.);
#6832=ORIENTED_EDGE('',*,*,#6678,.F.);
#6833=ORIENTED_EDGE('',*,*,#6651,.F.);
#6835=ORIENTED_EDGE('',*,*,#6834,.T.);
#6837=ORIENTED_EDGE('',*,*,#6836,.T.);
#6839=ORIENTED_EDGE('',*,*,#6838,.T.);
#6841=ORIENTED_EDGE('',*,*,#6840,.F.);
#6843=ORIENTED_EDGE('',*,*,#6842,.F.);
#6845=ORIENTED_EDGE('',*,*,#6844,.T.);
#6847=ORIENTED_EDGE('',*,*,#6846,.F.);
#6848=EDGE_LOOP('',(#6829,#6830,#6831,#6832,#6833,#6835,#6837,#6839,#6841,#6843,
#6845,#6847));
#6849=FACE_OUTER_BOUND('',#6848,.F.);
#6851=ORIENTED_EDGE('',*,*,#6850,.F.);
#6853=ORIENTED_EDGE('',*,*,#6852,.F.);
#6855=ORIENTED_EDGE('',*,*,#6854,.F.);
#6857=ORIENTED_EDGE('',*,*,#6856,.F.);
#6858=EDGE_LOOP('',(#6851,#6853,#6855,#6857));
#6859=FACE_BOUND('',#6858,.F.);
#6861=ORIENTED_EDGE('',*,*,#6860,.T.);
#6863=ORIENTED_EDGE('',*,*,#6862,.F.);
#6865=ORIENTED_EDGE('',*,*,#6864,.F.);
#6867=ORIENTED_EDGE('',*,*,#6866,.F.);
#6868=EDGE_LOOP('',(#6861,#6863,#6865,#6867));
#6869=FACE_BOUND('',#6868,.F.);
#6871=CARTESIAN_POINT('',(6.671E0,5.E-1,-2.689E0));
#6872=DIRECTION('',(-9.848077530122E-1,0.E0,-1.736481776669E-1));
#6873=DIRECTION('',(-1.736481776669E-1,0.E0,9.848077530122E-1));
#6874=AXIS2_PLACEMENT_3D('',#6871,#6872,#6873);
#6875=PLANE('',#6874);
#6877=ORIENTED_EDGE('',*,*,#6876,.F.);
#6878=ORIENTED_EDGE('',*,*,#6860,.F.);
#6880=ORIENTED_EDGE('',*,*,#6879,.T.);
#6882=ORIENTED_EDGE('',*,*,#6881,.T.);
#6884=ORIENTED_EDGE('',*,*,#6883,.T.);
#6885=EDGE_LOOP('',(#6877,#6878,#6880,#6882,#6884));
#6886=FACE_OUTER_BOUND('',#6885,.F.);
#6888=CARTESIAN_POINT('',(0.E0,5.E-1,-1.45E0));
#6889=DIRECTION('',(0.E0,-1.E0,0.E0));
#6890=DIRECTION('',(-1.E0,0.E0,0.E0));
#6891=AXIS2_PLACEMENT_3D('',#6888,#6889,#6890);
#6892=PLANE('',#6891);
#6893=ORIENTED_EDGE('',*,*,#6862,.T.);
#6894=ORIENTED_EDGE('',*,*,#6876,.T.);
#6896=ORIENTED_EDGE('',*,*,#6895,.T.);
#6898=ORIENTED_EDGE('',*,*,#6897,.F.);
#6899=EDGE_LOOP('',(#6893,#6894,#6896,#6898));
#6900=FACE_OUTER_BOUND('',#6899,.F.);
#6902=CARTESIAN_POINT('',(0.E0,5.E-1,-1.45E0));
#6903=DIRECTION('',(0.E0,-1.E0,0.E0));
#6904=DIRECTION('',(-1.E0,0.E0,0.E0));
#6905=AXIS2_PLACEMENT_3D('',#6902,#6903,#6904);
#6906=PLANE('',#6905);
#6907=ORIENTED_EDGE('',*,*,#6840,.T.);
#6909=ORIENTED_EDGE('',*,*,#6908,.T.);
#6911=ORIENTED_EDGE('',*,*,#6910,.T.);
#6913=ORIENTED_EDGE('',*,*,#6912,.F.);
#6914=EDGE_LOOP('',(#6907,#6909,#6911,#6913));
#6915=FACE_OUTER_BOUND('',#6914,.F.);
#6917=CARTESIAN_POINT('',(0.E0,5.E-1,-1.45E0));
#6918=DIRECTION('',(0.E0,-1.E0,0.E0));
#6919=DIRECTION('',(-1.E0,0.E0,0.E0));
#6920=AXIS2_PLACEMENT_3D('',#6917,#6918,#6919);
#6921=PLANE('',#6920);
#6922=ORIENTED_EDGE('',*,*,#6852,.T.);
#6924=ORIENTED_EDGE('',*,*,#6923,.T.);
#6926=ORIENTED_EDGE('',*,*,#6925,.T.);
#6928=ORIENTED_EDGE('',*,*,#6927,.F.);
#6929=EDGE_LOOP('',(#6922,#6924,#6926,#6928));
#6930=FACE_OUTER_BOUND('',#6929,.F.);
#6932=CARTESIAN_POINT('',(-7.37E0,1.E0,-1.49E0));
#6933=DIRECTION('',(0.E0,0.E0,-1.E0));
#6934=DIRECTION('',(1.E0,0.E0,0.E0));
#6935=AXIS2_PLACEMENT_3D('',#6932,#6933,#6934);
#6936=PLANE('',#6935);
#6937=ORIENTED_EDGE('',*,*,#6925,.F.);
#6939=ORIENTED_EDGE('',*,*,#6938,.F.);
#6941=ORIENTED_EDGE('',*,*,#6940,.F.);
#6943=ORIENTED_EDGE('',*,*,#6942,.T.);
#6945=ORIENTED_EDGE('',*,*,#6944,.F.);
#6947=ORIENTED_EDGE('',*,*,#6946,.T.);
#6949=ORIENTED_EDGE('',*,*,#6948,.F.);
#6951=ORIENTED_EDGE('',*,*,#6950,.T.);
#6952=ORIENTED_EDGE('',*,*,#6895,.F.);
#6954=ORIENTED_EDGE('',*,*,#6953,.T.);
#6955=ORIENTED_EDGE('',*,*,#6910,.F.);
#6957=ORIENTED_EDGE('',*,*,#6956,.T.);
#6958=EDGE_LOOP('',(#6937,#6939,#6941,#6943,#6945,#6947,#6949,#6951,#6952,#6954,
#6955,#6957));
#6959=FACE_OUTER_BOUND('',#6958,.F.);
#6961=CARTESIAN_POINT('',(-7.37E0,8.3E-1,-1.45E0));
#6962=DIRECTION('',(-1.E0,0.E0,0.E0));
#6963=DIRECTION('',(0.E0,-1.E0,0.E0));
#6964=AXIS2_PLACEMENT_3D('',#6961,#6962,#6963);
#6965=PLANE('',#6964);
#6966=ORIENTED_EDGE('',*,*,#6923,.F.);
#6967=ORIENTED_EDGE('',*,*,#6850,.T.);
#6969=ORIENTED_EDGE('',*,*,#6968,.F.);
#6971=ORIENTED_EDGE('',*,*,#6970,.F.);
#6973=ORIENTED_EDGE('',*,*,#6972,.T.);
#6975=ORIENTED_EDGE('',*,*,#6974,.F.);
#6977=ORIENTED_EDGE('',*,*,#6976,.F.);
#6979=ORIENTED_EDGE('',*,*,#6978,.F.);
#6980=ORIENTED_EDGE('',*,*,#6938,.T.);
#6981=EDGE_LOOP('',(#6966,#6967,#6969,#6971,#6973,#6975,#6977,#6979,#6980));
#6982=FACE_OUTER_BOUND('',#6981,.F.);
#6984=CARTESIAN_POINT('',(-7.37E0,8.3E-1,-1.45E0));
#6985=DIRECTION('',(-1.E0,0.E0,0.E0));
#6986=DIRECTION('',(0.E0,-1.E0,0.E0));
#6987=AXIS2_PLACEMENT_3D('',#6984,#6985,#6986);
#6988=PLANE('',#6987);
#6990=ORIENTED_EDGE('',*,*,#6989,.F.);
#6992=ORIENTED_EDGE('',*,*,#6991,.T.);
#6994=ORIENTED_EDGE('',*,*,#6993,.F.);
#6996=ORIENTED_EDGE('',*,*,#6995,.F.);
#6998=ORIENTED_EDGE('',*,*,#6997,.T.);
#6999=EDGE_LOOP('',(#6990,#6992,#6994,#6996,#6998));
#7000=FACE_OUTER_BOUND('',#6999,.F.);
#7002=CARTESIAN_POINT('',(0.E0,-4.9E-1,0.E0));
#7003=DIRECTION('',(0.E0,1.E0,0.E0));
#7004=DIRECTION('',(0.E0,0.E0,1.E0));
#7005=AXIS2_PLACEMENT_3D('',#7002,#7003,#7004);
#7006=PLANE('',#7005);
#7008=ORIENTED_EDGE('',*,*,#7007,.F.);
#7010=ORIENTED_EDGE('',*,*,#7009,.F.);
#7011=ORIENTED_EDGE('',*,*,#6879,.F.);
#7012=ORIENTED_EDGE('',*,*,#6866,.T.);
#7014=ORIENTED_EDGE('',*,*,#7013,.T.);
#7015=EDGE_LOOP('',(#7008,#7010,#7011,#7012,#7014));
#7016=FACE_OUTER_BOUND('',#7015,.F.);
#7018=CARTESIAN_POINT('',(0.E0,-4.9E-1,0.E0));
#7019=DIRECTION('',(0.E0,1.E0,0.E0));
#7020=DIRECTION('',(0.E0,0.E0,1.E0));
#7021=AXIS2_PLACEMENT_3D('',#7018,#7019,#7020);
#7022=PLANE('',#7021);
#7024=ORIENTED_EDGE('',*,*,#7023,.F.);
#7025=ORIENTED_EDGE('',*,*,#6968,.T.);
#7026=ORIENTED_EDGE('',*,*,#6856,.T.);
#7028=ORIENTED_EDGE('',*,*,#7027,.F.);
#7030=ORIENTED_EDGE('',*,*,#7029,.F.);
#7031=EDGE_LOOP('',(#7024,#7025,#7026,#7028,#7030));
#7032=FACE_OUTER_BOUND('',#7031,.F.);
#7034=CARTESIAN_POINT('',(7.105E0,-2.150204880119E-1,-3.6045E0));
#7035=DIRECTION('',(0.E0,-9.396926207859E-1,-3.420201433257E-1));
#7036=DIRECTION('',(-1.E0,0.E0,0.E0));
#7037=AXIS2_PLACEMENT_3D('',#7034,#7035,#7036);
#7038=PLANE('',#7037);
#7040=ORIENTED_EDGE('',*,*,#7039,.T.);
#7042=ORIENTED_EDGE('',*,*,#7041,.F.);
#7044=ORIENTED_EDGE('',*,*,#7043,.T.);
#7046=ORIENTED_EDGE('',*,*,#7045,.T.);
#7048=ORIENTED_EDGE('',*,*,#7047,.T.);
#7050=ORIENTED_EDGE('',*,*,#7049,.T.);
#7051=ORIENTED_EDGE('',*,*,#7007,.T.);
#7052=EDGE_LOOP('',(#7040,#7042,#7044,#7046,#7048,#7050,#7051));
#7053=FACE_OUTER_BOUND('',#7052,.F.);
#7055=CARTESIAN_POINT('',(7.37E0,-8.3E-1,-1.45E0));
#7056=DIRECTION('',(1.E0,0.E0,0.E0));
#7057=DIRECTION('',(0.E0,1.E0,0.E0));
#7058=AXIS2_PLACEMENT_3D('',#7055,#7056,#7057);
#7059=PLANE('',#7058);
#7060=ORIENTED_EDGE('',*,*,#6897,.T.);
#7061=ORIENTED_EDGE('',*,*,#6950,.F.);
#7063=ORIENTED_EDGE('',*,*,#7062,.T.);
#7065=ORIENTED_EDGE('',*,*,#7064,.F.);
#7067=ORIENTED_EDGE('',*,*,#7066,.T.);
#7069=ORIENTED_EDGE('',*,*,#7068,.F.);
#7070=ORIENTED_EDGE('',*,*,#7039,.F.);
#7071=ORIENTED_EDGE('',*,*,#7013,.F.);
#7072=ORIENTED_EDGE('',*,*,#6864,.T.);
#7073=EDGE_LOOP('',(#7060,#7061,#7063,#7065,#7067,#7069,#7070,#7071,#7072));
#7074=FACE_OUTER_BOUND('',#7073,.F.);
#7076=CARTESIAN_POINT('',(7.37E0,-8.3E-1,-1.45E0));
#7077=DIRECTION('',(1.E0,0.E0,0.E0));
#7078=DIRECTION('',(0.E0,1.E0,0.E0));
#7079=AXIS2_PLACEMENT_3D('',#7076,#7077,#7078);
#7080=PLANE('',#7079);
#7082=ORIENTED_EDGE('',*,*,#7081,.T.);
#7084=ORIENTED_EDGE('',*,*,#7083,.F.);
#7086=ORIENTED_EDGE('',*,*,#7085,.F.);
#7088=ORIENTED_EDGE('',*,*,#7087,.F.);
#7090=ORIENTED_EDGE('',*,*,#7089,.F.);
#7091=EDGE_LOOP('',(#7082,#7084,#7086,#7088,#7090));
#7092=FACE_OUTER_BOUND('',#7091,.F.);
#7094=CARTESIAN_POINT('',(7.37E0,8.3E-1,-1.45E0));
#7095=DIRECTION('',(0.E0,1.E0,0.E0));
#7096=DIRECTION('',(-1.E0,0.E0,0.E0));
#7097=AXIS2_PLACEMENT_3D('',#7094,#7095,#7096);
#7098=PLANE('',#7097);
#7099=ORIENTED_EDGE('',*,*,#6948,.T.);
#7101=ORIENTED_EDGE('',*,*,#7100,.F.);
#7103=ORIENTED_EDGE('',*,*,#7102,.F.);
#7105=ORIENTED_EDGE('',*,*,#7104,.T.);
#7107=ORIENTED_EDGE('',*,*,#7106,.F.);
#7109=ORIENTED_EDGE('',*,*,#7108,.F.);
#7111=ORIENTED_EDGE('',*,*,#7110,.F.);
#7112=ORIENTED_EDGE('',*,*,#7062,.F.);
#7113=EDGE_LOOP('',(#7099,#7101,#7103,#7105,#7107,#7109,#7111,#7112));
#7114=FACE_OUTER_BOUND('',#7113,.F.);
#7116=CARTESIAN_POINT('',(7.37E0,8.3E-1,-1.45E0));
#7117=DIRECTION('',(0.E0,1.E0,0.E0));
#7118=DIRECTION('',(-1.E0,0.E0,0.E0));
#7119=AXIS2_PLACEMENT_3D('',#7116,#7117,#7118);
#7120=PLANE('',#7119);
#7121=ORIENTED_EDGE('',*,*,#6940,.T.);
#7122=ORIENTED_EDGE('',*,*,#6978,.T.);
#7124=ORIENTED_EDGE('',*,*,#7123,.F.);
#7126=ORIENTED_EDGE('',*,*,#7125,.F.);
#7128=ORIENTED_EDGE('',*,*,#7127,.F.);
#7130=ORIENTED_EDGE('',*,*,#7129,.F.);
#7132=ORIENTED_EDGE('',*,*,#7131,.F.);
#7134=ORIENTED_EDGE('',*,*,#7133,.T.);
#7135=EDGE_LOOP('',(#7121,#7122,#7124,#7126,#7128,#7130,#7132,#7134));
#7136=FACE_OUTER_BOUND('',#7135,.F.);
#7138=CARTESIAN_POINT('',(5.65E0,1.E0,-4.4E0));
#7139=DIRECTION('',(1.E0,0.E0,0.E0));
#7140=DIRECTION('',(0.E0,-1.E0,0.E0));
#7141=AXIS2_PLACEMENT_3D('',#7138,#7139,#7140);
#7142=PLANE('',#7141);
#7143=ORIENTED_EDGE('',*,*,#6946,.F.);
#7145=ORIENTED_EDGE('',*,*,#7144,.F.);
#7147=ORIENTED_EDGE('',*,*,#7146,.T.);
#7148=ORIENTED_EDGE('',*,*,#7100,.T.);
#7149=EDGE_LOOP('',(#7143,#7145,#7147,#7148));
#7150=FACE_OUTER_BOUND('',#7149,.F.);
#7152=CARTESIAN_POINT('',(8.215E0,1.E0,0.E0));
#7153=DIRECTION('',(0.E0,1.E0,0.E0));
#7154=DIRECTION('',(-1.E0,0.E0,0.E0));
#7155=AXIS2_PLACEMENT_3D('',#7152,#7153,#7154);
#7156=PLANE('',#7155);
#7157=ORIENTED_EDGE('',*,*,#6944,.T.);
#7159=ORIENTED_EDGE('',*,*,#7158,.F.);
#7161=ORIENTED_EDGE('',*,*,#7160,.T.);
#7162=ORIENTED_EDGE('',*,*,#7144,.T.);
#7163=EDGE_LOOP('',(#7157,#7159,#7161,#7162));
#7164=FACE_OUTER_BOUND('',#7163,.F.);
#7166=CARTESIAN_POINT('',(8.215E0,1.E0,0.E0));
#7167=DIRECTION('',(0.E0,1.E0,0.E0));
#7168=DIRECTION('',(-1.E0,0.E0,0.E0));
#7169=AXIS2_PLACEMENT_3D('',#7166,#7167,#7168);
#7170=PLANE('',#7169);
#7172=ORIENTED_EDGE('',*,*,#7171,.F.);
#7174=ORIENTED_EDGE('',*,*,#7173,.T.);
#7176=ORIENTED_EDGE('',*,*,#7175,.T.);
#7177=ORIENTED_EDGE('',*,*,#6703,.T.);
#7178=EDGE_LOOP('',(#7172,#7174,#7176,#7177));
#7179=FACE_OUTER_BOUND('',#7178,.F.);
#7181=CARTESIAN_POINT('',(-5.65E0,8.3E-1,-4.4E0));
#7182=DIRECTION('',(-1.E0,0.E0,0.E0));
#7183=DIRECTION('',(0.E0,1.E0,0.E0));
#7184=AXIS2_PLACEMENT_3D('',#7181,#7182,#7183);
#7185=PLANE('',#7184);
#7186=ORIENTED_EDGE('',*,*,#6942,.F.);
#7187=ORIENTED_EDGE('',*,*,#7133,.F.);
#7189=ORIENTED_EDGE('',*,*,#7188,.T.);
#7190=ORIENTED_EDGE('',*,*,#7158,.T.);
#7191=EDGE_LOOP('',(#7186,#7187,#7189,#7190));
#7192=FACE_OUTER_BOUND('',#7191,.F.);
#7194=CARTESIAN_POINT('',(0.E0,0.E0,-4.4E0));
#7195=DIRECTION('',(0.E0,0.E0,1.E0));
#7196=DIRECTION('',(1.E0,0.E0,0.E0));
#7197=AXIS2_PLACEMENT_3D('',#7194,#7195,#7196);
#7198=PLANE('',#7197);
#7200=ORIENTED_EDGE('',*,*,#7199,.F.);
#7202=ORIENTED_EDGE('',*,*,#7201,.T.);
#7204=ORIENTED_EDGE('',*,*,#7203,.F.);
#7205=ORIENTED_EDGE('',*,*,#7146,.F.);
#7206=ORIENTED_EDGE('',*,*,#7160,.F.);
#7207=ORIENTED_EDGE('',*,*,#7188,.F.);
#7208=EDGE_LOOP('',(#7200,#7202,#7204,#7205,#7206,#7207));
#7209=FACE_OUTER_BOUND('',#7208,.F.);
#7211=ORIENTED_EDGE('',*,*,#7210,.T.);
#7213=ORIENTED_EDGE('',*,*,#7212,.F.);
#7215=ORIENTED_EDGE('',*,*,#7214,.F.);
#7217=ORIENTED_EDGE('',*,*,#7216,.T.);
#7218=EDGE_LOOP('',(#7211,#7213,#7215,#7217));
#7219=FACE_BOUND('',#7218,.F.);
#7221=ORIENTED_EDGE('',*,*,#7220,.T.);
#7223=ORIENTED_EDGE('',*,*,#7222,.F.);
#7225=ORIENTED_EDGE('',*,*,#7224,.F.);
#7227=ORIENTED_EDGE('',*,*,#7226,.T.);
#7228=EDGE_LOOP('',(#7221,#7223,#7225,#7227));
#7229=FACE_BOUND('',#7228,.F.);
#7231=ORIENTED_EDGE('',*,*,#7230,.T.);
#7233=ORIENTED_EDGE('',*,*,#7232,.F.);
#7235=ORIENTED_EDGE('',*,*,#7234,.F.);
#7237=ORIENTED_EDGE('',*,*,#7236,.T.);
#7238=EDGE_LOOP('',(#7231,#7233,#7235,#7237));
#7239=FACE_BOUND('',#7238,.F.);
#7241=ORIENTED_EDGE('',*,*,#7240,.T.);
#7243=ORIENTED_EDGE('',*,*,#7242,.F.);
#7245=ORIENTED_EDGE('',*,*,#7244,.F.);
#7247=ORIENTED_EDGE('',*,*,#7246,.T.);
#7248=EDGE_LOOP('',(#7241,#7243,#7245,#7247));
#7249=FACE_BOUND('',#7248,.F.);
#7251=ORIENTED_EDGE('',*,*,#7250,.T.);
#7253=ORIENTED_EDGE('',*,*,#7252,.F.);
#7255=ORIENTED_EDGE('',*,*,#7254,.F.);
#7257=ORIENTED_EDGE('',*,*,#7256,.T.);
#7258=EDGE_LOOP('',(#7251,#7253,#7255,#7257));
#7259=FACE_BOUND('',#7258,.F.);
#7261=ORIENTED_EDGE('',*,*,#7260,.F.);
#7263=ORIENTED_EDGE('',*,*,#7262,.F.);
#7265=ORIENTED_EDGE('',*,*,#7264,.T.);
#7267=ORIENTED_EDGE('',*,*,#7266,.T.);
#7268=EDGE_LOOP('',(#7261,#7263,#7265,#7267));
#7269=FACE_BOUND('',#7268,.F.);
#7271=ORIENTED_EDGE('',*,*,#7270,.F.);
#7273=ORIENTED_EDGE('',*,*,#7272,.F.);
#7275=ORIENTED_EDGE('',*,*,#7274,.T.);
#7277=ORIENTED_EDGE('',*,*,#7276,.T.);
#7278=EDGE_LOOP('',(#7271,#7273,#7275,#7277));
#7279=FACE_BOUND('',#7278,.F.);
#7281=ORIENTED_EDGE('',*,*,#7280,.F.);
#7283=ORIENTED_EDGE('',*,*,#7282,.F.);
#7285=ORIENTED_EDGE('',*,*,#7284,.T.);
#7287=ORIENTED_EDGE('',*,*,#7286,.T.);
#7288=EDGE_LOOP('',(#7281,#7283,#7285,#7287));
#7289=FACE_BOUND('',#7288,.F.);
#7291=ORIENTED_EDGE('',*,*,#7290,.F.);
#7293=ORIENTED_EDGE('',*,*,#7292,.F.);
#7295=ORIENTED_EDGE('',*,*,#7294,.T.);
#7297=ORIENTED_EDGE('',*,*,#7296,.T.);
#7298=EDGE_LOOP('',(#7291,#7293,#7295,#7297));
#7299=FACE_BOUND('',#7298,.F.);
#7301=ORIENTED_EDGE('',*,*,#7300,.F.);
#7303=ORIENTED_EDGE('',*,*,#7302,.F.);
#7305=ORIENTED_EDGE('',*,*,#7304,.T.);
#7307=ORIENTED_EDGE('',*,*,#7306,.T.);
#7308=EDGE_LOOP('',(#7301,#7303,#7305,#7307));
#7309=FACE_BOUND('',#7308,.F.);
#7311=ORIENTED_EDGE('',*,*,#7310,.F.);
#7313=ORIENTED_EDGE('',*,*,#7312,.F.);
#7315=ORIENTED_EDGE('',*,*,#7314,.T.);
#7317=ORIENTED_EDGE('',*,*,#7316,.T.);
#7318=EDGE_LOOP('',(#7311,#7313,#7315,#7317));
#7319=FACE_BOUND('',#7318,.F.);
#7321=ORIENTED_EDGE('',*,*,#7320,.F.);
#7323=ORIENTED_EDGE('',*,*,#7322,.F.);
#7325=ORIENTED_EDGE('',*,*,#7324,.T.);
#7327=ORIENTED_EDGE('',*,*,#7326,.T.);
#7328=EDGE_LOOP('',(#7321,#7323,#7325,#7327));
#7329=FACE_BOUND('',#7328,.F.);
#7331=ORIENTED_EDGE('',*,*,#7330,.F.);
#7333=ORIENTED_EDGE('',*,*,#7332,.F.);
#7335=ORIENTED_EDGE('',*,*,#7334,.T.);
#7337=ORIENTED_EDGE('',*,*,#7336,.T.);
#7338=EDGE_LOOP('',(#7331,#7333,#7335,#7337));
#7339=FACE_BOUND('',#7338,.F.);
#7341=ORIENTED_EDGE('',*,*,#7340,.F.);
#7343=ORIENTED_EDGE('',*,*,#7342,.F.);
#7345=ORIENTED_EDGE('',*,*,#7344,.T.);
#7347=ORIENTED_EDGE('',*,*,#7346,.T.);
#7348=EDGE_LOOP('',(#7341,#7343,#7345,#7347));
#7349=FACE_BOUND('',#7348,.F.);
#7351=ORIENTED_EDGE('',*,*,#7350,.F.);
#7353=ORIENTED_EDGE('',*,*,#7352,.F.);
#7355=ORIENTED_EDGE('',*,*,#7354,.T.);
#7357=ORIENTED_EDGE('',*,*,#7356,.T.);
#7358=EDGE_LOOP('',(#7351,#7353,#7355,#7357));
#7359=FACE_BOUND('',#7358,.F.);
#7361=ORIENTED_EDGE('',*,*,#7360,.F.);
#7363=ORIENTED_EDGE('',*,*,#7362,.F.);
#7365=ORIENTED_EDGE('',*,*,#7364,.T.);
#7367=ORIENTED_EDGE('',*,*,#7366,.T.);
#7368=EDGE_LOOP('',(#7361,#7363,#7365,#7367));
#7369=FACE_BOUND('',#7368,.F.);
#7371=ORIENTED_EDGE('',*,*,#7370,.F.);
#7373=ORIENTED_EDGE('',*,*,#7372,.F.);
#7375=ORIENTED_EDGE('',*,*,#7374,.T.);
#7377=ORIENTED_EDGE('',*,*,#7376,.T.);
#7378=EDGE_LOOP('',(#7371,#7373,#7375,#7377));
#7379=FACE_BOUND('',#7378,.F.);
#7381=ORIENTED_EDGE('',*,*,#7380,.F.);
#7383=ORIENTED_EDGE('',*,*,#7382,.F.);
#7385=ORIENTED_EDGE('',*,*,#7384,.T.);
#7387=ORIENTED_EDGE('',*,*,#7386,.T.);
#7388=EDGE_LOOP('',(#7381,#7383,#7385,#7387));
#7389=FACE_BOUND('',#7388,.F.);
#7391=ORIENTED_EDGE('',*,*,#7390,.F.);
#7393=ORIENTED_EDGE('',*,*,#7392,.F.);
#7395=ORIENTED_EDGE('',*,*,#7394,.T.);
#7397=ORIENTED_EDGE('',*,*,#7396,.T.);
#7398=EDGE_LOOP('',(#7391,#7393,#7395,#7397));
#7399=FACE_BOUND('',#7398,.F.);
#7401=ORIENTED_EDGE('',*,*,#7400,.F.);
#7403=ORIENTED_EDGE('',*,*,#7402,.F.);
#7405=ORIENTED_EDGE('',*,*,#7404,.T.);
#7407=ORIENTED_EDGE('',*,*,#7406,.T.);
#7408=EDGE_LOOP('',(#7401,#7403,#7405,#7407));
#7409=FACE_BOUND('',#7408,.F.);
#7411=ORIENTED_EDGE('',*,*,#7410,.F.);
#7413=ORIENTED_EDGE('',*,*,#7412,.F.);
#7415=ORIENTED_EDGE('',*,*,#7414,.T.);
#7417=ORIENTED_EDGE('',*,*,#7416,.T.);
#7418=EDGE_LOOP('',(#7411,#7413,#7415,#7417));
#7419=FACE_BOUND('',#7418,.F.);
#7421=ORIENTED_EDGE('',*,*,#7420,.F.);
#7423=ORIENTED_EDGE('',*,*,#7422,.F.);
#7425=ORIENTED_EDGE('',*,*,#7424,.T.);
#7427=ORIENTED_EDGE('',*,*,#7426,.T.);
#7428=EDGE_LOOP('',(#7421,#7423,#7425,#7427));
#7429=FACE_BOUND('',#7428,.F.);
#7431=CARTESIAN_POINT('',(0.E0,0.E0,-4.4E0));
#7432=DIRECTION('',(0.E0,0.E0,1.E0));
#7433=DIRECTION('',(1.E0,0.E0,0.E0));
#7434=AXIS2_PLACEMENT_3D('',#7431,#7432,#7433);
#7435=PLANE('',#7434);
#7437=ORIENTED_EDGE('',*,*,#7436,.F.);
#7439=ORIENTED_EDGE('',*,*,#7438,.F.);
#7440=ORIENTED_EDGE('',*,*,#7085,.T.);
#7442=ORIENTED_EDGE('',*,*,#7441,.F.);
#7444=ORIENTED_EDGE('',*,*,#7443,.T.);
#7446=ORIENTED_EDGE('',*,*,#7445,.T.);
#7447=ORIENTED_EDGE('',*,*,#7064,.T.);
#7448=ORIENTED_EDGE('',*,*,#7110,.T.);
#7450=ORIENTED_EDGE('',*,*,#7449,.F.);
#7452=ORIENTED_EDGE('',*,*,#7451,.F.);
#7454=ORIENTED_EDGE('',*,*,#7453,.F.);
#7456=ORIENTED_EDGE('',*,*,#7455,.F.);
#7458=ORIENTED_EDGE('',*,*,#7457,.F.);
#7460=ORIENTED_EDGE('',*,*,#7459,.F.);
#7462=ORIENTED_EDGE('',*,*,#7461,.F.);
#7464=ORIENTED_EDGE('',*,*,#7463,.F.);
#7465=EDGE_LOOP('',(#7437,#7439,#7440,#7442,#7444,#7446,#7447,#7448,#7450,#7452,
#7454,#7456,#7458,#7460,#7462,#7464));
#7466=FACE_OUTER_BOUND('',#7465,.F.);
#7468=CARTESIAN_POINT('',(0.E0,0.E0,-4.4E0));
#7469=DIRECTION('',(0.E0,0.E0,1.E0));
#7470=DIRECTION('',(1.E0,0.E0,0.E0));
#7471=AXIS2_PLACEMENT_3D('',#7468,#7469,#7470);
#7472=PLANE('',#7471);
#7474=ORIENTED_EDGE('',*,*,#7473,.F.);
#7476=ORIENTED_EDGE('',*,*,#7475,.F.);
#7478=ORIENTED_EDGE('',*,*,#7477,.F.);
#7480=ORIENTED_EDGE('',*,*,#7479,.F.);
#7482=ORIENTED_EDGE('',*,*,#7481,.F.);
#7484=ORIENTED_EDGE('',*,*,#7483,.F.);
#7486=ORIENTED_EDGE('',*,*,#7485,.F.);
#7488=ORIENTED_EDGE('',*,*,#7487,.F.);
#7490=ORIENTED_EDGE('',*,*,#7489,.F.);
#7491=ORIENTED_EDGE('',*,*,#7123,.T.);
#7492=ORIENTED_EDGE('',*,*,#6976,.T.);
#7494=ORIENTED_EDGE('',*,*,#7493,.T.);
#7496=ORIENTED_EDGE('',*,*,#7495,.F.);
#7498=ORIENTED_EDGE('',*,*,#7497,.F.);
#7499=ORIENTED_EDGE('',*,*,#6995,.T.);
#7501=ORIENTED_EDGE('',*,*,#7500,.F.);
#7502=EDGE_LOOP('',(#7474,#7476,#7478,#7480,#7482,#7484,#7486,#7488,#7490,#7491,
#7492,#7494,#7496,#7498,#7499,#7501));
#7503=FACE_OUTER_BOUND('',#7502,.F.);
#7505=CARTESIAN_POINT('',(-5.725E0,-8.5E-2,-4.325E0));
#7506=DIRECTION('',(-7.071067811865E-1,0.E0,-7.071067811865E-1));
#7507=DIRECTION('',(0.E0,-1.E0,0.E0));
#7508=AXIS2_PLACEMENT_3D('',#7505,#7506,#7507);
#7509=PLANE('',#7508);
#7510=ORIENTED_EDGE('',*,*,#7131,.T.);
#7512=ORIENTED_EDGE('',*,*,#7511,.F.);
#7514=ORIENTED_EDGE('',*,*,#7513,.T.);
#7515=ORIENTED_EDGE('',*,*,#7199,.T.);
#7516=EDGE_LOOP('',(#7510,#7512,#7514,#7515));
#7517=FACE_OUTER_BOUND('',#7516,.F.);
#7519=CARTESIAN_POINT('',(-5.8E0,8.3E-1,-4.4E0));
#7520=DIRECTION('',(1.E0,0.E0,0.E0));
#7521=DIRECTION('',(0.E0,-1.E0,0.E0));
#7522=AXIS2_PLACEMENT_3D('',#7519,#7520,#7521);
#7523=PLANE('',#7522);
#7525=ORIENTED_EDGE('',*,*,#7524,.T.);
#7527=ORIENTED_EDGE('',*,*,#7526,.T.);
#7529=ORIENTED_EDGE('',*,*,#7528,.T.);
#7531=ORIENTED_EDGE('',*,*,#7530,.T.);
#7533=ORIENTED_EDGE('',*,*,#7532,.F.);
#7535=ORIENTED_EDGE('',*,*,#7534,.T.);
#7537=ORIENTED_EDGE('',*,*,#7536,.T.);
#7538=ORIENTED_EDGE('',*,*,#7511,.T.);
#7539=ORIENTED_EDGE('',*,*,#7129,.T.);
#7541=ORIENTED_EDGE('',*,*,#7540,.T.);
#7543=ORIENTED_EDGE('',*,*,#7542,.T.);
#7545=ORIENTED_EDGE('',*,*,#7544,.F.);
#7547=ORIENTED_EDGE('',*,*,#7546,.F.);
#7549=ORIENTED_EDGE('',*,*,#7548,.F.);
#7551=ORIENTED_EDGE('',*,*,#7550,.F.);
#7553=ORIENTED_EDGE('',*,*,#7552,.F.);
#7555=ORIENTED_EDGE('',*,*,#7554,.F.);
#7557=ORIENTED_EDGE('',*,*,#7556,.T.);
#7558=EDGE_LOOP('',(#7525,#7527,#7529,#7531,#7533,#7535,#7537,#7538,#7539,#7541,
#7543,#7545,#7547,#7549,#7551,#7553,#7555,#7557));
#7559=FACE_OUTER_BOUND('',#7558,.F.);
#7561=CARTESIAN_POINT('',(-7.37E0,-8.3E-1,-1.45E0));
#7562=DIRECTION('',(0.E0,-1.E0,0.E0));
#7563=DIRECTION('',(1.E0,0.E0,0.E0));
#7564=AXIS2_PLACEMENT_3D('',#7561,#7562,#7563);
#7565=PLANE('',#7564);
#7567=ORIENTED_EDGE('',*,*,#7566,.T.);
#7569=ORIENTED_EDGE('',*,*,#7568,.F.);
#7571=ORIENTED_EDGE('',*,*,#7570,.F.);
#7572=ORIENTED_EDGE('',*,*,#6991,.F.);
#7574=ORIENTED_EDGE('',*,*,#7573,.T.);
#7575=ORIENTED_EDGE('',*,*,#7524,.F.);
#7577=ORIENTED_EDGE('',*,*,#7576,.F.);
#7579=ORIENTED_EDGE('',*,*,#7578,.F.);
#7581=ORIENTED_EDGE('',*,*,#7580,.F.);
#7583=ORIENTED_EDGE('',*,*,#7582,.F.);
#7584=EDGE_LOOP('',(#7567,#7569,#7571,#7572,#7574,#7575,#7577,#7579,#7581,
#7583));
#7585=FACE_OUTER_BOUND('',#7584,.F.);
#7587=CARTESIAN_POINT('',(-7.37E0,-8.3E-1,-1.45E0));
#7588=DIRECTION('',(0.E0,-1.E0,0.E0));
#7589=DIRECTION('',(1.E0,0.E0,0.E0));
#7590=AXIS2_PLACEMENT_3D('',#7587,#7588,#7589);
#7591=PLANE('',#7590);
#7593=ORIENTED_EDGE('',*,*,#7592,.T.);
#7595=ORIENTED_EDGE('',*,*,#7594,.F.);
#7597=ORIENTED_EDGE('',*,*,#7596,.F.);
#7599=ORIENTED_EDGE('',*,*,#7598,.F.);
#7601=ORIENTED_EDGE('',*,*,#7600,.F.);
#7603=ORIENTED_EDGE('',*,*,#7602,.F.);
#7605=ORIENTED_EDGE('',*,*,#7604,.F.);
#7607=ORIENTED_EDGE('',*,*,#7606,.T.);
#7609=ORIENTED_EDGE('',*,*,#7608,.F.);
#7610=ORIENTED_EDGE('',*,*,#7089,.T.);
#7611=EDGE_LOOP('',(#7593,#7595,#7597,#7599,#7601,#7603,#7605,#7607,#7609,
#7610));
#7612=FACE_OUTER_BOUND('',#7611,.F.);
#7614=CARTESIAN_POINT('',(-6.265E0,-8.3E-1,-1.6E0));
#7615=DIRECTION('',(1.E0,0.E0,0.E0));
#7616=DIRECTION('',(0.E0,0.E0,-1.E0));
#7617=AXIS2_PLACEMENT_3D('',#7614,#7615,#7616);
#7618=PLANE('',#7617);
#7620=ORIENTED_EDGE('',*,*,#7619,.F.);
#7621=ORIENTED_EDGE('',*,*,#7566,.F.);
#7623=ORIENTED_EDGE('',*,*,#7622,.F.);
#7625=ORIENTED_EDGE('',*,*,#7624,.T.);
#7626=EDGE_LOOP('',(#7620,#7621,#7623,#7625));
#7627=FACE_OUTER_BOUND('',#7626,.F.);
#7629=CARTESIAN_POINT('',(-6.315E0,-8.112224E-1,-1.65E0));
#7630=DIRECTION('',(0.E0,-1.E0,0.E0));
#7631=DIRECTION('',(1.E0,0.E0,0.E0));
#7632=AXIS2_PLACEMENT_3D('',#7629,#7630,#7631);
#7633=CYLINDRICAL_SURFACE('',#7632,5.E-2);
#7635=ORIENTED_EDGE('',*,*,#7634,.F.);
#7636=ORIENTED_EDGE('',*,*,#7568,.T.);
#7637=ORIENTED_EDGE('',*,*,#7619,.T.);
#7639=ORIENTED_EDGE('',*,*,#7638,.T.);
#7640=EDGE_LOOP('',(#7635,#7636,#7637,#7639));
#7641=FACE_OUTER_BOUND('',#7640,.F.);
#7643=CARTESIAN_POINT('',(-7.565E0,-8.3E-1,-1.6E0));
#7644=DIRECTION('',(0.E0,0.E0,1.E0));
#7645=DIRECTION('',(1.E0,0.E0,0.E0));
#7646=AXIS2_PLACEMENT_3D('',#7643,#7644,#7645);
#7647=PLANE('',#7646);
#7649=ORIENTED_EDGE('',*,*,#7648,.F.);
#7651=ORIENTED_EDGE('',*,*,#7650,.F.);
#7652=ORIENTED_EDGE('',*,*,#7570,.T.);
#7653=ORIENTED_EDGE('',*,*,#7634,.T.);
#7655=ORIENTED_EDGE('',*,*,#7654,.T.);
#7656=EDGE_LOOP('',(#7649,#7651,#7652,#7653,#7655));
#7657=FACE_OUTER_BOUND('',#7656,.F.);
#7659=CARTESIAN_POINT('',(-7.465E0,-8.1154784E-1,-1.7E0));
#7660=DIRECTION('',(0.E0,-1.E0,0.E0));
#7661=DIRECTION('',(0.E0,0.E0,1.E0));
#7662=AXIS2_PLACEMENT_3D('',#7659,#7660,#7661);
#7663=CYLINDRICAL_SURFACE('',#7662,1.E-1);
#7665=ORIENTED_EDGE('',*,*,#7664,.T.);
#7666=ORIENTED_EDGE('',*,*,#7648,.T.);
#7668=ORIENTED_EDGE('',*,*,#7667,.T.);
#7670=ORIENTED_EDGE('',*,*,#7669,.F.);
#7671=EDGE_LOOP('',(#7665,#7666,#7668,#7670));
#7672=FACE_OUTER_BOUND('',#7671,.F.);
#7674=CARTESIAN_POINT('',(7.565E0,-8.3E-1,-4.4E0));
#7675=DIRECTION('',(0.E0,1.E0,0.E0));
#7676=DIRECTION('',(-1.E0,0.E0,0.E0));
#7677=AXIS2_PLACEMENT_3D('',#7674,#7675,#7676);
#7678=PLANE('',#7677);
#7679=ORIENTED_EDGE('',*,*,#7487,.T.);
#7681=ORIENTED_EDGE('',*,*,#7680,.F.);
#7683=ORIENTED_EDGE('',*,*,#7682,.F.);
#7685=ORIENTED_EDGE('',*,*,#7684,.F.);
#7686=EDGE_LOOP('',(#7679,#7681,#7683,#7685));
#7687=FACE_OUTER_BOUND('',#7686,.F.);
#7689=CARTESIAN_POINT('',(7.565E0,-8.3E-1,-4.4E0));
#7690=DIRECTION('',(0.E0,1.E0,0.E0));
#7691=DIRECTION('',(-1.E0,0.E0,0.E0));
#7692=AXIS2_PLACEMENT_3D('',#7689,#7690,#7691);
#7693=PLANE('',#7692);
#7694=ORIENTED_EDGE('',*,*,#7451,.T.);
#7696=ORIENTED_EDGE('',*,*,#7695,.T.);
#7698=ORIENTED_EDGE('',*,*,#7697,.F.);
#7700=ORIENTED_EDGE('',*,*,#7699,.T.);
#7701=EDGE_LOOP('',(#7694,#7696,#7698,#7700));
#7702=FACE_OUTER_BOUND('',#7701,.F.);
#7704=CARTESIAN_POINT('',(7.565E0,-8.3E-1,-4.4E0));
#7705=DIRECTION('',(0.E0,1.E0,0.E0));
#7706=DIRECTION('',(-1.E0,0.E0,0.E0));
#7707=AXIS2_PLACEMENT_3D('',#7704,#7705,#7706);
#7708=PLANE('',#7707);
#7710=ORIENTED_EDGE('',*,*,#7709,.F.);
#7712=ORIENTED_EDGE('',*,*,#7711,.T.);
#7713=ORIENTED_EDGE('',*,*,#7087,.T.);
#7714=ORIENTED_EDGE('',*,*,#7438,.T.);
#7716=ORIENTED_EDGE('',*,*,#7715,.F.);
#7718=ORIENTED_EDGE('',*,*,#7717,.F.);
#7720=ORIENTED_EDGE('',*,*,#7719,.F.);
#7722=ORIENTED_EDGE('',*,*,#7721,.F.);
#7724=ORIENTED_EDGE('',*,*,#7723,.F.);
#7726=ORIENTED_EDGE('',*,*,#7725,.F.);
#7727=EDGE_LOOP('',(#7710,#7712,#7713,#7714,#7716,#7718,#7720,#7722,#7724,
#7726));
#7728=FACE_OUTER_BOUND('',#7727,.F.);
#7730=CARTESIAN_POINT('',(7.565E0,-8.3E-1,-4.4E0));
#7731=DIRECTION('',(0.E0,1.E0,0.E0));
#7732=DIRECTION('',(-1.E0,0.E0,0.E0));
#7733=AXIS2_PLACEMENT_3D('',#7730,#7731,#7732);
#7734=PLANE('',#7733);
#7736=ORIENTED_EDGE('',*,*,#7735,.F.);
#7737=ORIENTED_EDGE('',*,*,#7500,.T.);
#7738=ORIENTED_EDGE('',*,*,#6993,.T.);
#7739=ORIENTED_EDGE('',*,*,#7650,.T.);
#7740=ORIENTED_EDGE('',*,*,#7664,.F.);
#7742=ORIENTED_EDGE('',*,*,#7741,.F.);
#7744=ORIENTED_EDGE('',*,*,#7743,.F.);
#7746=ORIENTED_EDGE('',*,*,#7745,.F.);
#7748=ORIENTED_EDGE('',*,*,#7747,.F.);
#7750=ORIENTED_EDGE('',*,*,#7749,.F.);
#7751=EDGE_LOOP('',(#7736,#7737,#7738,#7739,#7740,#7742,#7744,#7746,#7748,
#7750));
#7752=FACE_OUTER_BOUND('',#7751,.F.);
#7754=CARTESIAN_POINT('',(-6.166E0,-6.79E-1,-4.4E0));
#7755=DIRECTION('',(0.E0,0.E0,1.E0));
#7756=DIRECTION('',(-1.E0,0.E0,0.E0));
#7757=AXIS2_PLACEMENT_3D('',#7754,#7755,#7756);
#7758=CYLINDRICAL_SURFACE('',#7757,1.51E-1);
#7759=ORIENTED_EDGE('',*,*,#7485,.T.);
#7761=ORIENTED_EDGE('',*,*,#7760,.F.);
#7763=ORIENTED_EDGE('',*,*,#7762,.F.);
#7764=ORIENTED_EDGE('',*,*,#7680,.T.);
#7765=EDGE_LOOP('',(#7759,#7761,#7763,#7764));
#7766=FACE_OUTER_BOUND('',#7765,.F.);
#7768=CARTESIAN_POINT('',(-6.015E0,-2.8E-1,-4.4E0));
#7769=DIRECTION('',(-1.E0,0.E0,0.E0));
#7770=DIRECTION('',(0.E0,-1.E0,0.E0));
#7771=AXIS2_PLACEMENT_3D('',#7768,#7769,#7770);
#7772=PLANE('',#7771);
#7774=ORIENTED_EDGE('',*,*,#7773,.F.);
#7775=ORIENTED_EDGE('',*,*,#7760,.T.);
#7776=ORIENTED_EDGE('',*,*,#7483,.T.);
#7778=ORIENTED_EDGE('',*,*,#7777,.F.);
#7780=ORIENTED_EDGE('',*,*,#7779,.T.);
#7782=ORIENTED_EDGE('',*,*,#7781,.T.);
#7783=EDGE_LOOP('',(#7774,#7775,#7776,#7778,#7780,#7782));
#7784=FACE_OUTER_BOUND('',#7783,.F.);
#7786=CARTESIAN_POINT('',(0.E0,0.E0,-2.6E0));
#7787=DIRECTION('',(0.E0,0.E0,1.E0));
#7788=DIRECTION('',(-1.E0,0.E0,0.E0));
#7789=AXIS2_PLACEMENT_3D('',#7786,#7787,#7788);
#7790=PLANE('',#7789);
#7792=ORIENTED_EDGE('',*,*,#7791,.T.);
#7793=ORIENTED_EDGE('',*,*,#7580,.T.);
#7794=ORIENTED_EDGE('',*,*,#7682,.T.);
#7795=ORIENTED_EDGE('',*,*,#7762,.T.);
#7796=ORIENTED_EDGE('',*,*,#7773,.T.);
#7798=ORIENTED_EDGE('',*,*,#7797,.F.);
#7800=ORIENTED_EDGE('',*,*,#7799,.T.);
#7802=ORIENTED_EDGE('',*,*,#7801,.T.);
#7804=ORIENTED_EDGE('',*,*,#7803,.T.);
#7805=EDGE_LOOP('',(#7792,#7793,#7794,#7795,#7796,#7798,#7800,#7802,#7804));
#7806=FACE_OUTER_BOUND('',#7805,.F.);
#7808=CARTESIAN_POINT('',(0.E0,0.E0,-2.6E0));
#7809=DIRECTION('',(0.E0,0.E0,1.E0));
#7810=DIRECTION('',(-1.E0,0.E0,0.E0));
#7811=AXIS2_PLACEMENT_3D('',#7808,#7809,#7810);
#7812=PLANE('',#7811);
#7814=ORIENTED_EDGE('',*,*,#7813,.T.);
#7816=ORIENTED_EDGE('',*,*,#7815,.T.);
#7818=ORIENTED_EDGE('',*,*,#7817,.T.);
#7820=ORIENTED_EDGE('',*,*,#7819,.T.);
#7822=ORIENTED_EDGE('',*,*,#7821,.F.);
#7824=ORIENTED_EDGE('',*,*,#7823,.T.);
#7826=ORIENTED_EDGE('',*,*,#7825,.T.);
#7827=ORIENTED_EDGE('',*,*,#7697,.T.);
#7828=ORIENTED_EDGE('',*,*,#7600,.T.);
#7829=EDGE_LOOP('',(#7814,#7816,#7818,#7820,#7822,#7824,#7826,#7827,#7828));
#7830=FACE_OUTER_BOUND('',#7829,.F.);
#7832=CARTESIAN_POINT('',(-6.215E0,-1.04604448E0,-2.55E0));
#7833=DIRECTION('',(0.E0,1.E0,0.E0));
#7834=DIRECTION('',(0.E0,0.E0,-1.E0));
#7835=AXIS2_PLACEMENT_3D('',#7832,#7833,#7834);
#7836=CYLINDRICAL_SURFACE('',#7835,5.E-2);
#7837=ORIENTED_EDGE('',*,*,#7791,.F.);
#7839=ORIENTED_EDGE('',*,*,#7838,.T.);
#7840=ORIENTED_EDGE('',*,*,#7622,.T.);
#7841=ORIENTED_EDGE('',*,*,#7582,.T.);
#7842=EDGE_LOOP('',(#7837,#7839,#7840,#7841));
#7843=FACE_OUTER_BOUND('',#7842,.F.);
#7845=CARTESIAN_POINT('',(6.166E0,-1.03E0,-4.4E0));
#7846=DIRECTION('',(0.E0,-1.E0,0.E0));
#7847=DIRECTION('',(1.E0,0.E0,0.E0));
#7848=AXIS2_PLACEMENT_3D('',#7845,#7846,#7847);
#7849=PLANE('',#7848);
#7851=ORIENTED_EDGE('',*,*,#7850,.F.);
#7853=ORIENTED_EDGE('',*,*,#7852,.T.);
#7855=ORIENTED_EDGE('',*,*,#7854,.T.);
#7857=ORIENTED_EDGE('',*,*,#7856,.T.);
#7859=ORIENTED_EDGE('',*,*,#7858,.T.);
#7861=ORIENTED_EDGE('',*,*,#7860,.T.);
#7863=ORIENTED_EDGE('',*,*,#7862,.F.);
#7864=ORIENTED_EDGE('',*,*,#7463,.T.);
#7866=ORIENTED_EDGE('',*,*,#7865,.F.);
#7867=ORIENTED_EDGE('',*,*,#7815,.F.);
#7869=ORIENTED_EDGE('',*,*,#7868,.F.);
#7871=ORIENTED_EDGE('',*,*,#7870,.F.);
#7873=ORIENTED_EDGE('',*,*,#7872,.F.);
#7875=ORIENTED_EDGE('',*,*,#7874,.F.);
#7876=EDGE_LOOP('',(#7851,#7853,#7855,#7857,#7859,#7861,#7863,#7864,#7866,#7867,
#7869,#7871,#7873,#7875));
#7877=FACE_OUTER_BOUND('',#7876,.F.);
#7879=CARTESIAN_POINT('',(6.166E0,-1.03E0,-4.4E0));
#7880=DIRECTION('',(0.E0,-1.E0,0.E0));
#7881=DIRECTION('',(1.E0,0.E0,0.E0));
#7882=AXIS2_PLACEMENT_3D('',#7879,#7880,#7881);
#7883=PLANE('',#7882);
#7885=ORIENTED_EDGE('',*,*,#7884,.F.);
#7887=ORIENTED_EDGE('',*,*,#7886,.T.);
#7889=ORIENTED_EDGE('',*,*,#7888,.T.);
#7891=ORIENTED_EDGE('',*,*,#7890,.T.);
#7893=ORIENTED_EDGE('',*,*,#7892,.T.);
#7895=ORIENTED_EDGE('',*,*,#7894,.T.);
#7896=ORIENTED_EDGE('',*,*,#7667,.F.);
#7897=ORIENTED_EDGE('',*,*,#7654,.F.);
#7898=ORIENTED_EDGE('',*,*,#7638,.F.);
#7899=ORIENTED_EDGE('',*,*,#7624,.F.);
#7900=ORIENTED_EDGE('',*,*,#7838,.F.);
#7901=ORIENTED_EDGE('',*,*,#7803,.F.);
#7903=ORIENTED_EDGE('',*,*,#7902,.T.);
#7904=ORIENTED_EDGE('',*,*,#7475,.T.);
#7905=EDGE_LOOP('',(#7885,#7887,#7889,#7891,#7893,#7895,#7896,#7897,#7898,#7899,
#7900,#7901,#7903,#7904));
#7906=FACE_OUTER_BOUND('',#7905,.F.);
#7908=CARTESIAN_POINT('',(7.465E0,-8.1225776E-1,-1.7E0));
#7909=DIRECTION('',(0.E0,-1.E0,0.E0));
#7910=DIRECTION('',(1.E0,0.E0,0.E0));
#7911=AXIS2_PLACEMENT_3D('',#7908,#7909,#7910);
#7912=CYLINDRICAL_SURFACE('',#7911,1.E-1);
#7913=ORIENTED_EDGE('',*,*,#7709,.T.);
#7915=ORIENTED_EDGE('',*,*,#7914,.T.);
#7916=ORIENTED_EDGE('',*,*,#7850,.T.);
#7918=ORIENTED_EDGE('',*,*,#7917,.F.);
#7919=EDGE_LOOP('',(#7913,#7915,#7916,#7918));
#7920=FACE_OUTER_BOUND('',#7919,.F.);
#7922=CARTESIAN_POINT('',(7.565E0,-1.03E0,-4.4E0));
#7923=DIRECTION('',(1.E0,0.E0,0.E0));
#7924=DIRECTION('',(0.E0,1.E0,0.E0));
#7925=AXIS2_PLACEMENT_3D('',#7922,#7923,#7924);
#7926=PLANE('',#7925);
#7927=ORIENTED_EDGE('',*,*,#7914,.F.);
#7928=ORIENTED_EDGE('',*,*,#7725,.T.);
#7930=ORIENTED_EDGE('',*,*,#7929,.T.);
#7931=ORIENTED_EDGE('',*,*,#7852,.F.);
#7932=EDGE_LOOP('',(#7927,#7928,#7930,#7931));
#7933=FACE_OUTER_BOUND('',#7932,.F.);
#7935=CARTESIAN_POINT('',(7.565E0,-1.03E0,-4.4E0));
#7936=DIRECTION('',(1.E0,0.E0,0.E0));
#7937=DIRECTION('',(0.E0,1.E0,0.E0));
#7938=AXIS2_PLACEMENT_3D('',#7935,#7936,#7937);
#7939=PLANE('',#7938);
#7941=ORIENTED_EDGE('',*,*,#7940,.T.);
#7942=ORIENTED_EDGE('',*,*,#7860,.F.);
#7944=ORIENTED_EDGE('',*,*,#7943,.F.);
#7945=ORIENTED_EDGE('',*,*,#7717,.T.);
#7946=EDGE_LOOP('',(#7941,#7942,#7944,#7945));
#7947=FACE_OUTER_BOUND('',#7946,.F.);
#7949=CARTESIAN_POINT('',(7.415E0,-1.03E0,-2.15E0));
#7950=DIRECTION('',(-7.071067811865E-1,0.E0,7.071067811865E-1));
#7951=DIRECTION('',(7.071067811865E-1,0.E0,7.071067811865E-1));
#7952=AXIS2_PLACEMENT_3D('',#7949,#7950,#7951);
#7953=PLANE('',#7952);
#7955=ORIENTED_EDGE('',*,*,#7954,.T.);
#7956=ORIENTED_EDGE('',*,*,#7854,.F.);
#7957=ORIENTED_EDGE('',*,*,#7929,.F.);
#7958=ORIENTED_EDGE('',*,*,#7723,.T.);
#7959=EDGE_LOOP('',(#7955,#7956,#7957,#7958));
#7960=FACE_OUTER_BOUND('',#7959,.F.);
#7962=CARTESIAN_POINT('',(7.415E0,-1.03E0,-2.55E0));
#7963=DIRECTION('',(-1.E0,0.E0,0.E0));
#7964=DIRECTION('',(0.E0,0.E0,1.E0));
#7965=AXIS2_PLACEMENT_3D('',#7962,#7963,#7964);
#7966=PLANE('',#7965);
#7968=ORIENTED_EDGE('',*,*,#7967,.T.);
#7969=ORIENTED_EDGE('',*,*,#7856,.F.);
#7970=ORIENTED_EDGE('',*,*,#7954,.F.);
#7971=ORIENTED_EDGE('',*,*,#7721,.T.);
#7972=EDGE_LOOP('',(#7968,#7969,#7970,#7971));
#7973=FACE_OUTER_BOUND('',#7972,.F.);
#7975=CARTESIAN_POINT('',(7.565E0,-1.03E0,-2.7E0));
#7976=DIRECTION('',(-7.071067811865E-1,0.E0,-7.071067811865E-1));
#7977=DIRECTION('',(-7.071067811865E-1,0.E0,7.071067811865E-1));
#7978=AXIS2_PLACEMENT_3D('',#7975,#7976,#7977);
#7979=PLANE('',#7978);
#7980=ORIENTED_EDGE('',*,*,#7967,.F.);
#7981=ORIENTED_EDGE('',*,*,#7719,.T.);
#7982=ORIENTED_EDGE('',*,*,#7943,.T.);
#7983=ORIENTED_EDGE('',*,*,#7858,.F.);
#7984=EDGE_LOOP('',(#7980,#7981,#7982,#7983));
#7985=FACE_OUTER_BOUND('',#7984,.F.);
#7987=CARTESIAN_POINT('',(7.465E0,-8.0378768E-1,-4.3E0));
#7988=DIRECTION('',(0.E0,-1.E0,0.E0));
#7989=DIRECTION('',(0.E0,0.E0,-1.E0));
#7990=AXIS2_PLACEMENT_3D('',#7987,#7988,#7989);
#7991=CYLINDRICAL_SURFACE('',#7990,1.E-1);
#7992=ORIENTED_EDGE('',*,*,#7715,.T.);
#7993=ORIENTED_EDGE('',*,*,#7436,.T.);
#7994=ORIENTED_EDGE('',*,*,#7862,.T.);
#7995=ORIENTED_EDGE('',*,*,#7940,.F.);
#7996=EDGE_LOOP('',(#7992,#7993,#7994,#7995));
#7997=FACE_OUTER_BOUND('',#7996,.F.);
#7999=CARTESIAN_POINT('',(6.265E0,-8.3E-1,-1.6E0));
#8000=DIRECTION('',(0.E0,0.E0,1.E0));
#8001=DIRECTION('',(1.E0,0.E0,0.E0));
#8002=AXIS2_PLACEMENT_3D('',#7999,#8000,#8001);
#8003=PLANE('',#8002);
#8004=ORIENTED_EDGE('',*,*,#7917,.T.);
#8005=ORIENTED_EDGE('',*,*,#7874,.T.);
#8007=ORIENTED_EDGE('',*,*,#8006,.F.);
#8008=ORIENTED_EDGE('',*,*,#7592,.F.);
#8009=ORIENTED_EDGE('',*,*,#7711,.F.);
#8010=EDGE_LOOP('',(#8004,#8005,#8007,#8008,#8009));
#8011=FACE_OUTER_BOUND('',#8010,.F.);
#8013=CARTESIAN_POINT('',(6.315E0,-8.112224E-1,-1.65E0));
#8014=DIRECTION('',(0.E0,-1.E0,0.E0));
#8015=DIRECTION('',(1.776356839400E-14,0.E0,1.E0));
#8016=AXIS2_PLACEMENT_3D('',#8013,#8014,#8015);
#8017=CYLINDRICAL_SURFACE('',#8016,5.E-2);
#8019=ORIENTED_EDGE('',*,*,#8018,.F.);
#8020=ORIENTED_EDGE('',*,*,#7594,.T.);
#8021=ORIENTED_EDGE('',*,*,#8006,.T.);
#8022=ORIENTED_EDGE('',*,*,#7872,.T.);
#8023=EDGE_LOOP('',(#8019,#8020,#8021,#8022));
#8024=FACE_OUTER_BOUND('',#8023,.F.);
#8026=CARTESIAN_POINT('',(6.265E0,-8.3E-1,-2.6E0));
#8027=DIRECTION('',(-1.E0,0.E0,0.E0));
#8028=DIRECTION('',(0.E0,0.E0,1.E0));
#8029=AXIS2_PLACEMENT_3D('',#8026,#8027,#8028);
#8030=PLANE('',#8029);
#8031=ORIENTED_EDGE('',*,*,#8018,.T.);
#8032=ORIENTED_EDGE('',*,*,#7870,.T.);
#8034=ORIENTED_EDGE('',*,*,#8033,.F.);
#8035=ORIENTED_EDGE('',*,*,#7596,.T.);
#8036=EDGE_LOOP('',(#8031,#8032,#8034,#8035));
#8037=FACE_OUTER_BOUND('',#8036,.F.);
#8039=CARTESIAN_POINT('',(6.215E0,-8.0230304E-1,-2.55E0));
#8040=DIRECTION('',(0.E0,-1.E0,0.E0));
#8041=DIRECTION('',(0.E0,0.E0,-1.E0));
#8042=AXIS2_PLACEMENT_3D('',#8039,#8040,#8041);
#8043=CYLINDRICAL_SURFACE('',#8042,5.E-2);
#8044=ORIENTED_EDGE('',*,*,#7813,.F.);
#8045=ORIENTED_EDGE('',*,*,#7598,.T.);
#8046=ORIENTED_EDGE('',*,*,#8033,.T.);
#8047=ORIENTED_EDGE('',*,*,#7868,.T.);
#8048=EDGE_LOOP('',(#8044,#8045,#8046,#8047));
#8049=FACE_OUTER_BOUND('',#8048,.F.);
#8051=CARTESIAN_POINT('',(6.166E0,-6.79E-1,-4.4E0));
#8052=DIRECTION('',(0.E0,0.E0,1.E0));
#8053=DIRECTION('',(-1.E0,0.E0,0.E0));
#8054=AXIS2_PLACEMENT_3D('',#8051,#8052,#8053);
#8055=CYLINDRICAL_SURFACE('',#8054,3.51E-1);
#8056=ORIENTED_EDGE('',*,*,#7461,.T.);
#8058=ORIENTED_EDGE('',*,*,#8057,.F.);
#8059=ORIENTED_EDGE('',*,*,#7817,.F.);
#8060=ORIENTED_EDGE('',*,*,#7865,.T.);
#8061=EDGE_LOOP('',(#8056,#8058,#8059,#8060));
#8062=FACE_OUTER_BOUND('',#8061,.F.);
#8064=CARTESIAN_POINT('',(5.815E0,-2.8E-1,-4.4E0));
#8065=DIRECTION('',(-1.E0,0.E0,0.E0));
#8066=DIRECTION('',(0.E0,-1.E0,0.E0));
#8067=AXIS2_PLACEMENT_3D('',#8064,#8065,#8066);
#8068=PLANE('',#8067);
#8069=ORIENTED_EDGE('',*,*,#7819,.F.);
#8070=ORIENTED_EDGE('',*,*,#8057,.T.);
#8071=ORIENTED_EDGE('',*,*,#7459,.T.);
#8073=ORIENTED_EDGE('',*,*,#8072,.F.);
#8075=ORIENTED_EDGE('',*,*,#8074,.T.);
#8077=ORIENTED_EDGE('',*,*,#8076,.T.);
#8078=EDGE_LOOP('',(#8069,#8070,#8071,#8073,#8075,#8077));
#8079=FACE_OUTER_BOUND('',#8078,.F.);
#8081=CARTESIAN_POINT('',(6.015E0,-2.8E-1,-4.4E0));
#8082=DIRECTION('',(0.E0,1.E0,0.E0));
#8083=DIRECTION('',(-1.E0,0.E0,0.E0));
#8084=AXIS2_PLACEMENT_3D('',#8081,#8082,#8083);
#8085=PLANE('',#8084);
#8087=ORIENTED_EDGE('',*,*,#8086,.F.);
#8089=ORIENTED_EDGE('',*,*,#8088,.T.);
#8090=ORIENTED_EDGE('',*,*,#8072,.T.);
#8091=ORIENTED_EDGE('',*,*,#7457,.T.);
#8092=EDGE_LOOP('',(#8087,#8089,#8090,#8091));
#8093=FACE_OUTER_BOUND('',#8092,.F.);
#8095=CARTESIAN_POINT('',(6.015E0,-6.79E-1,-4.4E0));
#8096=DIRECTION('',(1.E0,0.E0,0.E0));
#8097=DIRECTION('',(0.E0,1.E0,0.E0));
#8098=AXIS2_PLACEMENT_3D('',#8095,#8096,#8097);
#8099=PLANE('',#8098);
#8100=ORIENTED_EDGE('',*,*,#7823,.F.);
#8102=ORIENTED_EDGE('',*,*,#8101,.F.);
#8104=ORIENTED_EDGE('',*,*,#8103,.F.);
#8105=ORIENTED_EDGE('',*,*,#8086,.T.);
#8106=ORIENTED_EDGE('',*,*,#7455,.T.);
#8108=ORIENTED_EDGE('',*,*,#8107,.F.);
#8109=EDGE_LOOP('',(#8100,#8102,#8104,#8105,#8106,#8108));
#8110=FACE_OUTER_BOUND('',#8109,.F.);
#8112=CARTESIAN_POINT('',(6.03E0,-3.2E-1,-2.55E0));
#8113=DIRECTION('',(0.E0,-1.E0,0.E0));
#8114=DIRECTION('',(-1.E0,0.E0,0.E0));
#8115=AXIS2_PLACEMENT_3D('',#8112,#8113,#8114);
#8116=PLANE('',#8115);
#8117=ORIENTED_EDGE('',*,*,#7821,.T.);
#8118=ORIENTED_EDGE('',*,*,#8076,.F.);
#8120=ORIENTED_EDGE('',*,*,#8119,.T.);
#8122=ORIENTED_EDGE('',*,*,#8121,.F.);
#8124=ORIENTED_EDGE('',*,*,#8123,.F.);
#8126=ORIENTED_EDGE('',*,*,#8125,.F.);
#8128=ORIENTED_EDGE('',*,*,#8127,.T.);
#8130=ORIENTED_EDGE('',*,*,#8129,.T.);
#8131=ORIENTED_EDGE('',*,*,#8101,.T.);
#8132=EDGE_LOOP('',(#8117,#8118,#8120,#8122,#8124,#8126,#8128,#8130,#8131));
#8133=FACE_OUTER_BOUND('',#8132,.F.);
#8135=CARTESIAN_POINT('',(6.04845216E0,-1.7E-1,-3.6E0));
#8136=DIRECTION('',(-1.E0,0.E0,0.E0));
#8137=DIRECTION('',(0.E0,0.E0,-1.E0));
#8138=AXIS2_PLACEMENT_3D('',#8135,#8136,#8137);
#8139=CYLINDRICAL_SURFACE('',#8138,1.5E-1);
#8140=ORIENTED_EDGE('',*,*,#8103,.T.);
#8141=ORIENTED_EDGE('',*,*,#8129,.F.);
#8143=ORIENTED_EDGE('',*,*,#8142,.T.);
#8145=ORIENTED_EDGE('',*,*,#8144,.T.);
#8147=ORIENTED_EDGE('',*,*,#8146,.T.);
#8148=ORIENTED_EDGE('',*,*,#8119,.F.);
#8149=ORIENTED_EDGE('',*,*,#8074,.F.);
#8150=ORIENTED_EDGE('',*,*,#8088,.F.);
#8151=EDGE_LOOP('',(#8140,#8141,#8143,#8145,#8147,#8148,#8149,#8150));
#8152=FACE_OUTER_BOUND('',#8151,.F.);
#8154=CARTESIAN_POINT('',(6.03E0,8.3E-1,-4.4E0));
#8155=DIRECTION('',(1.E0,0.E0,0.E0));
#8156=DIRECTION('',(0.E0,-1.E0,0.E0));
#8157=AXIS2_PLACEMENT_3D('',#8154,#8155,#8156);
#8158=PLANE('',#8157);
#8160=ORIENTED_EDGE('',*,*,#8159,.F.);
#8161=ORIENTED_EDGE('',*,*,#8142,.F.);
#8162=ORIENTED_EDGE('',*,*,#8127,.F.);
#8164=ORIENTED_EDGE('',*,*,#8163,.T.);
#8166=ORIENTED_EDGE('',*,*,#8165,.T.);
#8168=ORIENTED_EDGE('',*,*,#8167,.T.);
#8170=ORIENTED_EDGE('',*,*,#8169,.T.);
#8172=ORIENTED_EDGE('',*,*,#8171,.T.);
#8174=ORIENTED_EDGE('',*,*,#8173,.T.);
#8176=ORIENTED_EDGE('',*,*,#8175,.F.);
#8177=EDGE_LOOP('',(#8160,#8161,#8162,#8164,#8166,#8168,#8170,#8172,#8174,
#8176));
#8178=FACE_OUTER_BOUND('',#8177,.F.);
#8180=CARTESIAN_POINT('',(0.E0,0.E0,-3.75E0));
#8181=DIRECTION('',(0.E0,0.E0,-1.E0));
#8182=DIRECTION('',(-1.E0,0.E0,0.E0));
#8183=AXIS2_PLACEMENT_3D('',#8180,#8181,#8182);
#8184=PLANE('',#8183);
#8186=ORIENTED_EDGE('',*,*,#8185,.F.);
#8188=ORIENTED_EDGE('',*,*,#8187,.F.);
#8189=ORIENTED_EDGE('',*,*,#8144,.F.);
#8190=ORIENTED_EDGE('',*,*,#8159,.T.);
#8191=EDGE_LOOP('',(#8186,#8188,#8189,#8190));
#8192=FACE_OUTER_BOUND('',#8191,.F.);
#8194=CARTESIAN_POINT('',(0.E0,0.E0,-3.75E0));
#8195=DIRECTION('',(0.E0,0.E0,-1.E0));
#8196=DIRECTION('',(-1.E0,0.E0,0.E0));
#8197=AXIS2_PLACEMENT_3D('',#8194,#8195,#8196);
#8198=PLANE('',#8197);
#8200=ORIENTED_EDGE('',*,*,#8199,.F.);
#8201=ORIENTED_EDGE('',*,*,#7546,.T.);
#8203=ORIENTED_EDGE('',*,*,#8202,.F.);
#8205=ORIENTED_EDGE('',*,*,#8204,.F.);
#8206=EDGE_LOOP('',(#8200,#8201,#8203,#8205));
#8207=FACE_OUTER_BOUND('',#8206,.F.);
#8209=CARTESIAN_POINT('',(5.78154784E0,1.3E-1,-3.6E0));
#8210=DIRECTION('',(1.E0,0.E0,0.E0));
#8211=DIRECTION('',(0.E0,0.E0,-1.E0));
#8212=AXIS2_PLACEMENT_3D('',#8209,#8210,#8211);
#8213=CYLINDRICAL_SURFACE('',#8212,1.5E-1);
#8215=ORIENTED_EDGE('',*,*,#8214,.T.);
#8216=ORIENTED_EDGE('',*,*,#8185,.T.);
#8217=ORIENTED_EDGE('',*,*,#8175,.T.);
#8219=ORIENTED_EDGE('',*,*,#8218,.F.);
#8220=EDGE_LOOP('',(#8215,#8216,#8217,#8219));
#8221=FACE_OUTER_BOUND('',#8220,.F.);
#8223=CARTESIAN_POINT('',(5.8E0,-8.3E-1,-4.4E0));
#8224=DIRECTION('',(-1.E0,0.E0,0.E0));
#8225=DIRECTION('',(0.E0,1.E0,0.E0));
#8226=AXIS2_PLACEMENT_3D('',#8223,#8224,#8225);
#8227=PLANE('',#8226);
#8229=ORIENTED_EDGE('',*,*,#8228,.F.);
#8231=ORIENTED_EDGE('',*,*,#8230,.T.);
#8233=ORIENTED_EDGE('',*,*,#8232,.F.);
#8234=ORIENTED_EDGE('',*,*,#7606,.F.);
#8236=ORIENTED_EDGE('',*,*,#8235,.T.);
#8238=ORIENTED_EDGE('',*,*,#8237,.T.);
#8240=ORIENTED_EDGE('',*,*,#8239,.T.);
#8241=ORIENTED_EDGE('',*,*,#8121,.T.);
#8242=ORIENTED_EDGE('',*,*,#8146,.F.);
#8243=ORIENTED_EDGE('',*,*,#8187,.T.);
#8244=ORIENTED_EDGE('',*,*,#8214,.F.);
#8246=ORIENTED_EDGE('',*,*,#8245,.F.);
#8248=ORIENTED_EDGE('',*,*,#8247,.T.);
#8249=ORIENTED_EDGE('',*,*,#7104,.F.);
#8251=ORIENTED_EDGE('',*,*,#8250,.T.);
#8253=ORIENTED_EDGE('',*,*,#8252,.F.);
#8255=ORIENTED_EDGE('',*,*,#8254,.T.);
#8257=ORIENTED_EDGE('',*,*,#8256,.F.);
#8258=EDGE_LOOP('',(#8229,#8231,#8233,#8234,#8236,#8238,#8240,#8241,#8242,#8243,
#8244,#8246,#8248,#8249,#8251,#8253,#8255,#8257));
#8259=FACE_OUTER_BOUND('',#8258,.F.);
#8261=CARTESIAN_POINT('',(0.E0,0.E0,-1.45E0));
#8262=DIRECTION('',(0.E0,0.E0,1.E0));
#8263=DIRECTION('',(1.E0,0.E0,0.E0));
#8264=AXIS2_PLACEMENT_3D('',#8261,#8262,#8263);
#8265=PLANE('',#8264);
#8267=ORIENTED_EDGE('',*,*,#8266,.F.);
#8269=ORIENTED_EDGE('',*,*,#8268,.F.);
#8271=ORIENTED_EDGE('',*,*,#8270,.T.);
#8273=ORIENTED_EDGE('',*,*,#8272,.F.);
#8274=ORIENTED_EDGE('',*,*,#7530,.F.);
#8275=EDGE_LOOP('',(#8267,#8269,#8271,#8273,#8274));
#8276=FACE_OUTER_BOUND('',#8275,.F.);
#8278=CARTESIAN_POINT('',(0.E0,0.E0,-1.45E0));
#8279=DIRECTION('',(0.E0,0.E0,1.E0));
#8280=DIRECTION('',(1.E0,0.E0,0.E0));
#8281=AXIS2_PLACEMENT_3D('',#8278,#8279,#8280);
#8282=PLANE('',#8281);
#8284=ORIENTED_EDGE('',*,*,#8283,.F.);
#8285=ORIENTED_EDGE('',*,*,#8228,.T.);
#8287=ORIENTED_EDGE('',*,*,#8286,.F.);
#8289=ORIENTED_EDGE('',*,*,#8288,.T.);
#8291=ORIENTED_EDGE('',*,*,#8290,.T.);
#8292=EDGE_LOOP('',(#8284,#8285,#8287,#8289,#8291));
#8293=FACE_OUTER_BOUND('',#8292,.F.);
#8295=CARTESIAN_POINT('',(0.E0,-5.E-1,-4.4E0));
#8296=DIRECTION('',(0.E0,-1.E0,0.E0));
#8297=DIRECTION('',(1.E0,0.E0,0.E0));
#8298=AXIS2_PLACEMENT_3D('',#8295,#8296,#8297);
#8299=PLANE('',#8298);
#8301=ORIENTED_EDGE('',*,*,#8300,.F.);
#8303=ORIENTED_EDGE('',*,*,#8302,.F.);
#8304=ORIENTED_EDGE('',*,*,#6836,.F.);
#8305=ORIENTED_EDGE('',*,*,#8266,.T.);
#8306=ORIENTED_EDGE('',*,*,#7528,.F.);
#8307=EDGE_LOOP('',(#8301,#8303,#8304,#8305,#8306));
#8308=FACE_OUTER_BOUND('',#8307,.F.);
#8310=CARTESIAN_POINT('',(0.E0,-5.E-1,-4.4E0));
#8311=DIRECTION('',(0.E0,-1.E0,0.E0));
#8312=DIRECTION('',(1.E0,0.E0,0.E0));
#8313=AXIS2_PLACEMENT_3D('',#8310,#8311,#8312);
#8314=PLANE('',#8313);
#8315=ORIENTED_EDGE('',*,*,#6844,.F.);
#8317=ORIENTED_EDGE('',*,*,#8316,.T.);
#8319=ORIENTED_EDGE('',*,*,#8318,.F.);
#8320=ORIENTED_EDGE('',*,*,#8230,.F.);
#8321=ORIENTED_EDGE('',*,*,#8283,.T.);
#8322=EDGE_LOOP('',(#8315,#8317,#8319,#8320,#8321));
#8323=FACE_OUTER_BOUND('',#8322,.F.);
#8325=CARTESIAN_POINT('',(-7.37E0,-8.3E-1,-1.49E0));
#8326=DIRECTION('',(0.E0,0.E0,-1.E0));
#8327=DIRECTION('',(1.E0,0.E0,0.E0));
#8328=AXIS2_PLACEMENT_3D('',#8325,#8326,#8327);
#8329=PLANE('',#8328);
#8330=ORIENTED_EDGE('',*,*,#8300,.T.);
#8331=ORIENTED_EDGE('',*,*,#7526,.F.);
#8332=ORIENTED_EDGE('',*,*,#7573,.F.);
#8333=ORIENTED_EDGE('',*,*,#6989,.T.);
#8335=ORIENTED_EDGE('',*,*,#8334,.T.);
#8336=EDGE_LOOP('',(#8330,#8331,#8332,#8333,#8335));
#8337=FACE_OUTER_BOUND('',#8336,.F.);
#8339=CARTESIAN_POINT('',(0.E0,-5.E-1,0.E0));
#8340=DIRECTION('',(0.E0,1.E0,0.E0));
#8341=DIRECTION('',(0.E0,0.E0,-1.E0));
#8342=AXIS2_PLACEMENT_3D('',#8339,#8340,#8341);
#8343=PLANE('',#8342);
#8344=ORIENTED_EDGE('',*,*,#8334,.F.);
#8345=ORIENTED_EDGE('',*,*,#6997,.F.);
#8346=ORIENTED_EDGE('',*,*,#7497,.T.);
#8348=ORIENTED_EDGE('',*,*,#8347,.F.);
#8350=ORIENTED_EDGE('',*,*,#8349,.F.);
#8352=ORIENTED_EDGE('',*,*,#8351,.F.);
#8354=ORIENTED_EDGE('',*,*,#8353,.F.);
#8356=ORIENTED_EDGE('',*,*,#8355,.F.);
#8357=EDGE_LOOP('',(#8344,#8345,#8346,#8348,#8350,#8352,#8354,#8356));
#8358=FACE_OUTER_BOUND('',#8357,.F.);
#8360=CARTESIAN_POINT('',(0.E0,-5.E-1,0.E0));
#8361=DIRECTION('',(0.E0,1.E0,0.E0));
#8362=DIRECTION('',(0.E0,0.E0,-1.E0));
#8363=AXIS2_PLACEMENT_3D('',#8360,#8361,#8362);
#8364=PLANE('',#8363);
#8366=ORIENTED_EDGE('',*,*,#8365,.T.);
#8368=ORIENTED_EDGE('',*,*,#8367,.F.);
#8370=ORIENTED_EDGE('',*,*,#8369,.F.);
#8372=ORIENTED_EDGE('',*,*,#8371,.F.);
#8374=ORIENTED_EDGE('',*,*,#8373,.F.);
#8376=ORIENTED_EDGE('',*,*,#8375,.F.);
#8377=ORIENTED_EDGE('',*,*,#7441,.T.);
#8378=ORIENTED_EDGE('',*,*,#7083,.T.);
#8379=EDGE_LOOP('',(#8366,#8368,#8370,#8372,#8374,#8376,#8377,#8378));
#8380=FACE_OUTER_BOUND('',#8379,.F.);
#8382=CARTESIAN_POINT('',(-6.39E0,-5.E-1,-3.38E0));
#8383=DIRECTION('',(1.E0,0.E0,0.E0));
#8384=DIRECTION('',(0.E0,0.E0,-1.E0));
#8385=AXIS2_PLACEMENT_3D('',#8382,#8383,#8384);
#8386=PLANE('',#8385);
#8387=ORIENTED_EDGE('',*,*,#8347,.T.);
#8388=ORIENTED_EDGE('',*,*,#7495,.T.);
#8390=ORIENTED_EDGE('',*,*,#8389,.F.);
#8392=ORIENTED_EDGE('',*,*,#8391,.F.);
#8393=EDGE_LOOP('',(#8387,#8388,#8390,#8392));
#8394=FACE_OUTER_BOUND('',#8393,.F.);
#8396=CARTESIAN_POINT('',(0.E0,5.E-1,0.E0));
#8397=DIRECTION('',(0.E0,1.E0,0.E0));
#8398=DIRECTION('',(0.E0,0.E0,-1.E0));
#8399=AXIS2_PLACEMENT_3D('',#8396,#8397,#8398);
#8400=PLANE('',#8399);
#8401=ORIENTED_EDGE('',*,*,#6953,.F.);
#8402=ORIENTED_EDGE('',*,*,#6883,.F.);
#8404=ORIENTED_EDGE('',*,*,#8403,.F.);
#8406=ORIENTED_EDGE('',*,*,#8405,.F.);
#8408=ORIENTED_EDGE('',*,*,#8407,.F.);
#8410=ORIENTED_EDGE('',*,*,#8409,.F.);
#8412=ORIENTED_EDGE('',*,*,#8411,.F.);
#8413=ORIENTED_EDGE('',*,*,#7066,.F.);
#8414=ORIENTED_EDGE('',*,*,#7445,.F.);
#8416=ORIENTED_EDGE('',*,*,#8415,.T.);
#8418=ORIENTED_EDGE('',*,*,#8417,.T.);
#8420=ORIENTED_EDGE('',*,*,#8419,.T.);
#8422=ORIENTED_EDGE('',*,*,#8421,.T.);
#8424=ORIENTED_EDGE('',*,*,#8423,.T.);
#8425=EDGE_LOOP('',(#8401,#8402,#8404,#8406,#8408,#8410,#8412,#8413,#8414,#8416,
#8418,#8420,#8422,#8424));
#8426=FACE_OUTER_BOUND('',#8425,.F.);
#8428=CARTESIAN_POINT('',(0.E0,5.E-1,0.E0));
#8429=DIRECTION('',(0.E0,1.E0,0.E0));
#8430=DIRECTION('',(0.E0,0.E0,-1.E0));
#8431=AXIS2_PLACEMENT_3D('',#8428,#8429,#8430);
#8432=PLANE('',#8431);
#8433=ORIENTED_EDGE('',*,*,#6956,.F.);
#8435=ORIENTED_EDGE('',*,*,#8434,.T.);
#8437=ORIENTED_EDGE('',*,*,#8436,.T.);
#8439=ORIENTED_EDGE('',*,*,#8438,.T.);
#8441=ORIENTED_EDGE('',*,*,#8440,.T.);
#8442=ORIENTED_EDGE('',*,*,#8389,.T.);
#8443=ORIENTED_EDGE('',*,*,#7493,.F.);
#8444=ORIENTED_EDGE('',*,*,#6974,.T.);
#8446=ORIENTED_EDGE('',*,*,#8445,.T.);
#8448=ORIENTED_EDGE('',*,*,#8447,.F.);
#8450=ORIENTED_EDGE('',*,*,#8449,.F.);
#8452=ORIENTED_EDGE('',*,*,#8451,.F.);
#8454=ORIENTED_EDGE('',*,*,#8453,.F.);
#8456=ORIENTED_EDGE('',*,*,#8455,.F.);
#8457=EDGE_LOOP('',(#8433,#8435,#8437,#8439,#8441,#8442,#8443,#8444,#8446,#8448,
#8450,#8452,#8454,#8456));
#8458=FACE_OUTER_BOUND('',#8457,.F.);
#8460=CARTESIAN_POINT('',(6.671E0,5.E-1,-3.289E0));
#8461=DIRECTION('',(-1.E0,0.E0,0.E0));
#8462=DIRECTION('',(0.E0,0.E0,1.E0));
#8463=AXIS2_PLACEMENT_3D('',#8460,#8461,#8462);
#8464=PLANE('',#8463);
#8465=ORIENTED_EDGE('',*,*,#7049,.F.);
#8467=ORIENTED_EDGE('',*,*,#8466,.T.);
#8468=ORIENTED_EDGE('',*,*,#8403,.T.);
#8469=ORIENTED_EDGE('',*,*,#6881,.F.);
#8470=ORIENTED_EDGE('',*,*,#7009,.T.);
#8471=EDGE_LOOP('',(#8465,#8467,#8468,#8469,#8470));
#8472=FACE_OUTER_BOUND('',#8471,.F.);
#8474=CARTESIAN_POINT('',(6.42E0,5.E-1,-3.54E0));
#8475=DIRECTION('',(-7.071067811865E-1,0.E0,7.071067811865E-1));
#8476=DIRECTION('',(7.071067811865E-1,0.E0,7.071067811865E-1));
#8477=AXIS2_PLACEMENT_3D('',#8474,#8475,#8476);
#8478=PLANE('',#8477);
#8479=ORIENTED_EDGE('',*,*,#7047,.F.);
#8481=ORIENTED_EDGE('',*,*,#8480,.T.);
#8482=ORIENTED_EDGE('',*,*,#8405,.T.);
#8483=ORIENTED_EDGE('',*,*,#8466,.F.);
#8484=EDGE_LOOP('',(#8479,#8481,#8482,#8483));
#8485=FACE_OUTER_BOUND('',#8484,.F.);
#8487=CARTESIAN_POINT('',(6.42E0,5.E-1,-3.94E0));
#8488=DIRECTION('',(-1.E0,0.E0,0.E0));
#8489=DIRECTION('',(0.E0,0.E0,1.E0));
#8490=AXIS2_PLACEMENT_3D('',#8487,#8488,#8489);
#8491=PLANE('',#8490);
#8492=ORIENTED_EDGE('',*,*,#7045,.F.);
#8494=ORIENTED_EDGE('',*,*,#8493,.T.);
#8495=ORIENTED_EDGE('',*,*,#8407,.T.);
#8496=ORIENTED_EDGE('',*,*,#8480,.F.);
#8497=EDGE_LOOP('',(#8492,#8494,#8495,#8496));
#8498=FACE_OUTER_BOUND('',#8497,.F.);
#8500=CARTESIAN_POINT('',(6.84E0,5.E-1,-4.36E0));
#8501=DIRECTION('',(-7.071067811865E-1,0.E0,-7.071067811865E-1));
#8502=DIRECTION('',(-7.071067811865E-1,0.E0,7.071067811865E-1));
#8503=AXIS2_PLACEMENT_3D('',#8500,#8501,#8502);
#8504=PLANE('',#8503);
#8505=ORIENTED_EDGE('',*,*,#7043,.F.);
#8507=ORIENTED_EDGE('',*,*,#8506,.T.);
#8508=ORIENTED_EDGE('',*,*,#8409,.T.);
#8509=ORIENTED_EDGE('',*,*,#8493,.F.);
#8510=EDGE_LOOP('',(#8505,#8507,#8508,#8509));
#8511=FACE_OUTER_BOUND('',#8510,.F.);
#8513=CARTESIAN_POINT('',(7.37E0,5.E-1,-4.36E0));
#8514=DIRECTION('',(0.E0,0.E0,-1.E0));
#8515=DIRECTION('',(-1.E0,0.E0,0.E0));
#8516=AXIS2_PLACEMENT_3D('',#8513,#8514,#8515);
#8517=PLANE('',#8516);
#8518=ORIENTED_EDGE('',*,*,#7041,.T.);
#8519=ORIENTED_EDGE('',*,*,#7068,.T.);
#8520=ORIENTED_EDGE('',*,*,#8411,.T.);
#8521=ORIENTED_EDGE('',*,*,#8506,.F.);
#8522=EDGE_LOOP('',(#8518,#8519,#8520,#8521));
#8523=FACE_OUTER_BOUND('',#8522,.F.);
#8525=CARTESIAN_POINT('',(6.39E0,-5.E-1,-4.4E0));
#8526=DIRECTION('',(-1.E0,0.E0,0.E0));
#8527=DIRECTION('',(0.E0,0.E0,1.E0));
#8528=AXIS2_PLACEMENT_3D('',#8525,#8526,#8527);
#8529=PLANE('',#8528);
#8530=ORIENTED_EDGE('',*,*,#8375,.T.);
#8532=ORIENTED_EDGE('',*,*,#8531,.T.);
#8533=ORIENTED_EDGE('',*,*,#8415,.F.);
#8534=ORIENTED_EDGE('',*,*,#7443,.F.);
#8535=EDGE_LOOP('',(#8530,#8532,#8533,#8534));
#8536=FACE_OUTER_BOUND('',#8535,.F.);
#8538=CARTESIAN_POINT('',(6.39E0,-5.E-1,-3.38E0));
#8539=DIRECTION('',(-7.071067811865E-1,0.E0,7.071067811865E-1));
#8540=DIRECTION('',(7.071067811865E-1,0.E0,7.071067811865E-1));
#8541=AXIS2_PLACEMENT_3D('',#8538,#8539,#8540);
#8542=PLANE('',#8541);
#8543=ORIENTED_EDGE('',*,*,#8373,.T.);
#8545=ORIENTED_EDGE('',*,*,#8544,.T.);
#8546=ORIENTED_EDGE('',*,*,#8417,.F.);
#8547=ORIENTED_EDGE('',*,*,#8531,.F.);
#8548=EDGE_LOOP('',(#8543,#8545,#8546,#8547));
#8549=FACE_OUTER_BOUND('',#8548,.F.);
#8551=CARTESIAN_POINT('',(6.54E0,-5.E-1,-3.23E0));
#8552=DIRECTION('',(-1.E0,0.E0,0.E0));
#8553=DIRECTION('',(0.E0,0.E0,1.E0));
#8554=AXIS2_PLACEMENT_3D('',#8551,#8552,#8553);
#8555=PLANE('',#8554);
#8556=ORIENTED_EDGE('',*,*,#8371,.T.);
#8558=ORIENTED_EDGE('',*,*,#8557,.T.);
#8559=ORIENTED_EDGE('',*,*,#8419,.F.);
#8560=ORIENTED_EDGE('',*,*,#8544,.F.);
#8561=EDGE_LOOP('',(#8556,#8558,#8559,#8560));
#8562=FACE_OUTER_BOUND('',#8561,.F.);
#8564=CARTESIAN_POINT('',(6.54E0,-5.E-1,-2.73E0));
#8565=DIRECTION('',(-7.295657298191E-1,0.E0,-6.839107002186E-1));
#8566=DIRECTION('',(-6.839107002186E-1,0.E0,7.295657298191E-1));
#8567=AXIS2_PLACEMENT_3D('',#8564,#8565,#8566);
#8568=PLANE('',#8567);
#8569=ORIENTED_EDGE('',*,*,#8369,.T.);
#8571=ORIENTED_EDGE('',*,*,#8570,.T.);
#8572=ORIENTED_EDGE('',*,*,#8421,.F.);
#8573=ORIENTED_EDGE('',*,*,#8557,.F.);
#8574=EDGE_LOOP('',(#8569,#8571,#8572,#8573));
#8575=FACE_OUTER_BOUND('',#8574,.F.);
#8577=CARTESIAN_POINT('',(6.39E0,-5.E-1,-2.569986624807E0));
#8578=DIRECTION('',(-1.E0,0.E0,0.E0));
#8579=DIRECTION('',(0.E0,0.E0,1.E0));
#8580=AXIS2_PLACEMENT_3D('',#8577,#8578,#8579);
#8581=PLANE('',#8580);
#8582=ORIENTED_EDGE('',*,*,#8316,.F.);
#8583=ORIENTED_EDGE('',*,*,#6842,.T.);
#8584=ORIENTED_EDGE('',*,*,#6912,.T.);
#8585=ORIENTED_EDGE('',*,*,#8423,.F.);
#8586=ORIENTED_EDGE('',*,*,#8570,.F.);
#8587=ORIENTED_EDGE('',*,*,#8367,.T.);
#8588=EDGE_LOOP('',(#8582,#8583,#8584,#8585,#8586,#8587));
#8589=FACE_OUTER_BOUND('',#8588,.F.);
#8591=CARTESIAN_POINT('',(-6.39E0,-5.E-1,-1.45E0));
#8592=DIRECTION('',(1.E0,0.E0,0.E0));
#8593=DIRECTION('',(0.E0,0.E0,-1.E0));
#8594=AXIS2_PLACEMENT_3D('',#8591,#8592,#8593);
#8595=PLANE('',#8594);
#8596=ORIENTED_EDGE('',*,*,#8302,.T.);
#8597=ORIENTED_EDGE('',*,*,#8355,.T.);
#8599=ORIENTED_EDGE('',*,*,#8598,.T.);
#8600=ORIENTED_EDGE('',*,*,#8434,.F.);
#8601=ORIENTED_EDGE('',*,*,#6908,.F.);
#8602=ORIENTED_EDGE('',*,*,#6838,.F.);
#8603=EDGE_LOOP('',(#8596,#8597,#8599,#8600,#8601,#8602));
#8604=FACE_OUTER_BOUND('',#8603,.F.);
#8606=CARTESIAN_POINT('',(-6.39E0,-5.E-1,-2.569986624807E0));
#8607=DIRECTION('',(7.295657298191E-1,0.E0,-6.839107002186E-1));
#8608=DIRECTION('',(-6.839107002186E-1,0.E0,-7.295657298191E-1));
#8609=AXIS2_PLACEMENT_3D('',#8606,#8607,#8608);
#8610=PLANE('',#8609);
#8611=ORIENTED_EDGE('',*,*,#8353,.T.);
#8613=ORIENTED_EDGE('',*,*,#8612,.T.);
#8614=ORIENTED_EDGE('',*,*,#8436,.F.);
#8615=ORIENTED_EDGE('',*,*,#8598,.F.);
#8616=EDGE_LOOP('',(#8611,#8613,#8614,#8615));
#8617=FACE_OUTER_BOUND('',#8616,.F.);
#8619=CARTESIAN_POINT('',(-6.54E0,-5.E-1,-2.73E0));
#8620=DIRECTION('',(1.E0,0.E0,0.E0));
#8621=DIRECTION('',(0.E0,0.E0,-1.E0));
#8622=AXIS2_PLACEMENT_3D('',#8619,#8620,#8621);
#8623=PLANE('',#8622);
#8624=ORIENTED_EDGE('',*,*,#8351,.T.);
#8626=ORIENTED_EDGE('',*,*,#8625,.T.);
#8627=ORIENTED_EDGE('',*,*,#8438,.F.);
#8628=ORIENTED_EDGE('',*,*,#8612,.F.);
#8629=EDGE_LOOP('',(#8624,#8626,#8627,#8628));
#8630=FACE_OUTER_BOUND('',#8629,.F.);
#8632=CARTESIAN_POINT('',(-6.54E0,-5.E-1,-3.23E0));
#8633=DIRECTION('',(7.071067811866E-1,0.E0,7.071067811865E-1));
#8634=DIRECTION('',(7.071067811865E-1,0.E0,-7.071067811866E-1));
#8635=AXIS2_PLACEMENT_3D('',#8632,#8633,#8634);
#8636=PLANE('',#8635);
#8637=ORIENTED_EDGE('',*,*,#8349,.T.);
#8638=ORIENTED_EDGE('',*,*,#8391,.T.);
#8639=ORIENTED_EDGE('',*,*,#8440,.F.);
#8640=ORIENTED_EDGE('',*,*,#8625,.F.);
#8641=EDGE_LOOP('',(#8637,#8638,#8639,#8640));
#8642=FACE_OUTER_BOUND('',#8641,.F.);
#8644=CARTESIAN_POINT('',(-6.84E0,5.E-1,-4.36E0));
#8645=DIRECTION('',(0.E0,0.E0,-1.E0));
#8646=DIRECTION('',(-1.E0,0.E0,0.E0));
#8647=AXIS2_PLACEMENT_3D('',#8644,#8645,#8646);
#8648=PLANE('',#8647);
#8650=ORIENTED_EDGE('',*,*,#8649,.T.);
#8652=ORIENTED_EDGE('',*,*,#8651,.T.);
#8653=ORIENTED_EDGE('',*,*,#8445,.F.);
#8654=ORIENTED_EDGE('',*,*,#6972,.F.);
#8655=EDGE_LOOP('',(#8650,#8652,#8653,#8654));
#8656=FACE_OUTER_BOUND('',#8655,.F.);
#8658=CARTESIAN_POINT('',(-7.105E0,-2.150204880119E-1,-3.6045E0));
#8659=DIRECTION('',(0.E0,-9.396926207859E-1,-3.420201433257E-1));
#8660=DIRECTION('',(-1.E0,0.E0,0.E0));
#8661=AXIS2_PLACEMENT_3D('',#8658,#8659,#8660);
#8662=PLANE('',#8661);
#8664=ORIENTED_EDGE('',*,*,#8663,.T.);
#8666=ORIENTED_EDGE('',*,*,#8665,.T.);
#8668=ORIENTED_EDGE('',*,*,#8667,.T.);
#8670=ORIENTED_EDGE('',*,*,#8669,.T.);
#8671=ORIENTED_EDGE('',*,*,#8649,.F.);
#8672=ORIENTED_EDGE('',*,*,#6970,.T.);
#8673=ORIENTED_EDGE('',*,*,#7023,.T.);
#8674=EDGE_LOOP('',(#8664,#8666,#8668,#8670,#8671,#8672,#8673));
#8675=FACE_OUTER_BOUND('',#8674,.F.);
#8677=CARTESIAN_POINT('',(-6.671E0,5.E-1,-2.689E0));
#8678=DIRECTION('',(1.E0,0.E0,0.E0));
#8679=DIRECTION('',(0.E0,0.E0,-1.E0));
#8680=AXIS2_PLACEMENT_3D('',#8677,#8678,#8679);
#8681=PLANE('',#8680);
#8682=ORIENTED_EDGE('',*,*,#8663,.F.);
#8683=ORIENTED_EDGE('',*,*,#7029,.T.);
#8685=ORIENTED_EDGE('',*,*,#8684,.T.);
#8686=ORIENTED_EDGE('',*,*,#8453,.T.);
#8688=ORIENTED_EDGE('',*,*,#8687,.F.);
#8689=EDGE_LOOP('',(#8682,#8683,#8685,#8686,#8688));
#8690=FACE_OUTER_BOUND('',#8689,.F.);
#8692=CARTESIAN_POINT('',(-6.452530870902E0,5.E-1,-1.45E0));
#8693=DIRECTION('',(9.848077530122E-1,0.E0,-1.736481776669E-1));
#8694=DIRECTION('',(-1.736481776669E-1,0.E0,-9.848077530122E-1));
#8695=AXIS2_PLACEMENT_3D('',#8692,#8693,#8694);
#8696=PLANE('',#8695);
#8697=ORIENTED_EDGE('',*,*,#6927,.T.);
#8698=ORIENTED_EDGE('',*,*,#8455,.T.);
#8699=ORIENTED_EDGE('',*,*,#8684,.F.);
#8700=ORIENTED_EDGE('',*,*,#7027,.T.);
#8701=ORIENTED_EDGE('',*,*,#6854,.T.);
#8702=EDGE_LOOP('',(#8697,#8698,#8699,#8700,#8701));
#8703=FACE_OUTER_BOUND('',#8702,.F.);
#8705=CARTESIAN_POINT('',(-6.671E0,5.E-1,-3.289E0));
#8706=DIRECTION('',(7.071067811865E-1,0.E0,7.071067811865E-1));
#8707=DIRECTION('',(7.071067811865E-1,0.E0,-7.071067811865E-1));
#8708=AXIS2_PLACEMENT_3D('',#8705,#8706,#8707);
#8709=PLANE('',#8708);
#8710=ORIENTED_EDGE('',*,*,#8665,.F.);
#8711=ORIENTED_EDGE('',*,*,#8687,.T.);
#8712=ORIENTED_EDGE('',*,*,#8451,.T.);
#8714=ORIENTED_EDGE('',*,*,#8713,.F.);
#8715=EDGE_LOOP('',(#8710,#8711,#8712,#8714));
#8716=FACE_OUTER_BOUND('',#8715,.F.);
#8718=CARTESIAN_POINT('',(-6.42E0,5.E-1,-3.54E0));
#8719=DIRECTION('',(1.E0,0.E0,0.E0));
#8720=DIRECTION('',(0.E0,0.E0,-1.E0));
#8721=AXIS2_PLACEMENT_3D('',#8718,#8719,#8720);
#8722=PLANE('',#8721);
#8723=ORIENTED_EDGE('',*,*,#8667,.F.);
#8724=ORIENTED_EDGE('',*,*,#8713,.T.);
#8725=ORIENTED_EDGE('',*,*,#8449,.T.);
#8727=ORIENTED_EDGE('',*,*,#8726,.F.);
#8728=EDGE_LOOP('',(#8723,#8724,#8725,#8727));
#8729=FACE_OUTER_BOUND('',#8728,.F.);
#8731=CARTESIAN_POINT('',(-6.42E0,5.E-1,-3.94E0));
#8732=DIRECTION('',(7.071067811865E-1,0.E0,-7.071067811865E-1));
#8733=DIRECTION('',(-7.071067811865E-1,0.E0,-7.071067811865E-1));
#8734=AXIS2_PLACEMENT_3D('',#8731,#8732,#8733);
#8735=PLANE('',#8734);
#8736=ORIENTED_EDGE('',*,*,#8669,.F.);
#8737=ORIENTED_EDGE('',*,*,#8726,.T.);
#8738=ORIENTED_EDGE('',*,*,#8447,.T.);
#8739=ORIENTED_EDGE('',*,*,#8651,.F.);
#8740=EDGE_LOOP('',(#8736,#8737,#8738,#8739));
#8741=FACE_OUTER_BOUND('',#8740,.F.);
#8743=CARTESIAN_POINT('',(5.8E0,-8.3E-1,-1.49E0));
#8744=DIRECTION('',(0.E0,0.E0,-1.E0));
#8745=DIRECTION('',(1.E0,0.E0,0.E0));
#8746=AXIS2_PLACEMENT_3D('',#8743,#8744,#8745);
#8747=PLANE('',#8746);
#8748=ORIENTED_EDGE('',*,*,#8318,.T.);
#8749=ORIENTED_EDGE('',*,*,#8365,.F.);
#8750=ORIENTED_EDGE('',*,*,#7081,.F.);
#8751=ORIENTED_EDGE('',*,*,#7608,.T.);
#8752=ORIENTED_EDGE('',*,*,#8232,.T.);
#8753=EDGE_LOOP('',(#8748,#8749,#8750,#8751,#8752));
#8754=FACE_OUTER_BOUND('',#8753,.F.);
#8756=CARTESIAN_POINT('',(-5.845E0,-1.E0,0.E0));
#8757=DIRECTION('',(1.E0,0.E0,0.E0));
#8758=DIRECTION('',(0.E0,1.E0,0.E0));
#8759=AXIS2_PLACEMENT_3D('',#8756,#8757,#8758);
#8760=PLANE('',#8759);
#8761=ORIENTED_EDGE('',*,*,#6834,.F.);
#8763=ORIENTED_EDGE('',*,*,#8762,.F.);
#8765=ORIENTED_EDGE('',*,*,#8764,.T.);
#8767=ORIENTED_EDGE('',*,*,#8766,.T.);
#8768=ORIENTED_EDGE('',*,*,#8268,.T.);
#8769=EDGE_LOOP('',(#8761,#8763,#8765,#8767,#8768));
#8770=FACE_OUTER_BOUND('',#8769,.F.);
#8772=CARTESIAN_POINT('',(-5.995E0,-8.5E-1,-7.25E-1));
#8773=DIRECTION('',(7.071067811865E-1,-7.071067811865E-1,0.E0));
#8774=DIRECTION('',(0.E0,0.E0,-1.E0));
#8775=AXIS2_PLACEMENT_3D('',#8772,#8773,#8774);
#8776=PLANE('',#8775);
#8777=ORIENTED_EDGE('',*,*,#6649,.F.);
#8778=ORIENTED_EDGE('',*,*,#6636,.F.);
#8779=ORIENTED_EDGE('',*,*,#6592,.F.);
#8781=ORIENTED_EDGE('',*,*,#8780,.F.);
#8782=ORIENTED_EDGE('',*,*,#8762,.T.);
#8783=EDGE_LOOP('',(#8777,#8778,#8779,#8781,#8782));
#8784=FACE_OUTER_BOUND('',#8783,.F.);
#8786=CARTESIAN_POINT('',(-5.995E0,-5.65E-1,-1.5E-1));
#8787=DIRECTION('',(7.071067811865E-1,0.E0,7.071067811865E-1));
#8788=DIRECTION('',(0.E0,-1.E0,0.E0));
#8789=AXIS2_PLACEMENT_3D('',#8786,#8787,#8788);
#8790=PLANE('',#8789);
#8791=ORIENTED_EDGE('',*,*,#6590,.F.);
#8792=ORIENTED_EDGE('',*,*,#6577,.T.);
#8794=ORIENTED_EDGE('',*,*,#8793,.F.);
#8795=ORIENTED_EDGE('',*,*,#8764,.F.);
#8796=ORIENTED_EDGE('',*,*,#8780,.T.);
#8797=EDGE_LOOP('',(#8791,#8792,#8794,#8795,#8796));
#8798=FACE_OUTER_BOUND('',#8797,.F.);
#8800=CARTESIAN_POINT('',(0.E0,2.E-2,-1.5E-1));
#8801=DIRECTION('',(0.E0,-7.071067811865E-1,7.071067811865E-1));
#8802=DIRECTION('',(-1.E0,0.E0,0.E0));
#8803=AXIS2_PLACEMENT_3D('',#8800,#8801,#8802);
#8804=PLANE('',#8803);
#8805=ORIENTED_EDGE('',*,*,#8793,.T.);
#8806=ORIENTED_EDGE('',*,*,#6575,.T.);
#8808=ORIENTED_EDGE('',*,*,#8807,.F.);
#8810=ORIENTED_EDGE('',*,*,#8809,.F.);
#8811=EDGE_LOOP('',(#8805,#8806,#8808,#8810));
#8812=FACE_OUTER_BOUND('',#8811,.F.);
#8814=CARTESIAN_POINT('',(5.995E0,-5.65E-1,-1.5E-1));
#8815=DIRECTION('',(-7.071067811865E-1,0.E0,7.071067811865E-1));
#8816=DIRECTION('',(0.E0,-1.E0,0.E0));
#8817=AXIS2_PLACEMENT_3D('',#8814,#8815,#8816);
#8818=PLANE('',#8817);
#8819=ORIENTED_EDGE('',*,*,#6790,.F.);
#8821=ORIENTED_EDGE('',*,*,#8820,.T.);
#8823=ORIENTED_EDGE('',*,*,#8822,.F.);
#8824=ORIENTED_EDGE('',*,*,#8807,.T.);
#8825=ORIENTED_EDGE('',*,*,#6573,.T.);
#8826=EDGE_LOOP('',(#8819,#8821,#8823,#8824,#8825));
#8827=FACE_OUTER_BOUND('',#8826,.F.);
#8829=CARTESIAN_POINT('',(5.995E0,-8.5E-1,-7.25E-1));
#8830=DIRECTION('',(-7.071067811865E-1,-7.071067811865E-1,0.E0));
#8831=DIRECTION('',(0.E0,0.E0,-1.E0));
#8832=AXIS2_PLACEMENT_3D('',#8829,#8830,#8831);
#8833=PLANE('',#8832);
#8834=ORIENTED_EDGE('',*,*,#6818,.F.);
#8836=ORIENTED_EDGE('',*,*,#8835,.F.);
#8837=ORIENTED_EDGE('',*,*,#8820,.F.);
#8838=ORIENTED_EDGE('',*,*,#6788,.F.);
#8839=ORIENTED_EDGE('',*,*,#6803,.T.);
#8840=EDGE_LOOP('',(#8834,#8836,#8837,#8838,#8839));
#8841=FACE_OUTER_BOUND('',#8840,.F.);
#8843=CARTESIAN_POINT('',(5.845E0,-1.3E-1,0.E0));
#8844=DIRECTION('',(-1.E0,0.E0,0.E0));
#8845=DIRECTION('',(0.E0,-1.E0,0.E0));
#8846=AXIS2_PLACEMENT_3D('',#8843,#8844,#8845);
#8847=PLANE('',#8846);
#8848=ORIENTED_EDGE('',*,*,#6846,.T.);
#8849=ORIENTED_EDGE('',*,*,#8290,.F.);
#8851=ORIENTED_EDGE('',*,*,#8850,.F.);
#8852=ORIENTED_EDGE('',*,*,#8822,.T.);
#8853=ORIENTED_EDGE('',*,*,#8835,.T.);
#8854=EDGE_LOOP('',(#8848,#8849,#8851,#8852,#8853));
#8855=FACE_OUTER_BOUND('',#8854,.F.);
#8857=CARTESIAN_POINT('',(-5.845E0,-1.3E-1,0.E0));
#8858=DIRECTION('',(0.E0,-1.E0,0.E0));
#8859=DIRECTION('',(1.E0,0.E0,0.E0));
#8860=AXIS2_PLACEMENT_3D('',#8857,#8858,#8859);
#8861=PLANE('',#8860);
#8863=ORIENTED_EDGE('',*,*,#8862,.F.);
#8865=ORIENTED_EDGE('',*,*,#8864,.T.);
#8867=ORIENTED_EDGE('',*,*,#8866,.F.);
#8868=ORIENTED_EDGE('',*,*,#8270,.F.);
#8869=ORIENTED_EDGE('',*,*,#8766,.F.);
#8870=ORIENTED_EDGE('',*,*,#8809,.T.);
#8871=ORIENTED_EDGE('',*,*,#8850,.T.);
#8872=ORIENTED_EDGE('',*,*,#8288,.F.);
#8873=EDGE_LOOP('',(#8863,#8865,#8867,#8868,#8869,#8870,#8871,#8872));
#8874=FACE_OUTER_BOUND('',#8873,.F.);
#8876=CARTESIAN_POINT('',(5.8E0,-4.5E-1,0.E0));
#8877=DIRECTION('',(1.E0,0.E0,0.E0));
#8878=DIRECTION('',(0.E0,1.E0,0.E0));
#8879=AXIS2_PLACEMENT_3D('',#8876,#8877,#8878);
#8880=PLANE('',#8879);
#8882=ORIENTED_EDGE('',*,*,#8881,.T.);
#8883=ORIENTED_EDGE('',*,*,#8123,.T.);
#8885=ORIENTED_EDGE('',*,*,#8884,.F.);
#8886=ORIENTED_EDGE('',*,*,#8862,.T.);
#8887=ORIENTED_EDGE('',*,*,#8286,.T.);
#8889=ORIENTED_EDGE('',*,*,#8888,.F.);
#8891=ORIENTED_EDGE('',*,*,#8890,.T.);
#8892=EDGE_LOOP('',(#8882,#8883,#8885,#8886,#8887,#8889,#8891));
#8893=FACE_OUTER_BOUND('',#8892,.F.);
#8895=CARTESIAN_POINT('',(0.E0,0.E0,-2.55E0));
#8896=DIRECTION('',(0.E0,0.E0,-1.E0));
#8897=DIRECTION('',(-1.E0,0.E0,0.E0));
#8898=AXIS2_PLACEMENT_3D('',#8895,#8896,#8897);
#8899=PLANE('',#8898);
#8900=ORIENTED_EDGE('',*,*,#8125,.T.);
#8901=ORIENTED_EDGE('',*,*,#8881,.F.);
#8902=ORIENTED_EDGE('',*,*,#8235,.F.);
#8903=ORIENTED_EDGE('',*,*,#7604,.T.);
#8905=ORIENTED_EDGE('',*,*,#8904,.F.);
#8906=ORIENTED_EDGE('',*,*,#8163,.F.);
#8907=EDGE_LOOP('',(#8900,#8901,#8902,#8903,#8905,#8906));
#8908=FACE_OUTER_BOUND('',#8907,.F.);
#8910=CARTESIAN_POINT('',(0.E0,0.E0,-2.55E0));
#8911=DIRECTION('',(0.E0,0.E0,-1.E0));
#8912=DIRECTION('',(-1.E0,0.E0,0.E0));
#8913=AXIS2_PLACEMENT_3D('',#8910,#8911,#8912);
#8914=PLANE('',#8913);
#8916=ORIENTED_EDGE('',*,*,#8915,.T.);
#8917=ORIENTED_EDGE('',*,*,#8171,.F.);
#8919=ORIENTED_EDGE('',*,*,#8918,.F.);
#8920=ORIENTED_EDGE('',*,*,#7106,.T.);
#8921=ORIENTED_EDGE('',*,*,#8247,.F.);
#8922=EDGE_LOOP('',(#8916,#8917,#8919,#8920,#8921));
#8923=FACE_OUTER_BOUND('',#8922,.F.);
#8925=CARTESIAN_POINT('',(0.E0,0.E0,-2.55E0));
#8926=DIRECTION('',(0.E0,0.E0,-1.E0));
#8927=DIRECTION('',(-1.E0,0.E0,0.E0));
#8928=AXIS2_PLACEMENT_3D('',#8925,#8926,#8927);
#8929=PLANE('',#8928);
#8931=ORIENTED_EDGE('',*,*,#8930,.T.);
#8932=ORIENTED_EDGE('',*,*,#7540,.F.);
#8933=ORIENTED_EDGE('',*,*,#7127,.T.);
#8935=ORIENTED_EDGE('',*,*,#8934,.F.);
#8937=ORIENTED_EDGE('',*,*,#8936,.F.);
#8938=EDGE_LOOP('',(#8931,#8932,#8933,#8935,#8937));
#8939=FACE_OUTER_BOUND('',#8938,.F.);
#8941=CARTESIAN_POINT('',(0.E0,0.E0,-2.55E0));
#8942=DIRECTION('',(0.E0,0.E0,-1.E0));
#8943=DIRECTION('',(-1.E0,0.E0,0.E0));
#8944=AXIS2_PLACEMENT_3D('',#8941,#8942,#8943);
#8945=PLANE('',#8944);
#8947=ORIENTED_EDGE('',*,*,#8946,.T.);
#8949=ORIENTED_EDGE('',*,*,#8948,.F.);
#8951=ORIENTED_EDGE('',*,*,#8950,.F.);
#8952=ORIENTED_EDGE('',*,*,#7576,.T.);
#8953=ORIENTED_EDGE('',*,*,#7556,.F.);
#8955=ORIENTED_EDGE('',*,*,#8954,.F.);
#8956=EDGE_LOOP('',(#8947,#8949,#8951,#8952,#8953,#8955));
#8957=FACE_OUTER_BOUND('',#8956,.F.);
#8959=CARTESIAN_POINT('',(6.105E0,-7.55E-1,-3.475E0));
#8960=DIRECTION('',(-7.071067811865E-1,-7.071067811865E-1,0.E0));
#8961=DIRECTION('',(0.E0,0.E0,-1.E0));
#8962=AXIS2_PLACEMENT_3D('',#8959,#8960,#8961);
#8963=PLANE('',#8962);
#8964=ORIENTED_EDGE('',*,*,#7695,.F.);
#8966=ORIENTED_EDGE('',*,*,#8965,.F.);
#8967=ORIENTED_EDGE('',*,*,#8165,.F.);
#8968=ORIENTED_EDGE('',*,*,#8904,.T.);
#8969=ORIENTED_EDGE('',*,*,#7602,.T.);
#8970=EDGE_LOOP('',(#8964,#8966,#8967,#8968,#8969));
#8971=FACE_OUTER_BOUND('',#8970,.F.);
#8973=CARTESIAN_POINT('',(6.105E0,0.E0,-4.325E0));
#8974=DIRECTION('',(-7.071067811865E-1,0.E0,-7.071067811865E-1));
#8975=DIRECTION('',(0.E0,-1.E0,0.E0));
#8976=AXIS2_PLACEMENT_3D('',#8973,#8974,#8975);
#8977=PLANE('',#8976);
#8978=ORIENTED_EDGE('',*,*,#7449,.T.);
#8980=ORIENTED_EDGE('',*,*,#8979,.F.);
#8981=ORIENTED_EDGE('',*,*,#8167,.F.);
#8982=ORIENTED_EDGE('',*,*,#8965,.T.);
#8983=EDGE_LOOP('',(#8978,#8980,#8981,#8982));
#8984=FACE_OUTER_BOUND('',#8983,.F.);
#8986=CARTESIAN_POINT('',(6.105E0,7.55E-1,-3.475E0));
#8987=DIRECTION('',(-7.071067811865E-1,7.071067811865E-1,0.E0));
#8988=DIRECTION('',(0.E0,0.E0,-1.E0));
#8989=AXIS2_PLACEMENT_3D('',#8986,#8987,#8988);
#8990=PLANE('',#8989);
#8991=ORIENTED_EDGE('',*,*,#8918,.T.);
#8992=ORIENTED_EDGE('',*,*,#8169,.F.);
#8993=ORIENTED_EDGE('',*,*,#8979,.T.);
#8994=ORIENTED_EDGE('',*,*,#7108,.T.);
#8995=EDGE_LOOP('',(#8991,#8992,#8993,#8994));
#8996=FACE_OUTER_BOUND('',#8995,.F.);
#8998=CARTESIAN_POINT('',(5.8E0,2.8E-1,-2.55E0));
#8999=DIRECTION('',(0.E0,1.E0,0.E0));
#9000=DIRECTION('',(1.E0,0.E0,0.E0));
#9001=AXIS2_PLACEMENT_3D('',#8998,#8999,#9000);
#9002=PLANE('',#9001);
#9003=ORIENTED_EDGE('',*,*,#8218,.T.);
#9004=ORIENTED_EDGE('',*,*,#8173,.F.);
#9005=ORIENTED_EDGE('',*,*,#8915,.F.);
#9006=ORIENTED_EDGE('',*,*,#8245,.T.);
#9007=EDGE_LOOP('',(#9003,#9004,#9005,#9006));
#9008=FACE_OUTER_BOUND('',#9007,.F.);
#9010=CARTESIAN_POINT('',(-6.03E0,2.8E-1,-2.55E0));
#9011=DIRECTION('',(0.E0,1.E0,0.E0));
#9012=DIRECTION('',(1.E0,0.E0,0.E0));
#9013=AXIS2_PLACEMENT_3D('',#9010,#9011,#9012);
#9014=PLANE('',#9013);
#9016=ORIENTED_EDGE('',*,*,#9015,.T.);
#9017=ORIENTED_EDGE('',*,*,#7542,.F.);
#9018=ORIENTED_EDGE('',*,*,#8930,.F.);
#9020=ORIENTED_EDGE('',*,*,#9019,.T.);
#9021=EDGE_LOOP('',(#9016,#9017,#9018,#9020));
#9022=FACE_OUTER_BOUND('',#9021,.F.);
#9024=CARTESIAN_POINT('',(-6.04774224E0,1.3E-1,-3.6E0));
#9025=DIRECTION('',(1.E0,0.E0,0.E0));
#9026=DIRECTION('',(0.E0,0.E0,-1.E0));
#9027=AXIS2_PLACEMENT_3D('',#9024,#9025,#9026);
#9028=CYLINDRICAL_SURFACE('',#9027,1.5E-1);
#9030=ORIENTED_EDGE('',*,*,#9029,.T.);
#9031=ORIENTED_EDGE('',*,*,#8202,.T.);
#9032=ORIENTED_EDGE('',*,*,#7544,.T.);
#9033=ORIENTED_EDGE('',*,*,#9015,.F.);
#9034=EDGE_LOOP('',(#9030,#9031,#9032,#9033));
#9035=FACE_OUTER_BOUND('',#9034,.F.);
#9037=CARTESIAN_POINT('',(-6.03E0,-8.3E-1,-4.4E0));
#9038=DIRECTION('',(-1.E0,0.E0,0.E0));
#9039=DIRECTION('',(0.E0,1.E0,0.E0));
#9040=AXIS2_PLACEMENT_3D('',#9037,#9038,#9039);
#9041=PLANE('',#9040);
#9042=ORIENTED_EDGE('',*,*,#8204,.T.);
#9043=ORIENTED_EDGE('',*,*,#9029,.F.);
#9044=ORIENTED_EDGE('',*,*,#9019,.F.);
#9045=ORIENTED_EDGE('',*,*,#8936,.T.);
#9047=ORIENTED_EDGE('',*,*,#9046,.T.);
#9049=ORIENTED_EDGE('',*,*,#9048,.T.);
#9051=ORIENTED_EDGE('',*,*,#9050,.T.);
#9052=ORIENTED_EDGE('',*,*,#8948,.T.);
#9054=ORIENTED_EDGE('',*,*,#9053,.T.);
#9056=ORIENTED_EDGE('',*,*,#9055,.F.);
#9057=EDGE_LOOP('',(#9042,#9043,#9044,#9045,#9047,#9049,#9051,#9052,#9054,
#9056));
#9058=FACE_OUTER_BOUND('',#9057,.F.);
#9060=CARTESIAN_POINT('',(-6.105E0,7.55E-1,-3.475E0));
#9061=DIRECTION('',(7.071067811865E-1,7.071067811865E-1,0.E0));
#9062=DIRECTION('',(0.E0,0.E0,-1.E0));
#9063=AXIS2_PLACEMENT_3D('',#9060,#9061,#9062);
#9064=PLANE('',#9063);
#9065=ORIENTED_EDGE('',*,*,#8934,.T.);
#9066=ORIENTED_EDGE('',*,*,#7125,.T.);
#9068=ORIENTED_EDGE('',*,*,#9067,.F.);
#9069=ORIENTED_EDGE('',*,*,#9046,.F.);
#9070=EDGE_LOOP('',(#9065,#9066,#9068,#9069));
#9071=FACE_OUTER_BOUND('',#9070,.F.);
#9073=CARTESIAN_POINT('',(-6.105E0,0.E0,-4.325E0));
#9074=DIRECTION('',(7.071067811865E-1,0.E0,-7.071067811865E-1));
#9075=DIRECTION('',(0.E0,-1.E0,0.E0));
#9076=AXIS2_PLACEMENT_3D('',#9073,#9074,#9075);
#9077=PLANE('',#9076);
#9078=ORIENTED_EDGE('',*,*,#7489,.T.);
#9080=ORIENTED_EDGE('',*,*,#9079,.F.);
#9081=ORIENTED_EDGE('',*,*,#9048,.F.);
#9082=ORIENTED_EDGE('',*,*,#9067,.T.);
#9083=EDGE_LOOP('',(#9078,#9080,#9081,#9082));
#9084=FACE_OUTER_BOUND('',#9083,.F.);
#9086=CARTESIAN_POINT('',(-6.105E0,-7.55E-1,-3.475E0));
#9087=DIRECTION('',(7.071067811865E-1,-7.071067811865E-1,0.E0));
#9088=DIRECTION('',(0.E0,0.E0,-1.E0));
#9089=AXIS2_PLACEMENT_3D('',#9086,#9087,#9088);
#9090=PLANE('',#9089);
#9091=ORIENTED_EDGE('',*,*,#7684,.T.);
#9092=ORIENTED_EDGE('',*,*,#7578,.T.);
#9093=ORIENTED_EDGE('',*,*,#8950,.T.);
#9094=ORIENTED_EDGE('',*,*,#9050,.F.);
#9095=ORIENTED_EDGE('',*,*,#9079,.T.);
#9096=EDGE_LOOP('',(#9091,#9092,#9093,#9094,#9095));
#9097=FACE_OUTER_BOUND('',#9096,.F.);
#9099=CARTESIAN_POINT('',(-5.8E0,-3.2E-1,-2.55E0));
#9100=DIRECTION('',(0.E0,-1.E0,0.E0));
#9101=DIRECTION('',(-1.E0,0.E0,0.E0));
#9102=AXIS2_PLACEMENT_3D('',#9099,#9100,#9101);
#9103=PLANE('',#9102);
#9104=ORIENTED_EDGE('',*,*,#7797,.T.);
#9105=ORIENTED_EDGE('',*,*,#7781,.F.);
#9107=ORIENTED_EDGE('',*,*,#9106,.T.);
#9108=ORIENTED_EDGE('',*,*,#9053,.F.);
#9109=ORIENTED_EDGE('',*,*,#8946,.F.);
#9111=ORIENTED_EDGE('',*,*,#9110,.T.);
#9112=ORIENTED_EDGE('',*,*,#7550,.T.);
#9114=ORIENTED_EDGE('',*,*,#9113,.T.);
#9116=ORIENTED_EDGE('',*,*,#9115,.T.);
#9117=EDGE_LOOP('',(#9104,#9105,#9107,#9108,#9109,#9111,#9112,#9114,#9116));
#9118=FACE_OUTER_BOUND('',#9117,.F.);
#9120=CARTESIAN_POINT('',(-5.78154784E0,-1.7E-1,-3.6E0));
#9121=DIRECTION('',(-1.E0,0.E0,0.E0));
#9122=DIRECTION('',(0.E0,0.E0,-1.E0));
#9123=AXIS2_PLACEMENT_3D('',#9120,#9121,#9122);
#9124=CYLINDRICAL_SURFACE('',#9123,1.5E-1);
#9126=ORIENTED_EDGE('',*,*,#9125,.T.);
#9127=ORIENTED_EDGE('',*,*,#9113,.F.);
#9128=ORIENTED_EDGE('',*,*,#7548,.T.);
#9129=ORIENTED_EDGE('',*,*,#8199,.T.);
#9130=ORIENTED_EDGE('',*,*,#9055,.T.);
#9131=ORIENTED_EDGE('',*,*,#9106,.F.);
#9132=ORIENTED_EDGE('',*,*,#7779,.F.);
#9134=ORIENTED_EDGE('',*,*,#9133,.F.);
#9135=EDGE_LOOP('',(#9126,#9127,#9128,#9129,#9130,#9131,#9132,#9134));
#9136=FACE_OUTER_BOUND('',#9135,.F.);
#9138=CARTESIAN_POINT('',(-5.815E0,-6.79E-1,-4.4E0));
#9139=DIRECTION('',(1.E0,0.E0,0.E0));
#9140=DIRECTION('',(0.E0,1.E0,0.E0));
#9141=AXIS2_PLACEMENT_3D('',#9138,#9139,#9140);
#9142=PLANE('',#9141);
#9143=ORIENTED_EDGE('',*,*,#7799,.F.);
#9144=ORIENTED_EDGE('',*,*,#9115,.F.);
#9145=ORIENTED_EDGE('',*,*,#9125,.F.);
#9147=ORIENTED_EDGE('',*,*,#9146,.T.);
#9148=ORIENTED_EDGE('',*,*,#7479,.T.);
#9150=ORIENTED_EDGE('',*,*,#9149,.F.);
#9151=EDGE_LOOP('',(#9143,#9144,#9145,#9147,#9148,#9150));
#9152=FACE_OUTER_BOUND('',#9151,.F.);
#9154=CARTESIAN_POINT('',(-5.815E0,-2.8E-1,-4.4E0));
#9155=DIRECTION('',(0.E0,1.E0,0.E0));
#9156=DIRECTION('',(-1.E0,0.E0,0.E0));
#9157=AXIS2_PLACEMENT_3D('',#9154,#9155,#9156);
#9158=PLANE('',#9157);
#9159=ORIENTED_EDGE('',*,*,#9146,.F.);
#9160=ORIENTED_EDGE('',*,*,#9133,.T.);
#9161=ORIENTED_EDGE('',*,*,#7777,.T.);
#9162=ORIENTED_EDGE('',*,*,#7481,.T.);
#9163=EDGE_LOOP('',(#9159,#9160,#9161,#9162));
#9164=FACE_OUTER_BOUND('',#9163,.F.);
#9166=CARTESIAN_POINT('',(-6.166E0,-6.79E-1,-4.4E0));
#9167=DIRECTION('',(0.E0,0.E0,1.E0));
#9168=DIRECTION('',(-1.E0,0.E0,0.E0));
#9169=AXIS2_PLACEMENT_3D('',#9166,#9167,#9168);
#9170=CYLINDRICAL_SURFACE('',#9169,3.51E-1);
#9171=ORIENTED_EDGE('',*,*,#7477,.T.);
#9172=ORIENTED_EDGE('',*,*,#7902,.F.);
#9173=ORIENTED_EDGE('',*,*,#7801,.F.);
#9174=ORIENTED_EDGE('',*,*,#9149,.T.);
#9175=EDGE_LOOP('',(#9171,#9172,#9173,#9174));
#9176=FACE_OUTER_BOUND('',#9175,.F.);
#9178=CARTESIAN_POINT('',(-5.8E0,-1.3E-1,0.E0));
#9179=DIRECTION('',(-1.E0,0.E0,0.E0));
#9180=DIRECTION('',(0.E0,-1.E0,0.E0));
#9181=AXIS2_PLACEMENT_3D('',#9178,#9179,#9180);
#9182=PLANE('',#9181);
#9183=ORIENTED_EDGE('',*,*,#8866,.T.);
#9185=ORIENTED_EDGE('',*,*,#9184,.T.);
#9186=ORIENTED_EDGE('',*,*,#9110,.F.);
#9187=ORIENTED_EDGE('',*,*,#8954,.T.);
#9189=ORIENTED_EDGE('',*,*,#9188,.F.);
#9191=ORIENTED_EDGE('',*,*,#9190,.F.);
#9192=ORIENTED_EDGE('',*,*,#8272,.T.);
#9193=EDGE_LOOP('',(#9183,#9185,#9186,#9187,#9189,#9191,#9192));
#9194=FACE_OUTER_BOUND('',#9193,.F.);
#9196=CARTESIAN_POINT('',(0.E0,0.E0,-3.39E0));
#9197=DIRECTION('',(0.E0,0.E0,1.E0));
#9198=DIRECTION('',(1.E0,0.E0,0.E0));
#9199=AXIS2_PLACEMENT_3D('',#9196,#9197,#9198);
#9200=PLANE('',#9199);
#9202=ORIENTED_EDGE('',*,*,#9201,.T.);
#9204=ORIENTED_EDGE('',*,*,#9203,.F.);
#9206=ORIENTED_EDGE('',*,*,#9205,.F.);
#9208=ORIENTED_EDGE('',*,*,#9207,.F.);
#9209=ORIENTED_EDGE('',*,*,#7552,.T.);
#9210=ORIENTED_EDGE('',*,*,#9184,.F.);
#9211=ORIENTED_EDGE('',*,*,#8864,.F.);
#9212=ORIENTED_EDGE('',*,*,#8884,.T.);
#9213=ORIENTED_EDGE('',*,*,#8239,.F.);
#9215=ORIENTED_EDGE('',*,*,#9214,.F.);
#9217=ORIENTED_EDGE('',*,*,#9216,.T.);
#9219=ORIENTED_EDGE('',*,*,#9218,.F.);
#9221=ORIENTED_EDGE('',*,*,#9220,.F.);
#9223=ORIENTED_EDGE('',*,*,#9222,.F.);
#9225=ORIENTED_EDGE('',*,*,#9224,.T.);
#9227=ORIENTED_EDGE('',*,*,#9226,.F.);
#9229=ORIENTED_EDGE('',*,*,#9228,.F.);
#9231=ORIENTED_EDGE('',*,*,#9230,.F.);
#9233=ORIENTED_EDGE('',*,*,#9232,.T.);
#9235=ORIENTED_EDGE('',*,*,#9234,.F.);
#9237=ORIENTED_EDGE('',*,*,#9236,.F.);
#9239=ORIENTED_EDGE('',*,*,#9238,.F.);
#9241=ORIENTED_EDGE('',*,*,#9240,.T.);
#9243=ORIENTED_EDGE('',*,*,#9242,.F.);
#9245=ORIENTED_EDGE('',*,*,#9244,.F.);
#9247=ORIENTED_EDGE('',*,*,#9246,.F.);
#9249=ORIENTED_EDGE('',*,*,#9248,.T.);
#9251=ORIENTED_EDGE('',*,*,#9250,.F.);
#9253=ORIENTED_EDGE('',*,*,#9252,.F.);
#9255=ORIENTED_EDGE('',*,*,#9254,.F.);
#9257=ORIENTED_EDGE('',*,*,#9256,.T.);
#9259=ORIENTED_EDGE('',*,*,#9258,.F.);
#9261=ORIENTED_EDGE('',*,*,#9260,.F.);
#9263=ORIENTED_EDGE('',*,*,#9262,.F.);
#9265=ORIENTED_EDGE('',*,*,#9264,.T.);
#9267=ORIENTED_EDGE('',*,*,#9266,.F.);
#9269=ORIENTED_EDGE('',*,*,#9268,.F.);
#9271=ORIENTED_EDGE('',*,*,#9270,.F.);
#9273=ORIENTED_EDGE('',*,*,#9272,.T.);
#9275=ORIENTED_EDGE('',*,*,#9274,.F.);
#9277=ORIENTED_EDGE('',*,*,#9276,.F.);
#9279=ORIENTED_EDGE('',*,*,#9278,.F.);
#9281=ORIENTED_EDGE('',*,*,#9280,.T.);
#9283=ORIENTED_EDGE('',*,*,#9282,.F.);
#9285=ORIENTED_EDGE('',*,*,#9284,.F.);
#9287=ORIENTED_EDGE('',*,*,#9286,.F.);
#9289=ORIENTED_EDGE('',*,*,#9288,.T.);
#9291=ORIENTED_EDGE('',*,*,#9290,.F.);
#9293=ORIENTED_EDGE('',*,*,#9292,.F.);
#9295=ORIENTED_EDGE('',*,*,#9294,.F.);
#9297=ORIENTED_EDGE('',*,*,#9296,.T.);
#9299=ORIENTED_EDGE('',*,*,#9298,.F.);
#9301=ORIENTED_EDGE('',*,*,#9300,.F.);
#9303=ORIENTED_EDGE('',*,*,#9302,.F.);
#9305=ORIENTED_EDGE('',*,*,#9304,.T.);
#9307=ORIENTED_EDGE('',*,*,#9306,.F.);
#9309=ORIENTED_EDGE('',*,*,#9308,.F.);
#9311=ORIENTED_EDGE('',*,*,#9310,.F.);
#9313=ORIENTED_EDGE('',*,*,#9312,.T.);
#9315=ORIENTED_EDGE('',*,*,#9314,.F.);
#9317=ORIENTED_EDGE('',*,*,#9316,.F.);
#9319=ORIENTED_EDGE('',*,*,#9318,.F.);
#9321=ORIENTED_EDGE('',*,*,#9320,.T.);
#9323=ORIENTED_EDGE('',*,*,#9322,.F.);
#9325=ORIENTED_EDGE('',*,*,#9324,.F.);
#9327=ORIENTED_EDGE('',*,*,#9326,.F.);
#9329=ORIENTED_EDGE('',*,*,#9328,.T.);
#9331=ORIENTED_EDGE('',*,*,#9330,.F.);
#9333=ORIENTED_EDGE('',*,*,#9332,.F.);
#9335=ORIENTED_EDGE('',*,*,#9334,.F.);
#9337=ORIENTED_EDGE('',*,*,#9336,.T.);
#9339=ORIENTED_EDGE('',*,*,#9338,.F.);
#9341=ORIENTED_EDGE('',*,*,#9340,.F.);
#9343=ORIENTED_EDGE('',*,*,#9342,.F.);
#9345=ORIENTED_EDGE('',*,*,#9344,.T.);
#9347=ORIENTED_EDGE('',*,*,#9346,.F.);
#9349=ORIENTED_EDGE('',*,*,#9348,.F.);
#9351=ORIENTED_EDGE('',*,*,#9350,.F.);
#9353=ORIENTED_EDGE('',*,*,#9352,.T.);
#9355=ORIENTED_EDGE('',*,*,#9354,.F.);
#9357=ORIENTED_EDGE('',*,*,#9356,.F.);
#9359=ORIENTED_EDGE('',*,*,#9358,.F.);
#9361=ORIENTED_EDGE('',*,*,#9360,.T.);
#9363=ORIENTED_EDGE('',*,*,#9362,.F.);
#9365=ORIENTED_EDGE('',*,*,#9364,.F.);
#9367=ORIENTED_EDGE('',*,*,#9366,.F.);
#9369=ORIENTED_EDGE('',*,*,#9368,.T.);
#9371=ORIENTED_EDGE('',*,*,#9370,.F.);
#9373=ORIENTED_EDGE('',*,*,#9372,.F.);
#9375=ORIENTED_EDGE('',*,*,#9374,.F.);
#9377=ORIENTED_EDGE('',*,*,#9376,.T.);
#9379=ORIENTED_EDGE('',*,*,#9378,.F.);
#9381=ORIENTED_EDGE('',*,*,#9380,.F.);
#9383=ORIENTED_EDGE('',*,*,#9382,.F.);
#9384=EDGE_LOOP('',(#9202,#9204,#9206,#9208,#9209,#9210,#9211,#9212,#9213,#9215,
#9217,#9219,#9221,#9223,#9225,#9227,#9229,#9231,#9233,#9235,#9237,#9239,#9241,
#9243,#9245,#9247,#9249,#9251,#9253,#9255,#9257,#9259,#9261,#9263,#9265,#9267,
#9269,#9271,#9273,#9275,#9277,#9279,#9281,#9283,#9285,#9287,#9289,#9291,#9293,
#9295,#9297,#9299,#9301,#9303,#9305,#9307,#9309,#9311,#9313,#9315,#9317,#9319,
#9321,#9323,#9325,#9327,#9329,#9331,#9333,#9335,#9337,#9339,#9341,#9343,#9345,
#9347,#9349,#9351,#9353,#9355,#9357,#9359,#9361,#9363,#9365,#9367,#9369,#9371,
#9373,#9375,#9377,#9379,#9381,#9383));
#9385=FACE_OUTER_BOUND('',#9384,.F.);
#9387=CARTESIAN_POINT('',(-5.145E0,0.E0,0.E0));
#9388=DIRECTION('',(1.E0,0.E0,0.E0));
#9389=DIRECTION('',(0.E0,0.E0,-1.E0));
#9390=AXIS2_PLACEMENT_3D('',#9387,#9388,#9389);
#9391=PLANE('',#9390);
#9392=ORIENTED_EDGE('',*,*,#7420,.T.);
#9394=ORIENTED_EDGE('',*,*,#9393,.F.);
#9396=ORIENTED_EDGE('',*,*,#9395,.F.);
#9398=ORIENTED_EDGE('',*,*,#9397,.F.);
#9400=ORIENTED_EDGE('',*,*,#9399,.F.);
#9402=ORIENTED_EDGE('',*,*,#9401,.F.);
#9403=EDGE_LOOP('',(#9392,#9394,#9396,#9398,#9400,#9402));
#9404=FACE_OUTER_BOUND('',#9403,.F.);
#9406=CARTESIAN_POINT('',(-5.145E0,0.E0,0.E0));
#9407=DIRECTION('',(1.E0,0.E0,0.E0));
#9408=DIRECTION('',(0.E0,0.E0,-1.E0));
#9409=AXIS2_PLACEMENT_3D('',#9406,#9407,#9408);
#9410=PLANE('',#9409);
#9412=ORIENTED_EDGE('',*,*,#9411,.T.);
#9414=ORIENTED_EDGE('',*,*,#9413,.F.);
#9416=ORIENTED_EDGE('',*,*,#9415,.F.);
#9418=ORIENTED_EDGE('',*,*,#9417,.F.);
#9419=ORIENTED_EDGE('',*,*,#9201,.F.);
#9420=EDGE_LOOP('',(#9412,#9414,#9416,#9418,#9419));
#9421=FACE_OUTER_BOUND('',#9420,.F.);
#9423=CARTESIAN_POINT('',(-5.145E0,-7.5E-1,-4.73E0));
#9424=DIRECTION('',(0.E0,7.071067811865E-1,-7.071067811865E-1));
#9425=DIRECTION('',(0.E0,7.071067811865E-1,7.071067811865E-1));
#9426=AXIS2_PLACEMENT_3D('',#9423,#9424,#9425);
#9427=PLANE('',#9426);
#9428=ORIENTED_EDGE('',*,*,#7426,.F.);
#9430=ORIENTED_EDGE('',*,*,#9429,.F.);
#9432=ORIENTED_EDGE('',*,*,#9431,.F.);
#9433=ORIENTED_EDGE('',*,*,#9393,.T.);
#9434=EDGE_LOOP('',(#9428,#9430,#9432,#9433));
#9435=FACE_OUTER_BOUND('',#9434,.F.);
#9437=CARTESIAN_POINT('',(-5.345E0,0.E0,0.E0));
#9438=DIRECTION('',(1.E0,0.E0,0.E0));
#9439=DIRECTION('',(0.E0,0.E0,-1.E0));
#9440=AXIS2_PLACEMENT_3D('',#9437,#9438,#9439);
#9441=PLANE('',#9440);
#9442=ORIENTED_EDGE('',*,*,#7424,.F.);
#9444=ORIENTED_EDGE('',*,*,#9443,.T.);
#9446=ORIENTED_EDGE('',*,*,#9445,.T.);
#9448=ORIENTED_EDGE('',*,*,#9447,.T.);
#9450=ORIENTED_EDGE('',*,*,#9449,.T.);
#9451=ORIENTED_EDGE('',*,*,#9429,.T.);
#9452=EDGE_LOOP('',(#9442,#9444,#9446,#9448,#9450,#9451));
#9453=FACE_OUTER_BOUND('',#9452,.F.);
#9455=CARTESIAN_POINT('',(-5.345E0,0.E0,0.E0));
#9456=DIRECTION('',(1.E0,0.E0,0.E0));
#9457=DIRECTION('',(0.E0,0.E0,-1.E0));
#9458=AXIS2_PLACEMENT_3D('',#9455,#9456,#9457);
#9459=PLANE('',#9458);
#9461=ORIENTED_EDGE('',*,*,#9460,.F.);
#9462=ORIENTED_EDGE('',*,*,#9205,.T.);
#9464=ORIENTED_EDGE('',*,*,#9463,.T.);
#9466=ORIENTED_EDGE('',*,*,#9465,.T.);
#9468=ORIENTED_EDGE('',*,*,#9467,.T.);
#9469=EDGE_LOOP('',(#9461,#9462,#9464,#9466,#9468));
#9470=FACE_OUTER_BOUND('',#9469,.F.);
#9472=CARTESIAN_POINT('',(-5.145E0,-8.5E-1,-4.4E0));
#9473=DIRECTION('',(0.E0,-7.071067811865E-1,7.071067811865E-1));
#9474=DIRECTION('',(0.E0,-7.071067811865E-1,-7.071067811865E-1));
#9475=AXIS2_PLACEMENT_3D('',#9472,#9473,#9474);
#9476=PLANE('',#9475);
#9477=ORIENTED_EDGE('',*,*,#7422,.T.);
#9478=ORIENTED_EDGE('',*,*,#9401,.T.);
#9480=ORIENTED_EDGE('',*,*,#9479,.T.);
#9481=ORIENTED_EDGE('',*,*,#9443,.F.);
#9482=EDGE_LOOP('',(#9477,#9478,#9480,#9481));
#9483=FACE_OUTER_BOUND('',#9482,.F.);
#9485=CARTESIAN_POINT('',(-5.145E0,-1.05E0,-4.6E0));
#9486=DIRECTION('',(0.E0,-1.E0,0.E0));
#9487=DIRECTION('',(0.E0,0.E0,-1.E0));
#9488=AXIS2_PLACEMENT_3D('',#9485,#9486,#9487);
#9489=PLANE('',#9488);
#9490=ORIENTED_EDGE('',*,*,#9399,.T.);
#9492=ORIENTED_EDGE('',*,*,#9491,.T.);
#9493=ORIENTED_EDGE('',*,*,#9445,.F.);
#9494=ORIENTED_EDGE('',*,*,#9479,.F.);
#9495=EDGE_LOOP('',(#9490,#9492,#9493,#9494));
#9496=FACE_OUTER_BOUND('',#9495,.F.);
#9498=CARTESIAN_POINT('',(-5.145E0,-1.05E0,-5.1E0));
#9499=DIRECTION('',(0.E0,0.E0,-1.E0));
#9500=DIRECTION('',(0.E0,1.E0,0.E0));
#9501=AXIS2_PLACEMENT_3D('',#9498,#9499,#9500);
#9502=PLANE('',#9501);
#9503=ORIENTED_EDGE('',*,*,#9397,.T.);
#9505=ORIENTED_EDGE('',*,*,#9504,.T.);
#9506=ORIENTED_EDGE('',*,*,#9447,.F.);
#9507=ORIENTED_EDGE('',*,*,#9491,.F.);
#9508=EDGE_LOOP('',(#9503,#9505,#9506,#9507));
#9509=FACE_OUTER_BOUND('',#9508,.F.);
#9511=CARTESIAN_POINT('',(-5.145E0,-7.5E-1,-5.1E0));
#9512=DIRECTION('',(0.E0,1.E0,0.E0));
#9513=DIRECTION('',(0.E0,0.E0,1.E0));
#9514=AXIS2_PLACEMENT_3D('',#9511,#9512,#9513);
#9515=PLANE('',#9514);
#9516=ORIENTED_EDGE('',*,*,#9395,.T.);
#9517=ORIENTED_EDGE('',*,*,#9431,.T.);
#9518=ORIENTED_EDGE('',*,*,#9449,.F.);
#9519=ORIENTED_EDGE('',*,*,#9504,.F.);
#9520=EDGE_LOOP('',(#9516,#9517,#9518,#9519));
#9521=FACE_OUTER_BOUND('',#9520,.F.);
#9523=CARTESIAN_POINT('',(0.E0,-4.5E-1,-4.4E0));
#9524=DIRECTION('',(0.E0,1.E0,0.E0));
#9525=DIRECTION('',(1.E0,0.E0,0.E0));
#9526=AXIS2_PLACEMENT_3D('',#9523,#9524,#9525);
#9527=PLANE('',#9526);
#9528=ORIENTED_EDGE('',*,*,#9411,.F.);
#9529=ORIENTED_EDGE('',*,*,#9382,.T.);
#9531=ORIENTED_EDGE('',*,*,#9530,.T.);
#9533=ORIENTED_EDGE('',*,*,#9532,.T.);
#9535=ORIENTED_EDGE('',*,*,#9534,.F.);
#9536=ORIENTED_EDGE('',*,*,#9374,.T.);
#9538=ORIENTED_EDGE('',*,*,#9537,.T.);
#9540=ORIENTED_EDGE('',*,*,#9539,.T.);
#9542=ORIENTED_EDGE('',*,*,#9541,.F.);
#9543=ORIENTED_EDGE('',*,*,#9366,.T.);
#9545=ORIENTED_EDGE('',*,*,#9544,.T.);
#9547=ORIENTED_EDGE('',*,*,#9546,.T.);
#9549=ORIENTED_EDGE('',*,*,#9548,.F.);
#9550=ORIENTED_EDGE('',*,*,#9358,.T.);
#9552=ORIENTED_EDGE('',*,*,#9551,.T.);
#9554=ORIENTED_EDGE('',*,*,#9553,.T.);
#9556=ORIENTED_EDGE('',*,*,#9555,.F.);
#9557=ORIENTED_EDGE('',*,*,#9350,.T.);
#9559=ORIENTED_EDGE('',*,*,#9558,.T.);
#9561=ORIENTED_EDGE('',*,*,#9560,.T.);
#9563=ORIENTED_EDGE('',*,*,#9562,.F.);
#9564=ORIENTED_EDGE('',*,*,#9342,.T.);
#9566=ORIENTED_EDGE('',*,*,#9565,.T.);
#9568=ORIENTED_EDGE('',*,*,#9567,.T.);
#9570=ORIENTED_EDGE('',*,*,#9569,.F.);
#9571=ORIENTED_EDGE('',*,*,#9334,.T.);
#9573=ORIENTED_EDGE('',*,*,#9572,.T.);
#9575=ORIENTED_EDGE('',*,*,#9574,.T.);
#9577=ORIENTED_EDGE('',*,*,#9576,.F.);
#9578=ORIENTED_EDGE('',*,*,#9326,.T.);
#9580=ORIENTED_EDGE('',*,*,#9579,.T.);
#9582=ORIENTED_EDGE('',*,*,#9581,.T.);
#9584=ORIENTED_EDGE('',*,*,#9583,.F.);
#9585=ORIENTED_EDGE('',*,*,#9318,.T.);
#9587=ORIENTED_EDGE('',*,*,#9586,.T.);
#9589=ORIENTED_EDGE('',*,*,#9588,.T.);
#9591=ORIENTED_EDGE('',*,*,#9590,.F.);
#9592=ORIENTED_EDGE('',*,*,#9310,.T.);
#9594=ORIENTED_EDGE('',*,*,#9593,.T.);
#9596=ORIENTED_EDGE('',*,*,#9595,.T.);
#9598=ORIENTED_EDGE('',*,*,#9597,.F.);
#9599=ORIENTED_EDGE('',*,*,#9302,.T.);
#9601=ORIENTED_EDGE('',*,*,#9600,.T.);
#9603=ORIENTED_EDGE('',*,*,#9602,.T.);
#9605=ORIENTED_EDGE('',*,*,#9604,.F.);
#9606=ORIENTED_EDGE('',*,*,#9294,.T.);
#9608=ORIENTED_EDGE('',*,*,#9607,.T.);
#9610=ORIENTED_EDGE('',*,*,#9609,.T.);
#9612=ORIENTED_EDGE('',*,*,#9611,.F.);
#9613=ORIENTED_EDGE('',*,*,#9286,.T.);
#9615=ORIENTED_EDGE('',*,*,#9614,.T.);
#9617=ORIENTED_EDGE('',*,*,#9616,.T.);
#9619=ORIENTED_EDGE('',*,*,#9618,.F.);
#9620=ORIENTED_EDGE('',*,*,#9278,.T.);
#9622=ORIENTED_EDGE('',*,*,#9621,.T.);
#9624=ORIENTED_EDGE('',*,*,#9623,.T.);
#9626=ORIENTED_EDGE('',*,*,#9625,.F.);
#9627=ORIENTED_EDGE('',*,*,#9270,.T.);
#9629=ORIENTED_EDGE('',*,*,#9628,.T.);
#9631=ORIENTED_EDGE('',*,*,#9630,.T.);
#9633=ORIENTED_EDGE('',*,*,#9632,.F.);
#9634=ORIENTED_EDGE('',*,*,#9262,.T.);
#9636=ORIENTED_EDGE('',*,*,#9635,.T.);
#9638=ORIENTED_EDGE('',*,*,#9637,.T.);
#9640=ORIENTED_EDGE('',*,*,#9639,.F.);
#9641=ORIENTED_EDGE('',*,*,#9254,.T.);
#9643=ORIENTED_EDGE('',*,*,#9642,.T.);
#9645=ORIENTED_EDGE('',*,*,#9644,.T.);
#9647=ORIENTED_EDGE('',*,*,#9646,.F.);
#9648=ORIENTED_EDGE('',*,*,#9246,.T.);
#9650=ORIENTED_EDGE('',*,*,#9649,.T.);
#9652=ORIENTED_EDGE('',*,*,#9651,.T.);
#9654=ORIENTED_EDGE('',*,*,#9653,.F.);
#9655=ORIENTED_EDGE('',*,*,#9238,.T.);
#9657=ORIENTED_EDGE('',*,*,#9656,.T.);
#9659=ORIENTED_EDGE('',*,*,#9658,.T.);
#9661=ORIENTED_EDGE('',*,*,#9660,.F.);
#9662=ORIENTED_EDGE('',*,*,#9230,.T.);
#9664=ORIENTED_EDGE('',*,*,#9663,.T.);
#9666=ORIENTED_EDGE('',*,*,#9665,.T.);
#9668=ORIENTED_EDGE('',*,*,#9667,.F.);
#9669=ORIENTED_EDGE('',*,*,#9222,.T.);
#9671=ORIENTED_EDGE('',*,*,#9670,.T.);
#9673=ORIENTED_EDGE('',*,*,#9672,.T.);
#9675=ORIENTED_EDGE('',*,*,#9674,.F.);
#9676=ORIENTED_EDGE('',*,*,#9214,.T.);
#9677=ORIENTED_EDGE('',*,*,#8237,.F.);
#9678=ORIENTED_EDGE('',*,*,#8890,.F.);
#9680=ORIENTED_EDGE('',*,*,#9679,.F.);
#9681=ORIENTED_EDGE('',*,*,#9188,.T.);
#9682=ORIENTED_EDGE('',*,*,#7554,.T.);
#9683=ORIENTED_EDGE('',*,*,#9207,.T.);
#9684=ORIENTED_EDGE('',*,*,#9460,.T.);
#9686=ORIENTED_EDGE('',*,*,#9685,.T.);
#9687=EDGE_LOOP('',(#9528,#9529,#9531,#9533,#9535,#9536,#9538,#9540,#9542,#9543,
#9545,#9547,#9549,#9550,#9552,#9554,#9556,#9557,#9559,#9561,#9563,#9564,#9566,
#9568,#9570,#9571,#9573,#9575,#9577,#9578,#9580,#9582,#9584,#9585,#9587,#9589,
#9591,#9592,#9594,#9596,#9598,#9599,#9601,#9603,#9605,#9606,#9608,#9610,#9612,
#9613,#9615,#9617,#9619,#9620,#9622,#9624,#9626,#9627,#9629,#9631,#9633,#9634,
#9636,#9638,#9640,#9641,#9643,#9645,#9647,#9648,#9650,#9652,#9654,#9655,#9657,
#9659,#9661,#9662,#9664,#9666,#9668,#9669,#9671,#9673,#9675,#9676,#9677,#9678,
#9680,#9681,#9682,#9683,#9684,#9686));
#9688=FACE_OUTER_BOUND('',#9687,.F.);
#9690=CARTESIAN_POINT('',(-4.845E0,0.E0,0.E0));
#9691=DIRECTION('',(1.E0,0.E0,0.E0));
#9692=DIRECTION('',(0.E0,0.E0,-1.E0));
#9693=AXIS2_PLACEMENT_3D('',#9690,#9691,#9692);
#9694=PLANE('',#9693);
#9695=ORIENTED_EDGE('',*,*,#7414,.F.);
#9697=ORIENTED_EDGE('',*,*,#9696,.T.);
#9699=ORIENTED_EDGE('',*,*,#9698,.T.);
#9701=ORIENTED_EDGE('',*,*,#9700,.T.);
#9703=ORIENTED_EDGE('',*,*,#9702,.T.);
#9705=ORIENTED_EDGE('',*,*,#9704,.T.);
#9706=EDGE_LOOP('',(#9695,#9697,#9699,#9701,#9703,#9705));
#9707=FACE_OUTER_BOUND('',#9706,.F.);
#9709=CARTESIAN_POINT('',(-4.845E0,0.E0,0.E0));
#9710=DIRECTION('',(1.E0,0.E0,0.E0));
#9711=DIRECTION('',(0.E0,0.E0,-1.E0));
#9712=AXIS2_PLACEMENT_3D('',#9709,#9710,#9711);
#9713=PLANE('',#9712);
#9714=ORIENTED_EDGE('',*,*,#9530,.F.);
#9715=ORIENTED_EDGE('',*,*,#9380,.T.);
#9717=ORIENTED_EDGE('',*,*,#9716,.T.);
#9719=ORIENTED_EDGE('',*,*,#9718,.T.);
#9721=ORIENTED_EDGE('',*,*,#9720,.T.);
#9722=EDGE_LOOP('',(#9714,#9715,#9717,#9719,#9721));
#9723=FACE_OUTER_BOUND('',#9722,.F.);
#9725=CARTESIAN_POINT('',(-4.645E0,-8.5E-1,-4.4E0));
#9726=DIRECTION('',(0.E0,-7.071067811865E-1,7.071067811865E-1));
#9727=DIRECTION('',(0.E0,-7.071067811865E-1,-7.071067811865E-1));
#9728=AXIS2_PLACEMENT_3D('',#9725,#9726,#9727);
#9729=PLANE('',#9728);
#9730=ORIENTED_EDGE('',*,*,#7412,.T.);
#9732=ORIENTED_EDGE('',*,*,#9731,.T.);
#9734=ORIENTED_EDGE('',*,*,#9733,.T.);
#9735=ORIENTED_EDGE('',*,*,#9696,.F.);
#9736=EDGE_LOOP('',(#9730,#9732,#9734,#9735));
#9737=FACE_OUTER_BOUND('',#9736,.F.);
#9739=CARTESIAN_POINT('',(-4.645E0,0.E0,0.E0));
#9740=DIRECTION('',(1.E0,0.E0,0.E0));
#9741=DIRECTION('',(0.E0,0.E0,-1.E0));
#9742=AXIS2_PLACEMENT_3D('',#9739,#9740,#9741);
#9743=PLANE('',#9742);
#9744=ORIENTED_EDGE('',*,*,#7410,.T.);
#9746=ORIENTED_EDGE('',*,*,#9745,.F.);
#9748=ORIENTED_EDGE('',*,*,#9747,.F.);
#9750=ORIENTED_EDGE('',*,*,#9749,.F.);
#9752=ORIENTED_EDGE('',*,*,#9751,.F.);
#9753=ORIENTED_EDGE('',*,*,#9731,.F.);
#9754=EDGE_LOOP('',(#9744,#9746,#9748,#9750,#9752,#9753));
#9755=FACE_OUTER_BOUND('',#9754,.F.);
#9757=CARTESIAN_POINT('',(-4.645E0,0.E0,0.E0));
#9758=DIRECTION('',(1.E0,0.E0,0.E0));
#9759=DIRECTION('',(0.E0,0.E0,-1.E0));
#9760=AXIS2_PLACEMENT_3D('',#9757,#9758,#9759);
#9761=PLANE('',#9760);
#9762=ORIENTED_EDGE('',*,*,#9534,.T.);
#9764=ORIENTED_EDGE('',*,*,#9763,.F.);
#9766=ORIENTED_EDGE('',*,*,#9765,.F.);
#9768=ORIENTED_EDGE('',*,*,#9767,.F.);
#9769=ORIENTED_EDGE('',*,*,#9376,.F.);
#9770=EDGE_LOOP('',(#9762,#9764,#9766,#9768,#9769));
#9771=FACE_OUTER_BOUND('',#9770,.F.);
#9773=CARTESIAN_POINT('',(-4.645E0,-7.5E-1,-4.73E0));
#9774=DIRECTION('',(0.E0,7.071067811865E-1,-7.071067811865E-1));
#9775=DIRECTION('',(0.E0,7.071067811865E-1,7.071067811865E-1));
#9776=AXIS2_PLACEMENT_3D('',#9773,#9774,#9775);
#9777=PLANE('',#9776);
#9778=ORIENTED_EDGE('',*,*,#7416,.F.);
#9779=ORIENTED_EDGE('',*,*,#9704,.F.);
#9781=ORIENTED_EDGE('',*,*,#9780,.F.);
#9782=ORIENTED_EDGE('',*,*,#9745,.T.);
#9783=EDGE_LOOP('',(#9778,#9779,#9781,#9782));
#9784=FACE_OUTER_BOUND('',#9783,.F.);
#9786=CARTESIAN_POINT('',(-4.645E0,-7.5E-1,-5.1E0));
#9787=DIRECTION('',(0.E0,1.E0,0.E0));
#9788=DIRECTION('',(0.E0,0.E0,1.E0));
#9789=AXIS2_PLACEMENT_3D('',#9786,#9787,#9788);
#9790=PLANE('',#9789);
#9791=ORIENTED_EDGE('',*,*,#9747,.T.);
#9792=ORIENTED_EDGE('',*,*,#9780,.T.);
#9793=ORIENTED_EDGE('',*,*,#9702,.F.);
#9795=ORIENTED_EDGE('',*,*,#9794,.F.);
#9796=EDGE_LOOP('',(#9791,#9792,#9793,#9795));
#9797=FACE_OUTER_BOUND('',#9796,.F.);
#9799=CARTESIAN_POINT('',(-4.645E0,-1.05E0,-5.1E0));
#9800=DIRECTION('',(0.E0,0.E0,-1.E0));
#9801=DIRECTION('',(0.E0,1.E0,0.E0));
#9802=AXIS2_PLACEMENT_3D('',#9799,#9800,#9801);
#9803=PLANE('',#9802);
#9804=ORIENTED_EDGE('',*,*,#9749,.T.);
#9805=ORIENTED_EDGE('',*,*,#9794,.T.);
#9806=ORIENTED_EDGE('',*,*,#9700,.F.);
#9808=ORIENTED_EDGE('',*,*,#9807,.F.);
#9809=EDGE_LOOP('',(#9804,#9805,#9806,#9808));
#9810=FACE_OUTER_BOUND('',#9809,.F.);
#9812=CARTESIAN_POINT('',(-4.645E0,-1.05E0,-4.6E0));
#9813=DIRECTION('',(0.E0,-1.E0,0.E0));
#9814=DIRECTION('',(0.E0,0.E0,-1.E0));
#9815=AXIS2_PLACEMENT_3D('',#9812,#9813,#9814);
#9816=PLANE('',#9815);
#9817=ORIENTED_EDGE('',*,*,#9751,.T.);
#9818=ORIENTED_EDGE('',*,*,#9807,.T.);
#9819=ORIENTED_EDGE('',*,*,#9698,.F.);
#9820=ORIENTED_EDGE('',*,*,#9733,.F.);
#9821=EDGE_LOOP('',(#9817,#9818,#9819,#9820));
#9822=FACE_OUTER_BOUND('',#9821,.F.);
#9824=CARTESIAN_POINT('',(-4.645E0,-3.781801907155E-1,-1.716957743571E0));
#9825=DIRECTION('',(0.E0,9.067682527413E-1,4.216293820650E-1));
#9826=DIRECTION('',(0.E0,-4.216293820650E-1,9.067682527413E-1));
#9827=AXIS2_PLACEMENT_3D('',#9824,#9825,#9826);
#9828=PLANE('',#9827);
#9829=ORIENTED_EDGE('',*,*,#9532,.F.);
#9830=ORIENTED_EDGE('',*,*,#9720,.F.);
#9832=ORIENTED_EDGE('',*,*,#9831,.F.);
#9833=ORIENTED_EDGE('',*,*,#9763,.T.);
#9834=EDGE_LOOP('',(#9829,#9830,#9832,#9833));
#9835=FACE_OUTER_BOUND('',#9834,.F.);
#9837=CARTESIAN_POINT('',(-4.645E0,-5.55E-1,-1.799175473074E0));
#9838=DIRECTION('',(1.E0,0.E0,0.E0));
#9839=DIRECTION('',(0.E0,0.E0,-1.E0));
#9840=AXIS2_PLACEMENT_3D('',#9837,#9838,#9839);
#9841=CYLINDRICAL_SURFACE('',#9840,1.95E-1);
#9842=ORIENTED_EDGE('',*,*,#9765,.T.);
#9843=ORIENTED_EDGE('',*,*,#9831,.T.);
#9844=ORIENTED_EDGE('',*,*,#9718,.F.);
#9846=ORIENTED_EDGE('',*,*,#9845,.F.);
#9847=EDGE_LOOP('',(#9842,#9843,#9844,#9846));
#9848=FACE_OUTER_BOUND('',#9847,.F.);
#9850=CARTESIAN_POINT('',(-4.645E0,-4.413750317050E-1,-3.39E0));
#9851=DIRECTION('',(0.E0,9.986860302749E-1,-5.124658948458E-2));
#9852=DIRECTION('',(0.E0,5.124658948458E-2,9.986860302749E-1));
#9853=AXIS2_PLACEMENT_3D('',#9850,#9851,#9852);
#9854=PLANE('',#9853);
#9855=ORIENTED_EDGE('',*,*,#9378,.T.);
#9856=ORIENTED_EDGE('',*,*,#9767,.T.);
#9857=ORIENTED_EDGE('',*,*,#9845,.T.);
#9858=ORIENTED_EDGE('',*,*,#9716,.F.);
#9859=EDGE_LOOP('',(#9855,#9856,#9857,#9858));
#9860=FACE_OUTER_BOUND('',#9859,.F.);
#9862=CARTESIAN_POINT('',(-4.345E0,0.E0,0.E0));
#9863=DIRECTION('',(1.E0,0.E0,0.E0));
#9864=DIRECTION('',(0.E0,0.E0,-1.E0));
#9865=AXIS2_PLACEMENT_3D('',#9862,#9863,#9864);
#9866=PLANE('',#9865);
#9867=ORIENTED_EDGE('',*,*,#7404,.F.);
#9869=ORIENTED_EDGE('',*,*,#9868,.T.);
#9871=ORIENTED_EDGE('',*,*,#9870,.T.);
#9873=ORIENTED_EDGE('',*,*,#9872,.T.);
#9875=ORIENTED_EDGE('',*,*,#9874,.T.);
#9877=ORIENTED_EDGE('',*,*,#9876,.T.);
#9878=EDGE_LOOP('',(#9867,#9869,#9871,#9873,#9875,#9877));
#9879=FACE_OUTER_BOUND('',#9878,.F.);
#9881=CARTESIAN_POINT('',(-4.345E0,0.E0,0.E0));
#9882=DIRECTION('',(1.E0,0.E0,0.E0));
#9883=DIRECTION('',(0.E0,0.E0,-1.E0));
#9884=AXIS2_PLACEMENT_3D('',#9881,#9882,#9883);
#9885=PLANE('',#9884);
#9886=ORIENTED_EDGE('',*,*,#9537,.F.);
#9887=ORIENTED_EDGE('',*,*,#9372,.T.);
#9889=ORIENTED_EDGE('',*,*,#9888,.T.);
#9891=ORIENTED_EDGE('',*,*,#9890,.T.);
#9893=ORIENTED_EDGE('',*,*,#9892,.T.);
#9894=EDGE_LOOP('',(#9886,#9887,#9889,#9891,#9893));
#9895=FACE_OUTER_BOUND('',#9894,.F.);
#9897=CARTESIAN_POINT('',(-4.145E0,-8.5E-1,-4.4E0));
#9898=DIRECTION('',(0.E0,-7.071067811865E-1,7.071067811865E-1));
#9899=DIRECTION('',(0.E0,-7.071067811865E-1,-7.071067811865E-1));
#9900=AXIS2_PLACEMENT_3D('',#9897,#9898,#9899);
#9901=PLANE('',#9900);
#9902=ORIENTED_EDGE('',*,*,#7402,.T.);
#9904=ORIENTED_EDGE('',*,*,#9903,.T.);
#9906=ORIENTED_EDGE('',*,*,#9905,.T.);
#9907=ORIENTED_EDGE('',*,*,#9868,.F.);
#9908=EDGE_LOOP('',(#9902,#9904,#9906,#9907));
#9909=FACE_OUTER_BOUND('',#9908,.F.);
#9911=CARTESIAN_POINT('',(-4.145E0,0.E0,0.E0));
#9912=DIRECTION('',(1.E0,0.E0,0.E0));
#9913=DIRECTION('',(0.E0,0.E0,-1.E0));
#9914=AXIS2_PLACEMENT_3D('',#9911,#9912,#9913);
#9915=PLANE('',#9914);
#9916=ORIENTED_EDGE('',*,*,#7400,.T.);
#9918=ORIENTED_EDGE('',*,*,#9917,.F.);
#9920=ORIENTED_EDGE('',*,*,#9919,.F.);
#9922=ORIENTED_EDGE('',*,*,#9921,.F.);
#9924=ORIENTED_EDGE('',*,*,#9923,.F.);
#9925=ORIENTED_EDGE('',*,*,#9903,.F.);
#9926=EDGE_LOOP('',(#9916,#9918,#9920,#9922,#9924,#9925));
#9927=FACE_OUTER_BOUND('',#9926,.F.);
#9929=CARTESIAN_POINT('',(-4.145E0,0.E0,0.E0));
#9930=DIRECTION('',(1.E0,0.E0,0.E0));
#9931=DIRECTION('',(0.E0,0.E0,-1.E0));
#9932=AXIS2_PLACEMENT_3D('',#9929,#9930,#9931);
#9933=PLANE('',#9932);
#9934=ORIENTED_EDGE('',*,*,#9541,.T.);
#9936=ORIENTED_EDGE('',*,*,#9935,.F.);
#9938=ORIENTED_EDGE('',*,*,#9937,.F.);
#9940=ORIENTED_EDGE('',*,*,#9939,.F.);
#9941=ORIENTED_EDGE('',*,*,#9368,.F.);
#9942=EDGE_LOOP('',(#9934,#9936,#9938,#9940,#9941));
#9943=FACE_OUTER_BOUND('',#9942,.F.);
#9945=CARTESIAN_POINT('',(-4.145E0,-7.5E-1,-4.73E0));
#9946=DIRECTION('',(0.E0,7.071067811865E-1,-7.071067811865E-1));
#9947=DIRECTION('',(0.E0,7.071067811865E-1,7.071067811865E-1));
#9948=AXIS2_PLACEMENT_3D('',#9945,#9946,#9947);
#9949=PLANE('',#9948);
#9950=ORIENTED_EDGE('',*,*,#7406,.F.);
#9951=ORIENTED_EDGE('',*,*,#9876,.F.);
#9953=ORIENTED_EDGE('',*,*,#9952,.F.);
#9954=ORIENTED_EDGE('',*,*,#9917,.T.);
#9955=EDGE_LOOP('',(#9950,#9951,#9953,#9954));
#9956=FACE_OUTER_BOUND('',#9955,.F.);
#9958=CARTESIAN_POINT('',(-4.145E0,-7.5E-1,-5.1E0));
#9959=DIRECTION('',(0.E0,1.E0,0.E0));
#9960=DIRECTION('',(0.E0,0.E0,1.E0));
#9961=AXIS2_PLACEMENT_3D('',#9958,#9959,#9960);
#9962=PLANE('',#9961);
#9963=ORIENTED_EDGE('',*,*,#9919,.T.);
#9964=ORIENTED_EDGE('',*,*,#9952,.T.);
#9965=ORIENTED_EDGE('',*,*,#9874,.F.);
#9967=ORIENTED_EDGE('',*,*,#9966,.F.);
#9968=EDGE_LOOP('',(#9963,#9964,#9965,#9967));
#9969=FACE_OUTER_BOUND('',#9968,.F.);
#9971=CARTESIAN_POINT('',(-4.145E0,-1.05E0,-5.1E0));
#9972=DIRECTION('',(0.E0,0.E0,-1.E0));
#9973=DIRECTION('',(0.E0,1.E0,0.E0));
#9974=AXIS2_PLACEMENT_3D('',#9971,#9972,#9973);
#9975=PLANE('',#9974);
#9976=ORIENTED_EDGE('',*,*,#9921,.T.);
#9977=ORIENTED_EDGE('',*,*,#9966,.T.);
#9978=ORIENTED_EDGE('',*,*,#9872,.F.);
#9980=ORIENTED_EDGE('',*,*,#9979,.F.);
#9981=EDGE_LOOP('',(#9976,#9977,#9978,#9980));
#9982=FACE_OUTER_BOUND('',#9981,.F.);
#9984=CARTESIAN_POINT('',(-4.145E0,-1.05E0,-4.6E0));
#9985=DIRECTION('',(0.E0,-1.E0,0.E0));
#9986=DIRECTION('',(0.E0,0.E0,-1.E0));
#9987=AXIS2_PLACEMENT_3D('',#9984,#9985,#9986);
#9988=PLANE('',#9987);
#9989=ORIENTED_EDGE('',*,*,#9923,.T.);
#9990=ORIENTED_EDGE('',*,*,#9979,.T.);
#9991=ORIENTED_EDGE('',*,*,#9870,.F.);
#9992=ORIENTED_EDGE('',*,*,#9905,.F.);
#9993=EDGE_LOOP('',(#9989,#9990,#9991,#9992));
#9994=FACE_OUTER_BOUND('',#9993,.F.);
#9996=CARTESIAN_POINT('',(-4.145E0,-3.781801907155E-1,-1.716957743571E0));
#9997=DIRECTION('',(0.E0,9.067682527413E-1,4.216293820650E-1));
#9998=DIRECTION('',(0.E0,-4.216293820650E-1,9.067682527413E-1));
#9999=AXIS2_PLACEMENT_3D('',#9996,#9997,#9998);
#10000=PLANE('',#9999);
#10001=ORIENTED_EDGE('',*,*,#9539,.F.);
#10002=ORIENTED_EDGE('',*,*,#9892,.F.);
#10004=ORIENTED_EDGE('',*,*,#10003,.F.);
#10005=ORIENTED_EDGE('',*,*,#9935,.T.);
#10006=EDGE_LOOP('',(#10001,#10002,#10004,#10005));
#10007=FACE_OUTER_BOUND('',#10006,.F.);
#10009=CARTESIAN_POINT('',(-4.145E0,-5.55E-1,-1.799175473074E0));
#10010=DIRECTION('',(1.E0,0.E0,0.E0));
#10011=DIRECTION('',(0.E0,0.E0,-1.E0));
#10012=AXIS2_PLACEMENT_3D('',#10009,#10010,#10011);
#10013=CYLINDRICAL_SURFACE('',#10012,1.95E-1);
#10014=ORIENTED_EDGE('',*,*,#9937,.T.);
#10015=ORIENTED_EDGE('',*,*,#10003,.T.);
#10016=ORIENTED_EDGE('',*,*,#9890,.F.);
#10018=ORIENTED_EDGE('',*,*,#10017,.F.);
#10019=EDGE_LOOP('',(#10014,#10015,#10016,#10018));
#10020=FACE_OUTER_BOUND('',#10019,.F.);
#10022=CARTESIAN_POINT('',(-4.145E0,-4.413750317050E-1,-3.39E0));
#10023=DIRECTION('',(0.E0,9.986860302749E-1,-5.124658948458E-2));
#10024=DIRECTION('',(0.E0,5.124658948458E-2,9.986860302749E-1));
#10025=AXIS2_PLACEMENT_3D('',#10022,#10023,#10024);
#10026=PLANE('',#10025);
#10027=ORIENTED_EDGE('',*,*,#9370,.T.);
#10028=ORIENTED_EDGE('',*,*,#9939,.T.);
#10029=ORIENTED_EDGE('',*,*,#10017,.T.);
#10030=ORIENTED_EDGE('',*,*,#9888,.F.);
#10031=EDGE_LOOP('',(#10027,#10028,#10029,#10030));
#10032=FACE_OUTER_BOUND('',#10031,.F.);
#10034=CARTESIAN_POINT('',(-3.845E0,0.E0,0.E0));
#10035=DIRECTION('',(1.E0,0.E0,0.E0));
#10036=DIRECTION('',(0.E0,0.E0,-1.E0));
#10037=AXIS2_PLACEMENT_3D('',#10034,#10035,#10036);
#10038=PLANE('',#10037);
#10039=ORIENTED_EDGE('',*,*,#7394,.F.);
#10041=ORIENTED_EDGE('',*,*,#10040,.T.);
#10043=ORIENTED_EDGE('',*,*,#10042,.T.);
#10045=ORIENTED_EDGE('',*,*,#10044,.T.);
#10047=ORIENTED_EDGE('',*,*,#10046,.T.);
#10049=ORIENTED_EDGE('',*,*,#10048,.T.);
#10050=EDGE_LOOP('',(#10039,#10041,#10043,#10045,#10047,#10049));
#10051=FACE_OUTER_BOUND('',#10050,.F.);
#10053=CARTESIAN_POINT('',(-3.845E0,0.E0,0.E0));
#10054=DIRECTION('',(1.E0,0.E0,0.E0));
#10055=DIRECTION('',(0.E0,0.E0,-1.E0));
#10056=AXIS2_PLACEMENT_3D('',#10053,#10054,#10055);
#10057=PLANE('',#10056);
#10058=ORIENTED_EDGE('',*,*,#9544,.F.);
#10059=ORIENTED_EDGE('',*,*,#9364,.T.);
#10061=ORIENTED_EDGE('',*,*,#10060,.T.);
#10063=ORIENTED_EDGE('',*,*,#10062,.T.);
#10065=ORIENTED_EDGE('',*,*,#10064,.T.);
#10066=EDGE_LOOP('',(#10058,#10059,#10061,#10063,#10065));
#10067=FACE_OUTER_BOUND('',#10066,.F.);
#10069=CARTESIAN_POINT('',(-3.645E0,-8.5E-1,-4.4E0));
#10070=DIRECTION('',(0.E0,-7.071067811865E-1,7.071067811865E-1));
#10071=DIRECTION('',(0.E0,-7.071067811865E-1,-7.071067811865E-1));
#10072=AXIS2_PLACEMENT_3D('',#10069,#10070,#10071);
#10073=PLANE('',#10072);
#10074=ORIENTED_EDGE('',*,*,#7392,.T.);
#10076=ORIENTED_EDGE('',*,*,#10075,.T.);
#10078=ORIENTED_EDGE('',*,*,#10077,.T.);
#10079=ORIENTED_EDGE('',*,*,#10040,.F.);
#10080=EDGE_LOOP('',(#10074,#10076,#10078,#10079));
#10081=FACE_OUTER_BOUND('',#10080,.F.);
#10083=CARTESIAN_POINT('',(-3.645E0,0.E0,0.E0));
#10084=DIRECTION('',(1.E0,0.E0,0.E0));
#10085=DIRECTION('',(0.E0,0.E0,-1.E0));
#10086=AXIS2_PLACEMENT_3D('',#10083,#10084,#10085);
#10087=PLANE('',#10086);
#10088=ORIENTED_EDGE('',*,*,#7390,.T.);
#10090=ORIENTED_EDGE('',*,*,#10089,.F.);
#10092=ORIENTED_EDGE('',*,*,#10091,.F.);
#10094=ORIENTED_EDGE('',*,*,#10093,.F.);
#10096=ORIENTED_EDGE('',*,*,#10095,.F.);
#10097=ORIENTED_EDGE('',*,*,#10075,.F.);
#10098=EDGE_LOOP('',(#10088,#10090,#10092,#10094,#10096,#10097));
#10099=FACE_OUTER_BOUND('',#10098,.F.);
#10101=CARTESIAN_POINT('',(-3.645E0,0.E0,0.E0));
#10102=DIRECTION('',(1.E0,0.E0,0.E0));
#10103=DIRECTION('',(0.E0,0.E0,-1.E0));
#10104=AXIS2_PLACEMENT_3D('',#10101,#10102,#10103);
#10105=PLANE('',#10104);
#10106=ORIENTED_EDGE('',*,*,#9548,.T.);
#10108=ORIENTED_EDGE('',*,*,#10107,.F.);
#10110=ORIENTED_EDGE('',*,*,#10109,.F.);
#10112=ORIENTED_EDGE('',*,*,#10111,.F.);
#10113=ORIENTED_EDGE('',*,*,#9360,.F.);
#10114=EDGE_LOOP('',(#10106,#10108,#10110,#10112,#10113));
#10115=FACE_OUTER_BOUND('',#10114,.F.);
#10117=CARTESIAN_POINT('',(-3.645E0,-7.5E-1,-4.73E0));
#10118=DIRECTION('',(0.E0,7.071067811865E-1,-7.071067811865E-1));
#10119=DIRECTION('',(0.E0,7.071067811865E-1,7.071067811865E-1));
#10120=AXIS2_PLACEMENT_3D('',#10117,#10118,#10119);
#10121=PLANE('',#10120);
#10122=ORIENTED_EDGE('',*,*,#7396,.F.);
#10123=ORIENTED_EDGE('',*,*,#10048,.F.);
#10125=ORIENTED_EDGE('',*,*,#10124,.F.);
#10126=ORIENTED_EDGE('',*,*,#10089,.T.);
#10127=EDGE_LOOP('',(#10122,#10123,#10125,#10126));
#10128=FACE_OUTER_BOUND('',#10127,.F.);
#10130=CARTESIAN_POINT('',(-3.645E0,-7.5E-1,-5.1E0));
#10131=DIRECTION('',(0.E0,1.E0,0.E0));
#10132=DIRECTION('',(0.E0,0.E0,1.E0));
#10133=AXIS2_PLACEMENT_3D('',#10130,#10131,#10132);
#10134=PLANE('',#10133);
#10135=ORIENTED_EDGE('',*,*,#10091,.T.);
#10136=ORIENTED_EDGE('',*,*,#10124,.T.);
#10137=ORIENTED_EDGE('',*,*,#10046,.F.);
#10139=ORIENTED_EDGE('',*,*,#10138,.F.);
#10140=EDGE_LOOP('',(#10135,#10136,#10137,#10139));
#10141=FACE_OUTER_BOUND('',#10140,.F.);
#10143=CARTESIAN_POINT('',(-3.645E0,-1.05E0,-5.1E0));
#10144=DIRECTION('',(0.E0,0.E0,-1.E0));
#10145=DIRECTION('',(0.E0,1.E0,0.E0));
#10146=AXIS2_PLACEMENT_3D('',#10143,#10144,#10145);
#10147=PLANE('',#10146);
#10148=ORIENTED_EDGE('',*,*,#10093,.T.);
#10149=ORIENTED_EDGE('',*,*,#10138,.T.);
#10150=ORIENTED_EDGE('',*,*,#10044,.F.);
#10152=ORIENTED_EDGE('',*,*,#10151,.F.);
#10153=EDGE_LOOP('',(#10148,#10149,#10150,#10152));
#10154=FACE_OUTER_BOUND('',#10153,.F.);
#10156=CARTESIAN_POINT('',(-3.645E0,-1.05E0,-4.6E0));
#10157=DIRECTION('',(0.E0,-1.E0,0.E0));
#10158=DIRECTION('',(0.E0,0.E0,-1.E0));
#10159=AXIS2_PLACEMENT_3D('',#10156,#10157,#10158);
#10160=PLANE('',#10159);
#10161=ORIENTED_EDGE('',*,*,#10095,.T.);
#10162=ORIENTED_EDGE('',*,*,#10151,.T.);
#10163=ORIENTED_EDGE('',*,*,#10042,.F.);
#10164=ORIENTED_EDGE('',*,*,#10077,.F.);
#10165=EDGE_LOOP('',(#10161,#10162,#10163,#10164));
#10166=FACE_OUTER_BOUND('',#10165,.F.);
#10168=CARTESIAN_POINT('',(-3.645E0,-3.781801907155E-1,-1.716957743571E0));
#10169=DIRECTION('',(0.E0,9.067682527413E-1,4.216293820650E-1));
#10170=DIRECTION('',(0.E0,-4.216293820650E-1,9.067682527413E-1));
#10171=AXIS2_PLACEMENT_3D('',#10168,#10169,#10170);
#10172=PLANE('',#10171);
#10173=ORIENTED_EDGE('',*,*,#9546,.F.);
#10174=ORIENTED_EDGE('',*,*,#10064,.F.);
#10176=ORIENTED_EDGE('',*,*,#10175,.F.);
#10177=ORIENTED_EDGE('',*,*,#10107,.T.);
#10178=EDGE_LOOP('',(#10173,#10174,#10176,#10177));
#10179=FACE_OUTER_BOUND('',#10178,.F.);
#10181=CARTESIAN_POINT('',(-3.645E0,-5.55E-1,-1.799175473074E0));
#10182=DIRECTION('',(1.E0,0.E0,0.E0));
#10183=DIRECTION('',(0.E0,0.E0,-1.E0));
#10184=AXIS2_PLACEMENT_3D('',#10181,#10182,#10183);
#10185=CYLINDRICAL_SURFACE('',#10184,1.95E-1);
#10186=ORIENTED_EDGE('',*,*,#10109,.T.);
#10187=ORIENTED_EDGE('',*,*,#10175,.T.);
#10188=ORIENTED_EDGE('',*,*,#10062,.F.);
#10190=ORIENTED_EDGE('',*,*,#10189,.F.);
#10191=EDGE_LOOP('',(#10186,#10187,#10188,#10190));
#10192=FACE_OUTER_BOUND('',#10191,.F.);
#10194=CARTESIAN_POINT('',(-3.645E0,-4.413750317050E-1,-3.39E0));
#10195=DIRECTION('',(0.E0,9.986860302749E-1,-5.124658948458E-2));
#10196=DIRECTION('',(0.E0,5.124658948458E-2,9.986860302749E-1));
#10197=AXIS2_PLACEMENT_3D('',#10194,#10195,#10196);
#10198=PLANE('',#10197);
#10199=ORIENTED_EDGE('',*,*,#9362,.T.);
#10200=ORIENTED_EDGE('',*,*,#10111,.T.);
#10201=ORIENTED_EDGE('',*,*,#10189,.T.);
#10202=ORIENTED_EDGE('',*,*,#10060,.F.);
#10203=EDGE_LOOP('',(#10199,#10200,#10201,#10202));
#10204=FACE_OUTER_BOUND('',#10203,.F.);
#10206=CARTESIAN_POINT('',(-3.345E0,0.E0,0.E0));
#10207=DIRECTION('',(1.E0,0.E0,0.E0));
#10208=DIRECTION('',(0.E0,0.E0,-1.E0));
#10209=AXIS2_PLACEMENT_3D('',#10206,#10207,#10208);
#10210=PLANE('',#10209);
#10211=ORIENTED_EDGE('',*,*,#7384,.F.);
#10213=ORIENTED_EDGE('',*,*,#10212,.T.);
#10215=ORIENTED_EDGE('',*,*,#10214,.T.);
#10217=ORIENTED_EDGE('',*,*,#10216,.T.);
#10219=ORIENTED_EDGE('',*,*,#10218,.T.);
#10221=ORIENTED_EDGE('',*,*,#10220,.T.);
#10222=EDGE_LOOP('',(#10211,#10213,#10215,#10217,#10219,#10221));
#10223=FACE_OUTER_BOUND('',#10222,.F.);
#10225=CARTESIAN_POINT('',(-3.345E0,0.E0,0.E0));
#10226=DIRECTION('',(1.E0,0.E0,0.E0));
#10227=DIRECTION('',(0.E0,0.E0,-1.E0));
#10228=AXIS2_PLACEMENT_3D('',#10225,#10226,#10227);
#10229=PLANE('',#10228);
#10230=ORIENTED_EDGE('',*,*,#9551,.F.);
#10231=ORIENTED_EDGE('',*,*,#9356,.T.);
#10233=ORIENTED_EDGE('',*,*,#10232,.T.);
#10235=ORIENTED_EDGE('',*,*,#10234,.T.);
#10237=ORIENTED_EDGE('',*,*,#10236,.T.);
#10238=EDGE_LOOP('',(#10230,#10231,#10233,#10235,#10237));
#10239=FACE_OUTER_BOUND('',#10238,.F.);
#10241=CARTESIAN_POINT('',(-3.145E0,-8.5E-1,-4.4E0));
#10242=DIRECTION('',(0.E0,-7.071067811865E-1,7.071067811865E-1));
#10243=DIRECTION('',(0.E0,-7.071067811865E-1,-7.071067811865E-1));
#10244=AXIS2_PLACEMENT_3D('',#10241,#10242,#10243);
#10245=PLANE('',#10244);
#10246=ORIENTED_EDGE('',*,*,#7382,.T.);
#10248=ORIENTED_EDGE('',*,*,#10247,.T.);
#10250=ORIENTED_EDGE('',*,*,#10249,.T.);
#10251=ORIENTED_EDGE('',*,*,#10212,.F.);
#10252=EDGE_LOOP('',(#10246,#10248,#10250,#10251));
#10253=FACE_OUTER_BOUND('',#10252,.F.);
#10255=CARTESIAN_POINT('',(-3.145E0,0.E0,0.E0));
#10256=DIRECTION('',(1.E0,0.E0,0.E0));
#10257=DIRECTION('',(0.E0,0.E0,-1.E0));
#10258=AXIS2_PLACEMENT_3D('',#10255,#10256,#10257);
#10259=PLANE('',#10258);
#10260=ORIENTED_EDGE('',*,*,#7380,.T.);
#10262=ORIENTED_EDGE('',*,*,#10261,.F.);
#10264=ORIENTED_EDGE('',*,*,#10263,.F.);
#10266=ORIENTED_EDGE('',*,*,#10265,.F.);
#10268=ORIENTED_EDGE('',*,*,#10267,.F.);
#10269=ORIENTED_EDGE('',*,*,#10247,.F.);
#10270=EDGE_LOOP('',(#10260,#10262,#10264,#10266,#10268,#10269));
#10271=FACE_OUTER_BOUND('',#10270,.F.);
#10273=CARTESIAN_POINT('',(-3.145E0,0.E0,0.E0));
#10274=DIRECTION('',(1.E0,0.E0,0.E0));
#10275=DIRECTION('',(0.E0,0.E0,-1.E0));
#10276=AXIS2_PLACEMENT_3D('',#10273,#10274,#10275);
#10277=PLANE('',#10276);
#10278=ORIENTED_EDGE('',*,*,#9555,.T.);
#10280=ORIENTED_EDGE('',*,*,#10279,.F.);
#10282=ORIENTED_EDGE('',*,*,#10281,.F.);
#10284=ORIENTED_EDGE('',*,*,#10283,.F.);
#10285=ORIENTED_EDGE('',*,*,#9352,.F.);
#10286=EDGE_LOOP('',(#10278,#10280,#10282,#10284,#10285));
#10287=FACE_OUTER_BOUND('',#10286,.F.);
#10289=CARTESIAN_POINT('',(-3.145E0,-7.5E-1,-4.73E0));
#10290=DIRECTION('',(0.E0,7.071067811865E-1,-7.071067811865E-1));
#10291=DIRECTION('',(0.E0,7.071067811865E-1,7.071067811865E-1));
#10292=AXIS2_PLACEMENT_3D('',#10289,#10290,#10291);
#10293=PLANE('',#10292);
#10294=ORIENTED_EDGE('',*,*,#7386,.F.);
#10295=ORIENTED_EDGE('',*,*,#10220,.F.);
#10297=ORIENTED_EDGE('',*,*,#10296,.F.);
#10298=ORIENTED_EDGE('',*,*,#10261,.T.);
#10299=EDGE_LOOP('',(#10294,#10295,#10297,#10298));
#10300=FACE_OUTER_BOUND('',#10299,.F.);
#10302=CARTESIAN_POINT('',(-3.145E0,-7.5E-1,-5.1E0));
#10303=DIRECTION('',(0.E0,1.E0,0.E0));
#10304=DIRECTION('',(0.E0,0.E0,1.E0));
#10305=AXIS2_PLACEMENT_3D('',#10302,#10303,#10304);
#10306=PLANE('',#10305);
#10307=ORIENTED_EDGE('',*,*,#10263,.T.);
#10308=ORIENTED_EDGE('',*,*,#10296,.T.);
#10309=ORIENTED_EDGE('',*,*,#10218,.F.);
#10311=ORIENTED_EDGE('',*,*,#10310,.F.);
#10312=EDGE_LOOP('',(#10307,#10308,#10309,#10311));
#10313=FACE_OUTER_BOUND('',#10312,.F.);
#10315=CARTESIAN_POINT('',(-3.145E0,-1.05E0,-5.1E0));
#10316=DIRECTION('',(0.E0,0.E0,-1.E0));
#10317=DIRECTION('',(0.E0,1.E0,0.E0));
#10318=AXIS2_PLACEMENT_3D('',#10315,#10316,#10317);
#10319=PLANE('',#10318);
#10320=ORIENTED_EDGE('',*,*,#10265,.T.);
#10321=ORIENTED_EDGE('',*,*,#10310,.T.);
#10322=ORIENTED_EDGE('',*,*,#10216,.F.);
#10324=ORIENTED_EDGE('',*,*,#10323,.F.);
#10325=EDGE_LOOP('',(#10320,#10321,#10322,#10324));
#10326=FACE_OUTER_BOUND('',#10325,.F.);
#10328=CARTESIAN_POINT('',(-3.145E0,-1.05E0,-4.6E0));
#10329=DIRECTION('',(0.E0,-1.E0,0.E0));
#10330=DIRECTION('',(0.E0,0.E0,-1.E0));
#10331=AXIS2_PLACEMENT_3D('',#10328,#10329,#10330);
#10332=PLANE('',#10331);
#10333=ORIENTED_EDGE('',*,*,#10267,.T.);
#10334=ORIENTED_EDGE('',*,*,#10323,.T.);
#10335=ORIENTED_EDGE('',*,*,#10214,.F.);
#10336=ORIENTED_EDGE('',*,*,#10249,.F.);
#10337=EDGE_LOOP('',(#10333,#10334,#10335,#10336));
#10338=FACE_OUTER_BOUND('',#10337,.F.);
#10340=CARTESIAN_POINT('',(-3.145E0,-3.781801907155E-1,-1.716957743571E0));
#10341=DIRECTION('',(0.E0,9.067682527413E-1,4.216293820650E-1));
#10342=DIRECTION('',(0.E0,-4.216293820650E-1,9.067682527413E-1));
#10343=AXIS2_PLACEMENT_3D('',#10340,#10341,#10342);
#10344=PLANE('',#10343);
#10345=ORIENTED_EDGE('',*,*,#9553,.F.);
#10346=ORIENTED_EDGE('',*,*,#10236,.F.);
#10348=ORIENTED_EDGE('',*,*,#10347,.F.);
#10349=ORIENTED_EDGE('',*,*,#10279,.T.);
#10350=EDGE_LOOP('',(#10345,#10346,#10348,#10349));
#10351=FACE_OUTER_BOUND('',#10350,.F.);
#10353=CARTESIAN_POINT('',(-3.145E0,-5.55E-1,-1.799175473074E0));
#10354=DIRECTION('',(1.E0,0.E0,0.E0));
#10355=DIRECTION('',(0.E0,0.E0,-1.E0));
#10356=AXIS2_PLACEMENT_3D('',#10353,#10354,#10355);
#10357=CYLINDRICAL_SURFACE('',#10356,1.95E-1);
#10358=ORIENTED_EDGE('',*,*,#10281,.T.);
#10359=ORIENTED_EDGE('',*,*,#10347,.T.);
#10360=ORIENTED_EDGE('',*,*,#10234,.F.);
#10362=ORIENTED_EDGE('',*,*,#10361,.F.);
#10363=EDGE_LOOP('',(#10358,#10359,#10360,#10362));
#10364=FACE_OUTER_BOUND('',#10363,.F.);
#10366=CARTESIAN_POINT('',(-3.145E0,-4.413750317050E-1,-3.39E0));
#10367=DIRECTION('',(0.E0,9.986860302749E-1,-5.124658948458E-2));
#10368=DIRECTION('',(0.E0,5.124658948458E-2,9.986860302749E-1));
#10369=AXIS2_PLACEMENT_3D('',#10366,#10367,#10368);
#10370=PLANE('',#10369);
#10371=ORIENTED_EDGE('',*,*,#9354,.T.);
#10372=ORIENTED_EDGE('',*,*,#10283,.T.);
#10373=ORIENTED_EDGE('',*,*,#10361,.T.);
#10374=ORIENTED_EDGE('',*,*,#10232,.F.);
#10375=EDGE_LOOP('',(#10371,#10372,#10373,#10374));
#10376=FACE_OUTER_BOUND('',#10375,.F.);
#10378=CARTESIAN_POINT('',(-2.845E0,0.E0,0.E0));
#10379=DIRECTION('',(1.E0,0.E0,0.E0));
#10380=DIRECTION('',(0.E0,0.E0,-1.E0));
#10381=AXIS2_PLACEMENT_3D('',#10378,#10379,#10380);
#10382=PLANE('',#10381);
#10383=ORIENTED_EDGE('',*,*,#7374,.F.);
#10385=ORIENTED_EDGE('',*,*,#10384,.T.);
#10387=ORIENTED_EDGE('',*,*,#10386,.T.);
#10389=ORIENTED_EDGE('',*,*,#10388,.T.);
#10391=ORIENTED_EDGE('',*,*,#10390,.T.);
#10393=ORIENTED_EDGE('',*,*,#10392,.T.);
#10394=EDGE_LOOP('',(#10383,#10385,#10387,#10389,#10391,#10393));
#10395=FACE_OUTER_BOUND('',#10394,.F.);
#10397=CARTESIAN_POINT('',(-2.845E0,0.E0,0.E0));
#10398=DIRECTION('',(1.E0,0.E0,0.E0));
#10399=DIRECTION('',(0.E0,0.E0,-1.E0));
#10400=AXIS2_PLACEMENT_3D('',#10397,#10398,#10399);
#10401=PLANE('',#10400);
#10402=ORIENTED_EDGE('',*,*,#9558,.F.);
#10403=ORIENTED_EDGE('',*,*,#9348,.T.);
#10405=ORIENTED_EDGE('',*,*,#10404,.T.);
#10407=ORIENTED_EDGE('',*,*,#10406,.T.);
#10409=ORIENTED_EDGE('',*,*,#10408,.T.);
#10410=EDGE_LOOP('',(#10402,#10403,#10405,#10407,#10409));
#10411=FACE_OUTER_BOUND('',#10410,.F.);
#10413=CARTESIAN_POINT('',(-2.645E0,-8.5E-1,-4.4E0));
#10414=DIRECTION('',(0.E0,-7.071067811865E-1,7.071067811865E-1));
#10415=DIRECTION('',(0.E0,-7.071067811865E-1,-7.071067811865E-1));
#10416=AXIS2_PLACEMENT_3D('',#10413,#10414,#10415);
#10417=PLANE('',#10416);
#10418=ORIENTED_EDGE('',*,*,#7372,.T.);
#10420=ORIENTED_EDGE('',*,*,#10419,.T.);
#10422=ORIENTED_EDGE('',*,*,#10421,.T.);
#10423=ORIENTED_EDGE('',*,*,#10384,.F.);
#10424=EDGE_LOOP('',(#10418,#10420,#10422,#10423));
#10425=FACE_OUTER_BOUND('',#10424,.F.);
#10427=CARTESIAN_POINT('',(-2.645E0,0.E0,0.E0));
#10428=DIRECTION('',(1.E0,0.E0,0.E0));
#10429=DIRECTION('',(0.E0,0.E0,-1.E0));
#10430=AXIS2_PLACEMENT_3D('',#10427,#10428,#10429);
#10431=PLANE('',#10430);
#10432=ORIENTED_EDGE('',*,*,#7370,.T.);
#10434=ORIENTED_EDGE('',*,*,#10433,.F.);
#10436=ORIENTED_EDGE('',*,*,#10435,.F.);
#10438=ORIENTED_EDGE('',*,*,#10437,.F.);
#10440=ORIENTED_EDGE('',*,*,#10439,.F.);
#10441=ORIENTED_EDGE('',*,*,#10419,.F.);
#10442=EDGE_LOOP('',(#10432,#10434,#10436,#10438,#10440,#10441));
#10443=FACE_OUTER_BOUND('',#10442,.F.);
#10445=CARTESIAN_POINT('',(-2.645E0,0.E0,0.E0));
#10446=DIRECTION('',(1.E0,0.E0,0.E0));
#10447=DIRECTION('',(0.E0,0.E0,-1.E0));
#10448=AXIS2_PLACEMENT_3D('',#10445,#10446,#10447);
#10449=PLANE('',#10448);
#10450=ORIENTED_EDGE('',*,*,#9562,.T.);
#10452=ORIENTED_EDGE('',*,*,#10451,.F.);
#10454=ORIENTED_EDGE('',*,*,#10453,.F.);
#10456=ORIENTED_EDGE('',*,*,#10455,.F.);
#10457=ORIENTED_EDGE('',*,*,#9344,.F.);
#10458=EDGE_LOOP('',(#10450,#10452,#10454,#10456,#10457));
#10459=FACE_OUTER_BOUND('',#10458,.F.);
#10461=CARTESIAN_POINT('',(-2.645E0,-7.5E-1,-4.73E0));
#10462=DIRECTION('',(0.E0,7.071067811865E-1,-7.071067811865E-1));
#10463=DIRECTION('',(0.E0,7.071067811865E-1,7.071067811865E-1));
#10464=AXIS2_PLACEMENT_3D('',#10461,#10462,#10463);
#10465=PLANE('',#10464);
#10466=ORIENTED_EDGE('',*,*,#7376,.F.);
#10467=ORIENTED_EDGE('',*,*,#10392,.F.);
#10469=ORIENTED_EDGE('',*,*,#10468,.F.);
#10470=ORIENTED_EDGE('',*,*,#10433,.T.);
#10471=EDGE_LOOP('',(#10466,#10467,#10469,#10470));
#10472=FACE_OUTER_BOUND('',#10471,.F.);
#10474=CARTESIAN_POINT('',(-2.645E0,-7.5E-1,-5.1E0));
#10475=DIRECTION('',(0.E0,1.E0,0.E0));
#10476=DIRECTION('',(0.E0,0.E0,1.E0));
#10477=AXIS2_PLACEMENT_3D('',#10474,#10475,#10476);
#10478=PLANE('',#10477);
#10479=ORIENTED_EDGE('',*,*,#10435,.T.);
#10480=ORIENTED_EDGE('',*,*,#10468,.T.);
#10481=ORIENTED_EDGE('',*,*,#10390,.F.);
#10483=ORIENTED_EDGE('',*,*,#10482,.F.);
#10484=EDGE_LOOP('',(#10479,#10480,#10481,#10483));
#10485=FACE_OUTER_BOUND('',#10484,.F.);
#10487=CARTESIAN_POINT('',(-2.645E0,-1.05E0,-5.1E0));
#10488=DIRECTION('',(0.E0,0.E0,-1.E0));
#10489=DIRECTION('',(0.E0,1.E0,0.E0));
#10490=AXIS2_PLACEMENT_3D('',#10487,#10488,#10489);
#10491=PLANE('',#10490);
#10492=ORIENTED_EDGE('',*,*,#10437,.T.);
#10493=ORIENTED_EDGE('',*,*,#10482,.T.);
#10494=ORIENTED_EDGE('',*,*,#10388,.F.);
#10496=ORIENTED_EDGE('',*,*,#10495,.F.);
#10497=EDGE_LOOP('',(#10492,#10493,#10494,#10496));
#10498=FACE_OUTER_BOUND('',#10497,.F.);
#10500=CARTESIAN_POINT('',(-2.645E0,-1.05E0,-4.6E0));
#10501=DIRECTION('',(0.E0,-1.E0,0.E0));
#10502=DIRECTION('',(0.E0,0.E0,-1.E0));
#10503=AXIS2_PLACEMENT_3D('',#10500,#10501,#10502);
#10504=PLANE('',#10503);
#10505=ORIENTED_EDGE('',*,*,#10439,.T.);
#10506=ORIENTED_EDGE('',*,*,#10495,.T.);
#10507=ORIENTED_EDGE('',*,*,#10386,.F.);
#10508=ORIENTED_EDGE('',*,*,#10421,.F.);
#10509=EDGE_LOOP('',(#10505,#10506,#10507,#10508));
#10510=FACE_OUTER_BOUND('',#10509,.F.);
#10512=CARTESIAN_POINT('',(-2.645E0,-3.781801907155E-1,-1.716957743571E0));
#10513=DIRECTION('',(0.E0,9.067682527413E-1,4.216293820650E-1));
#10514=DIRECTION('',(0.E0,-4.216293820650E-1,9.067682527413E-1));
#10515=AXIS2_PLACEMENT_3D('',#10512,#10513,#10514);
#10516=PLANE('',#10515);
#10517=ORIENTED_EDGE('',*,*,#9560,.F.);
#10518=ORIENTED_EDGE('',*,*,#10408,.F.);
#10520=ORIENTED_EDGE('',*,*,#10519,.F.);
#10521=ORIENTED_EDGE('',*,*,#10451,.T.);
#10522=EDGE_LOOP('',(#10517,#10518,#10520,#10521));
#10523=FACE_OUTER_BOUND('',#10522,.F.);
#10525=CARTESIAN_POINT('',(-2.645E0,-5.55E-1,-1.799175473074E0));
#10526=DIRECTION('',(1.E0,0.E0,0.E0));
#10527=DIRECTION('',(0.E0,0.E0,-1.E0));
#10528=AXIS2_PLACEMENT_3D('',#10525,#10526,#10527);
#10529=CYLINDRICAL_SURFACE('',#10528,1.95E-1);
#10530=ORIENTED_EDGE('',*,*,#10453,.T.);
#10531=ORIENTED_EDGE('',*,*,#10519,.T.);
#10532=ORIENTED_EDGE('',*,*,#10406,.F.);
#10534=ORIENTED_EDGE('',*,*,#10533,.F.);
#10535=EDGE_LOOP('',(#10530,#10531,#10532,#10534));
#10536=FACE_OUTER_BOUND('',#10535,.F.);
#10538=CARTESIAN_POINT('',(-2.645E0,-4.413750317050E-1,-3.39E0));
#10539=DIRECTION('',(0.E0,9.986860302749E-1,-5.124658948458E-2));
#10540=DIRECTION('',(0.E0,5.124658948458E-2,9.986860302749E-1));
#10541=AXIS2_PLACEMENT_3D('',#10538,#10539,#10540);
#10542=PLANE('',#10541);
#10543=ORIENTED_EDGE('',*,*,#9346,.T.);
#10544=ORIENTED_EDGE('',*,*,#10455,.T.);
#10545=ORIENTED_EDGE('',*,*,#10533,.T.);
#10546=ORIENTED_EDGE('',*,*,#10404,.F.);
#10547=EDGE_LOOP('',(#10543,#10544,#10545,#10546));
#10548=FACE_OUTER_BOUND('',#10547,.F.);
#10550=CARTESIAN_POINT('',(-2.345E0,0.E0,0.E0));
#10551=DIRECTION('',(1.E0,0.E0,0.E0));
#10552=DIRECTION('',(0.E0,0.E0,-1.E0));
#10553=AXIS2_PLACEMENT_3D('',#10550,#10551,#10552);
#10554=PLANE('',#10553);
#10555=ORIENTED_EDGE('',*,*,#7364,.F.);
#10557=ORIENTED_EDGE('',*,*,#10556,.T.);
#10559=ORIENTED_EDGE('',*,*,#10558,.T.);
#10561=ORIENTED_EDGE('',*,*,#10560,.T.);
#10563=ORIENTED_EDGE('',*,*,#10562,.T.);
#10565=ORIENTED_EDGE('',*,*,#10564,.T.);
#10566=EDGE_LOOP('',(#10555,#10557,#10559,#10561,#10563,#10565));
#10567=FACE_OUTER_BOUND('',#10566,.F.);
#10569=CARTESIAN_POINT('',(-2.345E0,0.E0,0.E0));
#10570=DIRECTION('',(1.E0,0.E0,0.E0));
#10571=DIRECTION('',(0.E0,0.E0,-1.E0));
#10572=AXIS2_PLACEMENT_3D('',#10569,#10570,#10571);
#10573=PLANE('',#10572);
#10574=ORIENTED_EDGE('',*,*,#9565,.F.);
#10575=ORIENTED_EDGE('',*,*,#9340,.T.);
#10577=ORIENTED_EDGE('',*,*,#10576,.T.);
#10579=ORIENTED_EDGE('',*,*,#10578,.T.);
#10581=ORIENTED_EDGE('',*,*,#10580,.T.);
#10582=EDGE_LOOP('',(#10574,#10575,#10577,#10579,#10581));
#10583=FACE_OUTER_BOUND('',#10582,.F.);
#10585=CARTESIAN_POINT('',(-2.145E0,-8.5E-1,-4.4E0));
#10586=DIRECTION('',(0.E0,-7.071067811865E-1,7.071067811865E-1));
#10587=DIRECTION('',(0.E0,-7.071067811865E-1,-7.071067811865E-1));
#10588=AXIS2_PLACEMENT_3D('',#10585,#10586,#10587);
#10589=PLANE('',#10588);
#10590=ORIENTED_EDGE('',*,*,#7362,.T.);
#10592=ORIENTED_EDGE('',*,*,#10591,.T.);
#10594=ORIENTED_EDGE('',*,*,#10593,.T.);
#10595=ORIENTED_EDGE('',*,*,#10556,.F.);
#10596=EDGE_LOOP('',(#10590,#10592,#10594,#10595));
#10597=FACE_OUTER_BOUND('',#10596,.F.);
#10599=CARTESIAN_POINT('',(-2.145E0,0.E0,0.E0));
#10600=DIRECTION('',(1.E0,0.E0,0.E0));
#10601=DIRECTION('',(0.E0,0.E0,-1.E0));
#10602=AXIS2_PLACEMENT_3D('',#10599,#10600,#10601);
#10603=PLANE('',#10602);
#10604=ORIENTED_EDGE('',*,*,#7360,.T.);
#10606=ORIENTED_EDGE('',*,*,#10605,.F.);
#10608=ORIENTED_EDGE('',*,*,#10607,.F.);
#10610=ORIENTED_EDGE('',*,*,#10609,.F.);
#10612=ORIENTED_EDGE('',*,*,#10611,.F.);
#10613=ORIENTED_EDGE('',*,*,#10591,.F.);
#10614=EDGE_LOOP('',(#10604,#10606,#10608,#10610,#10612,#10613));
#10615=FACE_OUTER_BOUND('',#10614,.F.);
#10617=CARTESIAN_POINT('',(-2.145E0,0.E0,0.E0));
#10618=DIRECTION('',(1.E0,0.E0,0.E0));
#10619=DIRECTION('',(0.E0,0.E0,-1.E0));
#10620=AXIS2_PLACEMENT_3D('',#10617,#10618,#10619);
#10621=PLANE('',#10620);
#10622=ORIENTED_EDGE('',*,*,#9569,.T.);
#10624=ORIENTED_EDGE('',*,*,#10623,.F.);
#10626=ORIENTED_EDGE('',*,*,#10625,.F.);
#10628=ORIENTED_EDGE('',*,*,#10627,.F.);
#10629=ORIENTED_EDGE('',*,*,#9336,.F.);
#10630=EDGE_LOOP('',(#10622,#10624,#10626,#10628,#10629));
#10631=FACE_OUTER_BOUND('',#10630,.F.);
#10633=CARTESIAN_POINT('',(-2.145E0,-7.5E-1,-4.73E0));
#10634=DIRECTION('',(0.E0,7.071067811865E-1,-7.071067811865E-1));
#10635=DIRECTION('',(0.E0,7.071067811865E-1,7.071067811865E-1));
#10636=AXIS2_PLACEMENT_3D('',#10633,#10634,#10635);
#10637=PLANE('',#10636);
#10638=ORIENTED_EDGE('',*,*,#7366,.F.);
#10639=ORIENTED_EDGE('',*,*,#10564,.F.);
#10641=ORIENTED_EDGE('',*,*,#10640,.F.);
#10642=ORIENTED_EDGE('',*,*,#10605,.T.);
#10643=EDGE_LOOP('',(#10638,#10639,#10641,#10642));
#10644=FACE_OUTER_BOUND('',#10643,.F.);
#10646=CARTESIAN_POINT('',(-2.145E0,-7.5E-1,-5.1E0));
#10647=DIRECTION('',(0.E0,1.E0,0.E0));
#10648=DIRECTION('',(0.E0,0.E0,1.E0));
#10649=AXIS2_PLACEMENT_3D('',#10646,#10647,#10648);
#10650=PLANE('',#10649);
#10651=ORIENTED_EDGE('',*,*,#10607,.T.);
#10652=ORIENTED_EDGE('',*,*,#10640,.T.);
#10653=ORIENTED_EDGE('',*,*,#10562,.F.);
#10655=ORIENTED_EDGE('',*,*,#10654,.F.);
#10656=EDGE_LOOP('',(#10651,#10652,#10653,#10655));
#10657=FACE_OUTER_BOUND('',#10656,.F.);
#10659=CARTESIAN_POINT('',(-2.145E0,-1.05E0,-5.1E0));
#10660=DIRECTION('',(0.E0,0.E0,-1.E0));
#10661=DIRECTION('',(0.E0,1.E0,0.E0));
#10662=AXIS2_PLACEMENT_3D('',#10659,#10660,#10661);
#10663=PLANE('',#10662);
#10664=ORIENTED_EDGE('',*,*,#10609,.T.);
#10665=ORIENTED_EDGE('',*,*,#10654,.T.);
#10666=ORIENTED_EDGE('',*,*,#10560,.F.);
#10668=ORIENTED_EDGE('',*,*,#10667,.F.);
#10669=EDGE_LOOP('',(#10664,#10665,#10666,#10668));
#10670=FACE_OUTER_BOUND('',#10669,.F.);
#10672=CARTESIAN_POINT('',(-2.145E0,-1.05E0,-4.6E0));
#10673=DIRECTION('',(0.E0,-1.E0,0.E0));
#10674=DIRECTION('',(0.E0,0.E0,-1.E0));
#10675=AXIS2_PLACEMENT_3D('',#10672,#10673,#10674);
#10676=PLANE('',#10675);
#10677=ORIENTED_EDGE('',*,*,#10611,.T.);
#10678=ORIENTED_EDGE('',*,*,#10667,.T.);
#10679=ORIENTED_EDGE('',*,*,#10558,.F.);
#10680=ORIENTED_EDGE('',*,*,#10593,.F.);
#10681=EDGE_LOOP('',(#10677,#10678,#10679,#10680));
#10682=FACE_OUTER_BOUND('',#10681,.F.);
#10684=CARTESIAN_POINT('',(-2.145E0,-3.781801907155E-1,-1.716957743571E0));
#10685=DIRECTION('',(0.E0,9.067682527413E-1,4.216293820650E-1));
#10686=DIRECTION('',(0.E0,-4.216293820650E-1,9.067682527413E-1));
#10687=AXIS2_PLACEMENT_3D('',#10684,#10685,#10686);
#10688=PLANE('',#10687);
#10689=ORIENTED_EDGE('',*,*,#9567,.F.);
#10690=ORIENTED_EDGE('',*,*,#10580,.F.);
#10692=ORIENTED_EDGE('',*,*,#10691,.F.);
#10693=ORIENTED_EDGE('',*,*,#10623,.T.);
#10694=EDGE_LOOP('',(#10689,#10690,#10692,#10693));
#10695=FACE_OUTER_BOUND('',#10694,.F.);
#10697=CARTESIAN_POINT('',(-2.145E0,-5.55E-1,-1.799175473074E0));
#10698=DIRECTION('',(1.E0,0.E0,0.E0));
#10699=DIRECTION('',(0.E0,0.E0,-1.E0));
#10700=AXIS2_PLACEMENT_3D('',#10697,#10698,#10699);
#10701=CYLINDRICAL_SURFACE('',#10700,1.95E-1);
#10702=ORIENTED_EDGE('',*,*,#10625,.T.);
#10703=ORIENTED_EDGE('',*,*,#10691,.T.);
#10704=ORIENTED_EDGE('',*,*,#10578,.F.);
#10706=ORIENTED_EDGE('',*,*,#10705,.F.);
#10707=EDGE_LOOP('',(#10702,#10703,#10704,#10706));
#10708=FACE_OUTER_BOUND('',#10707,.F.);
#10710=CARTESIAN_POINT('',(-2.145E0,-4.413750317050E-1,-3.39E0));
#10711=DIRECTION('',(0.E0,9.986860302749E-1,-5.124658948458E-2));
#10712=DIRECTION('',(0.E0,5.124658948458E-2,9.986860302749E-1));
#10713=AXIS2_PLACEMENT_3D('',#10710,#10711,#10712);
#10714=PLANE('',#10713);
#10715=ORIENTED_EDGE('',*,*,#9338,.T.);
#10716=ORIENTED_EDGE('',*,*,#10627,.T.);
#10717=ORIENTED_EDGE('',*,*,#10705,.T.);
#10718=ORIENTED_EDGE('',*,*,#10576,.F.);
#10719=EDGE_LOOP('',(#10715,#10716,#10717,#10718));
#10720=FACE_OUTER_BOUND('',#10719,.F.);
#10722=CARTESIAN_POINT('',(-1.845E0,0.E0,0.E0));
#10723=DIRECTION('',(1.E0,0.E0,0.E0));
#10724=DIRECTION('',(0.E0,0.E0,-1.E0));
#10725=AXIS2_PLACEMENT_3D('',#10722,#10723,#10724);
#10726=PLANE('',#10725);
#10727=ORIENTED_EDGE('',*,*,#7354,.F.);
#10729=ORIENTED_EDGE('',*,*,#10728,.T.);
#10731=ORIENTED_EDGE('',*,*,#10730,.T.);
#10733=ORIENTED_EDGE('',*,*,#10732,.T.);
#10735=ORIENTED_EDGE('',*,*,#10734,.T.);
#10737=ORIENTED_EDGE('',*,*,#10736,.T.);
#10738=EDGE_LOOP('',(#10727,#10729,#10731,#10733,#10735,#10737));
#10739=FACE_OUTER_BOUND('',#10738,.F.);
#10741=CARTESIAN_POINT('',(-1.845E0,0.E0,0.E0));
#10742=DIRECTION('',(1.E0,0.E0,0.E0));
#10743=DIRECTION('',(0.E0,0.E0,-1.E0));
#10744=AXIS2_PLACEMENT_3D('',#10741,#10742,#10743);
#10745=PLANE('',#10744);
#10746=ORIENTED_EDGE('',*,*,#9572,.F.);
#10747=ORIENTED_EDGE('',*,*,#9332,.T.);
#10749=ORIENTED_EDGE('',*,*,#10748,.T.);
#10751=ORIENTED_EDGE('',*,*,#10750,.T.);
#10753=ORIENTED_EDGE('',*,*,#10752,.T.);
#10754=EDGE_LOOP('',(#10746,#10747,#10749,#10751,#10753));
#10755=FACE_OUTER_BOUND('',#10754,.F.);
#10757=CARTESIAN_POINT('',(-1.645E0,-8.5E-1,-4.4E0));
#10758=DIRECTION('',(0.E0,-7.071067811865E-1,7.071067811865E-1));
#10759=DIRECTION('',(0.E0,-7.071067811865E-1,-7.071067811865E-1));
#10760=AXIS2_PLACEMENT_3D('',#10757,#10758,#10759);
#10761=PLANE('',#10760);
#10762=ORIENTED_EDGE('',*,*,#7352,.T.);
#10764=ORIENTED_EDGE('',*,*,#10763,.T.);
#10766=ORIENTED_EDGE('',*,*,#10765,.T.);
#10767=ORIENTED_EDGE('',*,*,#10728,.F.);
#10768=EDGE_LOOP('',(#10762,#10764,#10766,#10767));
#10769=FACE_OUTER_BOUND('',#10768,.F.);
#10771=CARTESIAN_POINT('',(-1.645E0,0.E0,0.E0));
#10772=DIRECTION('',(1.E0,0.E0,0.E0));
#10773=DIRECTION('',(0.E0,0.E0,-1.E0));
#10774=AXIS2_PLACEMENT_3D('',#10771,#10772,#10773);
#10775=PLANE('',#10774);
#10776=ORIENTED_EDGE('',*,*,#7350,.T.);
#10778=ORIENTED_EDGE('',*,*,#10777,.F.);
#10780=ORIENTED_EDGE('',*,*,#10779,.F.);
#10782=ORIENTED_EDGE('',*,*,#10781,.F.);
#10784=ORIENTED_EDGE('',*,*,#10783,.F.);
#10785=ORIENTED_EDGE('',*,*,#10763,.F.);
#10786=EDGE_LOOP('',(#10776,#10778,#10780,#10782,#10784,#10785));
#10787=FACE_OUTER_BOUND('',#10786,.F.);
#10789=CARTESIAN_POINT('',(-1.645E0,0.E0,0.E0));
#10790=DIRECTION('',(1.E0,0.E0,0.E0));
#10791=DIRECTION('',(0.E0,0.E0,-1.E0));
#10792=AXIS2_PLACEMENT_3D('',#10789,#10790,#10791);
#10793=PLANE('',#10792);
#10794=ORIENTED_EDGE('',*,*,#9576,.T.);
#10796=ORIENTED_EDGE('',*,*,#10795,.F.);
#10798=ORIENTED_EDGE('',*,*,#10797,.F.);
#10800=ORIENTED_EDGE('',*,*,#10799,.F.);
#10801=ORIENTED_EDGE('',*,*,#9328,.F.);
#10802=EDGE_LOOP('',(#10794,#10796,#10798,#10800,#10801));
#10803=FACE_OUTER_BOUND('',#10802,.F.);
#10805=CARTESIAN_POINT('',(-1.645E0,-7.5E-1,-4.73E0));
#10806=DIRECTION('',(0.E0,7.071067811865E-1,-7.071067811865E-1));
#10807=DIRECTION('',(0.E0,7.071067811865E-1,7.071067811865E-1));
#10808=AXIS2_PLACEMENT_3D('',#10805,#10806,#10807);
#10809=PLANE('',#10808);
#10810=ORIENTED_EDGE('',*,*,#7356,.F.);
#10811=ORIENTED_EDGE('',*,*,#10736,.F.);
#10813=ORIENTED_EDGE('',*,*,#10812,.F.);
#10814=ORIENTED_EDGE('',*,*,#10777,.T.);
#10815=EDGE_LOOP('',(#10810,#10811,#10813,#10814));
#10816=FACE_OUTER_BOUND('',#10815,.F.);
#10818=CARTESIAN_POINT('',(-1.645E0,-7.5E-1,-5.1E0));
#10819=DIRECTION('',(0.E0,1.E0,0.E0));
#10820=DIRECTION('',(0.E0,0.E0,1.E0));
#10821=AXIS2_PLACEMENT_3D('',#10818,#10819,#10820);
#10822=PLANE('',#10821);
#10823=ORIENTED_EDGE('',*,*,#10779,.T.);
#10824=ORIENTED_EDGE('',*,*,#10812,.T.);
#10825=ORIENTED_EDGE('',*,*,#10734,.F.);
#10827=ORIENTED_EDGE('',*,*,#10826,.F.);
#10828=EDGE_LOOP('',(#10823,#10824,#10825,#10827));
#10829=FACE_OUTER_BOUND('',#10828,.F.);
#10831=CARTESIAN_POINT('',(-1.645E0,-1.05E0,-5.1E0));
#10832=DIRECTION('',(0.E0,0.E0,-1.E0));
#10833=DIRECTION('',(0.E0,1.E0,0.E0));
#10834=AXIS2_PLACEMENT_3D('',#10831,#10832,#10833);
#10835=PLANE('',#10834);
#10836=ORIENTED_EDGE('',*,*,#10781,.T.);
#10837=ORIENTED_EDGE('',*,*,#10826,.T.);
#10838=ORIENTED_EDGE('',*,*,#10732,.F.);
#10840=ORIENTED_EDGE('',*,*,#10839,.F.);
#10841=EDGE_LOOP('',(#10836,#10837,#10838,#10840));
#10842=FACE_OUTER_BOUND('',#10841,.F.);
#10844=CARTESIAN_POINT('',(-1.645E0,-1.05E0,-4.6E0));
#10845=DIRECTION('',(0.E0,-1.E0,0.E0));
#10846=DIRECTION('',(0.E0,0.E0,-1.E0));
#10847=AXIS2_PLACEMENT_3D('',#10844,#10845,#10846);
#10848=PLANE('',#10847);
#10849=ORIENTED_EDGE('',*,*,#10783,.T.);
#10850=ORIENTED_EDGE('',*,*,#10839,.T.);
#10851=ORIENTED_EDGE('',*,*,#10730,.F.);
#10852=ORIENTED_EDGE('',*,*,#10765,.F.);
#10853=EDGE_LOOP('',(#10849,#10850,#10851,#10852));
#10854=FACE_OUTER_BOUND('',#10853,.F.);
#10856=CARTESIAN_POINT('',(-1.645E0,-3.781801907155E-1,-1.716957743571E0));
#10857=DIRECTION('',(0.E0,9.067682527413E-1,4.216293820650E-1));
#10858=DIRECTION('',(0.E0,-4.216293820650E-1,9.067682527413E-1));
#10859=AXIS2_PLACEMENT_3D('',#10856,#10857,#10858);
#10860=PLANE('',#10859);
#10861=ORIENTED_EDGE('',*,*,#9574,.F.);
#10862=ORIENTED_EDGE('',*,*,#10752,.F.);
#10864=ORIENTED_EDGE('',*,*,#10863,.F.);
#10865=ORIENTED_EDGE('',*,*,#10795,.T.);
#10866=EDGE_LOOP('',(#10861,#10862,#10864,#10865));
#10867=FACE_OUTER_BOUND('',#10866,.F.);
#10869=CARTESIAN_POINT('',(-1.645E0,-5.55E-1,-1.799175473074E0));
#10870=DIRECTION('',(1.E0,0.E0,0.E0));
#10871=DIRECTION('',(0.E0,0.E0,-1.E0));
#10872=AXIS2_PLACEMENT_3D('',#10869,#10870,#10871);
#10873=CYLINDRICAL_SURFACE('',#10872,1.95E-1);
#10874=ORIENTED_EDGE('',*,*,#10797,.T.);
#10875=ORIENTED_EDGE('',*,*,#10863,.T.);
#10876=ORIENTED_EDGE('',*,*,#10750,.F.);
#10878=ORIENTED_EDGE('',*,*,#10877,.F.);
#10879=EDGE_LOOP('',(#10874,#10875,#10876,#10878));
#10880=FACE_OUTER_BOUND('',#10879,.F.);
#10882=CARTESIAN_POINT('',(-1.645E0,-4.413750317050E-1,-3.39E0));
#10883=DIRECTION('',(0.E0,9.986860302749E-1,-5.124658948458E-2));
#10884=DIRECTION('',(0.E0,5.124658948458E-2,9.986860302749E-1));
#10885=AXIS2_PLACEMENT_3D('',#10882,#10883,#10884);
#10886=PLANE('',#10885);
#10887=ORIENTED_EDGE('',*,*,#9330,.T.);
#10888=ORIENTED_EDGE('',*,*,#10799,.T.);
#10889=ORIENTED_EDGE('',*,*,#10877,.T.);
#10890=ORIENTED_EDGE('',*,*,#10748,.F.);
#10891=EDGE_LOOP('',(#10887,#10888,#10889,#10890));
#10892=FACE_OUTER_BOUND('',#10891,.F.);
#10894=CARTESIAN_POINT('',(-1.345E0,0.E0,0.E0));
#10895=DIRECTION('',(1.E0,0.E0,0.E0));
#10896=DIRECTION('',(0.E0,0.E0,-1.E0));
#10897=AXIS2_PLACEMENT_3D('',#10894,#10895,#10896);
#10898=PLANE('',#10897);
#10899=ORIENTED_EDGE('',*,*,#7344,.F.);
#10901=ORIENTED_EDGE('',*,*,#10900,.T.);
#10903=ORIENTED_EDGE('',*,*,#10902,.T.);
#10905=ORIENTED_EDGE('',*,*,#10904,.T.);
#10907=ORIENTED_EDGE('',*,*,#10906,.T.);
#10909=ORIENTED_EDGE('',*,*,#10908,.T.);
#10910=EDGE_LOOP('',(#10899,#10901,#10903,#10905,#10907,#10909));
#10911=FACE_OUTER_BOUND('',#10910,.F.);
#10913=CARTESIAN_POINT('',(-1.345E0,0.E0,0.E0));
#10914=DIRECTION('',(1.E0,0.E0,0.E0));
#10915=DIRECTION('',(0.E0,0.E0,-1.E0));
#10916=AXIS2_PLACEMENT_3D('',#10913,#10914,#10915);
#10917=PLANE('',#10916);
#10918=ORIENTED_EDGE('',*,*,#9579,.F.);
#10919=ORIENTED_EDGE('',*,*,#9324,.T.);
#10921=ORIENTED_EDGE('',*,*,#10920,.T.);
#10923=ORIENTED_EDGE('',*,*,#10922,.T.);
#10925=ORIENTED_EDGE('',*,*,#10924,.T.);
#10926=EDGE_LOOP('',(#10918,#10919,#10921,#10923,#10925));
#10927=FACE_OUTER_BOUND('',#10926,.F.);
#10929=CARTESIAN_POINT('',(-1.145E0,-8.5E-1,-4.4E0));
#10930=DIRECTION('',(0.E0,-7.071067811865E-1,7.071067811865E-1));
#10931=DIRECTION('',(0.E0,-7.071067811865E-1,-7.071067811865E-1));
#10932=AXIS2_PLACEMENT_3D('',#10929,#10930,#10931);
#10933=PLANE('',#10932);
#10934=ORIENTED_EDGE('',*,*,#7342,.T.);
#10936=ORIENTED_EDGE('',*,*,#10935,.T.);
#10938=ORIENTED_EDGE('',*,*,#10937,.T.);
#10939=ORIENTED_EDGE('',*,*,#10900,.F.);
#10940=EDGE_LOOP('',(#10934,#10936,#10938,#10939));
#10941=FACE_OUTER_BOUND('',#10940,.F.);
#10943=CARTESIAN_POINT('',(-1.145E0,0.E0,0.E0));
#10944=DIRECTION('',(1.E0,0.E0,0.E0));
#10945=DIRECTION('',(0.E0,0.E0,-1.E0));
#10946=AXIS2_PLACEMENT_3D('',#10943,#10944,#10945);
#10947=PLANE('',#10946);
#10948=ORIENTED_EDGE('',*,*,#7340,.T.);
#10950=ORIENTED_EDGE('',*,*,#10949,.F.);
#10952=ORIENTED_EDGE('',*,*,#10951,.F.);
#10954=ORIENTED_EDGE('',*,*,#10953,.F.);
#10956=ORIENTED_EDGE('',*,*,#10955,.F.);
#10957=ORIENTED_EDGE('',*,*,#10935,.F.);
#10958=EDGE_LOOP('',(#10948,#10950,#10952,#10954,#10956,#10957));
#10959=FACE_OUTER_BOUND('',#10958,.F.);
#10961=CARTESIAN_POINT('',(-1.145E0,0.E0,0.E0));
#10962=DIRECTION('',(1.E0,0.E0,0.E0));
#10963=DIRECTION('',(0.E0,0.E0,-1.E0));
#10964=AXIS2_PLACEMENT_3D('',#10961,#10962,#10963);
#10965=PLANE('',#10964);
#10966=ORIENTED_EDGE('',*,*,#9583,.T.);
#10968=ORIENTED_EDGE('',*,*,#10967,.F.);
#10970=ORIENTED_EDGE('',*,*,#10969,.F.);
#10972=ORIENTED_EDGE('',*,*,#10971,.F.);
#10973=ORIENTED_EDGE('',*,*,#9320,.F.);
#10974=EDGE_LOOP('',(#10966,#10968,#10970,#10972,#10973));
#10975=FACE_OUTER_BOUND('',#10974,.F.);
#10977=CARTESIAN_POINT('',(-1.145E0,-7.5E-1,-4.73E0));
#10978=DIRECTION('',(0.E0,7.071067811865E-1,-7.071067811865E-1));
#10979=DIRECTION('',(0.E0,7.071067811865E-1,7.071067811865E-1));
#10980=AXIS2_PLACEMENT_3D('',#10977,#10978,#10979);
#10981=PLANE('',#10980);
#10982=ORIENTED_EDGE('',*,*,#7346,.F.);
#10983=ORIENTED_EDGE('',*,*,#10908,.F.);
#10985=ORIENTED_EDGE('',*,*,#10984,.F.);
#10986=ORIENTED_EDGE('',*,*,#10949,.T.);
#10987=EDGE_LOOP('',(#10982,#10983,#10985,#10986));
#10988=FACE_OUTER_BOUND('',#10987,.F.);
#10990=CARTESIAN_POINT('',(-1.145E0,-7.5E-1,-5.1E0));
#10991=DIRECTION('',(0.E0,1.E0,0.E0));
#10992=DIRECTION('',(0.E0,0.E0,1.E0));
#10993=AXIS2_PLACEMENT_3D('',#10990,#10991,#10992);
#10994=PLANE('',#10993);
#10995=ORIENTED_EDGE('',*,*,#10951,.T.);
#10996=ORIENTED_EDGE('',*,*,#10984,.T.);
#10997=ORIENTED_EDGE('',*,*,#10906,.F.);
#10999=ORIENTED_EDGE('',*,*,#10998,.F.);
#11000=EDGE_LOOP('',(#10995,#10996,#10997,#10999));
#11001=FACE_OUTER_BOUND('',#11000,.F.);
#11003=CARTESIAN_POINT('',(-1.145E0,-1.05E0,-5.1E0));
#11004=DIRECTION('',(0.E0,0.E0,-1.E0));
#11005=DIRECTION('',(0.E0,1.E0,0.E0));
#11006=AXIS2_PLACEMENT_3D('',#11003,#11004,#11005);
#11007=PLANE('',#11006);
#11008=ORIENTED_EDGE('',*,*,#10953,.T.);
#11009=ORIENTED_EDGE('',*,*,#10998,.T.);
#11010=ORIENTED_EDGE('',*,*,#10904,.F.);
#11012=ORIENTED_EDGE('',*,*,#11011,.F.);
#11013=EDGE_LOOP('',(#11008,#11009,#11010,#11012));
#11014=FACE_OUTER_BOUND('',#11013,.F.);
#11016=CARTESIAN_POINT('',(-1.145E0,-1.05E0,-4.6E0));
#11017=DIRECTION('',(0.E0,-1.E0,0.E0));
#11018=DIRECTION('',(0.E0,0.E0,-1.E0));
#11019=AXIS2_PLACEMENT_3D('',#11016,#11017,#11018);
#11020=PLANE('',#11019);
#11021=ORIENTED_EDGE('',*,*,#10955,.T.);
#11022=ORIENTED_EDGE('',*,*,#11011,.T.);
#11023=ORIENTED_EDGE('',*,*,#10902,.F.);
#11024=ORIENTED_EDGE('',*,*,#10937,.F.);
#11025=EDGE_LOOP('',(#11021,#11022,#11023,#11024));
#11026=FACE_OUTER_BOUND('',#11025,.F.);
#11028=CARTESIAN_POINT('',(-1.145E0,-3.781801907155E-1,-1.716957743571E0));
#11029=DIRECTION('',(0.E0,9.067682527413E-1,4.216293820650E-1));
#11030=DIRECTION('',(0.E0,-4.216293820650E-1,9.067682527413E-1));
#11031=AXIS2_PLACEMENT_3D('',#11028,#11029,#11030);
#11032=PLANE('',#11031);
#11033=ORIENTED_EDGE('',*,*,#9581,.F.);
#11034=ORIENTED_EDGE('',*,*,#10924,.F.);
#11036=ORIENTED_EDGE('',*,*,#11035,.F.);
#11037=ORIENTED_EDGE('',*,*,#10967,.T.);
#11038=EDGE_LOOP('',(#11033,#11034,#11036,#11037));
#11039=FACE_OUTER_BOUND('',#11038,.F.);
#11041=CARTESIAN_POINT('',(-1.145E0,-5.55E-1,-1.799175473074E0));
#11042=DIRECTION('',(1.E0,0.E0,0.E0));
#11043=DIRECTION('',(0.E0,0.E0,-1.E0));
#11044=AXIS2_PLACEMENT_3D('',#11041,#11042,#11043);
#11045=CYLINDRICAL_SURFACE('',#11044,1.95E-1);
#11046=ORIENTED_EDGE('',*,*,#10969,.T.);
#11047=ORIENTED_EDGE('',*,*,#11035,.T.);
#11048=ORIENTED_EDGE('',*,*,#10922,.F.);
#11050=ORIENTED_EDGE('',*,*,#11049,.F.);
#11051=EDGE_LOOP('',(#11046,#11047,#11048,#11050));
#11052=FACE_OUTER_BOUND('',#11051,.F.);
#11054=CARTESIAN_POINT('',(-1.145E0,-4.413750317050E-1,-3.39E0));
#11055=DIRECTION('',(0.E0,9.986860302749E-1,-5.124658948458E-2));
#11056=DIRECTION('',(0.E0,5.124658948458E-2,9.986860302749E-1));
#11057=AXIS2_PLACEMENT_3D('',#11054,#11055,#11056);
#11058=PLANE('',#11057);
#11059=ORIENTED_EDGE('',*,*,#9322,.T.);
#11060=ORIENTED_EDGE('',*,*,#10971,.T.);
#11061=ORIENTED_EDGE('',*,*,#11049,.T.);
#11062=ORIENTED_EDGE('',*,*,#10920,.F.);
#11063=EDGE_LOOP('',(#11059,#11060,#11061,#11062));
#11064=FACE_OUTER_BOUND('',#11063,.F.);
#11066=CARTESIAN_POINT('',(-8.45E-1,0.E0,0.E0));
#11067=DIRECTION('',(1.E0,0.E0,0.E0));
#11068=DIRECTION('',(0.E0,0.E0,-1.E0));
#11069=AXIS2_PLACEMENT_3D('',#11066,#11067,#11068);
#11070=PLANE('',#11069);
#11071=ORIENTED_EDGE('',*,*,#7334,.F.);
#11073=ORIENTED_EDGE('',*,*,#11072,.T.);
#11075=ORIENTED_EDGE('',*,*,#11074,.T.);
#11077=ORIENTED_EDGE('',*,*,#11076,.T.);
#11079=ORIENTED_EDGE('',*,*,#11078,.T.);
#11081=ORIENTED_EDGE('',*,*,#11080,.T.);
#11082=EDGE_LOOP('',(#11071,#11073,#11075,#11077,#11079,#11081));
#11083=FACE_OUTER_BOUND('',#11082,.F.);
#11085=CARTESIAN_POINT('',(-8.45E-1,0.E0,0.E0));
#11086=DIRECTION('',(1.E0,0.E0,0.E0));
#11087=DIRECTION('',(0.E0,0.E0,-1.E0));
#11088=AXIS2_PLACEMENT_3D('',#11085,#11086,#11087);
#11089=PLANE('',#11088);
#11090=ORIENTED_EDGE('',*,*,#9586,.F.);
#11091=ORIENTED_EDGE('',*,*,#9316,.T.);
#11093=ORIENTED_EDGE('',*,*,#11092,.T.);
#11095=ORIENTED_EDGE('',*,*,#11094,.T.);
#11097=ORIENTED_EDGE('',*,*,#11096,.T.);
#11098=EDGE_LOOP('',(#11090,#11091,#11093,#11095,#11097));
#11099=FACE_OUTER_BOUND('',#11098,.F.);
#11101=CARTESIAN_POINT('',(-6.45E-1,-8.5E-1,-4.4E0));
#11102=DIRECTION('',(0.E0,-7.071067811865E-1,7.071067811865E-1));
#11103=DIRECTION('',(0.E0,-7.071067811865E-1,-7.071067811865E-1));
#11104=AXIS2_PLACEMENT_3D('',#11101,#11102,#11103);
#11105=PLANE('',#11104);
#11106=ORIENTED_EDGE('',*,*,#7332,.T.);
#11108=ORIENTED_EDGE('',*,*,#11107,.T.);
#11110=ORIENTED_EDGE('',*,*,#11109,.T.);
#11111=ORIENTED_EDGE('',*,*,#11072,.F.);
#11112=EDGE_LOOP('',(#11106,#11108,#11110,#11111));
#11113=FACE_OUTER_BOUND('',#11112,.F.);
#11115=CARTESIAN_POINT('',(-6.45E-1,0.E0,0.E0));
#11116=DIRECTION('',(1.E0,0.E0,0.E0));
#11117=DIRECTION('',(0.E0,0.E0,-1.E0));
#11118=AXIS2_PLACEMENT_3D('',#11115,#11116,#11117);
#11119=PLANE('',#11118);
#11120=ORIENTED_EDGE('',*,*,#7330,.T.);
#11122=ORIENTED_EDGE('',*,*,#11121,.F.);
#11124=ORIENTED_EDGE('',*,*,#11123,.F.);
#11126=ORIENTED_EDGE('',*,*,#11125,.F.);
#11128=ORIENTED_EDGE('',*,*,#11127,.F.);
#11129=ORIENTED_EDGE('',*,*,#11107,.F.);
#11130=EDGE_LOOP('',(#11120,#11122,#11124,#11126,#11128,#11129));
#11131=FACE_OUTER_BOUND('',#11130,.F.);
#11133=CARTESIAN_POINT('',(-6.45E-1,0.E0,0.E0));
#11134=DIRECTION('',(1.E0,0.E0,0.E0));
#11135=DIRECTION('',(0.E0,0.E0,-1.E0));
#11136=AXIS2_PLACEMENT_3D('',#11133,#11134,#11135);
#11137=PLANE('',#11136);
#11138=ORIENTED_EDGE('',*,*,#9590,.T.);
#11140=ORIENTED_EDGE('',*,*,#11139,.F.);
#11142=ORIENTED_EDGE('',*,*,#11141,.F.);
#11144=ORIENTED_EDGE('',*,*,#11143,.F.);
#11145=ORIENTED_EDGE('',*,*,#9312,.F.);
#11146=EDGE_LOOP('',(#11138,#11140,#11142,#11144,#11145));
#11147=FACE_OUTER_BOUND('',#11146,.F.);
#11149=CARTESIAN_POINT('',(-6.45E-1,-7.5E-1,-4.73E0));
#11150=DIRECTION('',(0.E0,7.071067811865E-1,-7.071067811865E-1));
#11151=DIRECTION('',(0.E0,7.071067811865E-1,7.071067811865E-1));
#11152=AXIS2_PLACEMENT_3D('',#11149,#11150,#11151);
#11153=PLANE('',#11152);
#11154=ORIENTED_EDGE('',*,*,#7336,.F.);
#11155=ORIENTED_EDGE('',*,*,#11080,.F.);
#11157=ORIENTED_EDGE('',*,*,#11156,.F.);
#11158=ORIENTED_EDGE('',*,*,#11121,.T.);
#11159=EDGE_LOOP('',(#11154,#11155,#11157,#11158));
#11160=FACE_OUTER_BOUND('',#11159,.F.);
#11162=CARTESIAN_POINT('',(-6.45E-1,-7.5E-1,-5.1E0));
#11163=DIRECTION('',(0.E0,1.E0,0.E0));
#11164=DIRECTION('',(0.E0,0.E0,1.E0));
#11165=AXIS2_PLACEMENT_3D('',#11162,#11163,#11164);
#11166=PLANE('',#11165);
#11167=ORIENTED_EDGE('',*,*,#11123,.T.);
#11168=ORIENTED_EDGE('',*,*,#11156,.T.);
#11169=ORIENTED_EDGE('',*,*,#11078,.F.);
#11171=ORIENTED_EDGE('',*,*,#11170,.F.);
#11172=EDGE_LOOP('',(#11167,#11168,#11169,#11171));
#11173=FACE_OUTER_BOUND('',#11172,.F.);
#11175=CARTESIAN_POINT('',(-6.45E-1,-1.05E0,-5.1E0));
#11176=DIRECTION('',(0.E0,0.E0,-1.E0));
#11177=DIRECTION('',(0.E0,1.E0,0.E0));
#11178=AXIS2_PLACEMENT_3D('',#11175,#11176,#11177);
#11179=PLANE('',#11178);
#11180=ORIENTED_EDGE('',*,*,#11125,.T.);
#11181=ORIENTED_EDGE('',*,*,#11170,.T.);
#11182=ORIENTED_EDGE('',*,*,#11076,.F.);
#11184=ORIENTED_EDGE('',*,*,#11183,.F.);
#11185=EDGE_LOOP('',(#11180,#11181,#11182,#11184));
#11186=FACE_OUTER_BOUND('',#11185,.F.);
#11188=CARTESIAN_POINT('',(-6.45E-1,-1.05E0,-4.6E0));
#11189=DIRECTION('',(0.E0,-1.E0,0.E0));
#11190=DIRECTION('',(0.E0,0.E0,-1.E0));
#11191=AXIS2_PLACEMENT_3D('',#11188,#11189,#11190);
#11192=PLANE('',#11191);
#11193=ORIENTED_EDGE('',*,*,#11127,.T.);
#11194=ORIENTED_EDGE('',*,*,#11183,.T.);
#11195=ORIENTED_EDGE('',*,*,#11074,.F.);
#11196=ORIENTED_EDGE('',*,*,#11109,.F.);
#11197=EDGE_LOOP('',(#11193,#11194,#11195,#11196));
#11198=FACE_OUTER_BOUND('',#11197,.F.);
#11200=CARTESIAN_POINT('',(-6.45E-1,-3.781801907155E-1,-1.716957743571E0));
#11201=DIRECTION('',(0.E0,9.067682527413E-1,4.216293820650E-1));
#11202=DIRECTION('',(0.E0,-4.216293820650E-1,9.067682527413E-1));
#11203=AXIS2_PLACEMENT_3D('',#11200,#11201,#11202);
#11204=PLANE('',#11203);
#11205=ORIENTED_EDGE('',*,*,#9588,.F.);
#11206=ORIENTED_EDGE('',*,*,#11096,.F.);
#11208=ORIENTED_EDGE('',*,*,#11207,.F.);
#11209=ORIENTED_EDGE('',*,*,#11139,.T.);
#11210=EDGE_LOOP('',(#11205,#11206,#11208,#11209));
#11211=FACE_OUTER_BOUND('',#11210,.F.);
#11213=CARTESIAN_POINT('',(-6.45E-1,-5.55E-1,-1.799175473074E0));
#11214=DIRECTION('',(1.E0,0.E0,0.E0));
#11215=DIRECTION('',(0.E0,0.E0,-1.E0));
#11216=AXIS2_PLACEMENT_3D('',#11213,#11214,#11215);
#11217=CYLINDRICAL_SURFACE('',#11216,1.95E-1);
#11218=ORIENTED_EDGE('',*,*,#11141,.T.);
#11219=ORIENTED_EDGE('',*,*,#11207,.T.);
#11220=ORIENTED_EDGE('',*,*,#11094,.F.);
#11222=ORIENTED_EDGE('',*,*,#11221,.F.);
#11223=EDGE_LOOP('',(#11218,#11219,#11220,#11222));
#11224=FACE_OUTER_BOUND('',#11223,.F.);
#11226=CARTESIAN_POINT('',(-6.45E-1,-4.413750317050E-1,-3.39E0));
#11227=DIRECTION('',(0.E0,9.986860302749E-1,-5.124658948458E-2));
#11228=DIRECTION('',(0.E0,5.124658948458E-2,9.986860302749E-1));
#11229=AXIS2_PLACEMENT_3D('',#11226,#11227,#11228);
#11230=PLANE('',#11229);
#11231=ORIENTED_EDGE('',*,*,#9314,.T.);
#11232=ORIENTED_EDGE('',*,*,#11143,.T.);
#11233=ORIENTED_EDGE('',*,*,#11221,.T.);
#11234=ORIENTED_EDGE('',*,*,#11092,.F.);
#11235=EDGE_LOOP('',(#11231,#11232,#11233,#11234));
#11236=FACE_OUTER_BOUND('',#11235,.F.);
#11238=CARTESIAN_POINT('',(-3.45E-1,0.E0,0.E0));
#11239=DIRECTION('',(1.E0,0.E0,0.E0));
#11240=DIRECTION('',(0.E0,0.E0,-1.E0));
#11241=AXIS2_PLACEMENT_3D('',#11238,#11239,#11240);
#11242=PLANE('',#11241);
#11243=ORIENTED_EDGE('',*,*,#7324,.F.);
#11245=ORIENTED_EDGE('',*,*,#11244,.T.);
#11247=ORIENTED_EDGE('',*,*,#11246,.T.);
#11249=ORIENTED_EDGE('',*,*,#11248,.T.);
#11251=ORIENTED_EDGE('',*,*,#11250,.T.);
#11253=ORIENTED_EDGE('',*,*,#11252,.T.);
#11254=EDGE_LOOP('',(#11243,#11245,#11247,#11249,#11251,#11253));
#11255=FACE_OUTER_BOUND('',#11254,.F.);
#11257=CARTESIAN_POINT('',(-3.45E-1,0.E0,0.E0));
#11258=DIRECTION('',(1.E0,0.E0,0.E0));
#11259=DIRECTION('',(0.E0,0.E0,-1.E0));
#11260=AXIS2_PLACEMENT_3D('',#11257,#11258,#11259);
#11261=PLANE('',#11260);
#11262=ORIENTED_EDGE('',*,*,#9593,.F.);
#11263=ORIENTED_EDGE('',*,*,#9308,.T.);
#11265=ORIENTED_EDGE('',*,*,#11264,.T.);
#11267=ORIENTED_EDGE('',*,*,#11266,.T.);
#11269=ORIENTED_EDGE('',*,*,#11268,.T.);
#11270=EDGE_LOOP('',(#11262,#11263,#11265,#11267,#11269));
#11271=FACE_OUTER_BOUND('',#11270,.F.);
#11273=CARTESIAN_POINT('',(-1.45E-1,-8.5E-1,-4.4E0));
#11274=DIRECTION('',(0.E0,-7.071067811865E-1,7.071067811865E-1));
#11275=DIRECTION('',(0.E0,-7.071067811865E-1,-7.071067811865E-1));
#11276=AXIS2_PLACEMENT_3D('',#11273,#11274,#11275);
#11277=PLANE('',#11276);
#11278=ORIENTED_EDGE('',*,*,#7322,.T.);
#11280=ORIENTED_EDGE('',*,*,#11279,.T.);
#11282=ORIENTED_EDGE('',*,*,#11281,.T.);
#11283=ORIENTED_EDGE('',*,*,#11244,.F.);
#11284=EDGE_LOOP('',(#11278,#11280,#11282,#11283));
#11285=FACE_OUTER_BOUND('',#11284,.F.);
#11287=CARTESIAN_POINT('',(-1.45E-1,0.E0,0.E0));
#11288=DIRECTION('',(1.E0,0.E0,0.E0));
#11289=DIRECTION('',(0.E0,0.E0,-1.E0));
#11290=AXIS2_PLACEMENT_3D('',#11287,#11288,#11289);
#11291=PLANE('',#11290);
#11292=ORIENTED_EDGE('',*,*,#7320,.T.);
#11294=ORIENTED_EDGE('',*,*,#11293,.F.);
#11296=ORIENTED_EDGE('',*,*,#11295,.F.);
#11298=ORIENTED_EDGE('',*,*,#11297,.F.);
#11300=ORIENTED_EDGE('',*,*,#11299,.F.);
#11301=ORIENTED_EDGE('',*,*,#11279,.F.);
#11302=EDGE_LOOP('',(#11292,#11294,#11296,#11298,#11300,#11301));
#11303=FACE_OUTER_BOUND('',#11302,.F.);
#11305=CARTESIAN_POINT('',(-1.45E-1,0.E0,0.E0));
#11306=DIRECTION('',(1.E0,0.E0,0.E0));
#11307=DIRECTION('',(0.E0,0.E0,-1.E0));
#11308=AXIS2_PLACEMENT_3D('',#11305,#11306,#11307);
#11309=PLANE('',#11308);
#11310=ORIENTED_EDGE('',*,*,#9597,.T.);
#11312=ORIENTED_EDGE('',*,*,#11311,.F.);
#11314=ORIENTED_EDGE('',*,*,#11313,.F.);
#11316=ORIENTED_EDGE('',*,*,#11315,.F.);
#11317=ORIENTED_EDGE('',*,*,#9304,.F.);
#11318=EDGE_LOOP('',(#11310,#11312,#11314,#11316,#11317));
#11319=FACE_OUTER_BOUND('',#11318,.F.);
#11321=CARTESIAN_POINT('',(-1.45E-1,-7.5E-1,-4.73E0));
#11322=DIRECTION('',(0.E0,7.071067811865E-1,-7.071067811865E-1));
#11323=DIRECTION('',(0.E0,7.071067811865E-1,7.071067811865E-1));
#11324=AXIS2_PLACEMENT_3D('',#11321,#11322,#11323);
#11325=PLANE('',#11324);
#11326=ORIENTED_EDGE('',*,*,#7326,.F.);
#11327=ORIENTED_EDGE('',*,*,#11252,.F.);
#11329=ORIENTED_EDGE('',*,*,#11328,.F.);
#11330=ORIENTED_EDGE('',*,*,#11293,.T.);
#11331=EDGE_LOOP('',(#11326,#11327,#11329,#11330));
#11332=FACE_OUTER_BOUND('',#11331,.F.);
#11334=CARTESIAN_POINT('',(-1.45E-1,-7.5E-1,-5.1E0));
#11335=DIRECTION('',(0.E0,1.E0,0.E0));
#11336=DIRECTION('',(0.E0,0.E0,1.E0));
#11337=AXIS2_PLACEMENT_3D('',#11334,#11335,#11336);
#11338=PLANE('',#11337);
#11339=ORIENTED_EDGE('',*,*,#11295,.T.);
#11340=ORIENTED_EDGE('',*,*,#11328,.T.);
#11341=ORIENTED_EDGE('',*,*,#11250,.F.);
#11343=ORIENTED_EDGE('',*,*,#11342,.F.);
#11344=EDGE_LOOP('',(#11339,#11340,#11341,#11343));
#11345=FACE_OUTER_BOUND('',#11344,.F.);
#11347=CARTESIAN_POINT('',(-1.45E-1,-1.05E0,-5.1E0));
#11348=DIRECTION('',(0.E0,0.E0,-1.E0));
#11349=DIRECTION('',(0.E0,1.E0,0.E0));
#11350=AXIS2_PLACEMENT_3D('',#11347,#11348,#11349);
#11351=PLANE('',#11350);
#11352=ORIENTED_EDGE('',*,*,#11297,.T.);
#11353=ORIENTED_EDGE('',*,*,#11342,.T.);
#11354=ORIENTED_EDGE('',*,*,#11248,.F.);
#11356=ORIENTED_EDGE('',*,*,#11355,.F.);
#11357=EDGE_LOOP('',(#11352,#11353,#11354,#11356));
#11358=FACE_OUTER_BOUND('',#11357,.F.);
#11360=CARTESIAN_POINT('',(-1.45E-1,-1.05E0,-4.6E0));
#11361=DIRECTION('',(0.E0,-1.E0,0.E0));
#11362=DIRECTION('',(0.E0,0.E0,-1.E0));
#11363=AXIS2_PLACEMENT_3D('',#11360,#11361,#11362);
#11364=PLANE('',#11363);
#11365=ORIENTED_EDGE('',*,*,#11299,.T.);
#11366=ORIENTED_EDGE('',*,*,#11355,.T.);
#11367=ORIENTED_EDGE('',*,*,#11246,.F.);
#11368=ORIENTED_EDGE('',*,*,#11281,.F.);
#11369=EDGE_LOOP('',(#11365,#11366,#11367,#11368));
#11370=FACE_OUTER_BOUND('',#11369,.F.);
#11372=CARTESIAN_POINT('',(-1.45E-1,-3.781801907155E-1,-1.716957743571E0));
#11373=DIRECTION('',(0.E0,9.067682527413E-1,4.216293820650E-1));
#11374=DIRECTION('',(0.E0,-4.216293820650E-1,9.067682527413E-1));
#11375=AXIS2_PLACEMENT_3D('',#11372,#11373,#11374);
#11376=PLANE('',#11375);
#11377=ORIENTED_EDGE('',*,*,#9595,.F.);
#11378=ORIENTED_EDGE('',*,*,#11268,.F.);
#11380=ORIENTED_EDGE('',*,*,#11379,.F.);
#11381=ORIENTED_EDGE('',*,*,#11311,.T.);
#11382=EDGE_LOOP('',(#11377,#11378,#11380,#11381));
#11383=FACE_OUTER_BOUND('',#11382,.F.);
#11385=CARTESIAN_POINT('',(-1.45E-1,-5.55E-1,-1.799175473074E0));
#11386=DIRECTION('',(1.E0,0.E0,0.E0));
#11387=DIRECTION('',(0.E0,0.E0,-1.E0));
#11388=AXIS2_PLACEMENT_3D('',#11385,#11386,#11387);
#11389=CYLINDRICAL_SURFACE('',#11388,1.95E-1);
#11390=ORIENTED_EDGE('',*,*,#11313,.T.);
#11391=ORIENTED_EDGE('',*,*,#11379,.T.);
#11392=ORIENTED_EDGE('',*,*,#11266,.F.);
#11394=ORIENTED_EDGE('',*,*,#11393,.F.);
#11395=EDGE_LOOP('',(#11390,#11391,#11392,#11394));
#11396=FACE_OUTER_BOUND('',#11395,.F.);
#11398=CARTESIAN_POINT('',(-1.45E-1,-4.413750317050E-1,-3.39E0));
#11399=DIRECTION('',(0.E0,9.986860302749E-1,-5.124658948458E-2));
#11400=DIRECTION('',(0.E0,5.124658948458E-2,9.986860302749E-1));
#11401=AXIS2_PLACEMENT_3D('',#11398,#11399,#11400);
#11402=PLANE('',#11401);
#11403=ORIENTED_EDGE('',*,*,#9306,.T.);
#11404=ORIENTED_EDGE('',*,*,#11315,.T.);
#11405=ORIENTED_EDGE('',*,*,#11393,.T.);
#11406=ORIENTED_EDGE('',*,*,#11264,.F.);
#11407=EDGE_LOOP('',(#11403,#11404,#11405,#11406));
#11408=FACE_OUTER_BOUND('',#11407,.F.);
#11410=CARTESIAN_POINT('',(1.55E-1,0.E0,0.E0));
#11411=DIRECTION('',(1.E0,0.E0,0.E0));
#11412=DIRECTION('',(0.E0,0.E0,-1.E0));
#11413=AXIS2_PLACEMENT_3D('',#11410,#11411,#11412);
#11414=PLANE('',#11413);
#11415=ORIENTED_EDGE('',*,*,#7314,.F.);
#11417=ORIENTED_EDGE('',*,*,#11416,.T.);
#11419=ORIENTED_EDGE('',*,*,#11418,.T.);
#11421=ORIENTED_EDGE('',*,*,#11420,.T.);
#11423=ORIENTED_EDGE('',*,*,#11422,.T.);
#11425=ORIENTED_EDGE('',*,*,#11424,.T.);
#11426=EDGE_LOOP('',(#11415,#11417,#11419,#11421,#11423,#11425));
#11427=FACE_OUTER_BOUND('',#11426,.F.);
#11429=CARTESIAN_POINT('',(1.55E-1,0.E0,0.E0));
#11430=DIRECTION('',(1.E0,0.E0,0.E0));
#11431=DIRECTION('',(0.E0,0.E0,-1.E0));
#11432=AXIS2_PLACEMENT_3D('',#11429,#11430,#11431);
#11433=PLANE('',#11432);
#11434=ORIENTED_EDGE('',*,*,#9600,.F.);
#11435=ORIENTED_EDGE('',*,*,#9300,.T.);
#11437=ORIENTED_EDGE('',*,*,#11436,.T.);
#11439=ORIENTED_EDGE('',*,*,#11438,.T.);
#11441=ORIENTED_EDGE('',*,*,#11440,.T.);
#11442=EDGE_LOOP('',(#11434,#11435,#11437,#11439,#11441));
#11443=FACE_OUTER_BOUND('',#11442,.F.);
#11445=CARTESIAN_POINT('',(3.55E-1,-8.5E-1,-4.4E0));
#11446=DIRECTION('',(0.E0,-7.071067811865E-1,7.071067811865E-1));
#11447=DIRECTION('',(0.E0,-7.071067811865E-1,-7.071067811865E-1));
#11448=AXIS2_PLACEMENT_3D('',#11445,#11446,#11447);
#11449=PLANE('',#11448);
#11450=ORIENTED_EDGE('',*,*,#7312,.T.);
#11452=ORIENTED_EDGE('',*,*,#11451,.T.);
#11454=ORIENTED_EDGE('',*,*,#11453,.T.);
#11455=ORIENTED_EDGE('',*,*,#11416,.F.);
#11456=EDGE_LOOP('',(#11450,#11452,#11454,#11455));
#11457=FACE_OUTER_BOUND('',#11456,.F.);
#11459=CARTESIAN_POINT('',(3.55E-1,0.E0,0.E0));
#11460=DIRECTION('',(1.E0,0.E0,0.E0));
#11461=DIRECTION('',(0.E0,0.E0,-1.E0));
#11462=AXIS2_PLACEMENT_3D('',#11459,#11460,#11461);
#11463=PLANE('',#11462);
#11464=ORIENTED_EDGE('',*,*,#7310,.T.);
#11466=ORIENTED_EDGE('',*,*,#11465,.F.);
#11468=ORIENTED_EDGE('',*,*,#11467,.F.);
#11470=ORIENTED_EDGE('',*,*,#11469,.F.);
#11472=ORIENTED_EDGE('',*,*,#11471,.F.);
#11473=ORIENTED_EDGE('',*,*,#11451,.F.);
#11474=EDGE_LOOP('',(#11464,#11466,#11468,#11470,#11472,#11473));
#11475=FACE_OUTER_BOUND('',#11474,.F.);
#11477=CARTESIAN_POINT('',(3.55E-1,0.E0,0.E0));
#11478=DIRECTION('',(1.E0,0.E0,0.E0));
#11479=DIRECTION('',(0.E0,0.E0,-1.E0));
#11480=AXIS2_PLACEMENT_3D('',#11477,#11478,#11479);
#11481=PLANE('',#11480);
#11482=ORIENTED_EDGE('',*,*,#9604,.T.);
#11484=ORIENTED_EDGE('',*,*,#11483,.F.);
#11486=ORIENTED_EDGE('',*,*,#11485,.F.);
#11488=ORIENTED_EDGE('',*,*,#11487,.F.);
#11489=ORIENTED_EDGE('',*,*,#9296,.F.);
#11490=EDGE_LOOP('',(#11482,#11484,#11486,#11488,#11489));
#11491=FACE_OUTER_BOUND('',#11490,.F.);
#11493=CARTESIAN_POINT('',(3.55E-1,-7.5E-1,-4.73E0));
#11494=DIRECTION('',(0.E0,7.071067811865E-1,-7.071067811865E-1));
#11495=DIRECTION('',(0.E0,7.071067811865E-1,7.071067811865E-1));
#11496=AXIS2_PLACEMENT_3D('',#11493,#11494,#11495);
#11497=PLANE('',#11496);
#11498=ORIENTED_EDGE('',*,*,#7316,.F.);
#11499=ORIENTED_EDGE('',*,*,#11424,.F.);
#11501=ORIENTED_EDGE('',*,*,#11500,.F.);
#11502=ORIENTED_EDGE('',*,*,#11465,.T.);
#11503=EDGE_LOOP('',(#11498,#11499,#11501,#11502));
#11504=FACE_OUTER_BOUND('',#11503,.F.);
#11506=CARTESIAN_POINT('',(3.55E-1,-7.5E-1,-5.1E0));
#11507=DIRECTION('',(0.E0,1.E0,0.E0));
#11508=DIRECTION('',(0.E0,0.E0,1.E0));
#11509=AXIS2_PLACEMENT_3D('',#11506,#11507,#11508);
#11510=PLANE('',#11509);
#11511=ORIENTED_EDGE('',*,*,#11467,.T.);
#11512=ORIENTED_EDGE('',*,*,#11500,.T.);
#11513=ORIENTED_EDGE('',*,*,#11422,.F.);
#11515=ORIENTED_EDGE('',*,*,#11514,.F.);
#11516=EDGE_LOOP('',(#11511,#11512,#11513,#11515));
#11517=FACE_OUTER_BOUND('',#11516,.F.);
#11519=CARTESIAN_POINT('',(3.55E-1,-1.05E0,-5.1E0));
#11520=DIRECTION('',(0.E0,0.E0,-1.E0));
#11521=DIRECTION('',(0.E0,1.E0,0.E0));
#11522=AXIS2_PLACEMENT_3D('',#11519,#11520,#11521);
#11523=PLANE('',#11522);
#11524=ORIENTED_EDGE('',*,*,#11469,.T.);
#11525=ORIENTED_EDGE('',*,*,#11514,.T.);
#11526=ORIENTED_EDGE('',*,*,#11420,.F.);
#11528=ORIENTED_EDGE('',*,*,#11527,.F.);
#11529=EDGE_LOOP('',(#11524,#11525,#11526,#11528));
#11530=FACE_OUTER_BOUND('',#11529,.F.);
#11532=CARTESIAN_POINT('',(3.55E-1,-1.05E0,-4.6E0));
#11533=DIRECTION('',(0.E0,-1.E0,0.E0));
#11534=DIRECTION('',(0.E0,0.E0,-1.E0));
#11535=AXIS2_PLACEMENT_3D('',#11532,#11533,#11534);
#11536=PLANE('',#11535);
#11537=ORIENTED_EDGE('',*,*,#11471,.T.);
#11538=ORIENTED_EDGE('',*,*,#11527,.T.);
#11539=ORIENTED_EDGE('',*,*,#11418,.F.);
#11540=ORIENTED_EDGE('',*,*,#11453,.F.);
#11541=EDGE_LOOP('',(#11537,#11538,#11539,#11540));
#11542=FACE_OUTER_BOUND('',#11541,.F.);
#11544=CARTESIAN_POINT('',(3.55E-1,-3.781801907155E-1,-1.716957743571E0));
#11545=DIRECTION('',(0.E0,9.067682527413E-1,4.216293820650E-1));
#11546=DIRECTION('',(0.E0,-4.216293820650E-1,9.067682527413E-1));
#11547=AXIS2_PLACEMENT_3D('',#11544,#11545,#11546);
#11548=PLANE('',#11547);
#11549=ORIENTED_EDGE('',*,*,#9602,.F.);
#11550=ORIENTED_EDGE('',*,*,#11440,.F.);
#11552=ORIENTED_EDGE('',*,*,#11551,.F.);
#11553=ORIENTED_EDGE('',*,*,#11483,.T.);
#11554=EDGE_LOOP('',(#11549,#11550,#11552,#11553));
#11555=FACE_OUTER_BOUND('',#11554,.F.);
#11557=CARTESIAN_POINT('',(3.55E-1,-5.55E-1,-1.799175473074E0));
#11558=DIRECTION('',(1.E0,0.E0,0.E0));
#11559=DIRECTION('',(0.E0,0.E0,-1.E0));
#11560=AXIS2_PLACEMENT_3D('',#11557,#11558,#11559);
#11561=CYLINDRICAL_SURFACE('',#11560,1.95E-1);
#11562=ORIENTED_EDGE('',*,*,#11485,.T.);
#11563=ORIENTED_EDGE('',*,*,#11551,.T.);
#11564=ORIENTED_EDGE('',*,*,#11438,.F.);
#11566=ORIENTED_EDGE('',*,*,#11565,.F.);
#11567=EDGE_LOOP('',(#11562,#11563,#11564,#11566));
#11568=FACE_OUTER_BOUND('',#11567,.F.);
#11570=CARTESIAN_POINT('',(3.55E-1,-4.413750317050E-1,-3.39E0));
#11571=DIRECTION('',(0.E0,9.986860302749E-1,-5.124658948458E-2));
#11572=DIRECTION('',(0.E0,5.124658948458E-2,9.986860302749E-1));
#11573=AXIS2_PLACEMENT_3D('',#11570,#11571,#11572);
#11574=PLANE('',#11573);
#11575=ORIENTED_EDGE('',*,*,#9298,.T.);
#11576=ORIENTED_EDGE('',*,*,#11487,.T.);
#11577=ORIENTED_EDGE('',*,*,#11565,.T.);
#11578=ORIENTED_EDGE('',*,*,#11436,.F.);
#11579=EDGE_LOOP('',(#11575,#11576,#11577,#11578));
#11580=FACE_OUTER_BOUND('',#11579,.F.);
#11582=CARTESIAN_POINT('',(6.55E-1,0.E0,0.E0));
#11583=DIRECTION('',(1.E0,0.E0,0.E0));
#11584=DIRECTION('',(0.E0,0.E0,-1.E0));
#11585=AXIS2_PLACEMENT_3D('',#11582,#11583,#11584);
#11586=PLANE('',#11585);
#11587=ORIENTED_EDGE('',*,*,#7304,.F.);
#11589=ORIENTED_EDGE('',*,*,#11588,.T.);
#11591=ORIENTED_EDGE('',*,*,#11590,.T.);
#11593=ORIENTED_EDGE('',*,*,#11592,.T.);
#11595=ORIENTED_EDGE('',*,*,#11594,.T.);
#11597=ORIENTED_EDGE('',*,*,#11596,.T.);
#11598=EDGE_LOOP('',(#11587,#11589,#11591,#11593,#11595,#11597));
#11599=FACE_OUTER_BOUND('',#11598,.F.);
#11601=CARTESIAN_POINT('',(6.55E-1,0.E0,0.E0));
#11602=DIRECTION('',(1.E0,0.E0,0.E0));
#11603=DIRECTION('',(0.E0,0.E0,-1.E0));
#11604=AXIS2_PLACEMENT_3D('',#11601,#11602,#11603);
#11605=PLANE('',#11604);
#11606=ORIENTED_EDGE('',*,*,#9607,.F.);
#11607=ORIENTED_EDGE('',*,*,#9292,.T.);
#11609=ORIENTED_EDGE('',*,*,#11608,.T.);
#11611=ORIENTED_EDGE('',*,*,#11610,.T.);
#11613=ORIENTED_EDGE('',*,*,#11612,.T.);
#11614=EDGE_LOOP('',(#11606,#11607,#11609,#11611,#11613));
#11615=FACE_OUTER_BOUND('',#11614,.F.);
#11617=CARTESIAN_POINT('',(8.55E-1,-8.5E-1,-4.4E0));
#11618=DIRECTION('',(0.E0,-7.071067811865E-1,7.071067811865E-1));
#11619=DIRECTION('',(0.E0,-7.071067811865E-1,-7.071067811865E-1));
#11620=AXIS2_PLACEMENT_3D('',#11617,#11618,#11619);
#11621=PLANE('',#11620);
#11622=ORIENTED_EDGE('',*,*,#7302,.T.);
#11624=ORIENTED_EDGE('',*,*,#11623,.T.);
#11626=ORIENTED_EDGE('',*,*,#11625,.T.);
#11627=ORIENTED_EDGE('',*,*,#11588,.F.);
#11628=EDGE_LOOP('',(#11622,#11624,#11626,#11627));
#11629=FACE_OUTER_BOUND('',#11628,.F.);
#11631=CARTESIAN_POINT('',(8.55E-1,0.E0,0.E0));
#11632=DIRECTION('',(1.E0,0.E0,0.E0));
#11633=DIRECTION('',(0.E0,0.E0,-1.E0));
#11634=AXIS2_PLACEMENT_3D('',#11631,#11632,#11633);
#11635=PLANE('',#11634);
#11636=ORIENTED_EDGE('',*,*,#7300,.T.);
#11638=ORIENTED_EDGE('',*,*,#11637,.F.);
#11640=ORIENTED_EDGE('',*,*,#11639,.F.);
#11642=ORIENTED_EDGE('',*,*,#11641,.F.);
#11644=ORIENTED_EDGE('',*,*,#11643,.F.);
#11645=ORIENTED_EDGE('',*,*,#11623,.F.);
#11646=EDGE_LOOP('',(#11636,#11638,#11640,#11642,#11644,#11645));
#11647=FACE_OUTER_BOUND('',#11646,.F.);
#11649=CARTESIAN_POINT('',(8.55E-1,0.E0,0.E0));
#11650=DIRECTION('',(1.E0,0.E0,0.E0));
#11651=DIRECTION('',(0.E0,0.E0,-1.E0));
#11652=AXIS2_PLACEMENT_3D('',#11649,#11650,#11651);
#11653=PLANE('',#11652);
#11654=ORIENTED_EDGE('',*,*,#9611,.T.);
#11656=ORIENTED_EDGE('',*,*,#11655,.F.);
#11658=ORIENTED_EDGE('',*,*,#11657,.F.);
#11660=ORIENTED_EDGE('',*,*,#11659,.F.);
#11661=ORIENTED_EDGE('',*,*,#9288,.F.);
#11662=EDGE_LOOP('',(#11654,#11656,#11658,#11660,#11661));
#11663=FACE_OUTER_BOUND('',#11662,.F.);
#11665=CARTESIAN_POINT('',(8.55E-1,-7.5E-1,-4.73E0));
#11666=DIRECTION('',(0.E0,7.071067811865E-1,-7.071067811865E-1));
#11667=DIRECTION('',(0.E0,7.071067811865E-1,7.071067811865E-1));
#11668=AXIS2_PLACEMENT_3D('',#11665,#11666,#11667);
#11669=PLANE('',#11668);
#11670=ORIENTED_EDGE('',*,*,#7306,.F.);
#11671=ORIENTED_EDGE('',*,*,#11596,.F.);
#11673=ORIENTED_EDGE('',*,*,#11672,.F.);
#11674=ORIENTED_EDGE('',*,*,#11637,.T.);
#11675=EDGE_LOOP('',(#11670,#11671,#11673,#11674));
#11676=FACE_OUTER_BOUND('',#11675,.F.);
#11678=CARTESIAN_POINT('',(8.55E-1,-7.5E-1,-5.1E0));
#11679=DIRECTION('',(0.E0,1.E0,0.E0));
#11680=DIRECTION('',(0.E0,0.E0,1.E0));
#11681=AXIS2_PLACEMENT_3D('',#11678,#11679,#11680);
#11682=PLANE('',#11681);
#11683=ORIENTED_EDGE('',*,*,#11639,.T.);
#11684=ORIENTED_EDGE('',*,*,#11672,.T.);
#11685=ORIENTED_EDGE('',*,*,#11594,.F.);
#11687=ORIENTED_EDGE('',*,*,#11686,.F.);
#11688=EDGE_LOOP('',(#11683,#11684,#11685,#11687));
#11689=FACE_OUTER_BOUND('',#11688,.F.);
#11691=CARTESIAN_POINT('',(8.55E-1,-1.05E0,-5.1E0));
#11692=DIRECTION('',(0.E0,0.E0,-1.E0));
#11693=DIRECTION('',(0.E0,1.E0,0.E0));
#11694=AXIS2_PLACEMENT_3D('',#11691,#11692,#11693);
#11695=PLANE('',#11694);
#11696=ORIENTED_EDGE('',*,*,#11641,.T.);
#11697=ORIENTED_EDGE('',*,*,#11686,.T.);
#11698=ORIENTED_EDGE('',*,*,#11592,.F.);
#11700=ORIENTED_EDGE('',*,*,#11699,.F.);
#11701=EDGE_LOOP('',(#11696,#11697,#11698,#11700));
#11702=FACE_OUTER_BOUND('',#11701,.F.);
#11704=CARTESIAN_POINT('',(8.55E-1,-1.05E0,-4.6E0));
#11705=DIRECTION('',(0.E0,-1.E0,0.E0));
#11706=DIRECTION('',(0.E0,0.E0,-1.E0));
#11707=AXIS2_PLACEMENT_3D('',#11704,#11705,#11706);
#11708=PLANE('',#11707);
#11709=ORIENTED_EDGE('',*,*,#11643,.T.);
#11710=ORIENTED_EDGE('',*,*,#11699,.T.);
#11711=ORIENTED_EDGE('',*,*,#11590,.F.);
#11712=ORIENTED_EDGE('',*,*,#11625,.F.);
#11713=EDGE_LOOP('',(#11709,#11710,#11711,#11712));
#11714=FACE_OUTER_BOUND('',#11713,.F.);
#11716=CARTESIAN_POINT('',(8.55E-1,-3.781801907155E-1,-1.716957743571E0));
#11717=DIRECTION('',(0.E0,9.067682527413E-1,4.216293820650E-1));
#11718=DIRECTION('',(0.E0,-4.216293820650E-1,9.067682527413E-1));
#11719=AXIS2_PLACEMENT_3D('',#11716,#11717,#11718);
#11720=PLANE('',#11719);
#11721=ORIENTED_EDGE('',*,*,#9609,.F.);
#11722=ORIENTED_EDGE('',*,*,#11612,.F.);
#11724=ORIENTED_EDGE('',*,*,#11723,.F.);
#11725=ORIENTED_EDGE('',*,*,#11655,.T.);
#11726=EDGE_LOOP('',(#11721,#11722,#11724,#11725));
#11727=FACE_OUTER_BOUND('',#11726,.F.);
#11729=CARTESIAN_POINT('',(8.55E-1,-5.55E-1,-1.799175473074E0));
#11730=DIRECTION('',(1.E0,0.E0,0.E0));
#11731=DIRECTION('',(0.E0,0.E0,-1.E0));
#11732=AXIS2_PLACEMENT_3D('',#11729,#11730,#11731);
#11733=CYLINDRICAL_SURFACE('',#11732,1.95E-1);
#11734=ORIENTED_EDGE('',*,*,#11657,.T.);
#11735=ORIENTED_EDGE('',*,*,#11723,.T.);
#11736=ORIENTED_EDGE('',*,*,#11610,.F.);
#11738=ORIENTED_EDGE('',*,*,#11737,.F.);
#11739=EDGE_LOOP('',(#11734,#11735,#11736,#11738));
#11740=FACE_OUTER_BOUND('',#11739,.F.);
#11742=CARTESIAN_POINT('',(8.55E-1,-4.413750317050E-1,-3.39E0));
#11743=DIRECTION('',(0.E0,9.986860302749E-1,-5.124658948458E-2));
#11744=DIRECTION('',(0.E0,5.124658948458E-2,9.986860302749E-1));
#11745=AXIS2_PLACEMENT_3D('',#11742,#11743,#11744);
#11746=PLANE('',#11745);
#11747=ORIENTED_EDGE('',*,*,#9290,.T.);
#11748=ORIENTED_EDGE('',*,*,#11659,.T.);
#11749=ORIENTED_EDGE('',*,*,#11737,.T.);
#11750=ORIENTED_EDGE('',*,*,#11608,.F.);
#11751=EDGE_LOOP('',(#11747,#11748,#11749,#11750));
#11752=FACE_OUTER_BOUND('',#11751,.F.);
#11754=CARTESIAN_POINT('',(1.155E0,0.E0,0.E0));
#11755=DIRECTION('',(1.E0,0.E0,0.E0));
#11756=DIRECTION('',(0.E0,0.E0,-1.E0));
#11757=AXIS2_PLACEMENT_3D('',#11754,#11755,#11756);
#11758=PLANE('',#11757);
#11759=ORIENTED_EDGE('',*,*,#7294,.F.);
#11761=ORIENTED_EDGE('',*,*,#11760,.T.);
#11763=ORIENTED_EDGE('',*,*,#11762,.T.);
#11765=ORIENTED_EDGE('',*,*,#11764,.T.);
#11767=ORIENTED_EDGE('',*,*,#11766,.T.);
#11769=ORIENTED_EDGE('',*,*,#11768,.T.);
#11770=EDGE_LOOP('',(#11759,#11761,#11763,#11765,#11767,#11769));
#11771=FACE_OUTER_BOUND('',#11770,.F.);
#11773=CARTESIAN_POINT('',(1.155E0,0.E0,0.E0));
#11774=DIRECTION('',(1.E0,0.E0,0.E0));
#11775=DIRECTION('',(0.E0,0.E0,-1.E0));
#11776=AXIS2_PLACEMENT_3D('',#11773,#11774,#11775);
#11777=PLANE('',#11776);
#11778=ORIENTED_EDGE('',*,*,#9614,.F.);
#11779=ORIENTED_EDGE('',*,*,#9284,.T.);
#11781=ORIENTED_EDGE('',*,*,#11780,.T.);
#11783=ORIENTED_EDGE('',*,*,#11782,.T.);
#11785=ORIENTED_EDGE('',*,*,#11784,.T.);
#11786=EDGE_LOOP('',(#11778,#11779,#11781,#11783,#11785));
#11787=FACE_OUTER_BOUND('',#11786,.F.);
#11789=CARTESIAN_POINT('',(1.355E0,-8.5E-1,-4.4E0));
#11790=DIRECTION('',(0.E0,-7.071067811865E-1,7.071067811865E-1));
#11791=DIRECTION('',(0.E0,-7.071067811865E-1,-7.071067811865E-1));
#11792=AXIS2_PLACEMENT_3D('',#11789,#11790,#11791);
#11793=PLANE('',#11792);
#11794=ORIENTED_EDGE('',*,*,#7292,.T.);
#11796=ORIENTED_EDGE('',*,*,#11795,.T.);
#11798=ORIENTED_EDGE('',*,*,#11797,.T.);
#11799=ORIENTED_EDGE('',*,*,#11760,.F.);
#11800=EDGE_LOOP('',(#11794,#11796,#11798,#11799));
#11801=FACE_OUTER_BOUND('',#11800,.F.);
#11803=CARTESIAN_POINT('',(1.355E0,0.E0,0.E0));
#11804=DIRECTION('',(1.E0,0.E0,0.E0));
#11805=DIRECTION('',(0.E0,0.E0,-1.E0));
#11806=AXIS2_PLACEMENT_3D('',#11803,#11804,#11805);
#11807=PLANE('',#11806);
#11808=ORIENTED_EDGE('',*,*,#7290,.T.);
#11810=ORIENTED_EDGE('',*,*,#11809,.F.);
#11812=ORIENTED_EDGE('',*,*,#11811,.F.);
#11814=ORIENTED_EDGE('',*,*,#11813,.F.);
#11816=ORIENTED_EDGE('',*,*,#11815,.F.);
#11817=ORIENTED_EDGE('',*,*,#11795,.F.);
#11818=EDGE_LOOP('',(#11808,#11810,#11812,#11814,#11816,#11817));
#11819=FACE_OUTER_BOUND('',#11818,.F.);
#11821=CARTESIAN_POINT('',(1.355E0,0.E0,0.E0));
#11822=DIRECTION('',(1.E0,0.E0,0.E0));
#11823=DIRECTION('',(0.E0,0.E0,-1.E0));
#11824=AXIS2_PLACEMENT_3D('',#11821,#11822,#11823);
#11825=PLANE('',#11824);
#11826=ORIENTED_EDGE('',*,*,#9618,.T.);
#11828=ORIENTED_EDGE('',*,*,#11827,.F.);
#11830=ORIENTED_EDGE('',*,*,#11829,.F.);
#11832=ORIENTED_EDGE('',*,*,#11831,.F.);
#11833=ORIENTED_EDGE('',*,*,#9280,.F.);
#11834=EDGE_LOOP('',(#11826,#11828,#11830,#11832,#11833));
#11835=FACE_OUTER_BOUND('',#11834,.F.);
#11837=CARTESIAN_POINT('',(1.355E0,-7.5E-1,-4.73E0));
#11838=DIRECTION('',(0.E0,7.071067811865E-1,-7.071067811865E-1));
#11839=DIRECTION('',(0.E0,7.071067811865E-1,7.071067811865E-1));
#11840=AXIS2_PLACEMENT_3D('',#11837,#11838,#11839);
#11841=PLANE('',#11840);
#11842=ORIENTED_EDGE('',*,*,#7296,.F.);
#11843=ORIENTED_EDGE('',*,*,#11768,.F.);
#11845=ORIENTED_EDGE('',*,*,#11844,.F.);
#11846=ORIENTED_EDGE('',*,*,#11809,.T.);
#11847=EDGE_LOOP('',(#11842,#11843,#11845,#11846));
#11848=FACE_OUTER_BOUND('',#11847,.F.);
#11850=CARTESIAN_POINT('',(1.355E0,-7.5E-1,-5.1E0));
#11851=DIRECTION('',(0.E0,1.E0,0.E0));
#11852=DIRECTION('',(0.E0,0.E0,1.E0));
#11853=AXIS2_PLACEMENT_3D('',#11850,#11851,#11852);
#11854=PLANE('',#11853);
#11855=ORIENTED_EDGE('',*,*,#11811,.T.);
#11856=ORIENTED_EDGE('',*,*,#11844,.T.);
#11857=ORIENTED_EDGE('',*,*,#11766,.F.);
#11859=ORIENTED_EDGE('',*,*,#11858,.F.);
#11860=EDGE_LOOP('',(#11855,#11856,#11857,#11859));
#11861=FACE_OUTER_BOUND('',#11860,.F.);
#11863=CARTESIAN_POINT('',(1.355E0,-1.05E0,-5.1E0));
#11864=DIRECTION('',(0.E0,0.E0,-1.E0));
#11865=DIRECTION('',(0.E0,1.E0,0.E0));
#11866=AXIS2_PLACEMENT_3D('',#11863,#11864,#11865);
#11867=PLANE('',#11866);
#11868=ORIENTED_EDGE('',*,*,#11813,.T.);
#11869=ORIENTED_EDGE('',*,*,#11858,.T.);
#11870=ORIENTED_EDGE('',*,*,#11764,.F.);
#11872=ORIENTED_EDGE('',*,*,#11871,.F.);
#11873=EDGE_LOOP('',(#11868,#11869,#11870,#11872));
#11874=FACE_OUTER_BOUND('',#11873,.F.);
#11876=CARTESIAN_POINT('',(1.355E0,-1.05E0,-4.6E0));
#11877=DIRECTION('',(0.E0,-1.E0,0.E0));
#11878=DIRECTION('',(0.E0,0.E0,-1.E0));
#11879=AXIS2_PLACEMENT_3D('',#11876,#11877,#11878);
#11880=PLANE('',#11879);
#11881=ORIENTED_EDGE('',*,*,#11815,.T.);
#11882=ORIENTED_EDGE('',*,*,#11871,.T.);
#11883=ORIENTED_EDGE('',*,*,#11762,.F.);
#11884=ORIENTED_EDGE('',*,*,#11797,.F.);
#11885=EDGE_LOOP('',(#11881,#11882,#11883,#11884));
#11886=FACE_OUTER_BOUND('',#11885,.F.);
#11888=CARTESIAN_POINT('',(1.355E0,-3.781801907155E-1,-1.716957743571E0));
#11889=DIRECTION('',(0.E0,9.067682527413E-1,4.216293820650E-1));
#11890=DIRECTION('',(0.E0,-4.216293820650E-1,9.067682527413E-1));
#11891=AXIS2_PLACEMENT_3D('',#11888,#11889,#11890);
#11892=PLANE('',#11891);
#11893=ORIENTED_EDGE('',*,*,#9616,.F.);
#11894=ORIENTED_EDGE('',*,*,#11784,.F.);
#11896=ORIENTED_EDGE('',*,*,#11895,.F.);
#11897=ORIENTED_EDGE('',*,*,#11827,.T.);
#11898=EDGE_LOOP('',(#11893,#11894,#11896,#11897));
#11899=FACE_OUTER_BOUND('',#11898,.F.);
#11901=CARTESIAN_POINT('',(1.355E0,-5.55E-1,-1.799175473074E0));
#11902=DIRECTION('',(1.E0,0.E0,0.E0));
#11903=DIRECTION('',(0.E0,0.E0,-1.E0));
#11904=AXIS2_PLACEMENT_3D('',#11901,#11902,#11903);
#11905=CYLINDRICAL_SURFACE('',#11904,1.95E-1);
#11906=ORIENTED_EDGE('',*,*,#11829,.T.);
#11907=ORIENTED_EDGE('',*,*,#11895,.T.);
#11908=ORIENTED_EDGE('',*,*,#11782,.F.);
#11910=ORIENTED_EDGE('',*,*,#11909,.F.);
#11911=EDGE_LOOP('',(#11906,#11907,#11908,#11910));
#11912=FACE_OUTER_BOUND('',#11911,.F.);
#11914=CARTESIAN_POINT('',(1.355E0,-4.413750317050E-1,-3.39E0));
#11915=DIRECTION('',(0.E0,9.986860302749E-1,-5.124658948458E-2));
#11916=DIRECTION('',(0.E0,5.124658948458E-2,9.986860302749E-1));
#11917=AXIS2_PLACEMENT_3D('',#11914,#11915,#11916);
#11918=PLANE('',#11917);
#11919=ORIENTED_EDGE('',*,*,#9282,.T.);
#11920=ORIENTED_EDGE('',*,*,#11831,.T.);
#11921=ORIENTED_EDGE('',*,*,#11909,.T.);
#11922=ORIENTED_EDGE('',*,*,#11780,.F.);
#11923=EDGE_LOOP('',(#11919,#11920,#11921,#11922));
#11924=FACE_OUTER_BOUND('',#11923,.F.);
#11926=CARTESIAN_POINT('',(1.655E0,0.E0,0.E0));
#11927=DIRECTION('',(1.E0,0.E0,0.E0));
#11928=DIRECTION('',(0.E0,0.E0,-1.E0));
#11929=AXIS2_PLACEMENT_3D('',#11926,#11927,#11928);
#11930=PLANE('',#11929);
#11931=ORIENTED_EDGE('',*,*,#7284,.F.);
#11933=ORIENTED_EDGE('',*,*,#11932,.T.);
#11935=ORIENTED_EDGE('',*,*,#11934,.T.);
#11937=ORIENTED_EDGE('',*,*,#11936,.T.);
#11939=ORIENTED_EDGE('',*,*,#11938,.T.);
#11941=ORIENTED_EDGE('',*,*,#11940,.T.);
#11942=EDGE_LOOP('',(#11931,#11933,#11935,#11937,#11939,#11941));
#11943=FACE_OUTER_BOUND('',#11942,.F.);
#11945=CARTESIAN_POINT('',(1.655E0,0.E0,0.E0));
#11946=DIRECTION('',(1.E0,0.E0,0.E0));
#11947=DIRECTION('',(0.E0,0.E0,-1.E0));
#11948=AXIS2_PLACEMENT_3D('',#11945,#11946,#11947);
#11949=PLANE('',#11948);
#11950=ORIENTED_EDGE('',*,*,#9621,.F.);
#11951=ORIENTED_EDGE('',*,*,#9276,.T.);
#11953=ORIENTED_EDGE('',*,*,#11952,.T.);
#11955=ORIENTED_EDGE('',*,*,#11954,.T.);
#11957=ORIENTED_EDGE('',*,*,#11956,.T.);
#11958=EDGE_LOOP('',(#11950,#11951,#11953,#11955,#11957));
#11959=FACE_OUTER_BOUND('',#11958,.F.);
#11961=CARTESIAN_POINT('',(1.855E0,-8.5E-1,-4.4E0));
#11962=DIRECTION('',(0.E0,-7.071067811865E-1,7.071067811865E-1));
#11963=DIRECTION('',(0.E0,-7.071067811865E-1,-7.071067811865E-1));
#11964=AXIS2_PLACEMENT_3D('',#11961,#11962,#11963);
#11965=PLANE('',#11964);
#11966=ORIENTED_EDGE('',*,*,#7282,.T.);
#11968=ORIENTED_EDGE('',*,*,#11967,.T.);
#11970=ORIENTED_EDGE('',*,*,#11969,.T.);
#11971=ORIENTED_EDGE('',*,*,#11932,.F.);
#11972=EDGE_LOOP('',(#11966,#11968,#11970,#11971));
#11973=FACE_OUTER_BOUND('',#11972,.F.);
#11975=CARTESIAN_POINT('',(1.855E0,0.E0,0.E0));
#11976=DIRECTION('',(1.E0,0.E0,0.E0));
#11977=DIRECTION('',(0.E0,0.E0,-1.E0));
#11978=AXIS2_PLACEMENT_3D('',#11975,#11976,#11977);
#11979=PLANE('',#11978);
#11980=ORIENTED_EDGE('',*,*,#7280,.T.);
#11982=ORIENTED_EDGE('',*,*,#11981,.F.);
#11984=ORIENTED_EDGE('',*,*,#11983,.F.);
#11986=ORIENTED_EDGE('',*,*,#11985,.F.);
#11988=ORIENTED_EDGE('',*,*,#11987,.F.);
#11989=ORIENTED_EDGE('',*,*,#11967,.F.);
#11990=EDGE_LOOP('',(#11980,#11982,#11984,#11986,#11988,#11989));
#11991=FACE_OUTER_BOUND('',#11990,.F.);
#11993=CARTESIAN_POINT('',(1.855E0,0.E0,0.E0));
#11994=DIRECTION('',(1.E0,0.E0,0.E0));
#11995=DIRECTION('',(0.E0,0.E0,-1.E0));
#11996=AXIS2_PLACEMENT_3D('',#11993,#11994,#11995);
#11997=PLANE('',#11996);
#11998=ORIENTED_EDGE('',*,*,#9625,.T.);
#12000=ORIENTED_EDGE('',*,*,#11999,.F.);
#12002=ORIENTED_EDGE('',*,*,#12001,.F.);
#12004=ORIENTED_EDGE('',*,*,#12003,.F.);
#12005=ORIENTED_EDGE('',*,*,#9272,.F.);
#12006=EDGE_LOOP('',(#11998,#12000,#12002,#12004,#12005));
#12007=FACE_OUTER_BOUND('',#12006,.F.);
#12009=CARTESIAN_POINT('',(1.855E0,-7.5E-1,-4.73E0));
#12010=DIRECTION('',(0.E0,7.071067811865E-1,-7.071067811865E-1));
#12011=DIRECTION('',(0.E0,7.071067811865E-1,7.071067811865E-1));
#12012=AXIS2_PLACEMENT_3D('',#12009,#12010,#12011);
#12013=PLANE('',#12012);
#12014=ORIENTED_EDGE('',*,*,#7286,.F.);
#12015=ORIENTED_EDGE('',*,*,#11940,.F.);
#12017=ORIENTED_EDGE('',*,*,#12016,.F.);
#12018=ORIENTED_EDGE('',*,*,#11981,.T.);
#12019=EDGE_LOOP('',(#12014,#12015,#12017,#12018));
#12020=FACE_OUTER_BOUND('',#12019,.F.);
#12022=CARTESIAN_POINT('',(1.855E0,-7.5E-1,-5.1E0));
#12023=DIRECTION('',(0.E0,1.E0,0.E0));
#12024=DIRECTION('',(0.E0,0.E0,1.E0));
#12025=AXIS2_PLACEMENT_3D('',#12022,#12023,#12024);
#12026=PLANE('',#12025);
#12027=ORIENTED_EDGE('',*,*,#11983,.T.);
#12028=ORIENTED_EDGE('',*,*,#12016,.T.);
#12029=ORIENTED_EDGE('',*,*,#11938,.F.);
#12031=ORIENTED_EDGE('',*,*,#12030,.F.);
#12032=EDGE_LOOP('',(#12027,#12028,#12029,#12031));
#12033=FACE_OUTER_BOUND('',#12032,.F.);
#12035=CARTESIAN_POINT('',(1.855E0,-1.05E0,-5.1E0));
#12036=DIRECTION('',(0.E0,0.E0,-1.E0));
#12037=DIRECTION('',(0.E0,1.E0,0.E0));
#12038=AXIS2_PLACEMENT_3D('',#12035,#12036,#12037);
#12039=PLANE('',#12038);
#12040=ORIENTED_EDGE('',*,*,#11985,.T.);
#12041=ORIENTED_EDGE('',*,*,#12030,.T.);
#12042=ORIENTED_EDGE('',*,*,#11936,.F.);
#12044=ORIENTED_EDGE('',*,*,#12043,.F.);
#12045=EDGE_LOOP('',(#12040,#12041,#12042,#12044));
#12046=FACE_OUTER_BOUND('',#12045,.F.);
#12048=CARTESIAN_POINT('',(1.855E0,-1.05E0,-4.6E0));
#12049=DIRECTION('',(0.E0,-1.E0,0.E0));
#12050=DIRECTION('',(0.E0,0.E0,-1.E0));
#12051=AXIS2_PLACEMENT_3D('',#12048,#12049,#12050);
#12052=PLANE('',#12051);
#12053=ORIENTED_EDGE('',*,*,#11987,.T.);
#12054=ORIENTED_EDGE('',*,*,#12043,.T.);
#12055=ORIENTED_EDGE('',*,*,#11934,.F.);
#12056=ORIENTED_EDGE('',*,*,#11969,.F.);
#12057=EDGE_LOOP('',(#12053,#12054,#12055,#12056));
#12058=FACE_OUTER_BOUND('',#12057,.F.);
#12060=CARTESIAN_POINT('',(1.855E0,-3.781801907155E-1,-1.716957743571E0));
#12061=DIRECTION('',(0.E0,9.067682527413E-1,4.216293820650E-1));
#12062=DIRECTION('',(0.E0,-4.216293820650E-1,9.067682527413E-1));
#12063=AXIS2_PLACEMENT_3D('',#12060,#12061,#12062);
#12064=PLANE('',#12063);
#12065=ORIENTED_EDGE('',*,*,#9623,.F.);
#12066=ORIENTED_EDGE('',*,*,#11956,.F.);
#12068=ORIENTED_EDGE('',*,*,#12067,.F.);
#12069=ORIENTED_EDGE('',*,*,#11999,.T.);
#12070=EDGE_LOOP('',(#12065,#12066,#12068,#12069));
#12071=FACE_OUTER_BOUND('',#12070,.F.);
#12073=CARTESIAN_POINT('',(1.855E0,-5.55E-1,-1.799175473074E0));
#12074=DIRECTION('',(1.E0,0.E0,0.E0));
#12075=DIRECTION('',(0.E0,0.E0,-1.E0));
#12076=AXIS2_PLACEMENT_3D('',#12073,#12074,#12075);
#12077=CYLINDRICAL_SURFACE('',#12076,1.95E-1);
#12078=ORIENTED_EDGE('',*,*,#12001,.T.);
#12079=ORIENTED_EDGE('',*,*,#12067,.T.);
#12080=ORIENTED_EDGE('',*,*,#11954,.F.);
#12082=ORIENTED_EDGE('',*,*,#12081,.F.);
#12083=EDGE_LOOP('',(#12078,#12079,#12080,#12082));
#12084=FACE_OUTER_BOUND('',#12083,.F.);
#12086=CARTESIAN_POINT('',(1.855E0,-4.413750317050E-1,-3.39E0));
#12087=DIRECTION('',(0.E0,9.986860302749E-1,-5.124658948458E-2));
#12088=DIRECTION('',(0.E0,5.124658948458E-2,9.986860302749E-1));
#12089=AXIS2_PLACEMENT_3D('',#12086,#12087,#12088);
#12090=PLANE('',#12089);
#12091=ORIENTED_EDGE('',*,*,#9274,.T.);
#12092=ORIENTED_EDGE('',*,*,#12003,.T.);
#12093=ORIENTED_EDGE('',*,*,#12081,.T.);
#12094=ORIENTED_EDGE('',*,*,#11952,.F.);
#12095=EDGE_LOOP('',(#12091,#12092,#12093,#12094));
#12096=FACE_OUTER_BOUND('',#12095,.F.);
#12098=CARTESIAN_POINT('',(2.155E0,0.E0,0.E0));
#12099=DIRECTION('',(1.E0,0.E0,0.E0));
#12100=DIRECTION('',(0.E0,0.E0,-1.E0));
#12101=AXIS2_PLACEMENT_3D('',#12098,#12099,#12100);
#12102=PLANE('',#12101);
#12103=ORIENTED_EDGE('',*,*,#7274,.F.);
#12105=ORIENTED_EDGE('',*,*,#12104,.T.);
#12107=ORIENTED_EDGE('',*,*,#12106,.T.);
#12109=ORIENTED_EDGE('',*,*,#12108,.T.);
#12111=ORIENTED_EDGE('',*,*,#12110,.T.);
#12113=ORIENTED_EDGE('',*,*,#12112,.T.);
#12114=EDGE_LOOP('',(#12103,#12105,#12107,#12109,#12111,#12113));
#12115=FACE_OUTER_BOUND('',#12114,.F.);
#12117=CARTESIAN_POINT('',(2.155E0,0.E0,0.E0));
#12118=DIRECTION('',(1.E0,0.E0,0.E0));
#12119=DIRECTION('',(0.E0,0.E0,-1.E0));
#12120=AXIS2_PLACEMENT_3D('',#12117,#12118,#12119);
#12121=PLANE('',#12120);
#12122=ORIENTED_EDGE('',*,*,#9628,.F.);
#12123=ORIENTED_EDGE('',*,*,#9268,.T.);
#12125=ORIENTED_EDGE('',*,*,#12124,.T.);
#12127=ORIENTED_EDGE('',*,*,#12126,.T.);
#12129=ORIENTED_EDGE('',*,*,#12128,.T.);
#12130=EDGE_LOOP('',(#12122,#12123,#12125,#12127,#12129));
#12131=FACE_OUTER_BOUND('',#12130,.F.);
#12133=CARTESIAN_POINT('',(2.355E0,-8.5E-1,-4.4E0));
#12134=DIRECTION('',(0.E0,-7.071067811865E-1,7.071067811865E-1));
#12135=DIRECTION('',(0.E0,-7.071067811865E-1,-7.071067811865E-1));
#12136=AXIS2_PLACEMENT_3D('',#12133,#12134,#12135);
#12137=PLANE('',#12136);
#12138=ORIENTED_EDGE('',*,*,#7272,.T.);
#12140=ORIENTED_EDGE('',*,*,#12139,.T.);
#12142=ORIENTED_EDGE('',*,*,#12141,.T.);
#12143=ORIENTED_EDGE('',*,*,#12104,.F.);
#12144=EDGE_LOOP('',(#12138,#12140,#12142,#12143));
#12145=FACE_OUTER_BOUND('',#12144,.F.);
#12147=CARTESIAN_POINT('',(2.355E0,0.E0,0.E0));
#12148=DIRECTION('',(1.E0,0.E0,0.E0));
#12149=DIRECTION('',(0.E0,0.E0,-1.E0));
#12150=AXIS2_PLACEMENT_3D('',#12147,#12148,#12149);
#12151=PLANE('',#12150);
#12152=ORIENTED_EDGE('',*,*,#7270,.T.);
#12154=ORIENTED_EDGE('',*,*,#12153,.F.);
#12156=ORIENTED_EDGE('',*,*,#12155,.F.);
#12158=ORIENTED_EDGE('',*,*,#12157,.F.);
#12160=ORIENTED_EDGE('',*,*,#12159,.F.);
#12161=ORIENTED_EDGE('',*,*,#12139,.F.);
#12162=EDGE_LOOP('',(#12152,#12154,#12156,#12158,#12160,#12161));
#12163=FACE_OUTER_BOUND('',#12162,.F.);
#12165=CARTESIAN_POINT('',(2.355E0,0.E0,0.E0));
#12166=DIRECTION('',(1.E0,0.E0,0.E0));
#12167=DIRECTION('',(0.E0,0.E0,-1.E0));
#12168=AXIS2_PLACEMENT_3D('',#12165,#12166,#12167);
#12169=PLANE('',#12168);
#12170=ORIENTED_EDGE('',*,*,#9632,.T.);
#12172=ORIENTED_EDGE('',*,*,#12171,.F.);
#12174=ORIENTED_EDGE('',*,*,#12173,.F.);
#12176=ORIENTED_EDGE('',*,*,#12175,.F.);
#12177=ORIENTED_EDGE('',*,*,#9264,.F.);
#12178=EDGE_LOOP('',(#12170,#12172,#12174,#12176,#12177));
#12179=FACE_OUTER_BOUND('',#12178,.F.);
#12181=CARTESIAN_POINT('',(2.355E0,-7.5E-1,-4.73E0));
#12182=DIRECTION('',(0.E0,7.071067811865E-1,-7.071067811865E-1));
#12183=DIRECTION('',(0.E0,7.071067811865E-1,7.071067811865E-1));
#12184=AXIS2_PLACEMENT_3D('',#12181,#12182,#12183);
#12185=PLANE('',#12184);
#12186=ORIENTED_EDGE('',*,*,#7276,.F.);
#12187=ORIENTED_EDGE('',*,*,#12112,.F.);
#12189=ORIENTED_EDGE('',*,*,#12188,.F.);
#12190=ORIENTED_EDGE('',*,*,#12153,.T.);
#12191=EDGE_LOOP('',(#12186,#12187,#12189,#12190));
#12192=FACE_OUTER_BOUND('',#12191,.F.);
#12194=CARTESIAN_POINT('',(2.355E0,-7.5E-1,-5.1E0));
#12195=DIRECTION('',(0.E0,1.E0,0.E0));
#12196=DIRECTION('',(0.E0,0.E0,1.E0));
#12197=AXIS2_PLACEMENT_3D('',#12194,#12195,#12196);
#12198=PLANE('',#12197);
#12199=ORIENTED_EDGE('',*,*,#12155,.T.);
#12200=ORIENTED_EDGE('',*,*,#12188,.T.);
#12201=ORIENTED_EDGE('',*,*,#12110,.F.);
#12203=ORIENTED_EDGE('',*,*,#12202,.F.);
#12204=EDGE_LOOP('',(#12199,#12200,#12201,#12203));
#12205=FACE_OUTER_BOUND('',#12204,.F.);
#12207=CARTESIAN_POINT('',(2.355E0,-1.05E0,-5.1E0));
#12208=DIRECTION('',(0.E0,0.E0,-1.E0));
#12209=DIRECTION('',(0.E0,1.E0,0.E0));
#12210=AXIS2_PLACEMENT_3D('',#12207,#12208,#12209);
#12211=PLANE('',#12210);
#12212=ORIENTED_EDGE('',*,*,#12157,.T.);
#12213=ORIENTED_EDGE('',*,*,#12202,.T.);
#12214=ORIENTED_EDGE('',*,*,#12108,.F.);
#12216=ORIENTED_EDGE('',*,*,#12215,.F.);
#12217=EDGE_LOOP('',(#12212,#12213,#12214,#12216));
#12218=FACE_OUTER_BOUND('',#12217,.F.);
#12220=CARTESIAN_POINT('',(2.355E0,-1.05E0,-4.6E0));
#12221=DIRECTION('',(0.E0,-1.E0,0.E0));
#12222=DIRECTION('',(0.E0,0.E0,-1.E0));
#12223=AXIS2_PLACEMENT_3D('',#12220,#12221,#12222);
#12224=PLANE('',#12223);
#12225=ORIENTED_EDGE('',*,*,#12159,.T.);
#12226=ORIENTED_EDGE('',*,*,#12215,.T.);
#12227=ORIENTED_EDGE('',*,*,#12106,.F.);
#12228=ORIENTED_EDGE('',*,*,#12141,.F.);
#12229=EDGE_LOOP('',(#12225,#12226,#12227,#12228));
#12230=FACE_OUTER_BOUND('',#12229,.F.);
#12232=CARTESIAN_POINT('',(2.355E0,-3.781801907155E-1,-1.716957743571E0));
#12233=DIRECTION('',(0.E0,9.067682527413E-1,4.216293820650E-1));
#12234=DIRECTION('',(0.E0,-4.216293820650E-1,9.067682527413E-1));
#12235=AXIS2_PLACEMENT_3D('',#12232,#12233,#12234);
#12236=PLANE('',#12235);
#12237=ORIENTED_EDGE('',*,*,#9630,.F.);
#12238=ORIENTED_EDGE('',*,*,#12128,.F.);
#12240=ORIENTED_EDGE('',*,*,#12239,.F.);
#12241=ORIENTED_EDGE('',*,*,#12171,.T.);
#12242=EDGE_LOOP('',(#12237,#12238,#12240,#12241));
#12243=FACE_OUTER_BOUND('',#12242,.F.);
#12245=CARTESIAN_POINT('',(2.355E0,-5.55E-1,-1.799175473074E0));
#12246=DIRECTION('',(1.E0,0.E0,0.E0));
#12247=DIRECTION('',(0.E0,0.E0,-1.E0));
#12248=AXIS2_PLACEMENT_3D('',#12245,#12246,#12247);
#12249=CYLINDRICAL_SURFACE('',#12248,1.95E-1);
#12250=ORIENTED_EDGE('',*,*,#12173,.T.);
#12251=ORIENTED_EDGE('',*,*,#12239,.T.);
#12252=ORIENTED_EDGE('',*,*,#12126,.F.);
#12254=ORIENTED_EDGE('',*,*,#12253,.F.);
#12255=EDGE_LOOP('',(#12250,#12251,#12252,#12254));
#12256=FACE_OUTER_BOUND('',#12255,.F.);
#12258=CARTESIAN_POINT('',(2.355E0,-4.413750317050E-1,-3.39E0));
#12259=DIRECTION('',(0.E0,9.986860302749E-1,-5.124658948458E-2));
#12260=DIRECTION('',(0.E0,5.124658948458E-2,9.986860302749E-1));
#12261=AXIS2_PLACEMENT_3D('',#12258,#12259,#12260);
#12262=PLANE('',#12261);
#12263=ORIENTED_EDGE('',*,*,#9266,.T.);
#12264=ORIENTED_EDGE('',*,*,#12175,.T.);
#12265=ORIENTED_EDGE('',*,*,#12253,.T.);
#12266=ORIENTED_EDGE('',*,*,#12124,.F.);
#12267=EDGE_LOOP('',(#12263,#12264,#12265,#12266));
#12268=FACE_OUTER_BOUND('',#12267,.F.);
#12270=CARTESIAN_POINT('',(2.655E0,0.E0,0.E0));
#12271=DIRECTION('',(1.E0,0.E0,0.E0));
#12272=DIRECTION('',(0.E0,0.E0,-1.E0));
#12273=AXIS2_PLACEMENT_3D('',#12270,#12271,#12272);
#12274=PLANE('',#12273);
#12275=ORIENTED_EDGE('',*,*,#7264,.F.);
#12277=ORIENTED_EDGE('',*,*,#12276,.T.);
#12279=ORIENTED_EDGE('',*,*,#12278,.T.);
#12281=ORIENTED_EDGE('',*,*,#12280,.T.);
#12283=ORIENTED_EDGE('',*,*,#12282,.T.);
#12285=ORIENTED_EDGE('',*,*,#12284,.T.);
#12286=EDGE_LOOP('',(#12275,#12277,#12279,#12281,#12283,#12285));
#12287=FACE_OUTER_BOUND('',#12286,.F.);
#12289=CARTESIAN_POINT('',(2.655E0,0.E0,0.E0));
#12290=DIRECTION('',(1.E0,0.E0,0.E0));
#12291=DIRECTION('',(0.E0,0.E0,-1.E0));
#12292=AXIS2_PLACEMENT_3D('',#12289,#12290,#12291);
#12293=PLANE('',#12292);
#12294=ORIENTED_EDGE('',*,*,#9635,.F.);
#12295=ORIENTED_EDGE('',*,*,#9260,.T.);
#12297=ORIENTED_EDGE('',*,*,#12296,.T.);
#12299=ORIENTED_EDGE('',*,*,#12298,.T.);
#12301=ORIENTED_EDGE('',*,*,#12300,.T.);
#12302=EDGE_LOOP('',(#12294,#12295,#12297,#12299,#12301));
#12303=FACE_OUTER_BOUND('',#12302,.F.);
#12305=CARTESIAN_POINT('',(2.855E0,-8.5E-1,-4.4E0));
#12306=DIRECTION('',(0.E0,-7.071067811865E-1,7.071067811865E-1));
#12307=DIRECTION('',(0.E0,-7.071067811865E-1,-7.071067811865E-1));
#12308=AXIS2_PLACEMENT_3D('',#12305,#12306,#12307);
#12309=PLANE('',#12308);
#12310=ORIENTED_EDGE('',*,*,#7262,.T.);
#12312=ORIENTED_EDGE('',*,*,#12311,.T.);
#12314=ORIENTED_EDGE('',*,*,#12313,.T.);
#12315=ORIENTED_EDGE('',*,*,#12276,.F.);
#12316=EDGE_LOOP('',(#12310,#12312,#12314,#12315));
#12317=FACE_OUTER_BOUND('',#12316,.F.);
#12319=CARTESIAN_POINT('',(2.855E0,0.E0,0.E0));
#12320=DIRECTION('',(1.E0,0.E0,0.E0));
#12321=DIRECTION('',(0.E0,0.E0,-1.E0));
#12322=AXIS2_PLACEMENT_3D('',#12319,#12320,#12321);
#12323=PLANE('',#12322);
#12324=ORIENTED_EDGE('',*,*,#7260,.T.);
#12326=ORIENTED_EDGE('',*,*,#12325,.F.);
#12328=ORIENTED_EDGE('',*,*,#12327,.F.);
#12330=ORIENTED_EDGE('',*,*,#12329,.F.);
#12332=ORIENTED_EDGE('',*,*,#12331,.F.);
#12333=ORIENTED_EDGE('',*,*,#12311,.F.);
#12334=EDGE_LOOP('',(#12324,#12326,#12328,#12330,#12332,#12333));
#12335=FACE_OUTER_BOUND('',#12334,.F.);
#12337=CARTESIAN_POINT('',(2.855E0,0.E0,0.E0));
#12338=DIRECTION('',(1.E0,0.E0,0.E0));
#12339=DIRECTION('',(0.E0,0.E0,-1.E0));
#12340=AXIS2_PLACEMENT_3D('',#12337,#12338,#12339);
#12341=PLANE('',#12340);
#12342=ORIENTED_EDGE('',*,*,#9639,.T.);
#12344=ORIENTED_EDGE('',*,*,#12343,.F.);
#12346=ORIENTED_EDGE('',*,*,#12345,.F.);
#12348=ORIENTED_EDGE('',*,*,#12347,.F.);
#12349=ORIENTED_EDGE('',*,*,#9256,.F.);
#12350=EDGE_LOOP('',(#12342,#12344,#12346,#12348,#12349));
#12351=FACE_OUTER_BOUND('',#12350,.F.);
#12353=CARTESIAN_POINT('',(2.855E0,-7.5E-1,-4.73E0));
#12354=DIRECTION('',(0.E0,7.071067811865E-1,-7.071067811865E-1));
#12355=DIRECTION('',(0.E0,7.071067811865E-1,7.071067811865E-1));
#12356=AXIS2_PLACEMENT_3D('',#12353,#12354,#12355);
#12357=PLANE('',#12356);
#12358=ORIENTED_EDGE('',*,*,#7266,.F.);
#12359=ORIENTED_EDGE('',*,*,#12284,.F.);
#12361=ORIENTED_EDGE('',*,*,#12360,.F.);
#12362=ORIENTED_EDGE('',*,*,#12325,.T.);
#12363=EDGE_LOOP('',(#12358,#12359,#12361,#12362));
#12364=FACE_OUTER_BOUND('',#12363,.F.);
#12366=CARTESIAN_POINT('',(2.855E0,-7.5E-1,-5.1E0));
#12367=DIRECTION('',(0.E0,1.E0,0.E0));
#12368=DIRECTION('',(0.E0,0.E0,1.E0));
#12369=AXIS2_PLACEMENT_3D('',#12366,#12367,#12368);
#12370=PLANE('',#12369);
#12371=ORIENTED_EDGE('',*,*,#12327,.T.);
#12372=ORIENTED_EDGE('',*,*,#12360,.T.);
#12373=ORIENTED_EDGE('',*,*,#12282,.F.);
#12375=ORIENTED_EDGE('',*,*,#12374,.F.);
#12376=EDGE_LOOP('',(#12371,#12372,#12373,#12375));
#12377=FACE_OUTER_BOUND('',#12376,.F.);
#12379=CARTESIAN_POINT('',(2.855E0,-1.05E0,-5.1E0));
#12380=DIRECTION('',(0.E0,0.E0,-1.E0));
#12381=DIRECTION('',(0.E0,1.E0,0.E0));
#12382=AXIS2_PLACEMENT_3D('',#12379,#12380,#12381);
#12383=PLANE('',#12382);
#12384=ORIENTED_EDGE('',*,*,#12329,.T.);
#12385=ORIENTED_EDGE('',*,*,#12374,.T.);
#12386=ORIENTED_EDGE('',*,*,#12280,.F.);
#12388=ORIENTED_EDGE('',*,*,#12387,.F.);
#12389=EDGE_LOOP('',(#12384,#12385,#12386,#12388));
#12390=FACE_OUTER_BOUND('',#12389,.F.);
#12392=CARTESIAN_POINT('',(2.855E0,-1.05E0,-4.6E0));
#12393=DIRECTION('',(0.E0,-1.E0,0.E0));
#12394=DIRECTION('',(0.E0,0.E0,-1.E0));
#12395=AXIS2_PLACEMENT_3D('',#12392,#12393,#12394);
#12396=PLANE('',#12395);
#12397=ORIENTED_EDGE('',*,*,#12331,.T.);
#12398=ORIENTED_EDGE('',*,*,#12387,.T.);
#12399=ORIENTED_EDGE('',*,*,#12278,.F.);
#12400=ORIENTED_EDGE('',*,*,#12313,.F.);
#12401=EDGE_LOOP('',(#12397,#12398,#12399,#12400));
#12402=FACE_OUTER_BOUND('',#12401,.F.);
#12404=CARTESIAN_POINT('',(2.855E0,-3.781801907155E-1,-1.716957743571E0));
#12405=DIRECTION('',(0.E0,9.067682527413E-1,4.216293820650E-1));
#12406=DIRECTION('',(0.E0,-4.216293820650E-1,9.067682527413E-1));
#12407=AXIS2_PLACEMENT_3D('',#12404,#12405,#12406);
#12408=PLANE('',#12407);
#12409=ORIENTED_EDGE('',*,*,#9637,.F.);
#12410=ORIENTED_EDGE('',*,*,#12300,.F.);
#12412=ORIENTED_EDGE('',*,*,#12411,.F.);
#12413=ORIENTED_EDGE('',*,*,#12343,.T.);
#12414=EDGE_LOOP('',(#12409,#12410,#12412,#12413));
#12415=FACE_OUTER_BOUND('',#12414,.F.);
#12417=CARTESIAN_POINT('',(2.855E0,-5.55E-1,-1.799175473074E0));
#12418=DIRECTION('',(1.E0,0.E0,0.E0));
#12419=DIRECTION('',(0.E0,0.E0,-1.E0));
#12420=AXIS2_PLACEMENT_3D('',#12417,#12418,#12419);
#12421=CYLINDRICAL_SURFACE('',#12420,1.95E-1);
#12422=ORIENTED_EDGE('',*,*,#12345,.T.);
#12423=ORIENTED_EDGE('',*,*,#12411,.T.);
#12424=ORIENTED_EDGE('',*,*,#12298,.F.);
#12426=ORIENTED_EDGE('',*,*,#12425,.F.);
#12427=EDGE_LOOP('',(#12422,#12423,#12424,#12426));
#12428=FACE_OUTER_BOUND('',#12427,.F.);
#12430=CARTESIAN_POINT('',(2.855E0,-4.413750317050E-1,-3.39E0));
#12431=DIRECTION('',(0.E0,9.986860302749E-1,-5.124658948458E-2));
#12432=DIRECTION('',(0.E0,5.124658948458E-2,9.986860302749E-1));
#12433=AXIS2_PLACEMENT_3D('',#12430,#12431,#12432);
#12434=PLANE('',#12433);
#12435=ORIENTED_EDGE('',*,*,#9258,.T.);
#12436=ORIENTED_EDGE('',*,*,#12347,.T.);
#12437=ORIENTED_EDGE('',*,*,#12425,.T.);
#12438=ORIENTED_EDGE('',*,*,#12296,.F.);
#12439=EDGE_LOOP('',(#12435,#12436,#12437,#12438));
#12440=FACE_OUTER_BOUND('',#12439,.F.);
#12442=CARTESIAN_POINT('',(3.155E0,0.E0,0.E0));
#12443=DIRECTION('',(1.E0,0.E0,0.E0));
#12444=DIRECTION('',(0.E0,0.E0,-1.E0));
#12445=AXIS2_PLACEMENT_3D('',#12442,#12443,#12444);
#12446=PLANE('',#12445);
#12448=ORIENTED_EDGE('',*,*,#12447,.T.);
#12450=ORIENTED_EDGE('',*,*,#12449,.T.);
#12452=ORIENTED_EDGE('',*,*,#12451,.T.);
#12453=ORIENTED_EDGE('',*,*,#9642,.F.);
#12454=ORIENTED_EDGE('',*,*,#9252,.T.);
#12455=EDGE_LOOP('',(#12448,#12450,#12452,#12453,#12454));
#12456=FACE_OUTER_BOUND('',#12455,.F.);
#12458=CARTESIAN_POINT('',(3.155E0,0.E0,0.E0));
#12459=DIRECTION('',(1.E0,0.E0,0.E0));
#12460=DIRECTION('',(0.E0,0.E0,-1.E0));
#12461=AXIS2_PLACEMENT_3D('',#12458,#12459,#12460);
#12462=PLANE('',#12461);
#12463=ORIENTED_EDGE('',*,*,#7254,.T.);
#12465=ORIENTED_EDGE('',*,*,#12464,.T.);
#12467=ORIENTED_EDGE('',*,*,#12466,.T.);
#12469=ORIENTED_EDGE('',*,*,#12468,.T.);
#12471=ORIENTED_EDGE('',*,*,#12470,.T.);
#12473=ORIENTED_EDGE('',*,*,#12472,.T.);
#12474=EDGE_LOOP('',(#12463,#12465,#12467,#12469,#12471,#12473));
#12475=FACE_OUTER_BOUND('',#12474,.F.);
#12477=CARTESIAN_POINT('',(3.355E0,-4.413750317050E-1,-3.39E0));
#12478=DIRECTION('',(0.E0,9.986860302749E-1,-5.124658948458E-2));
#12479=DIRECTION('',(0.E0,5.124658948458E-2,9.986860302749E-1));
#12480=AXIS2_PLACEMENT_3D('',#12477,#12478,#12479);
#12481=PLANE('',#12480);
#12483=ORIENTED_EDGE('',*,*,#12482,.T.);
#12485=ORIENTED_EDGE('',*,*,#12484,.T.);
#12486=ORIENTED_EDGE('',*,*,#12447,.F.);
#12487=ORIENTED_EDGE('',*,*,#9250,.T.);
#12488=EDGE_LOOP('',(#12483,#12485,#12486,#12487));
#12489=FACE_OUTER_BOUND('',#12488,.F.);
#12491=CARTESIAN_POINT('',(3.355E0,0.E0,0.E0));
#12492=DIRECTION('',(1.E0,0.E0,0.E0));
#12493=DIRECTION('',(0.E0,0.E0,-1.E0));
#12494=AXIS2_PLACEMENT_3D('',#12491,#12492,#12493);
#12495=PLANE('',#12494);
#12496=ORIENTED_EDGE('',*,*,#12482,.F.);
#12497=ORIENTED_EDGE('',*,*,#9248,.F.);
#12498=ORIENTED_EDGE('',*,*,#9646,.T.);
#12500=ORIENTED_EDGE('',*,*,#12499,.F.);
#12502=ORIENTED_EDGE('',*,*,#12501,.F.);
#12503=EDGE_LOOP('',(#12496,#12497,#12498,#12500,#12502));
#12504=FACE_OUTER_BOUND('',#12503,.F.);
#12506=CARTESIAN_POINT('',(3.355E0,0.E0,0.E0));
#12507=DIRECTION('',(1.E0,0.E0,0.E0));
#12508=DIRECTION('',(0.E0,0.E0,-1.E0));
#12509=AXIS2_PLACEMENT_3D('',#12506,#12507,#12508);
#12510=PLANE('',#12509);
#12511=ORIENTED_EDGE('',*,*,#7250,.F.);
#12513=ORIENTED_EDGE('',*,*,#12512,.F.);
#12515=ORIENTED_EDGE('',*,*,#12514,.F.);
#12517=ORIENTED_EDGE('',*,*,#12516,.F.);
#12519=ORIENTED_EDGE('',*,*,#12518,.F.);
#12521=ORIENTED_EDGE('',*,*,#12520,.F.);
#12522=EDGE_LOOP('',(#12511,#12513,#12515,#12517,#12519,#12521));
#12523=FACE_OUTER_BOUND('',#12522,.F.);
#12525=CARTESIAN_POINT('',(3.355E0,-3.781801907155E-1,-1.716957743571E0));
#12526=DIRECTION('',(0.E0,9.067682527413E-1,4.216293820650E-1));
#12527=DIRECTION('',(0.E0,-4.216293820650E-1,9.067682527413E-1));
#12528=AXIS2_PLACEMENT_3D('',#12525,#12526,#12527);
#12529=PLANE('',#12528);
#12530=ORIENTED_EDGE('',*,*,#12499,.T.);
#12531=ORIENTED_EDGE('',*,*,#9644,.F.);
#12532=ORIENTED_EDGE('',*,*,#12451,.F.);
#12534=ORIENTED_EDGE('',*,*,#12533,.F.);
#12535=EDGE_LOOP('',(#12530,#12531,#12532,#12534));
#12536=FACE_OUTER_BOUND('',#12535,.F.);
#12538=CARTESIAN_POINT('',(3.355E0,-5.55E-1,-1.799175473074E0));
#12539=DIRECTION('',(1.E0,0.E0,0.E0));
#12540=DIRECTION('',(0.E0,0.E0,-1.E0));
#12541=AXIS2_PLACEMENT_3D('',#12538,#12539,#12540);
#12542=CYLINDRICAL_SURFACE('',#12541,1.95E-1);
#12543=ORIENTED_EDGE('',*,*,#12501,.T.);
#12544=ORIENTED_EDGE('',*,*,#12533,.T.);
#12545=ORIENTED_EDGE('',*,*,#12449,.F.);
#12546=ORIENTED_EDGE('',*,*,#12484,.F.);
#12547=EDGE_LOOP('',(#12543,#12544,#12545,#12546));
#12548=FACE_OUTER_BOUND('',#12547,.F.);
#12550=CARTESIAN_POINT('',(3.355E0,-7.5E-1,-4.73E0));
#12551=DIRECTION('',(0.E0,7.071067811865E-1,-7.071067811865E-1));
#12552=DIRECTION('',(0.E0,7.071067811865E-1,7.071067811865E-1));
#12553=AXIS2_PLACEMENT_3D('',#12550,#12551,#12552);
#12554=PLANE('',#12553);
#12555=ORIENTED_EDGE('',*,*,#7256,.F.);
#12556=ORIENTED_EDGE('',*,*,#12472,.F.);
#12558=ORIENTED_EDGE('',*,*,#12557,.F.);
#12559=ORIENTED_EDGE('',*,*,#12512,.T.);
#12560=EDGE_LOOP('',(#12555,#12556,#12558,#12559));
#12561=FACE_OUTER_BOUND('',#12560,.F.);
#12563=CARTESIAN_POINT('',(3.355E0,-7.5E-1,-5.1E0));
#12564=DIRECTION('',(0.E0,1.E0,0.E0));
#12565=DIRECTION('',(0.E0,0.E0,1.E0));
#12566=AXIS2_PLACEMENT_3D('',#12563,#12564,#12565);
#12567=PLANE('',#12566);
#12568=ORIENTED_EDGE('',*,*,#12514,.T.);
#12569=ORIENTED_EDGE('',*,*,#12557,.T.);
#12570=ORIENTED_EDGE('',*,*,#12470,.F.);
#12572=ORIENTED_EDGE('',*,*,#12571,.F.);
#12573=EDGE_LOOP('',(#12568,#12569,#12570,#12572));
#12574=FACE_OUTER_BOUND('',#12573,.F.);
#12576=CARTESIAN_POINT('',(3.355E0,-1.05E0,-5.1E0));
#12577=DIRECTION('',(0.E0,0.E0,-1.E0));
#12578=DIRECTION('',(0.E0,1.E0,0.E0));
#12579=AXIS2_PLACEMENT_3D('',#12576,#12577,#12578);
#12580=PLANE('',#12579);
#12581=ORIENTED_EDGE('',*,*,#12516,.T.);
#12582=ORIENTED_EDGE('',*,*,#12571,.T.);
#12583=ORIENTED_EDGE('',*,*,#12468,.F.);
#12585=ORIENTED_EDGE('',*,*,#12584,.F.);
#12586=EDGE_LOOP('',(#12581,#12582,#12583,#12585));
#12587=FACE_OUTER_BOUND('',#12586,.F.);
#12589=CARTESIAN_POINT('',(3.355E0,-1.05E0,-4.6E0));
#12590=DIRECTION('',(0.E0,-1.E0,0.E0));
#12591=DIRECTION('',(0.E0,0.E0,-1.E0));
#12592=AXIS2_PLACEMENT_3D('',#12589,#12590,#12591);
#12593=PLANE('',#12592);
#12594=ORIENTED_EDGE('',*,*,#12518,.T.);
#12595=ORIENTED_EDGE('',*,*,#12584,.T.);
#12596=ORIENTED_EDGE('',*,*,#12466,.F.);
#12598=ORIENTED_EDGE('',*,*,#12597,.F.);
#12599=EDGE_LOOP('',(#12594,#12595,#12596,#12598));
#12600=FACE_OUTER_BOUND('',#12599,.F.);
#12602=CARTESIAN_POINT('',(3.355E0,-8.5E-1,-4.4E0));
#12603=DIRECTION('',(0.E0,-7.071067811865E-1,7.071067811865E-1));
#12604=DIRECTION('',(0.E0,-7.071067811865E-1,-7.071067811865E-1));
#12605=AXIS2_PLACEMENT_3D('',#12602,#12603,#12604);
#12606=PLANE('',#12605);
#12607=ORIENTED_EDGE('',*,*,#7252,.T.);
#12608=ORIENTED_EDGE('',*,*,#12520,.T.);
#12609=ORIENTED_EDGE('',*,*,#12597,.T.);
#12610=ORIENTED_EDGE('',*,*,#12464,.F.);
#12611=EDGE_LOOP('',(#12607,#12608,#12609,#12610));
#12612=FACE_OUTER_BOUND('',#12611,.F.);
#12614=CARTESIAN_POINT('',(3.655E0,0.E0,0.E0));
#12615=DIRECTION('',(1.E0,0.E0,0.E0));
#12616=DIRECTION('',(0.E0,0.E0,-1.E0));
#12617=AXIS2_PLACEMENT_3D('',#12614,#12615,#12616);
#12618=PLANE('',#12617);
#12620=ORIENTED_EDGE('',*,*,#12619,.T.);
#12622=ORIENTED_EDGE('',*,*,#12621,.T.);
#12624=ORIENTED_EDGE('',*,*,#12623,.T.);
#12625=ORIENTED_EDGE('',*,*,#9649,.F.);
#12626=ORIENTED_EDGE('',*,*,#9244,.T.);
#12627=EDGE_LOOP('',(#12620,#12622,#12624,#12625,#12626));
#12628=FACE_OUTER_BOUND('',#12627,.F.);
#12630=CARTESIAN_POINT('',(3.655E0,0.E0,0.E0));
#12631=DIRECTION('',(1.E0,0.E0,0.E0));
#12632=DIRECTION('',(0.E0,0.E0,-1.E0));
#12633=AXIS2_PLACEMENT_3D('',#12630,#12631,#12632);
#12634=PLANE('',#12633);
#12635=ORIENTED_EDGE('',*,*,#7244,.T.);
#12637=ORIENTED_EDGE('',*,*,#12636,.T.);
#12639=ORIENTED_EDGE('',*,*,#12638,.T.);
#12641=ORIENTED_EDGE('',*,*,#12640,.T.);
#12643=ORIENTED_EDGE('',*,*,#12642,.T.);
#12645=ORIENTED_EDGE('',*,*,#12644,.T.);
#12646=EDGE_LOOP('',(#12635,#12637,#12639,#12641,#12643,#12645));
#12647=FACE_OUTER_BOUND('',#12646,.F.);
#12649=CARTESIAN_POINT('',(3.855E0,-4.413750317050E-1,-3.39E0));
#12650=DIRECTION('',(0.E0,9.986860302749E-1,-5.124658948458E-2));
#12651=DIRECTION('',(0.E0,5.124658948458E-2,9.986860302749E-1));
#12652=AXIS2_PLACEMENT_3D('',#12649,#12650,#12651);
#12653=PLANE('',#12652);
#12655=ORIENTED_EDGE('',*,*,#12654,.T.);
#12657=ORIENTED_EDGE('',*,*,#12656,.T.);
#12658=ORIENTED_EDGE('',*,*,#12619,.F.);
#12659=ORIENTED_EDGE('',*,*,#9242,.T.);
#12660=EDGE_LOOP('',(#12655,#12657,#12658,#12659));
#12661=FACE_OUTER_BOUND('',#12660,.F.);
#12663=CARTESIAN_POINT('',(3.855E0,0.E0,0.E0));
#12664=DIRECTION('',(1.E0,0.E0,0.E0));
#12665=DIRECTION('',(0.E0,0.E0,-1.E0));
#12666=AXIS2_PLACEMENT_3D('',#12663,#12664,#12665);
#12667=PLANE('',#12666);
#12668=ORIENTED_EDGE('',*,*,#12654,.F.);
#12669=ORIENTED_EDGE('',*,*,#9240,.F.);
#12670=ORIENTED_EDGE('',*,*,#9653,.T.);
#12672=ORIENTED_EDGE('',*,*,#12671,.F.);
#12674=ORIENTED_EDGE('',*,*,#12673,.F.);
#12675=EDGE_LOOP('',(#12668,#12669,#12670,#12672,#12674));
#12676=FACE_OUTER_BOUND('',#12675,.F.);
#12678=CARTESIAN_POINT('',(3.855E0,0.E0,0.E0));
#12679=DIRECTION('',(1.E0,0.E0,0.E0));
#12680=DIRECTION('',(0.E0,0.E0,-1.E0));
#12681=AXIS2_PLACEMENT_3D('',#12678,#12679,#12680);
#12682=PLANE('',#12681);
#12683=ORIENTED_EDGE('',*,*,#7240,.F.);
#12685=ORIENTED_EDGE('',*,*,#12684,.F.);
#12687=ORIENTED_EDGE('',*,*,#12686,.F.);
#12689=ORIENTED_EDGE('',*,*,#12688,.F.);
#12691=ORIENTED_EDGE('',*,*,#12690,.F.);
#12693=ORIENTED_EDGE('',*,*,#12692,.F.);
#12694=EDGE_LOOP('',(#12683,#12685,#12687,#12689,#12691,#12693));
#12695=FACE_OUTER_BOUND('',#12694,.F.);
#12697=CARTESIAN_POINT('',(3.855E0,-3.781801907155E-1,-1.716957743571E0));
#12698=DIRECTION('',(0.E0,9.067682527413E-1,4.216293820650E-1));
#12699=DIRECTION('',(0.E0,-4.216293820650E-1,9.067682527413E-1));
#12700=AXIS2_PLACEMENT_3D('',#12697,#12698,#12699);
#12701=PLANE('',#12700);
#12702=ORIENTED_EDGE('',*,*,#12671,.T.);
#12703=ORIENTED_EDGE('',*,*,#9651,.F.);
#12704=ORIENTED_EDGE('',*,*,#12623,.F.);
#12706=ORIENTED_EDGE('',*,*,#12705,.F.);
#12707=EDGE_LOOP('',(#12702,#12703,#12704,#12706));
#12708=FACE_OUTER_BOUND('',#12707,.F.);
#12710=CARTESIAN_POINT('',(3.855E0,-5.55E-1,-1.799175473074E0));
#12711=DIRECTION('',(1.E0,0.E0,0.E0));
#12712=DIRECTION('',(0.E0,0.E0,-1.E0));
#12713=AXIS2_PLACEMENT_3D('',#12710,#12711,#12712);
#12714=CYLINDRICAL_SURFACE('',#12713,1.95E-1);
#12715=ORIENTED_EDGE('',*,*,#12673,.T.);
#12716=ORIENTED_EDGE('',*,*,#12705,.T.);
#12717=ORIENTED_EDGE('',*,*,#12621,.F.);
#12718=ORIENTED_EDGE('',*,*,#12656,.F.);
#12719=EDGE_LOOP('',(#12715,#12716,#12717,#12718));
#12720=FACE_OUTER_BOUND('',#12719,.F.);
#12722=CARTESIAN_POINT('',(3.855E0,-7.5E-1,-4.73E0));
#12723=DIRECTION('',(0.E0,7.071067811865E-1,-7.071067811865E-1));
#12724=DIRECTION('',(0.E0,7.071067811865E-1,7.071067811865E-1));
#12725=AXIS2_PLACEMENT_3D('',#12722,#12723,#12724);
#12726=PLANE('',#12725);
#12727=ORIENTED_EDGE('',*,*,#7246,.F.);
#12728=ORIENTED_EDGE('',*,*,#12644,.F.);
#12730=ORIENTED_EDGE('',*,*,#12729,.F.);
#12731=ORIENTED_EDGE('',*,*,#12684,.T.);
#12732=EDGE_LOOP('',(#12727,#12728,#12730,#12731));
#12733=FACE_OUTER_BOUND('',#12732,.F.);
#12735=CARTESIAN_POINT('',(3.855E0,-7.5E-1,-5.1E0));
#12736=DIRECTION('',(0.E0,1.E0,0.E0));
#12737=DIRECTION('',(0.E0,0.E0,1.E0));
#12738=AXIS2_PLACEMENT_3D('',#12735,#12736,#12737);
#12739=PLANE('',#12738);
#12740=ORIENTED_EDGE('',*,*,#12686,.T.);
#12741=ORIENTED_EDGE('',*,*,#12729,.T.);
#12742=ORIENTED_EDGE('',*,*,#12642,.F.);
#12744=ORIENTED_EDGE('',*,*,#12743,.F.);
#12745=EDGE_LOOP('',(#12740,#12741,#12742,#12744));
#12746=FACE_OUTER_BOUND('',#12745,.F.);
#12748=CARTESIAN_POINT('',(3.855E0,-1.05E0,-5.1E0));
#12749=DIRECTION('',(0.E0,0.E0,-1.E0));
#12750=DIRECTION('',(0.E0,1.E0,0.E0));
#12751=AXIS2_PLACEMENT_3D('',#12748,#12749,#12750);
#12752=PLANE('',#12751);
#12753=ORIENTED_EDGE('',*,*,#12688,.T.);
#12754=ORIENTED_EDGE('',*,*,#12743,.T.);
#12755=ORIENTED_EDGE('',*,*,#12640,.F.);
#12757=ORIENTED_EDGE('',*,*,#12756,.F.);
#12758=EDGE_LOOP('',(#12753,#12754,#12755,#12757));
#12759=FACE_OUTER_BOUND('',#12758,.F.);
#12761=CARTESIAN_POINT('',(3.855E0,-1.05E0,-4.6E0));
#12762=DIRECTION('',(0.E0,-1.E0,0.E0));
#12763=DIRECTION('',(0.E0,0.E0,-1.E0));
#12764=AXIS2_PLACEMENT_3D('',#12761,#12762,#12763);
#12765=PLANE('',#12764);
#12766=ORIENTED_EDGE('',*,*,#12690,.T.);
#12767=ORIENTED_EDGE('',*,*,#12756,.T.);
#12768=ORIENTED_EDGE('',*,*,#12638,.F.);
#12770=ORIENTED_EDGE('',*,*,#12769,.F.);
#12771=EDGE_LOOP('',(#12766,#12767,#12768,#12770));
#12772=FACE_OUTER_BOUND('',#12771,.F.);
#12774=CARTESIAN_POINT('',(3.855E0,-8.5E-1,-4.4E0));
#12775=DIRECTION('',(0.E0,-7.071067811865E-1,7.071067811865E-1));
#12776=DIRECTION('',(0.E0,-7.071067811865E-1,-7.071067811865E-1));
#12777=AXIS2_PLACEMENT_3D('',#12774,#12775,#12776);
#12778=PLANE('',#12777);
#12779=ORIENTED_EDGE('',*,*,#7242,.T.);
#12780=ORIENTED_EDGE('',*,*,#12692,.T.);
#12781=ORIENTED_EDGE('',*,*,#12769,.T.);
#12782=ORIENTED_EDGE('',*,*,#12636,.F.);
#12783=EDGE_LOOP('',(#12779,#12780,#12781,#12782));
#12784=FACE_OUTER_BOUND('',#12783,.F.);
#12786=CARTESIAN_POINT('',(4.155E0,0.E0,0.E0));
#12787=DIRECTION('',(1.E0,0.E0,0.E0));
#12788=DIRECTION('',(0.E0,0.E0,-1.E0));
#12789=AXIS2_PLACEMENT_3D('',#12786,#12787,#12788);
#12790=PLANE('',#12789);
#12792=ORIENTED_EDGE('',*,*,#12791,.T.);
#12794=ORIENTED_EDGE('',*,*,#12793,.T.);
#12796=ORIENTED_EDGE('',*,*,#12795,.T.);
#12797=ORIENTED_EDGE('',*,*,#9656,.F.);
#12798=ORIENTED_EDGE('',*,*,#9236,.T.);
#12799=EDGE_LOOP('',(#12792,#12794,#12796,#12797,#12798));
#12800=FACE_OUTER_BOUND('',#12799,.F.);
#12802=CARTESIAN_POINT('',(4.155E0,0.E0,0.E0));
#12803=DIRECTION('',(1.E0,0.E0,0.E0));
#12804=DIRECTION('',(0.E0,0.E0,-1.E0));
#12805=AXIS2_PLACEMENT_3D('',#12802,#12803,#12804);
#12806=PLANE('',#12805);
#12807=ORIENTED_EDGE('',*,*,#7234,.T.);
#12809=ORIENTED_EDGE('',*,*,#12808,.T.);
#12811=ORIENTED_EDGE('',*,*,#12810,.T.);
#12813=ORIENTED_EDGE('',*,*,#12812,.T.);
#12815=ORIENTED_EDGE('',*,*,#12814,.T.);
#12817=ORIENTED_EDGE('',*,*,#12816,.T.);
#12818=EDGE_LOOP('',(#12807,#12809,#12811,#12813,#12815,#12817));
#12819=FACE_OUTER_BOUND('',#12818,.F.);
#12821=CARTESIAN_POINT('',(4.355E0,-4.413750317050E-1,-3.39E0));
#12822=DIRECTION('',(0.E0,9.986860302749E-1,-5.124658948458E-2));
#12823=DIRECTION('',(0.E0,5.124658948458E-2,9.986860302749E-1));
#12824=AXIS2_PLACEMENT_3D('',#12821,#12822,#12823);
#12825=PLANE('',#12824);
#12827=ORIENTED_EDGE('',*,*,#12826,.T.);
#12829=ORIENTED_EDGE('',*,*,#12828,.T.);
#12830=ORIENTED_EDGE('',*,*,#12791,.F.);
#12831=ORIENTED_EDGE('',*,*,#9234,.T.);
#12832=EDGE_LOOP('',(#12827,#12829,#12830,#12831));
#12833=FACE_OUTER_BOUND('',#12832,.F.);
#12835=CARTESIAN_POINT('',(4.355E0,0.E0,0.E0));
#12836=DIRECTION('',(1.E0,0.E0,0.E0));
#12837=DIRECTION('',(0.E0,0.E0,-1.E0));
#12838=AXIS2_PLACEMENT_3D('',#12835,#12836,#12837);
#12839=PLANE('',#12838);
#12840=ORIENTED_EDGE('',*,*,#12826,.F.);
#12841=ORIENTED_EDGE('',*,*,#9232,.F.);
#12842=ORIENTED_EDGE('',*,*,#9660,.T.);
#12844=ORIENTED_EDGE('',*,*,#12843,.F.);
#12846=ORIENTED_EDGE('',*,*,#12845,.F.);
#12847=EDGE_LOOP('',(#12840,#12841,#12842,#12844,#12846));
#12848=FACE_OUTER_BOUND('',#12847,.F.);
#12850=CARTESIAN_POINT('',(4.355E0,0.E0,0.E0));
#12851=DIRECTION('',(1.E0,0.E0,0.E0));
#12852=DIRECTION('',(0.E0,0.E0,-1.E0));
#12853=AXIS2_PLACEMENT_3D('',#12850,#12851,#12852);
#12854=PLANE('',#12853);
#12855=ORIENTED_EDGE('',*,*,#7230,.F.);
#12857=ORIENTED_EDGE('',*,*,#12856,.F.);
#12859=ORIENTED_EDGE('',*,*,#12858,.F.);
#12861=ORIENTED_EDGE('',*,*,#12860,.F.);
#12863=ORIENTED_EDGE('',*,*,#12862,.F.);
#12865=ORIENTED_EDGE('',*,*,#12864,.F.);
#12866=EDGE_LOOP('',(#12855,#12857,#12859,#12861,#12863,#12865));
#12867=FACE_OUTER_BOUND('',#12866,.F.);
#12869=CARTESIAN_POINT('',(4.355E0,-3.781801907155E-1,-1.716957743571E0));
#12870=DIRECTION('',(0.E0,9.067682527413E-1,4.216293820650E-1));
#12871=DIRECTION('',(0.E0,-4.216293820650E-1,9.067682527413E-1));
#12872=AXIS2_PLACEMENT_3D('',#12869,#12870,#12871);
#12873=PLANE('',#12872);
#12874=ORIENTED_EDGE('',*,*,#12843,.T.);
#12875=ORIENTED_EDGE('',*,*,#9658,.F.);
#12876=ORIENTED_EDGE('',*,*,#12795,.F.);
#12878=ORIENTED_EDGE('',*,*,#12877,.F.);
#12879=EDGE_LOOP('',(#12874,#12875,#12876,#12878));
#12880=FACE_OUTER_BOUND('',#12879,.F.);
#12882=CARTESIAN_POINT('',(4.355E0,-5.55E-1,-1.799175473074E0));
#12883=DIRECTION('',(1.E0,0.E0,0.E0));
#12884=DIRECTION('',(0.E0,0.E0,-1.E0));
#12885=AXIS2_PLACEMENT_3D('',#12882,#12883,#12884);
#12886=CYLINDRICAL_SURFACE('',#12885,1.95E-1);
#12887=ORIENTED_EDGE('',*,*,#12845,.T.);
#12888=ORIENTED_EDGE('',*,*,#12877,.T.);
#12889=ORIENTED_EDGE('',*,*,#12793,.F.);
#12890=ORIENTED_EDGE('',*,*,#12828,.F.);
#12891=EDGE_LOOP('',(#12887,#12888,#12889,#12890));
#12892=FACE_OUTER_BOUND('',#12891,.F.);
#12894=CARTESIAN_POINT('',(4.355E0,-7.5E-1,-4.73E0));
#12895=DIRECTION('',(0.E0,7.071067811865E-1,-7.071067811865E-1));
#12896=DIRECTION('',(0.E0,7.071067811865E-1,7.071067811865E-1));
#12897=AXIS2_PLACEMENT_3D('',#12894,#12895,#12896);
#12898=PLANE('',#12897);
#12899=ORIENTED_EDGE('',*,*,#7236,.F.);
#12900=ORIENTED_EDGE('',*,*,#12816,.F.);
#12902=ORIENTED_EDGE('',*,*,#12901,.F.);
#12903=ORIENTED_EDGE('',*,*,#12856,.T.);
#12904=EDGE_LOOP('',(#12899,#12900,#12902,#12903));
#12905=FACE_OUTER_BOUND('',#12904,.F.);
#12907=CARTESIAN_POINT('',(4.355E0,-7.5E-1,-5.1E0));
#12908=DIRECTION('',(0.E0,1.E0,0.E0));
#12909=DIRECTION('',(0.E0,0.E0,1.E0));
#12910=AXIS2_PLACEMENT_3D('',#12907,#12908,#12909);
#12911=PLANE('',#12910);
#12912=ORIENTED_EDGE('',*,*,#12858,.T.);
#12913=ORIENTED_EDGE('',*,*,#12901,.T.);
#12914=ORIENTED_EDGE('',*,*,#12814,.F.);
#12916=ORIENTED_EDGE('',*,*,#12915,.F.);
#12917=EDGE_LOOP('',(#12912,#12913,#12914,#12916));
#12918=FACE_OUTER_BOUND('',#12917,.F.);
#12920=CARTESIAN_POINT('',(4.355E0,-1.05E0,-5.1E0));
#12921=DIRECTION('',(0.E0,0.E0,-1.E0));
#12922=DIRECTION('',(0.E0,1.E0,0.E0));
#12923=AXIS2_PLACEMENT_3D('',#12920,#12921,#12922);
#12924=PLANE('',#12923);
#12925=ORIENTED_EDGE('',*,*,#12860,.T.);
#12926=ORIENTED_EDGE('',*,*,#12915,.T.);
#12927=ORIENTED_EDGE('',*,*,#12812,.F.);
#12929=ORIENTED_EDGE('',*,*,#12928,.F.);
#12930=EDGE_LOOP('',(#12925,#12926,#12927,#12929));
#12931=FACE_OUTER_BOUND('',#12930,.F.);
#12933=CARTESIAN_POINT('',(4.355E0,-1.05E0,-4.6E0));
#12934=DIRECTION('',(0.E0,-1.E0,0.E0));
#12935=DIRECTION('',(0.E0,0.E0,-1.E0));
#12936=AXIS2_PLACEMENT_3D('',#12933,#12934,#12935);
#12937=PLANE('',#12936);
#12938=ORIENTED_EDGE('',*,*,#12862,.T.);
#12939=ORIENTED_EDGE('',*,*,#12928,.T.);
#12940=ORIENTED_EDGE('',*,*,#12810,.F.);
#12942=ORIENTED_EDGE('',*,*,#12941,.F.);
#12943=EDGE_LOOP('',(#12938,#12939,#12940,#12942));
#12944=FACE_OUTER_BOUND('',#12943,.F.);
#12946=CARTESIAN_POINT('',(4.355E0,-8.5E-1,-4.4E0));
#12947=DIRECTION('',(0.E0,-7.071067811865E-1,7.071067811865E-1));
#12948=DIRECTION('',(0.E0,-7.071067811865E-1,-7.071067811865E-1));
#12949=AXIS2_PLACEMENT_3D('',#12946,#12947,#12948);
#12950=PLANE('',#12949);
#12951=ORIENTED_EDGE('',*,*,#7232,.T.);
#12952=ORIENTED_EDGE('',*,*,#12864,.T.);
#12953=ORIENTED_EDGE('',*,*,#12941,.T.);
#12954=ORIENTED_EDGE('',*,*,#12808,.F.);
#12955=EDGE_LOOP('',(#12951,#12952,#12953,#12954));
#12956=FACE_OUTER_BOUND('',#12955,.F.);
#12958=CARTESIAN_POINT('',(4.655E0,0.E0,0.E0));
#12959=DIRECTION('',(1.E0,0.E0,0.E0));
#12960=DIRECTION('',(0.E0,0.E0,-1.E0));
#12961=AXIS2_PLACEMENT_3D('',#12958,#12959,#12960);
#12962=PLANE('',#12961);
#12964=ORIENTED_EDGE('',*,*,#12963,.T.);
#12966=ORIENTED_EDGE('',*,*,#12965,.T.);
#12968=ORIENTED_EDGE('',*,*,#12967,.T.);
#12969=ORIENTED_EDGE('',*,*,#9663,.F.);
#12970=ORIENTED_EDGE('',*,*,#9228,.T.);
#12971=EDGE_LOOP('',(#12964,#12966,#12968,#12969,#12970));
#12972=FACE_OUTER_BOUND('',#12971,.F.);
#12974=CARTESIAN_POINT('',(4.655E0,0.E0,0.E0));
#12975=DIRECTION('',(1.E0,0.E0,0.E0));
#12976=DIRECTION('',(0.E0,0.E0,-1.E0));
#12977=AXIS2_PLACEMENT_3D('',#12974,#12975,#12976);
#12978=PLANE('',#12977);
#12979=ORIENTED_EDGE('',*,*,#7224,.T.);
#12981=ORIENTED_EDGE('',*,*,#12980,.T.);
#12983=ORIENTED_EDGE('',*,*,#12982,.T.);
#12985=ORIENTED_EDGE('',*,*,#12984,.T.);
#12987=ORIENTED_EDGE('',*,*,#12986,.T.);
#12989=ORIENTED_EDGE('',*,*,#12988,.T.);
#12990=EDGE_LOOP('',(#12979,#12981,#12983,#12985,#12987,#12989));
#12991=FACE_OUTER_BOUND('',#12990,.F.);
#12993=CARTESIAN_POINT('',(4.855E0,-4.413750317050E-1,-3.39E0));
#12994=DIRECTION('',(0.E0,9.986860302749E-1,-5.124658948458E-2));
#12995=DIRECTION('',(0.E0,5.124658948458E-2,9.986860302749E-1));
#12996=AXIS2_PLACEMENT_3D('',#12993,#12994,#12995);
#12997=PLANE('',#12996);
#12999=ORIENTED_EDGE('',*,*,#12998,.T.);
#13001=ORIENTED_EDGE('',*,*,#13000,.T.);
#13002=ORIENTED_EDGE('',*,*,#12963,.F.);
#13003=ORIENTED_EDGE('',*,*,#9226,.T.);
#13004=EDGE_LOOP('',(#12999,#13001,#13002,#13003));
#13005=FACE_OUTER_BOUND('',#13004,.F.);
#13007=CARTESIAN_POINT('',(4.855E0,0.E0,0.E0));
#13008=DIRECTION('',(1.E0,0.E0,0.E0));
#13009=DIRECTION('',(0.E0,0.E0,-1.E0));
#13010=AXIS2_PLACEMENT_3D('',#13007,#13008,#13009);
#13011=PLANE('',#13010);
#13012=ORIENTED_EDGE('',*,*,#12998,.F.);
#13013=ORIENTED_EDGE('',*,*,#9224,.F.);
#13014=ORIENTED_EDGE('',*,*,#9667,.T.);
#13016=ORIENTED_EDGE('',*,*,#13015,.F.);
#13018=ORIENTED_EDGE('',*,*,#13017,.F.);
#13019=EDGE_LOOP('',(#13012,#13013,#13014,#13016,#13018));
#13020=FACE_OUTER_BOUND('',#13019,.F.);
#13022=CARTESIAN_POINT('',(4.855E0,0.E0,0.E0));
#13023=DIRECTION('',(1.E0,0.E0,0.E0));
#13024=DIRECTION('',(0.E0,0.E0,-1.E0));
#13025=AXIS2_PLACEMENT_3D('',#13022,#13023,#13024);
#13026=PLANE('',#13025);
#13027=ORIENTED_EDGE('',*,*,#7220,.F.);
#13029=ORIENTED_EDGE('',*,*,#13028,.F.);
#13031=ORIENTED_EDGE('',*,*,#13030,.F.);
#13033=ORIENTED_EDGE('',*,*,#13032,.F.);
#13035=ORIENTED_EDGE('',*,*,#13034,.F.);
#13037=ORIENTED_EDGE('',*,*,#13036,.F.);
#13038=EDGE_LOOP('',(#13027,#13029,#13031,#13033,#13035,#13037));
#13039=FACE_OUTER_BOUND('',#13038,.F.);
#13041=CARTESIAN_POINT('',(4.855E0,-3.781801907155E-1,-1.716957743571E0));
#13042=DIRECTION('',(0.E0,9.067682527413E-1,4.216293820650E-1));
#13043=DIRECTION('',(0.E0,-4.216293820650E-1,9.067682527413E-1));
#13044=AXIS2_PLACEMENT_3D('',#13041,#13042,#13043);
#13045=PLANE('',#13044);
#13046=ORIENTED_EDGE('',*,*,#13015,.T.);
#13047=ORIENTED_EDGE('',*,*,#9665,.F.);
#13048=ORIENTED_EDGE('',*,*,#12967,.F.);
#13050=ORIENTED_EDGE('',*,*,#13049,.F.);
#13051=EDGE_LOOP('',(#13046,#13047,#13048,#13050));
#13052=FACE_OUTER_BOUND('',#13051,.F.);
#13054=CARTESIAN_POINT('',(4.855E0,-5.55E-1,-1.799175473074E0));
#13055=DIRECTION('',(1.E0,0.E0,0.E0));
#13056=DIRECTION('',(0.E0,0.E0,-1.E0));
#13057=AXIS2_PLACEMENT_3D('',#13054,#13055,#13056);
#13058=CYLINDRICAL_SURFACE('',#13057,1.95E-1);
#13059=ORIENTED_EDGE('',*,*,#13017,.T.);
#13060=ORIENTED_EDGE('',*,*,#13049,.T.);
#13061=ORIENTED_EDGE('',*,*,#12965,.F.);
#13062=ORIENTED_EDGE('',*,*,#13000,.F.);
#13063=EDGE_LOOP('',(#13059,#13060,#13061,#13062));
#13064=FACE_OUTER_BOUND('',#13063,.F.);
#13066=CARTESIAN_POINT('',(4.855E0,-7.5E-1,-4.73E0));
#13067=DIRECTION('',(0.E0,7.071067811865E-1,-7.071067811865E-1));
#13068=DIRECTION('',(0.E0,7.071067811865E-1,7.071067811865E-1));
#13069=AXIS2_PLACEMENT_3D('',#13066,#13067,#13068);
#13070=PLANE('',#13069);
#13071=ORIENTED_EDGE('',*,*,#7226,.F.);
#13072=ORIENTED_EDGE('',*,*,#12988,.F.);
#13074=ORIENTED_EDGE('',*,*,#13073,.F.);
#13075=ORIENTED_EDGE('',*,*,#13028,.T.);
#13076=EDGE_LOOP('',(#13071,#13072,#13074,#13075));
#13077=FACE_OUTER_BOUND('',#13076,.F.);
#13079=CARTESIAN_POINT('',(4.855E0,-7.5E-1,-5.1E0));
#13080=DIRECTION('',(0.E0,1.E0,0.E0));
#13081=DIRECTION('',(0.E0,0.E0,1.E0));
#13082=AXIS2_PLACEMENT_3D('',#13079,#13080,#13081);
#13083=PLANE('',#13082);
#13084=ORIENTED_EDGE('',*,*,#13030,.T.);
#13085=ORIENTED_EDGE('',*,*,#13073,.T.);
#13086=ORIENTED_EDGE('',*,*,#12986,.F.);
#13088=ORIENTED_EDGE('',*,*,#13087,.F.);
#13089=EDGE_LOOP('',(#13084,#13085,#13086,#13088));
#13090=FACE_OUTER_BOUND('',#13089,.F.);
#13092=CARTESIAN_POINT('',(4.855E0,-1.05E0,-5.1E0));
#13093=DIRECTION('',(0.E0,0.E0,-1.E0));
#13094=DIRECTION('',(0.E0,1.E0,0.E0));
#13095=AXIS2_PLACEMENT_3D('',#13092,#13093,#13094);
#13096=PLANE('',#13095);
#13097=ORIENTED_EDGE('',*,*,#13032,.T.);
#13098=ORIENTED_EDGE('',*,*,#13087,.T.);
#13099=ORIENTED_EDGE('',*,*,#12984,.F.);
#13101=ORIENTED_EDGE('',*,*,#13100,.F.);
#13102=EDGE_LOOP('',(#13097,#13098,#13099,#13101));
#13103=FACE_OUTER_BOUND('',#13102,.F.);
#13105=CARTESIAN_POINT('',(4.855E0,-1.05E0,-4.6E0));
#13106=DIRECTION('',(0.E0,-1.E0,0.E0));
#13107=DIRECTION('',(0.E0,0.E0,-1.E0));
#13108=AXIS2_PLACEMENT_3D('',#13105,#13106,#13107);
#13109=PLANE('',#13108);
#13110=ORIENTED_EDGE('',*,*,#13034,.T.);
#13111=ORIENTED_EDGE('',*,*,#13100,.T.);
#13112=ORIENTED_EDGE('',*,*,#12982,.F.);
#13114=ORIENTED_EDGE('',*,*,#13113,.F.);
#13115=EDGE_LOOP('',(#13110,#13111,#13112,#13114));
#13116=FACE_OUTER_BOUND('',#13115,.F.);
#13118=CARTESIAN_POINT('',(4.855E0,-8.5E-1,-4.4E0));
#13119=DIRECTION('',(0.E0,-7.071067811865E-1,7.071067811865E-1));
#13120=DIRECTION('',(0.E0,-7.071067811865E-1,-7.071067811865E-1));
#13121=AXIS2_PLACEMENT_3D('',#13118,#13119,#13120);
#13122=PLANE('',#13121);
#13123=ORIENTED_EDGE('',*,*,#7222,.T.);
#13124=ORIENTED_EDGE('',*,*,#13036,.T.);
#13125=ORIENTED_EDGE('',*,*,#13113,.T.);
#13126=ORIENTED_EDGE('',*,*,#12980,.F.);
#13127=EDGE_LOOP('',(#13123,#13124,#13125,#13126));
#13128=FACE_OUTER_BOUND('',#13127,.F.);
#13130=CARTESIAN_POINT('',(5.155E0,0.E0,0.E0));
#13131=DIRECTION('',(1.E0,0.E0,0.E0));
#13132=DIRECTION('',(0.E0,0.E0,-1.E0));
#13133=AXIS2_PLACEMENT_3D('',#13130,#13131,#13132);
#13134=PLANE('',#13133);
#13136=ORIENTED_EDGE('',*,*,#13135,.T.);
#13138=ORIENTED_EDGE('',*,*,#13137,.T.);
#13140=ORIENTED_EDGE('',*,*,#13139,.T.);
#13141=ORIENTED_EDGE('',*,*,#9670,.F.);
#13142=ORIENTED_EDGE('',*,*,#9220,.T.);
#13143=EDGE_LOOP('',(#13136,#13138,#13140,#13141,#13142));
#13144=FACE_OUTER_BOUND('',#13143,.F.);
#13146=CARTESIAN_POINT('',(5.155E0,0.E0,0.E0));
#13147=DIRECTION('',(1.E0,0.E0,0.E0));
#13148=DIRECTION('',(0.E0,0.E0,-1.E0));
#13149=AXIS2_PLACEMENT_3D('',#13146,#13147,#13148);
#13150=PLANE('',#13149);
#13151=ORIENTED_EDGE('',*,*,#7214,.T.);
#13153=ORIENTED_EDGE('',*,*,#13152,.T.);
#13155=ORIENTED_EDGE('',*,*,#13154,.T.);
#13157=ORIENTED_EDGE('',*,*,#13156,.T.);
#13159=ORIENTED_EDGE('',*,*,#13158,.T.);
#13161=ORIENTED_EDGE('',*,*,#13160,.T.);
#13162=EDGE_LOOP('',(#13151,#13153,#13155,#13157,#13159,#13161));
#13163=FACE_OUTER_BOUND('',#13162,.F.);
#13165=CARTESIAN_POINT('',(5.355E0,-4.413750317050E-1,-3.39E0));
#13166=DIRECTION('',(0.E0,9.986860302749E-1,-5.124658948458E-2));
#13167=DIRECTION('',(0.E0,5.124658948458E-2,9.986860302749E-1));
#13168=AXIS2_PLACEMENT_3D('',#13165,#13166,#13167);
#13169=PLANE('',#13168);
#13171=ORIENTED_EDGE('',*,*,#13170,.T.);
#13173=ORIENTED_EDGE('',*,*,#13172,.T.);
#13174=ORIENTED_EDGE('',*,*,#13135,.F.);
#13175=ORIENTED_EDGE('',*,*,#9218,.T.);
#13176=EDGE_LOOP('',(#13171,#13173,#13174,#13175));
#13177=FACE_OUTER_BOUND('',#13176,.F.);
#13179=CARTESIAN_POINT('',(5.355E0,0.E0,0.E0));
#13180=DIRECTION('',(1.E0,0.E0,0.E0));
#13181=DIRECTION('',(0.E0,0.E0,-1.E0));
#13182=AXIS2_PLACEMENT_3D('',#13179,#13180,#13181);
#13183=PLANE('',#13182);
#13184=ORIENTED_EDGE('',*,*,#13170,.F.);
#13185=ORIENTED_EDGE('',*,*,#9216,.F.);
#13186=ORIENTED_EDGE('',*,*,#9674,.T.);
#13188=ORIENTED_EDGE('',*,*,#13187,.F.);
#13190=ORIENTED_EDGE('',*,*,#13189,.F.);
#13191=EDGE_LOOP('',(#13184,#13185,#13186,#13188,#13190));
#13192=FACE_OUTER_BOUND('',#13191,.F.);
#13194=CARTESIAN_POINT('',(5.355E0,0.E0,0.E0));
#13195=DIRECTION('',(1.E0,0.E0,0.E0));
#13196=DIRECTION('',(0.E0,0.E0,-1.E0));
#13197=AXIS2_PLACEMENT_3D('',#13194,#13195,#13196);
#13198=PLANE('',#13197);
#13199=ORIENTED_EDGE('',*,*,#7210,.F.);
#13201=ORIENTED_EDGE('',*,*,#13200,.F.);
#13203=ORIENTED_EDGE('',*,*,#13202,.F.);
#13205=ORIENTED_EDGE('',*,*,#13204,.F.);
#13207=ORIENTED_EDGE('',*,*,#13206,.F.);
#13209=ORIENTED_EDGE('',*,*,#13208,.F.);
#13210=EDGE_LOOP('',(#13199,#13201,#13203,#13205,#13207,#13209));
#13211=FACE_OUTER_BOUND('',#13210,.F.);
#13213=CARTESIAN_POINT('',(5.355E0,-3.781801907155E-1,-1.716957743571E0));
#13214=DIRECTION('',(0.E0,9.067682527413E-1,4.216293820650E-1));
#13215=DIRECTION('',(0.E0,-4.216293820650E-1,9.067682527413E-1));
#13216=AXIS2_PLACEMENT_3D('',#13213,#13214,#13215);
#13217=PLANE('',#13216);
#13218=ORIENTED_EDGE('',*,*,#13187,.T.);
#13219=ORIENTED_EDGE('',*,*,#9672,.F.);
#13220=ORIENTED_EDGE('',*,*,#13139,.F.);
#13222=ORIENTED_EDGE('',*,*,#13221,.F.);
#13223=EDGE_LOOP('',(#13218,#13219,#13220,#13222));
#13224=FACE_OUTER_BOUND('',#13223,.F.);
#13226=CARTESIAN_POINT('',(5.355E0,-5.55E-1,-1.799175473074E0));
#13227=DIRECTION('',(1.E0,0.E0,0.E0));
#13228=DIRECTION('',(0.E0,0.E0,-1.E0));
#13229=AXIS2_PLACEMENT_3D('',#13226,#13227,#13228);
#13230=CYLINDRICAL_SURFACE('',#13229,1.95E-1);
#13231=ORIENTED_EDGE('',*,*,#13189,.T.);
#13232=ORIENTED_EDGE('',*,*,#13221,.T.);
#13233=ORIENTED_EDGE('',*,*,#13137,.F.);
#13234=ORIENTED_EDGE('',*,*,#13172,.F.);
#13235=EDGE_LOOP('',(#13231,#13232,#13233,#13234));
#13236=FACE_OUTER_BOUND('',#13235,.F.);
#13238=CARTESIAN_POINT('',(5.355E0,-7.5E-1,-4.73E0));
#13239=DIRECTION('',(0.E0,7.071067811865E-1,-7.071067811865E-1));
#13240=DIRECTION('',(0.E0,7.071067811865E-1,7.071067811865E-1));
#13241=AXIS2_PLACEMENT_3D('',#13238,#13239,#13240);
#13242=PLANE('',#13241);
#13243=ORIENTED_EDGE('',*,*,#7216,.F.);
#13244=ORIENTED_EDGE('',*,*,#13160,.F.);
#13246=ORIENTED_EDGE('',*,*,#13245,.F.);
#13247=ORIENTED_EDGE('',*,*,#13200,.T.);
#13248=EDGE_LOOP('',(#13243,#13244,#13246,#13247));
#13249=FACE_OUTER_BOUND('',#13248,.F.);
#13251=CARTESIAN_POINT('',(5.355E0,-7.5E-1,-5.1E0));
#13252=DIRECTION('',(0.E0,1.E0,0.E0));
#13253=DIRECTION('',(0.E0,0.E0,1.E0));
#13254=AXIS2_PLACEMENT_3D('',#13251,#13252,#13253);
#13255=PLANE('',#13254);
#13256=ORIENTED_EDGE('',*,*,#13202,.T.);
#13257=ORIENTED_EDGE('',*,*,#13245,.T.);
#13258=ORIENTED_EDGE('',*,*,#13158,.F.);
#13260=ORIENTED_EDGE('',*,*,#13259,.F.);
#13261=EDGE_LOOP('',(#13256,#13257,#13258,#13260));
#13262=FACE_OUTER_BOUND('',#13261,.F.);
#13264=CARTESIAN_POINT('',(5.355E0,-1.05E0,-5.1E0));
#13265=DIRECTION('',(0.E0,0.E0,-1.E0));
#13266=DIRECTION('',(0.E0,1.E0,0.E0));
#13267=AXIS2_PLACEMENT_3D('',#13264,#13265,#13266);
#13268=PLANE('',#13267);
#13269=ORIENTED_EDGE('',*,*,#13204,.T.);
#13270=ORIENTED_EDGE('',*,*,#13259,.T.);
#13271=ORIENTED_EDGE('',*,*,#13156,.F.);
#13273=ORIENTED_EDGE('',*,*,#13272,.F.);
#13274=EDGE_LOOP('',(#13269,#13270,#13271,#13273));
#13275=FACE_OUTER_BOUND('',#13274,.F.);
#13277=CARTESIAN_POINT('',(5.355E0,-1.05E0,-4.6E0));
#13278=DIRECTION('',(0.E0,-1.E0,0.E0));
#13279=DIRECTION('',(0.E0,0.E0,-1.E0));
#13280=AXIS2_PLACEMENT_3D('',#13277,#13278,#13279);
#13281=PLANE('',#13280);
#13282=ORIENTED_EDGE('',*,*,#13206,.T.);
#13283=ORIENTED_EDGE('',*,*,#13272,.T.);
#13284=ORIENTED_EDGE('',*,*,#13154,.F.);
#13286=ORIENTED_EDGE('',*,*,#13285,.F.);
#13287=EDGE_LOOP('',(#13282,#13283,#13284,#13286));
#13288=FACE_OUTER_BOUND('',#13287,.F.);
#13290=CARTESIAN_POINT('',(5.355E0,-8.5E-1,-4.4E0));
#13291=DIRECTION('',(0.E0,-7.071067811865E-1,7.071067811865E-1));
#13292=DIRECTION('',(0.E0,-7.071067811865E-1,-7.071067811865E-1));
#13293=AXIS2_PLACEMENT_3D('',#13290,#13291,#13292);
#13294=PLANE('',#13293);
#13295=ORIENTED_EDGE('',*,*,#7212,.T.);
#13296=ORIENTED_EDGE('',*,*,#13208,.T.);
#13297=ORIENTED_EDGE('',*,*,#13285,.T.);
#13298=ORIENTED_EDGE('',*,*,#13152,.F.);
#13299=EDGE_LOOP('',(#13295,#13296,#13297,#13298));
#13300=FACE_OUTER_BOUND('',#13299,.F.);
#13302=CARTESIAN_POINT('',(0.E0,-5.749956651527E-1,-7.4E-1));
#13303=DIRECTION('',(0.E0,9.863948483292E-1,1.643934402268E-1));
#13304=DIRECTION('',(-1.E0,0.E0,0.E0));
#13305=AXIS2_PLACEMENT_3D('',#13302,#13303,#13304);
#13306=PLANE('',#13305);
#13307=ORIENTED_EDGE('',*,*,#8888,.T.);
#13308=ORIENTED_EDGE('',*,*,#8256,.T.);
#13310=ORIENTED_EDGE('',*,*,#13309,.F.);
#13311=ORIENTED_EDGE('',*,*,#7532,.T.);
#13312=ORIENTED_EDGE('',*,*,#9190,.T.);
#13313=ORIENTED_EDGE('',*,*,#9679,.T.);
#13314=EDGE_LOOP('',(#13307,#13308,#13310,#13311,#13312,#13313));
#13315=FACE_OUTER_BOUND('',#13314,.F.);
#13317=CARTESIAN_POINT('',(0.E0,0.E0,1.E-2));
#13318=DIRECTION('',(0.E0,0.E0,-1.E0));
#13319=DIRECTION('',(-1.E0,0.E0,0.E0));
#13320=AXIS2_PLACEMENT_3D('',#13317,#13318,#13319);
#13321=PLANE('',#13320);
#13322=ORIENTED_EDGE('',*,*,#13309,.T.);
#13323=ORIENTED_EDGE('',*,*,#8254,.F.);
#13325=ORIENTED_EDGE('',*,*,#13324,.F.);
#13326=ORIENTED_EDGE('',*,*,#7534,.F.);
#13327=EDGE_LOOP('',(#13322,#13323,#13325,#13326));
#13328=FACE_OUTER_BOUND('',#13327,.F.);
#13330=CARTESIAN_POINT('',(5.65E0,-1.E0,-4.4E0));
#13331=DIRECTION('',(0.E0,-1.E0,0.E0));
#13332=DIRECTION('',(-1.E0,0.E0,0.E0));
#13333=AXIS2_PLACEMENT_3D('',#13330,#13331,#13332);
#13334=PLANE('',#13333);
#13335=ORIENTED_EDGE('',*,*,#7513,.F.);
#13336=ORIENTED_EDGE('',*,*,#7536,.F.);
#13337=ORIENTED_EDGE('',*,*,#13324,.T.);
#13338=ORIENTED_EDGE('',*,*,#8252,.T.);
#13340=ORIENTED_EDGE('',*,*,#13339,.F.);
#13341=ORIENTED_EDGE('',*,*,#7201,.F.);
#13342=EDGE_LOOP('',(#13335,#13336,#13337,#13338,#13340,#13341));
#13343=FACE_OUTER_BOUND('',#13342,.F.);
#13345=CARTESIAN_POINT('',(5.725E0,-8.5E-2,-4.325E0));
#13346=DIRECTION('',(7.071067811865E-1,0.E0,-7.071067811865E-1));
#13347=DIRECTION('',(0.E0,-1.E0,0.E0));
#13348=AXIS2_PLACEMENT_3D('',#13345,#13346,#13347);
#13349=PLANE('',#13348);
#13350=ORIENTED_EDGE('',*,*,#13339,.T.);
#13351=ORIENTED_EDGE('',*,*,#8250,.F.);
#13352=ORIENTED_EDGE('',*,*,#7102,.T.);
#13353=ORIENTED_EDGE('',*,*,#7203,.T.);
#13354=EDGE_LOOP('',(#13350,#13351,#13352,#13353));
#13355=FACE_OUTER_BOUND('',#13354,.F.);
#13357=CARTESIAN_POINT('',(-5.145E0,-3.781801907155E-1,-1.716957743571E0));
#13358=DIRECTION('',(0.E0,9.067682527413E-1,4.216293820650E-1));
#13359=DIRECTION('',(0.E0,-4.216293820650E-1,9.067682527413E-1));
#13360=AXIS2_PLACEMENT_3D('',#13357,#13358,#13359);
#13361=PLANE('',#13360);
#13362=ORIENTED_EDGE('',*,*,#9685,.F.);
#13363=ORIENTED_EDGE('',*,*,#9467,.F.);
#13365=ORIENTED_EDGE('',*,*,#13364,.F.);
#13366=ORIENTED_EDGE('',*,*,#9413,.T.);
#13367=EDGE_LOOP('',(#13362,#13363,#13365,#13366));
#13368=FACE_OUTER_BOUND('',#13367,.F.);
#13370=CARTESIAN_POINT('',(-5.145E0,-5.55E-1,-1.799175473074E0));
#13371=DIRECTION('',(1.E0,0.E0,0.E0));
#13372=DIRECTION('',(0.E0,0.E0,-1.E0));
#13373=AXIS2_PLACEMENT_3D('',#13370,#13371,#13372);
#13374=CYLINDRICAL_SURFACE('',#13373,1.95E-1);
#13375=ORIENTED_EDGE('',*,*,#9415,.T.);
#13376=ORIENTED_EDGE('',*,*,#13364,.T.);
#13377=ORIENTED_EDGE('',*,*,#9465,.F.);
#13379=ORIENTED_EDGE('',*,*,#13378,.F.);
#13380=EDGE_LOOP('',(#13375,#13376,#13377,#13379));
#13381=FACE_OUTER_BOUND('',#13380,.F.);
#13383=CARTESIAN_POINT('',(-5.145E0,-4.413750317050E-1,-3.39E0));
#13384=DIRECTION('',(0.E0,9.986860302749E-1,-5.124658948458E-2));
#13385=DIRECTION('',(0.E0,5.124658948458E-2,9.986860302749E-1));
#13386=AXIS2_PLACEMENT_3D('',#13383,#13384,#13385);
#13387=PLANE('',#13386);
#13388=ORIENTED_EDGE('',*,*,#9203,.T.);
#13389=ORIENTED_EDGE('',*,*,#9417,.T.);
#13390=ORIENTED_EDGE('',*,*,#13378,.T.);
#13391=ORIENTED_EDGE('',*,*,#9463,.F.);
#13392=EDGE_LOOP('',(#13388,#13389,#13390,#13391));
#13393=FACE_OUTER_BOUND('',#13392,.F.);
#13395=CARTESIAN_POINT('',(6.166E0,-6.79E-1,-4.4E0));
#13396=DIRECTION('',(0.E0,0.E0,1.E0));
#13397=DIRECTION('',(-1.E0,0.E0,0.E0));
#13398=AXIS2_PLACEMENT_3D('',#13395,#13396,#13397);
#13399=CYLINDRICAL_SURFACE('',#13398,1.51E-1);
#13400=ORIENTED_EDGE('',*,*,#7453,.T.);
#13401=ORIENTED_EDGE('',*,*,#7699,.F.);
#13402=ORIENTED_EDGE('',*,*,#7825,.F.);
#13403=ORIENTED_EDGE('',*,*,#8107,.T.);
#13404=EDGE_LOOP('',(#13400,#13401,#13402,#13403));
#13405=FACE_OUTER_BOUND('',#13404,.F.);
#13407=CARTESIAN_POINT('',(-7.465E0,-1.04809648E0,-4.3E0));
#13408=DIRECTION('',(0.E0,1.E0,0.E0));
#13409=DIRECTION('',(0.E0,0.E0,-1.E0));
#13410=AXIS2_PLACEMENT_3D('',#13407,#13408,#13409);
#13411=CYLINDRICAL_SURFACE('',#13410,1.E-1);
#13412=ORIENTED_EDGE('',*,*,#7884,.T.);
#13413=ORIENTED_EDGE('',*,*,#7473,.T.);
#13414=ORIENTED_EDGE('',*,*,#7735,.T.);
#13416=ORIENTED_EDGE('',*,*,#13415,.F.);
#13417=EDGE_LOOP('',(#13412,#13413,#13414,#13416));
#13418=FACE_OUTER_BOUND('',#13417,.F.);
#13420=CARTESIAN_POINT('',(-7.565E0,-8.3E-1,-4.4E0));
#13421=DIRECTION('',(-1.E0,0.E0,0.E0));
#13422=DIRECTION('',(0.E0,-1.E0,0.E0));
#13423=AXIS2_PLACEMENT_3D('',#13420,#13421,#13422);
#13424=PLANE('',#13423);
#13425=ORIENTED_EDGE('',*,*,#13415,.T.);
#13426=ORIENTED_EDGE('',*,*,#7749,.T.);
#13428=ORIENTED_EDGE('',*,*,#13427,.F.);
#13429=ORIENTED_EDGE('',*,*,#7886,.F.);
#13430=EDGE_LOOP('',(#13425,#13426,#13428,#13429));
#13431=FACE_OUTER_BOUND('',#13430,.F.);
#13433=CARTESIAN_POINT('',(-7.565E0,-8.3E-1,-4.4E0));
#13434=DIRECTION('',(-1.E0,0.E0,0.E0));
#13435=DIRECTION('',(0.E0,-1.E0,0.E0));
#13436=AXIS2_PLACEMENT_3D('',#13433,#13434,#13435);
#13437=PLANE('',#13436);
#13438=ORIENTED_EDGE('',*,*,#7669,.T.);
#13439=ORIENTED_EDGE('',*,*,#7894,.F.);
#13441=ORIENTED_EDGE('',*,*,#13440,.T.);
#13442=ORIENTED_EDGE('',*,*,#7741,.T.);
#13443=EDGE_LOOP('',(#13438,#13439,#13441,#13442));
#13444=FACE_OUTER_BOUND('',#13443,.F.);
#13446=CARTESIAN_POINT('',(-7.415E0,-1.03E0,-2.55E0));
#13447=DIRECTION('',(7.071067811865E-1,0.E0,-7.071067811865E-1));
#13448=DIRECTION('',(-7.071067811865E-1,0.E0,-7.071067811865E-1));
#13449=AXIS2_PLACEMENT_3D('',#13446,#13447,#13448);
#13450=PLANE('',#13449);
#13452=ORIENTED_EDGE('',*,*,#13451,.T.);
#13453=ORIENTED_EDGE('',*,*,#7888,.F.);
#13454=ORIENTED_EDGE('',*,*,#13427,.T.);
#13455=ORIENTED_EDGE('',*,*,#7747,.T.);
#13456=EDGE_LOOP('',(#13452,#13453,#13454,#13455));
#13457=FACE_OUTER_BOUND('',#13456,.F.);
#13459=CARTESIAN_POINT('',(-7.415E0,-1.03E0,-2.15E0));
#13460=DIRECTION('',(1.E0,0.E0,0.E0));
#13461=DIRECTION('',(0.E0,0.E0,-1.E0));
#13462=AXIS2_PLACEMENT_3D('',#13459,#13460,#13461);
#13463=PLANE('',#13462);
#13465=ORIENTED_EDGE('',*,*,#13464,.T.);
#13466=ORIENTED_EDGE('',*,*,#7890,.F.);
#13467=ORIENTED_EDGE('',*,*,#13451,.F.);
#13468=ORIENTED_EDGE('',*,*,#7745,.T.);
#13469=EDGE_LOOP('',(#13465,#13466,#13467,#13468));
#13470=FACE_OUTER_BOUND('',#13469,.F.);
#13472=CARTESIAN_POINT('',(-7.565E0,-1.03E0,-2.E0));
#13473=DIRECTION('',(7.071067811865E-1,0.E0,7.071067811865E-1));
#13474=DIRECTION('',(7.071067811865E-1,0.E0,-7.071067811865E-1));
#13475=AXIS2_PLACEMENT_3D('',#13472,#13473,#13474);
#13476=PLANE('',#13475);
#13477=ORIENTED_EDGE('',*,*,#13464,.F.);
#13478=ORIENTED_EDGE('',*,*,#7743,.T.);
#13479=ORIENTED_EDGE('',*,*,#13440,.F.);
#13480=ORIENTED_EDGE('',*,*,#7892,.F.);
#13481=EDGE_LOOP('',(#13477,#13478,#13479,#13480));
#13482=FACE_OUTER_BOUND('',#13481,.F.);
#13484=CARTESIAN_POINT('',(7.915E0,7.E-1,1.87776E-2));
#13485=DIRECTION('',(0.E0,0.E0,-1.E0));
#13486=DIRECTION('',(0.E0,1.E0,0.E0));
#13487=AXIS2_PLACEMENT_3D('',#13484,#13485,#13486);
#13488=CYLINDRICAL_SURFACE('',#13487,3.E-1);
#13489=ORIENTED_EDGE('',*,*,#6718,.F.);
#13491=ORIENTED_EDGE('',*,*,#13490,.F.);
#13493=ORIENTED_EDGE('',*,*,#13492,.F.);
#13494=ORIENTED_EDGE('',*,*,#7171,.T.);
#13495=EDGE_LOOP('',(#13489,#13491,#13493,#13494));
#13496=FACE_OUTER_BOUND('',#13495,.F.);
#13498=CARTESIAN_POINT('',(8.215E0,-1.E0,0.E0));
#13499=DIRECTION('',(1.E0,0.E0,0.E0));
#13500=DIRECTION('',(0.E0,1.E0,0.E0));
#13501=AXIS2_PLACEMENT_3D('',#13498,#13499,#13500);
#13502=PLANE('',#13501);
#13504=ORIENTED_EDGE('',*,*,#13503,.T.);
#13505=ORIENTED_EDGE('',*,*,#13490,.T.);
#13506=ORIENTED_EDGE('',*,*,#6731,.T.);
#13507=ORIENTED_EDGE('',*,*,#6759,.F.);
#13508=EDGE_LOOP('',(#13504,#13505,#13506,#13507));
#13509=FACE_OUTER_BOUND('',#13508,.F.);
#13511=CARTESIAN_POINT('',(7.915E0,-1.01809648E0,-3.E-1));
#13512=DIRECTION('',(0.E0,1.E0,0.E0));
#13513=DIRECTION('',(0.E0,0.E0,1.E0));
#13514=AXIS2_PLACEMENT_3D('',#13511,#13512,#13513);
#13515=CYLINDRICAL_SURFACE('',#13514,3.E-1);
#13516=ORIENTED_EDGE('',*,*,#6774,.F.);
#13517=ORIENTED_EDGE('',*,*,#6569,.T.);
#13519=ORIENTED_EDGE('',*,*,#13518,.F.);
#13520=ORIENTED_EDGE('',*,*,#13503,.F.);
#13521=EDGE_LOOP('',(#13516,#13517,#13519,#13520));
#13522=FACE_OUTER_BOUND('',#13521,.F.);
#13524=CARTESIAN_POINT('',(7.915E0,7.E-1,-3.E-1));
#13525=DIRECTION('',(0.E0,7.071067811865E-1,-7.071067811865E-1));
#13526=DIRECTION('',(0.E0,7.071067811865E-1,7.071067811865E-1));
#13527=AXIS2_PLACEMENT_3D('',#13524,#13525,#13526);
#13528=SPHERICAL_SURFACE('',#13527,3.E-1);
#13530=ORIENTED_EDGE('',*,*,#13529,.T.);
#13531=ORIENTED_EDGE('',*,*,#13492,.T.);
#13532=ORIENTED_EDGE('',*,*,#13518,.T.);
#13533=EDGE_LOOP('',(#13530,#13531,#13532));
#13534=FACE_OUTER_BOUND('',#13533,.F.);
#13536=CARTESIAN_POINT('',(8.23274224E0,7.E-1,-3.E-1));
#13537=DIRECTION('',(-1.E0,0.E0,0.E0));
#13538=DIRECTION('',(0.E0,0.E0,1.E0));
#13539=AXIS2_PLACEMENT_3D('',#13536,#13537,#13538);
#13540=CYLINDRICAL_SURFACE('',#13539,3.E-1);
#13541=ORIENTED_EDGE('',*,*,#13529,.F.);
#13542=ORIENTED_EDGE('',*,*,#6567,.T.);
#13544=ORIENTED_EDGE('',*,*,#13543,.F.);
#13545=ORIENTED_EDGE('',*,*,#7173,.F.);
#13546=EDGE_LOOP('',(#13541,#13542,#13544,#13545));
#13547=FACE_OUTER_BOUND('',#13546,.F.);
#13549=CARTESIAN_POINT('',(-7.915E0,7.E-1,-3.E-1));
#13550=DIRECTION('',(-7.071067811865E-1,0.E0,-7.071067811865E-1));
#13551=DIRECTION('',(-7.071067811865E-1,0.E0,7.071067811865E-1));
#13552=AXIS2_PLACEMENT_3D('',#13549,#13550,#13551);
#13553=SPHERICAL_SURFACE('',#13552,3.E-1);
#13555=ORIENTED_EDGE('',*,*,#13554,.T.);
#13557=ORIENTED_EDGE('',*,*,#13556,.T.);
#13558=ORIENTED_EDGE('',*,*,#13543,.T.);
#13559=EDGE_LOOP('',(#13555,#13557,#13558));
#13560=FACE_OUTER_BOUND('',#13559,.F.);
#13562=CARTESIAN_POINT('',(-7.915E0,1.01845216E0,-3.E-1));
#13563=DIRECTION('',(0.E0,-1.E0,0.E0));
#13564=DIRECTION('',(0.E0,0.E0,1.E0));
#13565=AXIS2_PLACEMENT_3D('',#13562,#13563,#13564);
#13566=CYLINDRICAL_SURFACE('',#13565,3.E-1);
#13567=ORIENTED_EDGE('',*,*,#6606,.F.);
#13569=ORIENTED_EDGE('',*,*,#13568,.F.);
#13570=ORIENTED_EDGE('',*,*,#13554,.F.);
#13571=ORIENTED_EDGE('',*,*,#6565,.T.);
#13572=EDGE_LOOP('',(#13567,#13569,#13570,#13571));
#13573=FACE_OUTER_BOUND('',#13572,.F.);
#13575=CARTESIAN_POINT('',(-8.215E0,1.E0,0.E0));
#13576=DIRECTION('',(-1.E0,0.E0,0.E0));
#13577=DIRECTION('',(0.E0,-1.E0,0.E0));
#13578=AXIS2_PLACEMENT_3D('',#13575,#13576,#13577);
#13579=PLANE('',#13578);
#13581=ORIENTED_EDGE('',*,*,#13580,.F.);
#13582=ORIENTED_EDGE('',*,*,#13568,.T.);
#13583=ORIENTED_EDGE('',*,*,#6622,.T.);
#13584=ORIENTED_EDGE('',*,*,#6675,.T.);
#13585=EDGE_LOOP('',(#13581,#13582,#13583,#13584));
#13586=FACE_OUTER_BOUND('',#13585,.F.);
#13588=CARTESIAN_POINT('',(-7.915E0,7.E-1,1.87776E-2));
#13589=DIRECTION('',(0.E0,0.E0,-1.E0));
#13590=DIRECTION('',(-1.E0,0.E0,0.E0));
#13591=AXIS2_PLACEMENT_3D('',#13588,#13589,#13590);
#13592=CYLINDRICAL_SURFACE('',#13591,3.E-1);
#13593=ORIENTED_EDGE('',*,*,#6690,.F.);
#13594=ORIENTED_EDGE('',*,*,#7175,.F.);
#13595=ORIENTED_EDGE('',*,*,#13556,.F.);
#13596=ORIENTED_EDGE('',*,*,#13580,.T.);
#13597=EDGE_LOOP('',(#13593,#13594,#13595,#13596));
#13598=FACE_OUTER_BOUND('',#13597,.F.);
#13600=CLOSED_SHELL('',(#6581,#6598,#6611,#6626,#6640,#6655,#6667,#6682,#6695,
#6710,#6723,#6738,#6751,#6766,#6779,#6795,#6809,#6823,#6870,#6887,#6901,#6916,
#6931,#6960,#6983,#7001,#7017,#7033,#7054,#7075,#7093,#7115,#7137,#7151,#7165,
#7180,#7193,#7430,#7467,#7504,#7518,#7560,#7586,#7613,#7628,#7642,#7658,#7673,
#7688,#7703,#7729,#7753,#7767,#7785,#7807,#7831,#7844,#7878,#7907,#7921,#7934,
#7948,#7961,#7974,#7986,#7998,#8012,#8025,#8038,#8050,#8063,#8080,#8094,#8111,
#8134,#8153,#8179,#8193,#8208,#8222,#8260,#8277,#8294,#8309,#8324,#8338,#8359,
#8381,#8395,#8427,#8459,#8473,#8486,#8499,#8512,#8524,#8537,#8550,#8563,#8576,
#8590,#8605,#8618,#8631,#8643,#8657,#8676,#8691,#8704,#8717,#8730,#8742,#8755,
#8771,#8785,#8799,#8813,#8828,#8842,#8856,#8875,#8894,#8909,#8924,#8940,#8958,
#8972,#8985,#8997,#9009,#9023,#9036,#9059,#9072,#9085,#9098,#9119,#9137,#9153,
#9165,#9177,#9195,#9386,#9405,#9422,#9436,#9454,#9471,#9484,#9497,#9510,#9522,
#9689,#9708,#9724,#9738,#9756,#9772,#9785,#9798,#9811,#9823,#9836,#9849,#9861,
#9880,#9896,#9910,#9928,#9944,#9957,#9970,#9983,#9995,#10008,#10021,#10033,
#10052,#10068,#10082,#10100,#10116,#10129,#10142,#10155,#10167,#10180,#10193,
#10205,#10224,#10240,#10254,#10272,#10288,#10301,#10314,#10327,#10339,#10352,
#10365,#10377,#10396,#10412,#10426,#10444,#10460,#10473,#10486,#10499,#10511,
#10524,#10537,#10549,#10568,#10584,#10598,#10616,#10632,#10645,#10658,#10671,
#10683,#10696,#10709,#10721,#10740,#10756,#10770,#10788,#10804,#10817,#10830,
#10843,#10855,#10868,#10881,#10893,#10912,#10928,#10942,#10960,#10976,#10989,
#11002,#11015,#11027,#11040,#11053,#11065,#11084,#11100,#11114,#11132,#11148,
#11161,#11174,#11187,#11199,#11212,#11225,#11237,#11256,#11272,#11286,#11304,
#11320,#11333,#11346,#11359,#11371,#11384,#11397,#11409,#11428,#11444,#11458,
#11476,#11492,#11505,#11518,#11531,#11543,#11556,#11569,#11581,#11600,#11616,
#11630,#11648,#11664,#11677,#11690,#11703,#11715,#11728,#11741,#11753,#11772,
#11788,#11802,#11820,#11836,#11849,#11862,#11875,#11887,#11900,#11913,#11925,
#11944,#11960,#11974,#11992,#12008,#12021,#12034,#12047,#12059,#12072,#12085,
#12097,#12116,#12132,#12146,#12164,#12180,#12193,#12206,#12219,#12231,#12244,
#12257,#12269,#12288,#12304,#12318,#12336,#12352,#12365,#12378,#12391,#12403,
#12416,#12429,#12441,#12457,#12476,#12490,#12505,#12524,#12537,#12549,#12562,
#12575,#12588,#12601,#12613,#12629,#12648,#12662,#12677,#12696,#12709,#12721,
#12734,#12747,#12760,#12773,#12785,#12801,#12820,#12834,#12849,#12868,#12881,
#12893,#12906,#12919,#12932,#12945,#12957,#12973,#12992,#13006,#13021,#13040,
#13053,#13065,#13078,#13091,#13104,#13117,#13129,#13145,#13164,#13178,#13193,
#13212,#13225,#13237,#13250,#13263,#13276,#13289,#13301,#13316,#13329,#13344,
#13356,#13369,#13382,#13394,#13406,#13419,#13432,#13445,#13458,#13471,#13483,
#13497,#13510,#13523,#13535,#13548,#13561,#13574,#13587,#13599));
#13601=MANIFOLD_SOLID_BREP('',#13600);
#13604=PLANE_ANGLE_MEASURE_WITH_UNIT(PLANE_ANGLE_MEASURE(1.745329251994E-2),
#13603);
#13605=(CONVERSION_BASED_UNIT('DEGREE',#13604)NAMED_UNIT(*)PLANE_ANGLE_UNIT());
#13607=UNCERTAINTY_MEASURE_WITH_UNIT(LENGTH_MEASURE(1.2E-3),#13602,
'distance_accuracy_value',
'Maximum model space distance between geometric entities at asserted connectivities');
#13610=APPLICATION_CONTEXT('automotive_design');
#13611=APPLICATION_PROTOCOL_DEFINITION('international standard',
'automotive_design',2001,#13610);
#13612=PRODUCT_DEFINITION_CONTEXT('part definition',#13610,'design');
#13613=PRODUCT_CONTEXT('',#13610,'mechanical');
#13614=PRODUCT('C-2-1734592-2','C-2-1734592-2','NOT SPECIFIED',(#13613));
#13615=PRODUCT_DEFINITION_FORMATION('1','LAST_VERSION',#13614);
#13623=DERIVED_UNIT_ELEMENT(#13622,2.E0);
#13624=DERIVED_UNIT((#13623));
#13625=MEASURE_REPRESENTATION_ITEM('surface area measure',AREA_MEASURE(
3.637385100013E2),#13624);
#13630=DERIVED_UNIT_ELEMENT(#13629,3.E0);
#13631=DERIVED_UNIT((#13630));
#13632=MEASURE_REPRESENTATION_ITEM('volume measure',VOLUME_MEASURE(
1.150418910767E2),#13631);
#13636=CARTESIAN_POINT('centre point',(6.537671158318E-5,1.425834855751E-2,
-2.240856106313E0));
#13641=DERIVED_UNIT_ELEMENT(#13640,2.E0);
#13642=DERIVED_UNIT((#13641));
#13643=MEASURE_REPRESENTATION_ITEM('surface area measure',AREA_MEASURE(
3.637385100013E2),#13642);
#13648=DERIVED_UNIT_ELEMENT(#13647,3.E0);
#13649=DERIVED_UNIT((#13648));
#13650=MEASURE_REPRESENTATION_ITEM('volume measure',VOLUME_MEASURE(
1.150418910767E2),#13649);
#13654=CARTESIAN_POINT('centre point',(6.537671158318E-5,1.425834855751E-2,
-2.240856106313E0));
#13659=PRODUCT_RELATED_PRODUCT_CATEGORY('part','',(#13614));
#1=DRAUGHTING_PRE_DEFINED_COLOUR('black');
#2=COLOUR_RGB('',0.E0,0.E0,3.6E-1);
#3=COLOUR_RGB('',0.E0,0.E0,4.8E-1);
#4=DRAUGHTING_PRE_DEFINED_COLOUR('blue');
#5=COLOUR_RGB('',0.E0,5.8824E-2,4.58824E-1);
#6=COLOUR_RGB('',0.E0,1.80392E-1,4.78431E-1);
#7=COLOUR_RGB('',0.E0,3.6E-1,9.E-2);
#8=COLOUR_RGB('',0.E0,3.6E-1,2.7E-1);
#9=COLOUR_RGB('',0.E0,5.6E-1,6.4E-1);
#10=COLOUR_RGB('',0.E0,5.8E-1,8.E-1);
#11=COLOUR_RGB('',0.E0,7.1E-1,6.6E-1);
#12=COLOUR_RGB('',0.E0,7.13E-1,0.E0);
#13=COLOUR_RGB('',0.E0,9.5E-1,8.4E-1);
#14=DRAUGHTING_PRE_DEFINED_COLOUR('green');
#15=DRAUGHTING_PRE_DEFINED_COLOUR('cyan');
#16=COLOUR_RGB('',1.1765E-2,1.9608E-2,3.9216E-2);
#17=COLOUR_RGB('',4.E-2,0.E0,1.6E-1);
#18=COLOUR_RGB('',3.9216E-2,2.19608E-1,1.21569E-1);
#19=COLOUR_RGB('',3.9216E-2,3.60784E-1,2.E-1);
#20=COLOUR_RGB('',5.098E-2,7.0588E-2,1.01961E-1);
#21=COLOUR_RGB('',9.E-2,0.E0,1.2E-1);
#22=COLOUR_RGB('',9.0196E-2,1.60784E-1,1.09804E-1);
#23=COLOUR_RGB('',9.0196E-2,3.80392E-1,6.70588E-1);
#24=COLOUR_RGB('',1.E-1,0.E0,2.5E-1);
#25=COLOUR_RGB('',1.01961E-1,4.78431E-1,3.88235E-1);
#26=COLOUR_RGB('',1.09804E-1,1.4902E-1,9.0196E-2);
#27=COLOUR_RGB('',1.4902E-1,3.09804E-1,5.29412E-1);
#28=COLOUR_RGB('',1.4902E-1,4.E-1,1.60784E-1);
#29=COLOUR_RGB('',1.6E-1,3.2E-2,0.E0);
#30=COLOUR_RGB('',1.60784E-1,4.5098E-1,7.21569E-1);
#31=COLOUR_RGB('',1.6E-1,4.6E-1,6.5E-1);
#32=COLOUR_RGB('',1.6E-1,1.E0,1.6E-1);
#33=COLOUR_RGB('',2.E-1,3.2E-2,0.E0);
#34=COLOUR_RGB('',2.11765E-1,4.11765E-1,1.4902E-1);
#35=COLOUR_RGB('',2.39216E-1,2.39216E-1,2.31373E-1);
#36=COLOUR_RGB('',2.39216E-1,2.70588E-1,1.80392E-1);
#37=COLOUR_RGB('',2.5098E-1,2.90196E-1,3.29412E-1);
#38=COLOUR_RGB('',2.90196E-1,4.31373E-1,2.E-1);
#39=COLOUR_RGB('',3.1E-1,3.1E-1,5.6E-1);
#40=COLOUR_RGB('',3.09804E-1,6.58824E-1,2.E-1);
#41=COLOUR_RGB('',3.2E-1,1.5E-1,0.E0);
#42=COLOUR_RGB('',3.60784E-1,3.1373E-2,1.68627E-1);
#43=COLOUR_RGB('',3.68627E-1,2.E-1,1.21569E-1);
#44=COLOUR_RGB('',3.88235E-1,2.39216E-1,6.11765E-1);
#45=COLOUR_RGB('',4.E-1,4.E-1,4.E-1);
#46=COLOUR_RGB('',4.11765E-1,5.8824E-2,7.8431E-2);
#47=COLOUR_RGB('',4.11765E-1,3.29412E-1,2.19608E-1);
#48=COLOUR_RGB('',4.2E-1,4.2E-1,1.E0);
#49=COLOUR_RGB('',4.4E-1,8.5E-1,1.E0);
#50=COLOUR_RGB('',4.58824E-1,4.5098E-1,3.09804E-1);
#51=COLOUR_RGB('',4.70588E-1,5.09804E-1,5.4902E-1);
#52=COLOUR_RGB('',4.78431E-1,4.90196E-1,4.58824E-1);
#53=COLOUR_RGB('',4.90196E-1,3.60784E-1,2.19608E-1);
#54=COLOUR_RGB('',4.9E-1,4.9E-1,0.E0);
#55=COLOUR_RGB('',4.9E-1,1.E0,0.E0);
#56=COLOUR_RGB('',5.E-1,0.E0,0.E0);
#57=COLOUR_RGB('',5.E-1,0.E0,2.3E-1);
#58=COLOUR_RGB('',5.E-1,5.E-1,5.E-1);
#59=COLOUR_RGB('',5.21569E-1,2.19608E-1,1.68627E-1);
#60=COLOUR_RGB('',5.3E-1,0.E0,0.E0);
#61=COLOUR_RGB('',5.29412E-1,5.80392E-1,6.5098E-1);
#62=COLOUR_RGB('',5.4E-1,0.E0,4.4E-1);
#63=COLOUR_RGB('',5.5E-1,3.E-1,0.E0);
#64=COLOUR_RGB('',5.6E-1,1.E-1,5.E-2);
#65=COLOUR_RGB('',5.60784E-1,5.80392E-1,6.19608E-1);
#66=COLOUR_RGB('',5.68627E-1,5.8824E-2,4.E-1);
#67=COLOUR_RGB('',5.8E-1,2.2E-1,1.E-2);
#68=COLOUR_RGB('',5.88235E-1,1.21569E-1,1.09804E-1);
#69=COLOUR_RGB('',6.E-1,6.E-1,6.E-1);
#70=COLOUR_RGB('',6.11765E-1,5.60784E-1,3.80392E-1);
#71=COLOUR_RGB('',6.11765E-1,6.11765E-1,6.5098E-1);
#72=COLOUR_RGB('',6.2E-1,0.E0,5.5E-1);
#73=COLOUR_RGB('',6.19608E-1,6.39216E-1,6.90196E-1);
#74=COLOUR_RGB('',6.4E-1,0.E0,2.5E-1);
#75=COLOUR_RGB('',6.4E-1,1.E-2,0.E0);
#76=COLOUR_RGB('',6.39216E-1,5.4902E-1,4.78431E-1);
#77=COLOUR_RGB('',6.5098E-1,6.70588E-1,7.09804E-1);
#78=COLOUR_RGB('',6.70588E-1,1.21569E-1,1.09804E-1);
#79=COLOUR_RGB('',6.78431E-1,4.78431E-1,3.09804E-1);
#80=COLOUR_RGB('',6.8E-1,7.5E-1,1.E0);
#81=COLOUR_RGB('',6.952E-1,7.426E-1,7.9E-1);
#82=COLOUR_RGB('',7.09804E-1,7.0588E-2,2.E-1);
#83=COLOUR_RGB('',7.1E-1,3.1E-1,0.E0);
#84=COLOUR_RGB('',7.2E-1,7.2E-1,7.2E-1);
#85=COLOUR_RGB('',7.29412E-1,7.41176E-1,7.29412E-1);
#86=COLOUR_RGB('',7.41176E-1,7.29412E-1,6.70588E-1);
#87=COLOUR_RGB('',7.4E-1,1.E0,2.6E-1);
#88=COLOUR_RGB('',7.5E-1,3.E-2,0.E0);
#89=COLOUR_RGB('',7.4902E-1,8.90196E-1,7.29412E-1);
#90=COLOUR_RGB('',7.6E-1,0.E0,4.7E-1);
#91=COLOUR_RGB('',7.80392E-1,9.0196E-2,7.0588E-2);
#92=COLOUR_RGB('',7.88235E-1,2.19608E-1,5.4902E-1);
#93=COLOUR_RGB('',8.1E-1,4.E-2,0.E0);
#94=COLOUR_RGB('',8.1E-1,6.1E-1,0.E0);
#95=COLOUR_RGB('',8.2E-1,4.E-2,6.6E-1);
#96=COLOUR_RGB('',8.31373E-1,8.5098E-1,8.58824E-1);
#97=COLOUR_RGB('',8.5098E-1,7.29412E-1,5.4902E-1);
#98=COLOUR_RGB('',8.5E-1,8.5E-1,8.5E-1);
#99=COLOUR_RGB('',8.78431E-1,3.68627E-1,1.21569E-1);
#100=COLOUR_RGB('',8.784E-1,9.49E-1,1.E0);
#101=COLOUR_RGB('',8.90196E-1,5.88235E-1,1.41176E-1);
#102=COLOUR_RGB('',9.E-1,1.E0,0.E0);
#103=COLOUR_RGB('',9.09804E-1,6.11765E-1,7.09804E-1);
#104=COLOUR_RGB('',9.37E-1,7.85E-1,0.E0);
#105=COLOUR_RGB('',9.41176E-1,9.29412E-1,9.01961E-1);
#106=COLOUR_RGB('',9.5E-1,2.2E-1,8.1E-1);
#107=COLOUR_RGB('',9.6E-1,3.7E-1,3.E-1);
#108=COLOUR_RGB('',9.6E-1,7.1E-1,3.75E-1);
#109=COLOUR_RGB('',9.80392E-1,1.E0,1.E0);
#110=COLOUR_RGB('',9.88235E-1,1.09804E-1,7.8431E-2);
#111=COLOUR_RGB('',9.88235E-1,7.21569E-1,1.29412E-1);
#112=COLOUR_RGB('',9.88235E-1,9.21569E-1,8.E-1);
#113=DRAUGHTING_PRE_DEFINED_COLOUR('red');
#114=COLOUR_RGB('',1.E0,0.E0,6.1E-1);
#115=COLOUR_RGB('',1.E0,4.E-2,0.E0);
#116=COLOUR_RGB('',1.E0,2.3E-1,0.E0);
#117=COLOUR_RGB('',1.E0,3.5E-1,5.2E-1);
#118=COLOUR_RGB('',1.E0,3.6E-1,0.E0);
#119=COLOUR_RGB('',1.E0,3.88235E-1,2.11765E-1);
#120=COLOUR_RGB('',1.E0,4.9E-1,3.7E-1);
#121=COLOUR_RGB('',1.E0,5.E-1,0.E0);
#122=COLOUR_RGB('',1.E0,5.6E-1,7.8E-1);
#123=COLOUR_RGB('',1.E0,6.4E-1,4.9E-1);
#124=COLOUR_RGB('',1.E0,6.7E-1,0.E0);
#125=COLOUR_RGB('',1.E0,7.6E-1,6.5E-1);
#126=COLOUR_RGB('',1.E0,8.39216E-1,3.01961E-1);
#127=COLOUR_RGB('',1.E0,8.6E-1,4.E-2);
#128=COLOUR_RGB('',1.E0,9.60784E-1,2.58824E-1);
#129=COLOUR_RGB('',1.E0,9.60784E-1,8.90196E-1);
#130=COLOUR_RGB('',1.E0,9.8E-1,7.2E-1);
#131=DRAUGHTING_PRE_DEFINED_COLOUR('yellow');
#132=COLOUR_RGB('',1.E0,1.E0,3.9216E-2);
#133=DRAUGHTING_PRE_DEFINED_COLOUR('white');
#170=CIRCLE('',#169,3.E-1);
#175=CIRCLE('',#174,3.E-1);
#180=CIRCLE('',#179,3.E-1);
#201=CIRCLE('',#200,3.E-1);
#206=CIRCLE('',#205,3.E-1);
#211=CIRCLE('',#210,3.E-1);
#216=CIRCLE('',#215,3.E-1);
#221=CIRCLE('',#220,3.E-1);
#226=CIRCLE('',#225,3.E-1);
#231=CIRCLE('',#230,3.E-1);
#236=CIRCLE('',#235,3.E-1);
#241=CIRCLE('',#240,3.E-1);
#246=CIRCLE('',#245,3.E-1);
#251=CIRCLE('',#250,3.E-1);
#256=CIRCLE('',#255,3.E-1);
#261=CIRCLE('',#260,3.E-1);
#266=CIRCLE('',#265,3.E-1);
#271=CIRCLE('',#270,3.E-1);
#608=CIRCLE('',#607,1.51E-1);
#625=CIRCLE('',#624,3.51E-1);
#642=CIRCLE('',#641,3.51E-1);
#659=CIRCLE('',#658,1.51E-1);
#1116=CIRCLE('',#1115,5.E-2);
#1129=CIRCLE('',#1128,5.E-2);
#1158=CIRCLE('',#1157,5.E-2);
#1175=CIRCLE('',#1174,1.E-1);
#1188=CIRCLE('',#1187,1.E-1);
#1205=CIRCLE('',#1204,1.E-1);
#1218=CIRCLE('',#1217,1.E-1);
#1251=CIRCLE('',#1250,1.51E-1);
#1264=CIRCLE('',#1263,3.51E-1);
#1281=CIRCLE('',#1280,3.51E-1);
#1294=CIRCLE('',#1293,1.51E-1);
#1303=CIRCLE('',#1302,5.E-2);
#1308=CIRCLE('',#1307,1.E-1);
#1333=CIRCLE('',#1332,1.E-1);
#1346=CIRCLE('',#1345,5.E-2);
#1355=CIRCLE('',#1354,1.E-1);
#1380=CIRCLE('',#1379,1.E-1);
#1389=CIRCLE('',#1388,5.E-2);
#1438=CIRCLE('',#1437,5.E-2);
#1451=CIRCLE('',#1450,5.E-2);
#1492=CIRCLE('',#1491,1.5E-1);
#1497=CIRCLE('',#1496,1.5E-1);
#1502=CIRCLE('',#1501,1.5E-1);
#1507=CIRCLE('',#1506,1.5E-1);
#1556=CIRCLE('',#1555,1.5E-1);
#1561=CIRCLE('',#1560,1.5E-1);
#1946=B_SPLINE_CURVE_WITH_KNOTS('',3,(#1938,#1939,#1940,#1941,#1942,#1943,#1944,
#1945),.UNSPECIFIED.,.F.,.F.,(4,1,1,1,1,4),(0.E0,1.25E-1,2.5E-1,5.E-1,7.5E-1,
1.E0),.UNSPECIFIED.);
#1952=B_SPLINE_CURVE_WITH_KNOTS('',3,(#1947,#1948,#1949,#1950,#1951),
.UNSPECIFIED.,.F.,.F.,(4,1,4),(0.E0,5.E-1,1.E0),.UNSPECIFIED.);
#1962=B_SPLINE_CURVE_WITH_KNOTS('',3,(#1957,#1958,#1959,#1960,#1961),
.UNSPECIFIED.,.F.,.F.,(4,1,4),(0.E0,5.E-1,1.E0),.UNSPECIFIED.);
#1976=B_SPLINE_CURVE_WITH_KNOTS('',3,(#1971,#1972,#1973,#1974,#1975),
.UNSPECIFIED.,.F.,.F.,(4,1,4),(0.E0,5.E-1,1.E0),.UNSPECIFIED.);
#1985=B_SPLINE_CURVE_WITH_KNOTS('',3,(#1977,#1978,#1979,#1980,#1981,#1982,#1983,
#1984),.UNSPECIFIED.,.F.,.F.,(4,1,1,1,1,4),(0.E0,2.5E-1,5.E-1,7.5E-1,8.75E-1,
1.E0),.UNSPECIFIED.);
#1995=B_SPLINE_CURVE_WITH_KNOTS('',3,(#1990,#1991,#1992,#1993,#1994),
.UNSPECIFIED.,.F.,.F.,(4,1,4),(0.E0,5.E-1,1.E0),.UNSPECIFIED.);
#2152=CIRCLE('',#2151,1.5E-1);
#2157=CIRCLE('',#2156,1.5E-1);
#2230=CIRCLE('',#2229,1.5E-1);
#2235=CIRCLE('',#2234,1.5E-1);
#2240=CIRCLE('',#2239,1.5E-1);
#2245=CIRCLE('',#2244,1.5E-1);
#2666=CIRCLE('',#2665,1.95E-1);
#2703=CIRCLE('',#2702,1.95E-1);
#3020=CIRCLE('',#3019,1.95E-1);
#3053=CIRCLE('',#3052,1.95E-1);
#3110=CIRCLE('',#3109,1.95E-1);
#3143=CIRCLE('',#3142,1.95E-1);
#3200=CIRCLE('',#3199,1.95E-1);
#3233=CIRCLE('',#3232,1.95E-1);
#3290=CIRCLE('',#3289,1.95E-1);
#3323=CIRCLE('',#3322,1.95E-1);
#3380=CIRCLE('',#3379,1.95E-1);
#3413=CIRCLE('',#3412,1.95E-1);
#3470=CIRCLE('',#3469,1.95E-1);
#3503=CIRCLE('',#3502,1.95E-1);
#3560=CIRCLE('',#3559,1.95E-1);
#3593=CIRCLE('',#3592,1.95E-1);
#3650=CIRCLE('',#3649,1.95E-1);
#3683=CIRCLE('',#3682,1.95E-1);
#3740=CIRCLE('',#3739,1.95E-1);
#3773=CIRCLE('',#3772,1.95E-1);
#3830=CIRCLE('',#3829,1.95E-1);
#3863=CIRCLE('',#3862,1.95E-1);
#3920=CIRCLE('',#3919,1.95E-1);
#3953=CIRCLE('',#3952,1.95E-1);
#4010=CIRCLE('',#4009,1.95E-1);
#4043=CIRCLE('',#4042,1.95E-1);
#4100=CIRCLE('',#4099,1.95E-1);
#4133=CIRCLE('',#4132,1.95E-1);
#4190=CIRCLE('',#4189,1.95E-1);
#4223=CIRCLE('',#4222,1.95E-1);
#4280=CIRCLE('',#4279,1.95E-1);
#4313=CIRCLE('',#4312,1.95E-1);
#4370=CIRCLE('',#4369,1.95E-1);
#4403=CIRCLE('',#4402,1.95E-1);
#4440=CIRCLE('',#4439,1.95E-1);
#4477=CIRCLE('',#4476,1.95E-1);
#4530=CIRCLE('',#4529,1.95E-1);
#4567=CIRCLE('',#4566,1.95E-1);
#4620=CIRCLE('',#4619,1.95E-1);
#4657=CIRCLE('',#4656,1.95E-1);
#4710=CIRCLE('',#4709,1.95E-1);
#4747=CIRCLE('',#4746,1.95E-1);
#4800=CIRCLE('',#4799,1.95E-1);
#4837=CIRCLE('',#4836,1.95E-1);
#4974=CIRCLE('',#4973,3.E-1);
#4979=CIRCLE('',#4978,3.E-1);
#4984=CIRCLE('',#4983,3.E-1);
#4989=CIRCLE('',#4988,3.E-1);
#4994=CIRCLE('',#4993,3.E-1);
#4999=CIRCLE('',#4998,3.E-1);
#6563=EDGE_CURVE('',#5309,#5608,#137,.T.);
#6565=EDGE_CURVE('',#5312,#5309,#141,.T.);
#6567=EDGE_CURVE('',#5316,#5312,#145,.T.);
#6569=EDGE_CURVE('',#5283,#5316,#149,.T.);
#6571=EDGE_CURVE('',#5613,#5283,#153,.T.);
#6573=EDGE_CURVE('',#5095,#5613,#157,.T.);
#6575=EDGE_CURVE('',#5091,#5095,#161,.T.);
#6577=EDGE_CURVE('',#5608,#5091,#165,.T.);
#6581=ADVANCED_FACE('',(#6580),#6562,.T.);
#6587=EDGE_CURVE('',#5309,#5306,#180,.T.);
#6590=EDGE_CURVE('',#5608,#5609,#1962,.T.);
#6592=EDGE_CURVE('',#5609,#5610,#1952,.T.);
#6594=EDGE_CURVE('',#5306,#5610,#192,.T.);
#6598=ADVANCED_FACE('',(#6597),#6586,.T.);
#6604=EDGE_CURVE('',#5306,#5307,#170,.T.);
#6606=EDGE_CURVE('',#5307,#5309,#175,.T.);
#6611=ADVANCED_FACE('',(#6610),#6603,.T.);
#6618=EDGE_CURVE('',#5306,#5322,#188,.T.);
#6620=EDGE_CURVE('',#5325,#5322,#211,.T.);
#6622=EDGE_CURVE('',#5307,#5325,#5011,.T.);
#6626=ADVANCED_FACE('',(#6625),#6616,.T.);
#6632=EDGE_CURVE('',#5606,#5322,#184,.T.);
#6636=EDGE_CURVE('',#5610,#5606,#196,.T.);
#6640=ADVANCED_FACE('',(#6639),#6631,.T.);
#6646=EDGE_CURVE('',#5322,#5323,#201,.T.);
#6649=EDGE_CURVE('',#5606,#5607,#1946,.T.);
#6651=EDGE_CURVE('',#5607,#5323,#323,.T.);
#6655=ADVANCED_FACE('',(#6654),#6645,.T.);
#6662=EDGE_CURVE('',#5323,#5325,#206,.T.);
#6667=ADVANCED_FACE('',(#6666),#6660,.T.);
#6673=EDGE_CURVE('',#5303,#5300,#226,.T.);
#6675=EDGE_CURVE('',#5325,#5303,#5015,.T.);
#6678=EDGE_CURVE('',#5323,#5300,#319,.T.);
#6682=ADVANCED_FACE('',(#6681),#6672,.T.);
#6688=EDGE_CURVE('',#5300,#5301,#216,.T.);
#6690=EDGE_CURVE('',#5301,#5303,#221,.T.);
#6695=ADVANCED_FACE('',(#6694),#6687,.T.);
#6701=EDGE_CURVE('',#5297,#5294,#241,.T.);
#6703=EDGE_CURVE('',#5301,#5297,#535,.T.);
#6706=EDGE_CURVE('',#5300,#5294,#315,.T.);
#6710=ADVANCED_FACE('',(#6709),#6700,.T.);
#6716=EDGE_CURVE('',#5294,#5295,#231,.T.);
#6718=EDGE_CURVE('',#5295,#5297,#236,.T.);
#6723=ADVANCED_FACE('',(#6722),#6715,.T.);
#6729=EDGE_CURVE('',#5289,#5291,#251,.T.);
#6731=EDGE_CURVE('',#5295,#5289,#4965,.T.);
#6734=EDGE_CURVE('',#5294,#5291,#311,.T.);
#6738=ADVANCED_FACE('',(#6737),#6728,.T.);
#6744=EDGE_CURVE('',#5288,#5289,#246,.T.);
#6747=EDGE_CURVE('',#5291,#5288,#256,.T.);
#6751=ADVANCED_FACE('',(#6750),#6743,.T.);
#6757=EDGE_CURVE('',#5285,#5282,#271,.T.);
#6759=EDGE_CURVE('',#5285,#5289,#4969,.T.);
#6762=EDGE_CURVE('',#5282,#5288,#287,.T.);
#6766=ADVANCED_FACE('',(#6765),#6756,.T.);
#6772=EDGE_CURVE('',#5282,#5283,#261,.T.);
#6774=EDGE_CURVE('',#5283,#5285,#266,.T.);
#6779=ADVANCED_FACE('',(#6778),#6771,.T.);
#6786=EDGE_CURVE('',#5611,#5282,#283,.T.);
#6788=EDGE_CURVE('',#5611,#5612,#1995,.T.);
#6790=EDGE_CURVE('',#5612,#5613,#1976,.T.);
#6795=ADVANCED_FACE('',(#6794),#6784,.T.);
#6801=EDGE_CURVE('',#5288,#5605,#275,.T.);
#6803=EDGE_CURVE('',#5611,#5605,#279,.T.);
#6809=ADVANCED_FACE('',(#6808),#6800,.T.);
#6816=EDGE_CURVE('',#5291,#5604,#307,.T.);
#6818=EDGE_CURVE('',#5604,#5605,#1985,.T.);
#6823=ADVANCED_FACE('',(#6822),#6814,.T.);
#6834=EDGE_CURVE('',#5607,#5262,#1925,.T.);
#6836=EDGE_CURVE('',#5262,#5263,#1621,.T.);
#6838=EDGE_CURVE('',#5263,#5239,#1861,.T.);
#6840=EDGE_CURVE('',#5238,#5239,#347,.T.);
#6842=EDGE_CURVE('',#5266,#5238,#327,.T.);
#6844=EDGE_CURVE('',#5266,#5267,#1629,.T.);
#6846=EDGE_CURVE('',#5604,#5267,#1999,.T.);
#6850=EDGE_CURVE('',#5243,#5421,#367,.T.);
#6852=EDGE_CURVE('',#5242,#5243,#355,.T.);
#6854=EDGE_CURVE('',#5067,#5242,#299,.T.);
#6856=EDGE_CURVE('',#5421,#5067,#303,.T.);
#6860=EDGE_CURVE('',#5062,#5235,#291,.T.);
#6862=EDGE_CURVE('',#5234,#5235,#339,.T.);
#6864=EDGE_CURVE('',#5423,#5234,#447,.T.);
#6866=EDGE_CURVE('',#5062,#5423,#295,.T.);
#6870=ADVANCED_FACE('',(#6849,#6859,#6869),#6828,.F.);
#6876=EDGE_CURVE('',#5235,#5254,#331,.T.);
#6879=EDGE_CURVE('',#5062,#5063,#407,.T.);
#6881=EDGE_CURVE('',#5063,#5069,#335,.T.);
#6883=EDGE_CURVE('',#5069,#5254,#1697,.T.);
#6887=ADVANCED_FACE('',(#6886),#6875,.T.);
#6895=EDGE_CURVE('',#5254,#5255,#343,.T.);
#6897=EDGE_CURVE('',#5234,#5255,#431,.T.);
#6901=ADVANCED_FACE('',(#6900),#6892,.F.);
#6908=EDGE_CURVE('',#5239,#5250,#1857,.T.);
#6910=EDGE_CURVE('',#5250,#5251,#351,.T.);
#6912=EDGE_CURVE('',#5238,#5251,#1845,.T.);
#6916=ADVANCED_FACE('',(#6915),#6906,.F.);
#6923=EDGE_CURVE('',#5243,#5246,#363,.T.);
#6925=EDGE_CURVE('',#5246,#5247,#359,.T.);
#6927=EDGE_CURVE('',#5242,#5247,#1893,.T.);
#6931=ADVANCED_FACE('',(#6930),#6921,.F.);
#6938=EDGE_CURVE('',#5573,#5246,#387,.T.);
#6940=EDGE_CURVE('',#5579,#5573,#487,.T.);
#6942=EDGE_CURVE('',#5579,#5571,#539,.T.);
#6944=EDGE_CURVE('',#5570,#5571,#515,.T.);
#6946=EDGE_CURVE('',#5570,#5577,#507,.T.);
#6948=EDGE_CURVE('',#5575,#5577,#463,.T.);
#6950=EDGE_CURVE('',#5575,#5255,#435,.T.);
#6953=EDGE_CURVE('',#5254,#5251,#1693,.T.);
#6956=EDGE_CURVE('',#5250,#5247,#1741,.T.);
#6960=ADVANCED_FACE('',(#6959),#6936,.F.);
#6968=EDGE_CURVE('',#5495,#5421,#419,.T.);
#6970=EDGE_CURVE('',#5493,#5495,#371,.T.);
#6972=EDGE_CURVE('',#5493,#5443,#375,.T.);
#6974=EDGE_CURVE('',#5413,#5443,#379,.T.);
#6976=EDGE_CURVE('',#5417,#5413,#675,.T.);
#6978=EDGE_CURVE('',#5573,#5417,#383,.T.);
#6983=ADVANCED_FACE('',(#6982),#6965,.T.);
#6989=EDGE_CURVE('',#5582,#5583,#391,.T.);
#6991=EDGE_CURVE('',#5582,#5551,#1095,.T.);
#6993=EDGE_CURVE('',#5550,#5551,#1209,.T.);
#6995=EDGE_CURVE('',#5409,#5550,#691,.T.);
#6997=EDGE_CURVE('',#5409,#5583,#395,.T.);
#7001=ADVANCED_FACE('',(#7000),#6988,.T.);
#7007=EDGE_CURVE('',#5481,#5470,#399,.T.);
#7009=EDGE_CURVE('',#5063,#5481,#403,.T.);
#7013=EDGE_CURVE('',#5423,#5470,#411,.T.);
#7017=ADVANCED_FACE('',(#7016),#7006,.F.);
#7023=EDGE_CURVE('',#5495,#5484,#415,.T.);
#7027=EDGE_CURVE('',#5066,#5067,#423,.T.);
#7029=EDGE_CURVE('',#5484,#5066,#427,.T.);
#7033=ADVANCED_FACE('',(#7032),#7022,.F.);
#7039=EDGE_CURVE('',#5470,#5471,#443,.T.);
#7041=EDGE_CURVE('',#5473,#5471,#1821,.T.);
#7043=EDGE_CURVE('',#5473,#5475,#1813,.T.);
#7045=EDGE_CURVE('',#5475,#5477,#1805,.T.);
#7047=EDGE_CURVE('',#5477,#5479,#1797,.T.);
#7049=EDGE_CURVE('',#5479,#5481,#1789,.T.);
#7054=ADVANCED_FACE('',(#7053),#7038,.T.);
#7062=EDGE_CURVE('',#5575,#5419,#483,.T.);
#7064=EDGE_CURVE('',#5415,#5419,#591,.T.);
#7066=EDGE_CURVE('',#5415,#5426,#439,.T.);
#7068=EDGE_CURVE('',#5471,#5426,#1825,.T.);
#7075=ADVANCED_FACE('',(#7074),#7059,.T.);
#7081=EDGE_CURVE('',#5585,#5587,#451,.T.);
#7083=EDGE_CURVE('',#5411,#5587,#455,.T.);
#7085=EDGE_CURVE('',#5547,#5411,#575,.T.);
#7087=EDGE_CURVE('',#5546,#5547,#1183,.T.);
#7089=EDGE_CURVE('',#5585,#5546,#459,.T.);
#7093=ADVANCED_FACE('',(#7092),#7080,.T.);
#7100=EDGE_CURVE('',#5517,#5577,#467,.T.);
#7102=EDGE_CURVE('',#5515,#5517,#471,.T.);
#7104=EDGE_CURVE('',#5515,#5525,#475,.T.);
#7106=EDGE_CURVE('',#5086,#5525,#2079,.T.);
#7108=EDGE_CURVE('',#5111,#5086,#479,.T.);
#7110=EDGE_CURVE('',#5419,#5111,#595,.T.);
#7115=ADVANCED_FACE('',(#7114),#7098,.T.);
#7123=EDGE_CURVE('',#5107,#5417,#671,.T.);
#7125=EDGE_CURVE('',#5079,#5107,#491,.T.);
#7127=EDGE_CURVE('',#5527,#5079,#2095,.T.);
#7129=EDGE_CURVE('',#5505,#5527,#495,.T.);
#7131=EDGE_CURVE('',#5504,#5505,#499,.T.);
#7133=EDGE_CURVE('',#5504,#5579,#503,.T.);
#7137=ADVANCED_FACE('',(#7136),#7120,.T.);
#7144=EDGE_CURVE('',#5019,#5570,#511,.T.);
#7146=EDGE_CURVE('',#5019,#5517,#555,.T.);
#7151=ADVANCED_FACE('',(#7150),#7142,.T.);
#7158=EDGE_CURVE('',#5018,#5571,#519,.T.);
#7160=EDGE_CURVE('',#5018,#5019,#559,.T.);
#7165=ADVANCED_FACE('',(#7164),#7156,.T.);
#7171=EDGE_CURVE('',#5317,#5297,#523,.T.);
#7173=EDGE_CURVE('',#5317,#5327,#527,.T.);
#7175=EDGE_CURVE('',#5327,#5301,#531,.T.);
#7180=ADVANCED_FACE('',(#7179),#7170,.T.);
#7188=EDGE_CURVE('',#5504,#5018,#563,.T.);
#7193=ADVANCED_FACE('',(#7192),#7185,.T.);
#7199=EDGE_CURVE('',#5509,#5504,#543,.T.);
#7201=EDGE_CURVE('',#5509,#5512,#547,.T.);
#7203=EDGE_CURVE('',#5517,#5512,#551,.T.);
#7210=EDGE_CURVE('',#5664,#5665,#699,.T.);
#7212=EDGE_CURVE('',#5669,#5665,#703,.T.);
#7214=EDGE_CURVE('',#5668,#5669,#707,.T.);
#7216=EDGE_CURVE('',#5668,#5664,#711,.T.);
#7220=EDGE_CURVE('',#5676,#5677,#715,.T.);
#7222=EDGE_CURVE('',#5681,#5677,#719,.T.);
#7224=EDGE_CURVE('',#5680,#5681,#723,.T.);
#7226=EDGE_CURVE('',#5680,#5676,#727,.T.);
#7230=EDGE_CURVE('',#5688,#5689,#731,.T.);
#7232=EDGE_CURVE('',#5693,#5689,#735,.T.);
#7234=EDGE_CURVE('',#5692,#5693,#739,.T.);
#7236=EDGE_CURVE('',#5692,#5688,#743,.T.);
#7240=EDGE_CURVE('',#5700,#5701,#747,.T.);
#7242=EDGE_CURVE('',#5705,#5701,#751,.T.);
#7244=EDGE_CURVE('',#5704,#5705,#755,.T.);
#7246=EDGE_CURVE('',#5704,#5700,#759,.T.);
#7250=EDGE_CURVE('',#5712,#5713,#763,.T.);
#7252=EDGE_CURVE('',#5717,#5713,#767,.T.);
#7254=EDGE_CURVE('',#5716,#5717,#771,.T.);
#7256=EDGE_CURVE('',#5716,#5712,#775,.T.);
#7260=EDGE_CURVE('',#5836,#5837,#779,.T.);
#7262=EDGE_CURVE('',#5840,#5836,#783,.T.);
#7264=EDGE_CURVE('',#5840,#5841,#787,.T.);
#7266=EDGE_CURVE('',#5841,#5837,#791,.T.);
#7270=EDGE_CURVE('',#5880,#5881,#795,.T.);
#7272=EDGE_CURVE('',#5884,#5880,#799,.T.);
#7274=EDGE_CURVE('',#5884,#5885,#803,.T.);
#7276=EDGE_CURVE('',#5885,#5881,#807,.T.);
#7280=EDGE_CURVE('',#5924,#5925,#811,.T.);
#7282=EDGE_CURVE('',#5928,#5924,#815,.T.);
#7284=EDGE_CURVE('',#5928,#5929,#819,.T.);
#7286=EDGE_CURVE('',#5929,#5925,#823,.T.);
#7290=EDGE_CURVE('',#5968,#5969,#827,.T.);
#7292=EDGE_CURVE('',#5972,#5968,#831,.T.);
#7294=EDGE_CURVE('',#5972,#5973,#835,.T.);
#7296=EDGE_CURVE('',#5973,#5969,#839,.T.);
#7300=EDGE_CURVE('',#6012,#6013,#843,.T.);
#7302=EDGE_CURVE('',#6016,#6012,#847,.T.);
#7304=EDGE_CURVE('',#6016,#6017,#851,.T.);
#7306=EDGE_CURVE('',#6017,#6013,#855,.T.);
#7310=EDGE_CURVE('',#6056,#6057,#859,.T.);
#7312=EDGE_CURVE('',#6060,#6056,#863,.T.);
#7314=EDGE_CURVE('',#6060,#6061,#867,.T.);
#7316=EDGE_CURVE('',#6061,#6057,#871,.T.);
#7320=EDGE_CURVE('',#6100,#6101,#875,.T.);
#7322=EDGE_CURVE('',#6104,#6100,#879,.T.);
#7324=EDGE_CURVE('',#6104,#6105,#883,.T.);
#7326=EDGE_CURVE('',#6105,#6101,#887,.T.);
#7330=EDGE_CURVE('',#6144,#6145,#891,.T.);
#7332=EDGE_CURVE('',#6148,#6144,#895,.T.);
#7334=EDGE_CURVE('',#6148,#6149,#899,.T.);
#7336=EDGE_CURVE('',#6149,#6145,#903,.T.);
#7340=EDGE_CURVE('',#6188,#6189,#907,.T.);
#7342=EDGE_CURVE('',#6192,#6188,#911,.T.);
#7344=EDGE_CURVE('',#6192,#6193,#915,.T.);
#7346=EDGE_CURVE('',#6193,#6189,#919,.T.);
#7350=EDGE_CURVE('',#6232,#6233,#923,.T.);
#7352=EDGE_CURVE('',#6236,#6232,#927,.T.);
#7354=EDGE_CURVE('',#6236,#6237,#931,.T.);
#7356=EDGE_CURVE('',#6237,#6233,#935,.T.);
#7360=EDGE_CURVE('',#6276,#6277,#939,.T.);
#7362=EDGE_CURVE('',#6280,#6276,#943,.T.);
#7364=EDGE_CURVE('',#6280,#6281,#947,.T.);
#7366=EDGE_CURVE('',#6281,#6277,#951,.T.);
#7370=EDGE_CURVE('',#6320,#6321,#955,.T.);
#7372=EDGE_CURVE('',#6324,#6320,#959,.T.);
#7374=EDGE_CURVE('',#6324,#6325,#963,.T.);
#7376=EDGE_CURVE('',#6325,#6321,#967,.T.);
#7380=EDGE_CURVE('',#6364,#6365,#971,.T.);
#7382=EDGE_CURVE('',#6368,#6364,#975,.T.);
#7384=EDGE_CURVE('',#6368,#6369,#979,.T.);
#7386=EDGE_CURVE('',#6369,#6365,#983,.T.);
#7390=EDGE_CURVE('',#6408,#6409,#987,.T.);
#7392=EDGE_CURVE('',#6412,#6408,#991,.T.);
#7394=EDGE_CURVE('',#6412,#6413,#995,.T.);
#7396=EDGE_CURVE('',#6413,#6409,#999,.T.);
#7400=EDGE_CURVE('',#6452,#6453,#1003,.T.);
#7402=EDGE_CURVE('',#6456,#6452,#1007,.T.);
#7404=EDGE_CURVE('',#6456,#6457,#1011,.T.);
#7406=EDGE_CURVE('',#6457,#6453,#1015,.T.);
#7410=EDGE_CURVE('',#6496,#6497,#1019,.T.);
#7412=EDGE_CURVE('',#6500,#6496,#1023,.T.);
#7414=EDGE_CURVE('',#6500,#6501,#1027,.T.);
#7416=EDGE_CURVE('',#6501,#6497,#1031,.T.);
#7420=EDGE_CURVE('',#6540,#6541,#1035,.T.);
#7422=EDGE_CURVE('',#6544,#6540,#1039,.T.);
#7424=EDGE_CURVE('',#6544,#6545,#1043,.T.);
#7426=EDGE_CURVE('',#6545,#6541,#1047,.T.);
#7430=ADVANCED_FACE('',(#7209,#7219,#7229,#7239,#7249,#7259,#7269,#7279,#7289,
#7299,#7309,#7319,#7329,#7339,#7349,#7359,#7369,#7379,#7389,#7399,#7409,#7419,
#7429),#7198,.F.);
#7436=EDGE_CURVE('',#5625,#5629,#567,.T.);
#7438=EDGE_CURVE('',#5547,#5625,#571,.T.);
#7441=EDGE_CURVE('',#5053,#5411,#579,.T.);
#7443=EDGE_CURVE('',#5053,#5057,#583,.T.);
#7445=EDGE_CURVE('',#5057,#5415,#587,.T.);
#7449=EDGE_CURVE('',#5193,#5111,#599,.T.);
#7451=EDGE_CURVE('',#5155,#5193,#603,.T.);
#7453=EDGE_CURVE('',#5154,#5155,#608,.T.);
#7455=EDGE_CURVE('',#5157,#5154,#612,.T.);
#7457=EDGE_CURVE('',#5159,#5157,#616,.T.);
#7459=EDGE_CURVE('',#5161,#5159,#620,.T.);
#7461=EDGE_CURVE('',#5163,#5161,#625,.T.);
#7463=EDGE_CURVE('',#5629,#5163,#629,.T.);
#7467=ADVANCED_FACE('',(#7466),#7435,.F.);
#7473=EDGE_CURVE('',#5633,#5637,#633,.T.);
#7475=EDGE_CURVE('',#5167,#5633,#637,.T.);
#7477=EDGE_CURVE('',#5166,#5167,#642,.T.);
#7479=EDGE_CURVE('',#5169,#5166,#646,.T.);
#7481=EDGE_CURVE('',#5171,#5169,#650,.T.);
#7483=EDGE_CURVE('',#5173,#5171,#654,.T.);
#7485=EDGE_CURVE('',#5175,#5173,#659,.T.);
#7487=EDGE_CURVE('',#5195,#5175,#663,.T.);
#7489=EDGE_CURVE('',#5107,#5195,#667,.T.);
#7493=EDGE_CURVE('',#5413,#5059,#679,.T.);
#7495=EDGE_CURVE('',#5055,#5059,#683,.T.);
#7497=EDGE_CURVE('',#5409,#5055,#687,.T.);
#7500=EDGE_CURVE('',#5637,#5550,#695,.T.);
#7504=ADVANCED_FACE('',(#7503),#7472,.F.);
#7511=EDGE_CURVE('',#5507,#5505,#1063,.T.);
#7513=EDGE_CURVE('',#5507,#5509,#4897,.T.);
#7518=ADVANCED_FACE('',(#7517),#7509,.T.);
#7524=EDGE_CURVE('',#5463,#5273,#1103,.T.);
#7526=EDGE_CURVE('',#5273,#5259,#1051,.T.);
#7528=EDGE_CURVE('',#5259,#5277,#1625,.T.);
#7530=EDGE_CURVE('',#5277,#5098,#1605,.T.);
#7532=EDGE_CURVE('',#5499,#5098,#1055,.T.);
#7534=EDGE_CURVE('',#5499,#5466,#1059,.T.);
#7536=EDGE_CURVE('',#5466,#5507,#4901,.T.);
#7540=EDGE_CURVE('',#5527,#5537,#2091,.T.);
#7542=EDGE_CURVE('',#5537,#5151,#1067,.T.);
#7544=EDGE_CURVE('',#5150,#5151,#2157,.T.);
#7546=EDGE_CURVE('',#5139,#5150,#1071,.T.);
#7548=EDGE_CURVE('',#5138,#5139,#2235,.T.);
#7550=EDGE_CURVE('',#5119,#5138,#1075,.T.);
#7552=EDGE_CURVE('',#5451,#5119,#1079,.T.);
#7554=EDGE_CURVE('',#5450,#5451,#1083,.T.);
#7556=EDGE_CURVE('',#5450,#5463,#2115,.T.);
#7560=ADVANCED_FACE('',(#7559),#7523,.F.);
#7566=EDGE_CURVE('',#5595,#5653,#1087,.T.);
#7568=EDGE_CURVE('',#5648,#5653,#1158,.T.);
#7570=EDGE_CURVE('',#5551,#5648,#1091,.T.);
#7573=EDGE_CURVE('',#5582,#5273,#1099,.T.);
#7576=EDGE_CURVE('',#5102,#5463,#2111,.T.);
#7578=EDGE_CURVE('',#5199,#5102,#1107,.T.);
#7580=EDGE_CURVE('',#5591,#5199,#1111,.T.);
#7582=EDGE_CURVE('',#5595,#5591,#1116,.T.);
#7586=ADVANCED_FACE('',(#7585),#7565,.T.);
#7592=EDGE_CURVE('',#5546,#5661,#1120,.T.);
#7594=EDGE_CURVE('',#5656,#5661,#1438,.T.);
#7596=EDGE_CURVE('',#5602,#5656,#1124,.T.);
#7598=EDGE_CURVE('',#5598,#5602,#1129,.T.);
#7600=EDGE_CURVE('',#5197,#5598,#1133,.T.);
#7602=EDGE_CURVE('',#5083,#5197,#1137,.T.);
#7604=EDGE_CURVE('',#5461,#5083,#2063,.T.);
#7606=EDGE_CURVE('',#5461,#5275,#1141,.T.);
#7608=EDGE_CURVE('',#5585,#5275,#1145,.T.);
#7613=ADVANCED_FACE('',(#7612),#7591,.T.);
#7619=EDGE_CURVE('',#5653,#5651,#1149,.T.);
#7622=EDGE_CURVE('',#5594,#5595,#1153,.T.);
#7624=EDGE_CURVE('',#5594,#5651,#1393,.T.);
#7628=ADVANCED_FACE('',(#7627),#7618,.T.);
#7634=EDGE_CURVE('',#5648,#5649,#1166,.T.);
#7638=EDGE_CURVE('',#5651,#5649,#1389,.T.);
#7642=ADVANCED_FACE('',(#7641),#7633,.T.);
#7648=EDGE_CURVE('',#5641,#5645,#1162,.T.);
#7650=EDGE_CURVE('',#5551,#5641,#1213,.T.);
#7654=EDGE_CURVE('',#5649,#5645,#1384,.T.);
#7658=ADVANCED_FACE('',(#7657),#7647,.T.);
#7664=EDGE_CURVE('',#5640,#5641,#1218,.T.);
#7667=EDGE_CURVE('',#5645,#5643,#1380,.T.);
#7669=EDGE_CURVE('',#5640,#5643,#4937,.T.);
#7673=ADVANCED_FACE('',(#7672),#7663,.T.);
#7680=EDGE_CURVE('',#5190,#5175,#1170,.T.);
#7682=EDGE_CURVE('',#5199,#5190,#1246,.T.);
#7684=EDGE_CURVE('',#5195,#5199,#2197,.T.);
#7688=ADVANCED_FACE('',(#7687),#7678,.T.);
#7695=EDGE_CURVE('',#5193,#5197,#2123,.T.);
#7697=EDGE_CURVE('',#5179,#5197,#1298,.T.);
#7699=EDGE_CURVE('',#5179,#5155,#4921,.T.);
#7703=ADVANCED_FACE('',(#7702),#7693,.T.);
#7709=EDGE_CURVE('',#5616,#5617,#1175,.T.);
#7711=EDGE_CURVE('',#5616,#5546,#1179,.T.);
#7715=EDGE_CURVE('',#5624,#5625,#1188,.T.);
#7717=EDGE_CURVE('',#5557,#5624,#1417,.T.);
#7719=EDGE_CURVE('',#5226,#5557,#1192,.T.);
#7721=EDGE_CURVE('',#5230,#5226,#1196,.T.);
#7723=EDGE_CURVE('',#5559,#5230,#1200,.T.);
#7725=EDGE_CURVE('',#5617,#5559,#1401,.T.);
#7729=ADVANCED_FACE('',(#7728),#7708,.T.);
#7735=EDGE_CURVE('',#5637,#5635,#1205,.T.);
#7741=EDGE_CURVE('',#5553,#5640,#4945,.T.);
#7743=EDGE_CURVE('',#5218,#5553,#1222,.T.);
#7745=EDGE_CURVE('',#5222,#5218,#1226,.T.);
#7747=EDGE_CURVE('',#5555,#5222,#1230,.T.);
#7749=EDGE_CURVE('',#5635,#5555,#4929,.T.);
#7753=ADVANCED_FACE('',(#7752),#7734,.T.);
#7760=EDGE_CURVE('',#5191,#5173,#1234,.T.);
#7762=EDGE_CURVE('',#5190,#5191,#1251,.T.);
#7767=ADVANCED_FACE('',(#7766),#7758,.F.);
#7773=EDGE_CURVE('',#5191,#5207,#1255,.T.);
#7777=EDGE_CURVE('',#5215,#5171,#1238,.T.);
#7779=EDGE_CURVE('',#5215,#5729,#2245,.T.);
#7781=EDGE_CURVE('',#5729,#5207,#2209,.T.);
#7785=ADVANCED_FACE('',(#7784),#7772,.T.);
#7791=EDGE_CURVE('',#5590,#5591,#1242,.T.);
#7797=EDGE_CURVE('',#5205,#5207,#2205,.T.);
#7799=EDGE_CURVE('',#5205,#5186,#1259,.T.);
#7801=EDGE_CURVE('',#5186,#5187,#1264,.T.);
#7803=EDGE_CURVE('',#5187,#5590,#1268,.T.);
#7807=ADVANCED_FACE('',(#7806),#7790,.T.);
#7813=EDGE_CURVE('',#5598,#5599,#1272,.T.);
#7815=EDGE_CURVE('',#5599,#5182,#1276,.T.);
#7817=EDGE_CURVE('',#5182,#5183,#1281,.T.);
#7819=EDGE_CURVE('',#5183,#5203,#1285,.T.);
#7821=EDGE_CURVE('',#5201,#5203,#1471,.T.);
#7823=EDGE_CURVE('',#5201,#5178,#1289,.T.);
#7825=EDGE_CURVE('',#5178,#5179,#1294,.T.);
#7831=ADVANCED_FACE('',(#7830),#7812,.T.);
#7838=EDGE_CURVE('',#5590,#5594,#1303,.T.);
#7844=ADVANCED_FACE('',(#7843),#7836,.F.);
#7850=EDGE_CURVE('',#5621,#5619,#1308,.T.);
#7852=EDGE_CURVE('',#5621,#5567,#1312,.T.);
#7854=EDGE_CURVE('',#5567,#5231,#1316,.T.);
#7856=EDGE_CURVE('',#5231,#5227,#1320,.T.);
#7858=EDGE_CURVE('',#5227,#5565,#1324,.T.);
#7860=EDGE_CURVE('',#5565,#5627,#1328,.T.);
#7862=EDGE_CURVE('',#5629,#5627,#1333,.T.);
#7865=EDGE_CURVE('',#5182,#5163,#1337,.T.);
#7868=EDGE_CURVE('',#5603,#5599,#1451,.T.);
#7870=EDGE_CURVE('',#5657,#5603,#1341,.T.);
#7872=EDGE_CURVE('',#5659,#5657,#1346,.T.);
#7874=EDGE_CURVE('',#5619,#5659,#1350,.T.);
#7878=ADVANCED_FACE('',(#7877),#7849,.T.);
#7884=EDGE_CURVE('',#5632,#5633,#1355,.T.);
#7886=EDGE_CURVE('',#5632,#5563,#1359,.T.);
#7888=EDGE_CURVE('',#5563,#5223,#1363,.T.);
#7890=EDGE_CURVE('',#5223,#5219,#1367,.T.);
#7892=EDGE_CURVE('',#5219,#5561,#1371,.T.);
#7894=EDGE_CURVE('',#5561,#5643,#1375,.T.);
#7902=EDGE_CURVE('',#5187,#5167,#2261,.T.);
#7907=ADVANCED_FACE('',(#7906),#7883,.T.);
#7914=EDGE_CURVE('',#5617,#5621,#1397,.T.);
#7917=EDGE_CURVE('',#5616,#5619,#1429,.T.);
#7921=ADVANCED_FACE('',(#7920),#7912,.T.);
#7929=EDGE_CURVE('',#5559,#5567,#1405,.T.);
#7934=ADVANCED_FACE('',(#7933),#7926,.T.);
#7940=EDGE_CURVE('',#5624,#5627,#1409,.T.);
#7943=EDGE_CURVE('',#5557,#5565,#1413,.T.);
#7948=ADVANCED_FACE('',(#7947),#7939,.T.);
#7954=EDGE_CURVE('',#5230,#5231,#1421,.T.);
#7961=ADVANCED_FACE('',(#7960),#7953,.F.);
#7967=EDGE_CURVE('',#5226,#5227,#1425,.T.);
#7974=ADVANCED_FACE('',(#7973),#7966,.F.);
#7986=ADVANCED_FACE('',(#7985),#7979,.F.);
#7998=ADVANCED_FACE('',(#7997),#7991,.T.);
#8006=EDGE_CURVE('',#5661,#5659,#1433,.T.);
#8012=ADVANCED_FACE('',(#8011),#8003,.T.);
#8018=EDGE_CURVE('',#5656,#5657,#1442,.T.);
#8025=ADVANCED_FACE('',(#8024),#8017,.T.);
#8033=EDGE_CURVE('',#5602,#5603,#1446,.T.);
#8038=ADVANCED_FACE('',(#8037),#8030,.T.);
#8050=ADVANCED_FACE('',(#8049),#8043,.F.);
#8057=EDGE_CURVE('',#5183,#5161,#1455,.T.);
#8063=ADVANCED_FACE('',(#8062),#8055,.T.);
#8072=EDGE_CURVE('',#5211,#5159,#1459,.T.);
#8074=EDGE_CURVE('',#5211,#5725,#1507,.T.);
#8076=EDGE_CURVE('',#5725,#5203,#1475,.T.);
#8080=ADVANCED_FACE('',(#8079),#8068,.T.);
#8086=EDGE_CURVE('',#5209,#5157,#1463,.T.);
#8088=EDGE_CURVE('',#5209,#5211,#1511,.T.);
#8094=ADVANCED_FACE('',(#8093),#8085,.T.);
#8101=EDGE_CURVE('',#5723,#5201,#1487,.T.);
#8103=EDGE_CURVE('',#5209,#5723,#1492,.T.);
#8107=EDGE_CURVE('',#5178,#5154,#1467,.T.);
#8111=ADVANCED_FACE('',(#8110),#8099,.T.);
#8119=EDGE_CURVE('',#5725,#5135,#1479,.T.);
#8121=EDGE_CURVE('',#5115,#5135,#1573,.T.);
#8123=EDGE_CURVE('',#5114,#5115,#2035,.T.);
#8125=EDGE_CURVE('',#5529,#5114,#2051,.T.);
#8127=EDGE_CURVE('',#5529,#5130,#1519,.T.);
#8129=EDGE_CURVE('',#5130,#5723,#1483,.T.);
#8134=ADVANCED_FACE('',(#8133),#8116,.T.);
#8142=EDGE_CURVE('',#5130,#5131,#1497,.T.);
#8144=EDGE_CURVE('',#5131,#5134,#1543,.T.);
#8146=EDGE_CURVE('',#5134,#5135,#1502,.T.);
#8153=ADVANCED_FACE('',(#8152),#8139,.T.);
#8159=EDGE_CURVE('',#5131,#5126,#1515,.T.);
#8163=EDGE_CURVE('',#5529,#5082,#2067,.T.);
#8165=EDGE_CURVE('',#5082,#5519,#1523,.T.);
#8167=EDGE_CURVE('',#5519,#5110,#1527,.T.);
#8169=EDGE_CURVE('',#5110,#5087,#1531,.T.);
#8171=EDGE_CURVE('',#5087,#5533,#2075,.T.);
#8173=EDGE_CURVE('',#5533,#5127,#1535,.T.);
#8175=EDGE_CURVE('',#5126,#5127,#1561,.T.);
#8179=ADVANCED_FACE('',(#8178),#8158,.F.);
#8185=EDGE_CURVE('',#5123,#5126,#1539,.T.);
#8187=EDGE_CURVE('',#5134,#5123,#1577,.T.);
#8193=ADVANCED_FACE('',(#8192),#8184,.T.);
#8199=EDGE_CURVE('',#5139,#5142,#1547,.T.);
#8202=EDGE_CURVE('',#5147,#5150,#1551,.T.);
#8204=EDGE_CURVE('',#5142,#5147,#2161,.T.);
#8208=ADVANCED_FACE('',(#8207),#8198,.T.);
#8214=EDGE_CURVE('',#5122,#5123,#1556,.T.);
#8218=EDGE_CURVE('',#5122,#5127,#2143,.T.);
#8222=ADVANCED_FACE('',(#8221),#8213,.T.);
#8228=EDGE_CURVE('',#5279,#5075,#1613,.T.);
#8230=EDGE_CURVE('',#5279,#5270,#1637,.T.);
#8232=EDGE_CURVE('',#5275,#5270,#1921,.T.);
#8235=EDGE_CURVE('',#5461,#5446,#2059,.T.);
#8237=EDGE_CURVE('',#5446,#5447,#1565,.T.);
#8239=EDGE_CURVE('',#5447,#5115,#1569,.T.);
#8245=EDGE_CURVE('',#5532,#5122,#1581,.T.);
#8247=EDGE_CURVE('',#5532,#5525,#2083,.T.);
#8250=EDGE_CURVE('',#5515,#5513,#1585,.T.);
#8252=EDGE_CURVE('',#5467,#5513,#1589,.T.);
#8254=EDGE_CURVE('',#5467,#5497,#1593,.T.);
#8256=EDGE_CURVE('',#5075,#5497,#1597,.T.);
#8260=ADVANCED_FACE('',(#8259),#8227,.F.);
#8266=EDGE_CURVE('',#5262,#5277,#1601,.T.);
#8268=EDGE_CURVE('',#5454,#5262,#1937,.T.);
#8270=EDGE_CURVE('',#5454,#5455,#2019,.T.);
#8272=EDGE_CURVE('',#5098,#5455,#2269,.T.);
#8277=ADVANCED_FACE('',(#8276),#8265,.T.);
#8283=EDGE_CURVE('',#5279,#5267,#1609,.T.);
#8286=EDGE_CURVE('',#5458,#5075,#2043,.T.);
#8288=EDGE_CURVE('',#5458,#5459,#2031,.T.);
#8290=EDGE_CURVE('',#5459,#5267,#2003,.T.);
#8294=ADVANCED_FACE('',(#8293),#8282,.T.);
#8300=EDGE_CURVE('',#5258,#5259,#1617,.T.);
#8302=EDGE_CURVE('',#5263,#5258,#1853,.T.);
#8309=ADVANCED_FACE('',(#8308),#8299,.T.);
#8316=EDGE_CURVE('',#5266,#5271,#1841,.T.);
#8318=EDGE_CURVE('',#5270,#5271,#1633,.T.);
#8324=ADVANCED_FACE('',(#8323),#8314,.T.);
#8334=EDGE_CURVE('',#5583,#5258,#1641,.T.);
#8338=ADVANCED_FACE('',(#8337),#8329,.F.);
#8347=EDGE_CURVE('',#5035,#5055,#1645,.T.);
#8349=EDGE_CURVE('',#5033,#5035,#1649,.T.);
#8351=EDGE_CURVE('',#5031,#5033,#1653,.T.);
#8353=EDGE_CURVE('',#5030,#5031,#1657,.T.);
#8355=EDGE_CURVE('',#5258,#5030,#1661,.T.);
#8359=ADVANCED_FACE('',(#8358),#8343,.T.);
#8365=EDGE_CURVE('',#5587,#5271,#1665,.T.);
#8367=EDGE_CURVE('',#5027,#5271,#1669,.T.);
#8369=EDGE_CURVE('',#5025,#5027,#1673,.T.);
#8371=EDGE_CURVE('',#5023,#5025,#1677,.T.);
#8373=EDGE_CURVE('',#5022,#5023,#1681,.T.);
#8375=EDGE_CURVE('',#5053,#5022,#1685,.T.);
#8381=ADVANCED_FACE('',(#8380),#8364,.T.);
#8389=EDGE_CURVE('',#5051,#5059,#1761,.T.);
#8391=EDGE_CURVE('',#5035,#5051,#1689,.T.);
#8395=ADVANCED_FACE('',(#8394),#8386,.F.);
#8403=EDGE_CURVE('',#5433,#5069,#1701,.T.);
#8405=EDGE_CURVE('',#5431,#5433,#1705,.T.);
#8407=EDGE_CURVE('',#5429,#5431,#1709,.T.);
#8409=EDGE_CURVE('',#5427,#5429,#1713,.T.);
#8411=EDGE_CURVE('',#5426,#5427,#1717,.T.);
#8415=EDGE_CURVE('',#5057,#5038,#1721,.T.);
#8417=EDGE_CURVE('',#5038,#5039,#1725,.T.);
#8419=EDGE_CURVE('',#5039,#5041,#1729,.T.);
#8421=EDGE_CURVE('',#5041,#5043,#1733,.T.);
#8423=EDGE_CURVE('',#5043,#5251,#1737,.T.);
#8427=ADVANCED_FACE('',(#8426),#8400,.F.);
#8434=EDGE_CURVE('',#5250,#5046,#1745,.T.);
#8436=EDGE_CURVE('',#5046,#5047,#1749,.T.);
#8438=EDGE_CURVE('',#5047,#5049,#1753,.T.);
#8440=EDGE_CURVE('',#5049,#5051,#1757,.T.);
#8445=EDGE_CURVE('',#5443,#5441,#1765,.T.);
#8447=EDGE_CURVE('',#5439,#5441,#1769,.T.);
#8449=EDGE_CURVE('',#5437,#5439,#1773,.T.);
#8451=EDGE_CURVE('',#5435,#5437,#1777,.T.);
#8453=EDGE_CURVE('',#5071,#5435,#1781,.T.);
#8455=EDGE_CURVE('',#5247,#5071,#1785,.T.);
#8459=ADVANCED_FACE('',(#8458),#8432,.F.);
#8466=EDGE_CURVE('',#5479,#5433,#1793,.T.);
#8473=ADVANCED_FACE('',(#8472),#8464,.T.);
#8480=EDGE_CURVE('',#5477,#5431,#1801,.T.);
#8486=ADVANCED_FACE('',(#8485),#8478,.T.);
#8493=EDGE_CURVE('',#5475,#5429,#1809,.T.);
#8499=ADVANCED_FACE('',(#8498),#8491,.T.);
#8506=EDGE_CURVE('',#5473,#5427,#1817,.T.);
#8512=ADVANCED_FACE('',(#8511),#8504,.T.);
#8524=ADVANCED_FACE('',(#8523),#8517,.T.);
#8531=EDGE_CURVE('',#5022,#5038,#1829,.T.);
#8537=ADVANCED_FACE('',(#8536),#8529,.F.);
#8544=EDGE_CURVE('',#5023,#5039,#1833,.T.);
#8550=ADVANCED_FACE('',(#8549),#8542,.F.);
#8557=EDGE_CURVE('',#5025,#5041,#1837,.T.);
#8563=ADVANCED_FACE('',(#8562),#8555,.F.);
#8570=EDGE_CURVE('',#5027,#5043,#1849,.T.);
#8576=ADVANCED_FACE('',(#8575),#8568,.F.);
#8590=ADVANCED_FACE('',(#8589),#8581,.F.);
#8598=EDGE_CURVE('',#5030,#5046,#1865,.T.);
#8605=ADVANCED_FACE('',(#8604),#8595,.F.);
#8612=EDGE_CURVE('',#5031,#5047,#1869,.T.);
#8618=ADVANCED_FACE('',(#8617),#8610,.F.);
#8625=EDGE_CURVE('',#5033,#5049,#1873,.T.);
#8631=ADVANCED_FACE('',(#8630),#8623,.F.);
#8643=ADVANCED_FACE('',(#8642),#8636,.F.);
#8649=EDGE_CURVE('',#5493,#5491,#1877,.T.);
#8651=EDGE_CURVE('',#5491,#5441,#1881,.T.);
#8657=ADVANCED_FACE('',(#8656),#8648,.T.);
#8663=EDGE_CURVE('',#5484,#5485,#1885,.T.);
#8665=EDGE_CURVE('',#5485,#5487,#1897,.T.);
#8667=EDGE_CURVE('',#5487,#5489,#1905,.T.);
#8669=EDGE_CURVE('',#5489,#5491,#1913,.T.);
#8676=ADVANCED_FACE('',(#8675),#8662,.T.);
#8684=EDGE_CURVE('',#5066,#5071,#1889,.T.);
#8687=EDGE_CURVE('',#5485,#5435,#1901,.T.);
#8691=ADVANCED_FACE('',(#8690),#8681,.T.);
#8704=ADVANCED_FACE('',(#8703),#8696,.T.);
#8713=EDGE_CURVE('',#5487,#5437,#1909,.T.);
#8717=ADVANCED_FACE('',(#8716),#8709,.T.);
#8726=EDGE_CURVE('',#5489,#5439,#1917,.T.);
#8730=ADVANCED_FACE('',(#8729),#8722,.T.);
#8742=ADVANCED_FACE('',(#8741),#8735,.T.);
#8755=ADVANCED_FACE('',(#8754),#8747,.F.);
#8762=EDGE_CURVE('',#5523,#5607,#1929,.T.);
#8764=EDGE_CURVE('',#5523,#5090,#1933,.T.);
#8766=EDGE_CURVE('',#5090,#5454,#2023,.T.);
#8771=ADVANCED_FACE('',(#8770),#8760,.T.);
#8780=EDGE_CURVE('',#5523,#5609,#1956,.T.);
#8785=ADVANCED_FACE('',(#8784),#8776,.T.);
#8793=EDGE_CURVE('',#5090,#5091,#1966,.T.);
#8799=ADVANCED_FACE('',(#8798),#8790,.T.);
#8807=EDGE_CURVE('',#5094,#5095,#1970,.T.);
#8809=EDGE_CURVE('',#5090,#5094,#2027,.T.);
#8813=ADVANCED_FACE('',(#8812),#8804,.T.);
#8820=EDGE_CURVE('',#5612,#5521,#1989,.T.);
#8822=EDGE_CURVE('',#5094,#5521,#2011,.T.);
#8828=ADVANCED_FACE('',(#8827),#8818,.T.);
#8835=EDGE_CURVE('',#5521,#5604,#2015,.T.);
#8842=ADVANCED_FACE('',(#8841),#8833,.T.);
#8850=EDGE_CURVE('',#5094,#5459,#2007,.T.);
#8856=ADVANCED_FACE('',(#8855),#8847,.T.);
#8862=EDGE_CURVE('',#5541,#5458,#2039,.T.);
#8864=EDGE_CURVE('',#5541,#5543,#2293,.T.);
#8866=EDGE_CURVE('',#5455,#5543,#2265,.T.);
#8875=ADVANCED_FACE('',(#8874),#8861,.T.);
#8881=EDGE_CURVE('',#5446,#5114,#2055,.T.);
#8884=EDGE_CURVE('',#5541,#5115,#2297,.T.);
#8888=EDGE_CURVE('',#5074,#5075,#4885,.T.);
#8890=EDGE_CURVE('',#5074,#5446,#2047,.T.);
#8894=ADVANCED_FACE('',(#8893),#8880,.F.);
#8904=EDGE_CURVE('',#5082,#5083,#2131,.T.);
#8909=ADVANCED_FACE('',(#8908),#8899,.T.);
#8915=EDGE_CURVE('',#5532,#5533,#2071,.T.);
#8918=EDGE_CURVE('',#5086,#5087,#2139,.T.);
#8924=ADVANCED_FACE('',(#8923),#8914,.T.);
#8930=EDGE_CURVE('',#5536,#5537,#2087,.T.);
#8934=EDGE_CURVE('',#5078,#5079,#2185,.T.);
#8936=EDGE_CURVE('',#5536,#5078,#2099,.T.);
#8940=ADVANCED_FACE('',(#8939),#8929,.T.);
#8946=EDGE_CURVE('',#5118,#5539,#2103,.T.);
#8948=EDGE_CURVE('',#5103,#5539,#2107,.T.);
#8950=EDGE_CURVE('',#5102,#5103,#2201,.T.);
#8954=EDGE_CURVE('',#5118,#5450,#2119,.T.);
#8958=ADVANCED_FACE('',(#8957),#8945,.T.);
#8965=EDGE_CURVE('',#5519,#5193,#2127,.T.);
#8972=ADVANCED_FACE('',(#8971),#8963,.T.);
#8979=EDGE_CURVE('',#5110,#5111,#2135,.T.);
#8985=ADVANCED_FACE('',(#8984),#8977,.T.);
#8997=ADVANCED_FACE('',(#8996),#8990,.T.);
#9009=ADVANCED_FACE('',(#9008),#9002,.T.);
#9015=EDGE_CURVE('',#5146,#5151,#2147,.T.);
#9019=EDGE_CURVE('',#5536,#5146,#2165,.T.);
#9023=ADVANCED_FACE('',(#9022),#9014,.T.);
#9029=EDGE_CURVE('',#5146,#5147,#2152,.T.);
#9036=ADVANCED_FACE('',(#9035),#9028,.T.);
#9046=EDGE_CURVE('',#5078,#5106,#2169,.T.);
#9048=EDGE_CURVE('',#5106,#5501,#2173,.T.);
#9050=EDGE_CURVE('',#5501,#5103,#2177,.T.);
#9053=EDGE_CURVE('',#5539,#5143,#2181,.T.);
#9055=EDGE_CURVE('',#5142,#5143,#2240,.T.);
#9059=ADVANCED_FACE('',(#9058),#9041,.F.);
#9067=EDGE_CURVE('',#5106,#5107,#2189,.T.);
#9072=ADVANCED_FACE('',(#9071),#9064,.T.);
#9079=EDGE_CURVE('',#5501,#5195,#2193,.T.);
#9085=ADVANCED_FACE('',(#9084),#9077,.T.);
#9098=ADVANCED_FACE('',(#9097),#9090,.T.);
#9106=EDGE_CURVE('',#5729,#5143,#2213,.T.);
#9110=EDGE_CURVE('',#5118,#5119,#2217,.T.);
#9113=EDGE_CURVE('',#5138,#5727,#2221,.T.);
#9115=EDGE_CURVE('',#5727,#5205,#2225,.T.);
#9119=ADVANCED_FACE('',(#9118),#9103,.T.);
#9125=EDGE_CURVE('',#5213,#5727,#2230,.T.);
#9133=EDGE_CURVE('',#5213,#5215,#2249,.T.);
#9137=ADVANCED_FACE('',(#9136),#9124,.T.);
#9146=EDGE_CURVE('',#5213,#5169,#2257,.T.);
#9149=EDGE_CURVE('',#5186,#5166,#2253,.T.);
#9153=ADVANCED_FACE('',(#9152),#9142,.T.);
#9165=ADVANCED_FACE('',(#9164),#9158,.T.);
#9177=ADVANCED_FACE('',(#9176),#9170,.T.);
#9184=EDGE_CURVE('',#5543,#5119,#2289,.T.);
#9188=EDGE_CURVE('',#5099,#5450,#2983,.T.);
#9190=EDGE_CURVE('',#5098,#5099,#4889,.T.);
#9195=ADVANCED_FACE('',(#9194),#9182,.F.);
#9201=EDGE_CURVE('',#6548,#6555,#2273,.T.);
#9203=EDGE_CURVE('',#6557,#6555,#2277,.T.);
#9205=EDGE_CURVE('',#6552,#6557,#2281,.T.);
#9207=EDGE_CURVE('',#5451,#6552,#2285,.T.);
#9214=EDGE_CURVE('',#5671,#5447,#2301,.T.);
#9216=EDGE_CURVE('',#5671,#5337,#2305,.T.);
#9218=EDGE_CURVE('',#5341,#5337,#2309,.T.);
#9220=EDGE_CURVE('',#5673,#5341,#2313,.T.);
#9222=EDGE_CURVE('',#5683,#5673,#2317,.T.);
#9224=EDGE_CURVE('',#5683,#5353,#2321,.T.);
#9226=EDGE_CURVE('',#5357,#5353,#2325,.T.);
#9228=EDGE_CURVE('',#5685,#5357,#2329,.T.);
#9230=EDGE_CURVE('',#5695,#5685,#2333,.T.);
#9232=EDGE_CURVE('',#5695,#5369,#2337,.T.);
#9234=EDGE_CURVE('',#5373,#5369,#2341,.T.);
#9236=EDGE_CURVE('',#5697,#5373,#2345,.T.);
#9238=EDGE_CURVE('',#5707,#5697,#2349,.T.);
#9240=EDGE_CURVE('',#5707,#5385,#2353,.T.);
#9242=EDGE_CURVE('',#5389,#5385,#2357,.T.);
#9244=EDGE_CURVE('',#5709,#5389,#2361,.T.);
#9246=EDGE_CURVE('',#5719,#5709,#2365,.T.);
#9248=EDGE_CURVE('',#5719,#5401,#2369,.T.);
#9250=EDGE_CURVE('',#5405,#5401,#2373,.T.);
#9252=EDGE_CURVE('',#5721,#5405,#2377,.T.);
#9254=EDGE_CURVE('',#5844,#5721,#2381,.T.);
#9256=EDGE_CURVE('',#5844,#5851,#2385,.T.);
#9258=EDGE_CURVE('',#5853,#5851,#2389,.T.);
#9260=EDGE_CURVE('',#5848,#5853,#2393,.T.);
#9262=EDGE_CURVE('',#5888,#5848,#2397,.T.);
#9264=EDGE_CURVE('',#5888,#5895,#2401,.T.);
#9266=EDGE_CURVE('',#5897,#5895,#2405,.T.);
#9268=EDGE_CURVE('',#5892,#5897,#2409,.T.);
#9270=EDGE_CURVE('',#5932,#5892,#2413,.T.);
#9272=EDGE_CURVE('',#5932,#5939,#2417,.T.);
#9274=EDGE_CURVE('',#5941,#5939,#2421,.T.);
#9276=EDGE_CURVE('',#5936,#5941,#2425,.T.);
#9278=EDGE_CURVE('',#5976,#5936,#2429,.T.);
#9280=EDGE_CURVE('',#5976,#5983,#2433,.T.);
#9282=EDGE_CURVE('',#5985,#5983,#2437,.T.);
#9284=EDGE_CURVE('',#5980,#5985,#2441,.T.);
#9286=EDGE_CURVE('',#6020,#5980,#2445,.T.);
#9288=EDGE_CURVE('',#6020,#6027,#2449,.T.);
#9290=EDGE_CURVE('',#6029,#6027,#2453,.T.);
#9292=EDGE_CURVE('',#6024,#6029,#2457,.T.);
#9294=EDGE_CURVE('',#6064,#6024,#2461,.T.);
#9296=EDGE_CURVE('',#6064,#6071,#2465,.T.);
#9298=EDGE_CURVE('',#6073,#6071,#2469,.T.);
#9300=EDGE_CURVE('',#6068,#6073,#2473,.T.);
#9302=EDGE_CURVE('',#6108,#6068,#2477,.T.);
#9304=EDGE_CURVE('',#6108,#6115,#2481,.T.);
#9306=EDGE_CURVE('',#6117,#6115,#2485,.T.);
#9308=EDGE_CURVE('',#6112,#6117,#2489,.T.);
#9310=EDGE_CURVE('',#6152,#6112,#2493,.T.);
#9312=EDGE_CURVE('',#6152,#6159,#2497,.T.);
#9314=EDGE_CURVE('',#6161,#6159,#2501,.T.);
#9316=EDGE_CURVE('',#6156,#6161,#2505,.T.);
#9318=EDGE_CURVE('',#6196,#6156,#2509,.T.);
#9320=EDGE_CURVE('',#6196,#6203,#2513,.T.);
#9322=EDGE_CURVE('',#6205,#6203,#2517,.T.);
#9324=EDGE_CURVE('',#6200,#6205,#2521,.T.);
#9326=EDGE_CURVE('',#6240,#6200,#2525,.T.);
#9328=EDGE_CURVE('',#6240,#6247,#2529,.T.);
#9330=EDGE_CURVE('',#6249,#6247,#2533,.T.);
#9332=EDGE_CURVE('',#6244,#6249,#2537,.T.);
#9334=EDGE_CURVE('',#6284,#6244,#2541,.T.);
#9336=EDGE_CURVE('',#6284,#6291,#2545,.T.);
#9338=EDGE_CURVE('',#6293,#6291,#2549,.T.);
#9340=EDGE_CURVE('',#6288,#6293,#2553,.T.);
#9342=EDGE_CURVE('',#6328,#6288,#2557,.T.);
#9344=EDGE_CURVE('',#6328,#6335,#2561,.T.);
#9346=EDGE_CURVE('',#6337,#6335,#2565,.T.);
#9348=EDGE_CURVE('',#6332,#6337,#2569,.T.);
#9350=EDGE_CURVE('',#6372,#6332,#2573,.T.);
#9352=EDGE_CURVE('',#6372,#6379,#2577,.T.);
#9354=EDGE_CURVE('',#6381,#6379,#2581,.T.);
#9356=EDGE_CURVE('',#6376,#6381,#2585,.T.);
#9358=EDGE_CURVE('',#6416,#6376,#2589,.T.);
#9360=EDGE_CURVE('',#6416,#6423,#2593,.T.);
#9362=EDGE_CURVE('',#6425,#6423,#2597,.T.);
#9364=EDGE_CURVE('',#6420,#6425,#2601,.T.);
#9366=EDGE_CURVE('',#6460,#6420,#2605,.T.);
#9368=EDGE_CURVE('',#6460,#6467,#2609,.T.);
#9370=EDGE_CURVE('',#6469,#6467,#2613,.T.);
#9372=EDGE_CURVE('',#6464,#6469,#2617,.T.);
#9374=EDGE_CURVE('',#6504,#6464,#2621,.T.);
#9376=EDGE_CURVE('',#6504,#6511,#2625,.T.);
#9378=EDGE_CURVE('',#6513,#6511,#2629,.T.);
#9380=EDGE_CURVE('',#6508,#6513,#2633,.T.);
#9382=EDGE_CURVE('',#6548,#6508,#2637,.T.);
#9386=ADVANCED_FACE('',(#9385),#9200,.T.);
#9393=EDGE_CURVE('',#6525,#6541,#2641,.T.);
#9395=EDGE_CURVE('',#6523,#6525,#2645,.T.);
#9397=EDGE_CURVE('',#6521,#6523,#2649,.T.);
#9399=EDGE_CURVE('',#6520,#6521,#2653,.T.);
#9401=EDGE_CURVE('',#6540,#6520,#2657,.T.);
#9405=ADVANCED_FACE('',(#9404),#9391,.T.);
#9411=EDGE_CURVE('',#6548,#6549,#2723,.T.);
#9413=EDGE_CURVE('',#6517,#6549,#2661,.T.);
#9415=EDGE_CURVE('',#6516,#6517,#2666,.T.);
#9417=EDGE_CURVE('',#6555,#6516,#2670,.T.);
#9422=ADVANCED_FACE('',(#9421),#9410,.T.);
#9429=EDGE_CURVE('',#6537,#6545,#2694,.T.);
#9431=EDGE_CURVE('',#6525,#6537,#2674,.T.);
#9436=ADVANCED_FACE('',(#9435),#9427,.T.);
#9443=EDGE_CURVE('',#6544,#6532,#2678,.T.);
#9445=EDGE_CURVE('',#6532,#6533,#2682,.T.);
#9447=EDGE_CURVE('',#6533,#6535,#2686,.T.);
#9449=EDGE_CURVE('',#6535,#6537,#2690,.T.);
#9454=ADVANCED_FACE('',(#9453),#9441,.F.);
#9460=EDGE_CURVE('',#6552,#6553,#2987,.T.);
#9463=EDGE_CURVE('',#6557,#6528,#2698,.T.);
#9465=EDGE_CURVE('',#6528,#6529,#2703,.T.);
#9467=EDGE_CURVE('',#6529,#6553,#2707,.T.);
#9471=ADVANCED_FACE('',(#9470),#9459,.F.);
#9479=EDGE_CURVE('',#6520,#6532,#2711,.T.);
#9484=ADVANCED_FACE('',(#9483),#9476,.T.);
#9491=EDGE_CURVE('',#6521,#6533,#2715,.T.);
#9497=ADVANCED_FACE('',(#9496),#9489,.T.);
#9504=EDGE_CURVE('',#6523,#6535,#2719,.T.);
#9510=ADVANCED_FACE('',(#9509),#9502,.T.);
#9522=ADVANCED_FACE('',(#9521),#9515,.T.);
#9530=EDGE_CURVE('',#6508,#6509,#2727,.T.);
#9532=EDGE_CURVE('',#6509,#6505,#2731,.T.);
#9534=EDGE_CURVE('',#6504,#6505,#2735,.T.);
#9537=EDGE_CURVE('',#6464,#6465,#2739,.T.);
#9539=EDGE_CURVE('',#6465,#6461,#2743,.T.);
#9541=EDGE_CURVE('',#6460,#6461,#2747,.T.);
#9544=EDGE_CURVE('',#6420,#6421,#2751,.T.);
#9546=EDGE_CURVE('',#6421,#6417,#2755,.T.);
#9548=EDGE_CURVE('',#6416,#6417,#2759,.T.);
#9551=EDGE_CURVE('',#6376,#6377,#2763,.T.);
#9553=EDGE_CURVE('',#6377,#6373,#2767,.T.);
#9555=EDGE_CURVE('',#6372,#6373,#2771,.T.);
#9558=EDGE_CURVE('',#6332,#6333,#2775,.T.);
#9560=EDGE_CURVE('',#6333,#6329,#2779,.T.);
#9562=EDGE_CURVE('',#6328,#6329,#2783,.T.);
#9565=EDGE_CURVE('',#6288,#6289,#2787,.T.);
#9567=EDGE_CURVE('',#6289,#6285,#2791,.T.);
#9569=EDGE_CURVE('',#6284,#6285,#2795,.T.);
#9572=EDGE_CURVE('',#6244,#6245,#2799,.T.);
#9574=EDGE_CURVE('',#6245,#6241,#2803,.T.);
#9576=EDGE_CURVE('',#6240,#6241,#2807,.T.);
#9579=EDGE_CURVE('',#6200,#6201,#2811,.T.);
#9581=EDGE_CURVE('',#6201,#6197,#2815,.T.);
#9583=EDGE_CURVE('',#6196,#6197,#2819,.T.);
#9586=EDGE_CURVE('',#6156,#6157,#2823,.T.);
#9588=EDGE_CURVE('',#6157,#6153,#2827,.T.);
#9590=EDGE_CURVE('',#6152,#6153,#2831,.T.);
#9593=EDGE_CURVE('',#6112,#6113,#2835,.T.);
#9595=EDGE_CURVE('',#6113,#6109,#2839,.T.);
#9597=EDGE_CURVE('',#6108,#6109,#2843,.T.);
#9600=EDGE_CURVE('',#6068,#6069,#2847,.T.);
#9602=EDGE_CURVE('',#6069,#6065,#2851,.T.);
#9604=EDGE_CURVE('',#6064,#6065,#2855,.T.);
#9607=EDGE_CURVE('',#6024,#6025,#2859,.T.);
#9609=EDGE_CURVE('',#6025,#6021,#2863,.T.);
#9611=EDGE_CURVE('',#6020,#6021,#2867,.T.);
#9614=EDGE_CURVE('',#5980,#5981,#2871,.T.);
#9616=EDGE_CURVE('',#5981,#5977,#2875,.T.);
#9618=EDGE_CURVE('',#5976,#5977,#2879,.T.);
#9621=EDGE_CURVE('',#5936,#5937,#2883,.T.);
#9623=EDGE_CURVE('',#5937,#5933,#2887,.T.);
#9625=EDGE_CURVE('',#5932,#5933,#2891,.T.);
#9628=EDGE_CURVE('',#5892,#5893,#2895,.T.);
#9630=EDGE_CURVE('',#5893,#5889,#2899,.T.);
#9632=EDGE_CURVE('',#5888,#5889,#2903,.T.);
#9635=EDGE_CURVE('',#5848,#5849,#2907,.T.);
#9637=EDGE_CURVE('',#5849,#5845,#2911,.T.);
#9639=EDGE_CURVE('',#5844,#5845,#2915,.T.);
#9642=EDGE_CURVE('',#5721,#5407,#2919,.T.);
#9644=EDGE_CURVE('',#5407,#5403,#2923,.T.);
#9646=EDGE_CURVE('',#5719,#5403,#2927,.T.);
#9649=EDGE_CURVE('',#5709,#5391,#2931,.T.);
#9651=EDGE_CURVE('',#5391,#5387,#2935,.T.);
#9653=EDGE_CURVE('',#5707,#5387,#2939,.T.);
#9656=EDGE_CURVE('',#5697,#5375,#2943,.T.);
#9658=EDGE_CURVE('',#5375,#5371,#2947,.T.);
#9660=EDGE_CURVE('',#5695,#5371,#2951,.T.);
#9663=EDGE_CURVE('',#5685,#5359,#2955,.T.);
#9665=EDGE_CURVE('',#5359,#5355,#2959,.T.);
#9667=EDGE_CURVE('',#5683,#5355,#2963,.T.);
#9670=EDGE_CURVE('',#5673,#5343,#2967,.T.);
#9672=EDGE_CURVE('',#5343,#5339,#2971,.T.);
#9674=EDGE_CURVE('',#5671,#5339,#2975,.T.);
#9679=EDGE_CURVE('',#5099,#5074,#2979,.T.);
#9685=EDGE_CURVE('',#6553,#6549,#2991,.T.);
#9689=ADVANCED_FACE('',(#9688),#9527,.T.);
#9696=EDGE_CURVE('',#6500,#6488,#2995,.T.);
#9698=EDGE_CURVE('',#6488,#6489,#2999,.T.);
#9700=EDGE_CURVE('',#6489,#6491,#3003,.T.);
#9702=EDGE_CURVE('',#6491,#6493,#3007,.T.);
#9704=EDGE_CURVE('',#6493,#6501,#3011,.T.);
#9708=ADVANCED_FACE('',(#9707),#9694,.F.);
#9716=EDGE_CURVE('',#6513,#6484,#3015,.T.);
#9718=EDGE_CURVE('',#6484,#6485,#3020,.T.);
#9720=EDGE_CURVE('',#6485,#6509,#3024,.T.);
#9724=ADVANCED_FACE('',(#9723),#9713,.F.);
#9731=EDGE_CURVE('',#6496,#6476,#3044,.T.);
#9733=EDGE_CURVE('',#6476,#6488,#3073,.T.);
#9738=ADVANCED_FACE('',(#9737),#9729,.T.);
#9745=EDGE_CURVE('',#6481,#6497,#3028,.T.);
#9747=EDGE_CURVE('',#6479,#6481,#3032,.T.);
#9749=EDGE_CURVE('',#6477,#6479,#3036,.T.);
#9751=EDGE_CURVE('',#6476,#6477,#3040,.T.);
#9756=ADVANCED_FACE('',(#9755),#9743,.T.);
#9763=EDGE_CURVE('',#6473,#6505,#3048,.T.);
#9765=EDGE_CURVE('',#6472,#6473,#3053,.T.);
#9767=EDGE_CURVE('',#6511,#6472,#3057,.T.);
#9772=ADVANCED_FACE('',(#9771),#9761,.T.);
#9780=EDGE_CURVE('',#6481,#6493,#3061,.T.);
#9785=ADVANCED_FACE('',(#9784),#9777,.T.);
#9794=EDGE_CURVE('',#6479,#6491,#3065,.T.);
#9798=ADVANCED_FACE('',(#9797),#9790,.T.);
#9807=EDGE_CURVE('',#6477,#6489,#3069,.T.);
#9811=ADVANCED_FACE('',(#9810),#9803,.T.);
#9823=ADVANCED_FACE('',(#9822),#9816,.T.);
#9831=EDGE_CURVE('',#6473,#6485,#3077,.T.);
#9836=ADVANCED_FACE('',(#9835),#9828,.T.);
#9845=EDGE_CURVE('',#6472,#6484,#3081,.T.);
#9849=ADVANCED_FACE('',(#9848),#9841,.T.);
#9861=ADVANCED_FACE('',(#9860),#9854,.T.);
#9868=EDGE_CURVE('',#6456,#6444,#3085,.T.);
#9870=EDGE_CURVE('',#6444,#6445,#3089,.T.);
#9872=EDGE_CURVE('',#6445,#6447,#3093,.T.);
#9874=EDGE_CURVE('',#6447,#6449,#3097,.T.);
#9876=EDGE_CURVE('',#6449,#6457,#3101,.T.);
#9880=ADVANCED_FACE('',(#9879),#9866,.F.);
#9888=EDGE_CURVE('',#6469,#6440,#3105,.T.);
#9890=EDGE_CURVE('',#6440,#6441,#3110,.T.);
#9892=EDGE_CURVE('',#6441,#6465,#3114,.T.);
#9896=ADVANCED_FACE('',(#9895),#9885,.F.);
#9903=EDGE_CURVE('',#6452,#6432,#3134,.T.);
#9905=EDGE_CURVE('',#6432,#6444,#3163,.T.);
#9910=ADVANCED_FACE('',(#9909),#9901,.T.);
#9917=EDGE_CURVE('',#6437,#6453,#3118,.T.);
#9919=EDGE_CURVE('',#6435,#6437,#3122,.T.);
#9921=EDGE_CURVE('',#6433,#6435,#3126,.T.);
#9923=EDGE_CURVE('',#6432,#6433,#3130,.T.);
#9928=ADVANCED_FACE('',(#9927),#9915,.T.);
#9935=EDGE_CURVE('',#6429,#6461,#3138,.T.);
#9937=EDGE_CURVE('',#6428,#6429,#3143,.T.);
#9939=EDGE_CURVE('',#6467,#6428,#3147,.T.);
#9944=ADVANCED_FACE('',(#9943),#9933,.T.);
#9952=EDGE_CURVE('',#6437,#6449,#3151,.T.);
#9957=ADVANCED_FACE('',(#9956),#9949,.T.);
#9966=EDGE_CURVE('',#6435,#6447,#3155,.T.);
#9970=ADVANCED_FACE('',(#9969),#9962,.T.);
#9979=EDGE_CURVE('',#6433,#6445,#3159,.T.);
#9983=ADVANCED_FACE('',(#9982),#9975,.T.);
#9995=ADVANCED_FACE('',(#9994),#9988,.T.);
#10003=EDGE_CURVE('',#6429,#6441,#3167,.T.);
#10008=ADVANCED_FACE('',(#10007),#10000,.T.);
#10017=EDGE_CURVE('',#6428,#6440,#3171,.T.);
#10021=ADVANCED_FACE('',(#10020),#10013,.T.);
#10033=ADVANCED_FACE('',(#10032),#10026,.T.);
#10040=EDGE_CURVE('',#6412,#6400,#3175,.T.);
#10042=EDGE_CURVE('',#6400,#6401,#3179,.T.);
#10044=EDGE_CURVE('',#6401,#6403,#3183,.T.);
#10046=EDGE_CURVE('',#6403,#6405,#3187,.T.);
#10048=EDGE_CURVE('',#6405,#6413,#3191,.T.);
#10052=ADVANCED_FACE('',(#10051),#10038,.F.);
#10060=EDGE_CURVE('',#6425,#6396,#3195,.T.);
#10062=EDGE_CURVE('',#6396,#6397,#3200,.T.);
#10064=EDGE_CURVE('',#6397,#6421,#3204,.T.);
#10068=ADVANCED_FACE('',(#10067),#10057,.F.);
#10075=EDGE_CURVE('',#6408,#6388,#3224,.T.);
#10077=EDGE_CURVE('',#6388,#6400,#3253,.T.);
#10082=ADVANCED_FACE('',(#10081),#10073,.T.);
#10089=EDGE_CURVE('',#6393,#6409,#3208,.T.);
#10091=EDGE_CURVE('',#6391,#6393,#3212,.T.);
#10093=EDGE_CURVE('',#6389,#6391,#3216,.T.);
#10095=EDGE_CURVE('',#6388,#6389,#3220,.T.);
#10100=ADVANCED_FACE('',(#10099),#10087,.T.);
#10107=EDGE_CURVE('',#6385,#6417,#3228,.T.);
#10109=EDGE_CURVE('',#6384,#6385,#3233,.T.);
#10111=EDGE_CURVE('',#6423,#6384,#3237,.T.);
#10116=ADVANCED_FACE('',(#10115),#10105,.T.);
#10124=EDGE_CURVE('',#6393,#6405,#3241,.T.);
#10129=ADVANCED_FACE('',(#10128),#10121,.T.);
#10138=EDGE_CURVE('',#6391,#6403,#3245,.T.);
#10142=ADVANCED_FACE('',(#10141),#10134,.T.);
#10151=EDGE_CURVE('',#6389,#6401,#3249,.T.);
#10155=ADVANCED_FACE('',(#10154),#10147,.T.);
#10167=ADVANCED_FACE('',(#10166),#10160,.T.);
#10175=EDGE_CURVE('',#6385,#6397,#3257,.T.);
#10180=ADVANCED_FACE('',(#10179),#10172,.T.);
#10189=EDGE_CURVE('',#6384,#6396,#3261,.T.);
#10193=ADVANCED_FACE('',(#10192),#10185,.T.);
#10205=ADVANCED_FACE('',(#10204),#10198,.T.);
#10212=EDGE_CURVE('',#6368,#6356,#3265,.T.);
#10214=EDGE_CURVE('',#6356,#6357,#3269,.T.);
#10216=EDGE_CURVE('',#6357,#6359,#3273,.T.);
#10218=EDGE_CURVE('',#6359,#6361,#3277,.T.);
#10220=EDGE_CURVE('',#6361,#6369,#3281,.T.);
#10224=ADVANCED_FACE('',(#10223),#10210,.F.);
#10232=EDGE_CURVE('',#6381,#6352,#3285,.T.);
#10234=EDGE_CURVE('',#6352,#6353,#3290,.T.);
#10236=EDGE_CURVE('',#6353,#6377,#3294,.T.);
#10240=ADVANCED_FACE('',(#10239),#10229,.F.);
#10247=EDGE_CURVE('',#6364,#6344,#3314,.T.);
#10249=EDGE_CURVE('',#6344,#6356,#3343,.T.);
#10254=ADVANCED_FACE('',(#10253),#10245,.T.);
#10261=EDGE_CURVE('',#6349,#6365,#3298,.T.);
#10263=EDGE_CURVE('',#6347,#6349,#3302,.T.);
#10265=EDGE_CURVE('',#6345,#6347,#3306,.T.);
#10267=EDGE_CURVE('',#6344,#6345,#3310,.T.);
#10272=ADVANCED_FACE('',(#10271),#10259,.T.);
#10279=EDGE_CURVE('',#6341,#6373,#3318,.T.);
#10281=EDGE_CURVE('',#6340,#6341,#3323,.T.);
#10283=EDGE_CURVE('',#6379,#6340,#3327,.T.);
#10288=ADVANCED_FACE('',(#10287),#10277,.T.);
#10296=EDGE_CURVE('',#6349,#6361,#3331,.T.);
#10301=ADVANCED_FACE('',(#10300),#10293,.T.);
#10310=EDGE_CURVE('',#6347,#6359,#3335,.T.);
#10314=ADVANCED_FACE('',(#10313),#10306,.T.);
#10323=EDGE_CURVE('',#6345,#6357,#3339,.T.);
#10327=ADVANCED_FACE('',(#10326),#10319,.T.);
#10339=ADVANCED_FACE('',(#10338),#10332,.T.);
#10347=EDGE_CURVE('',#6341,#6353,#3347,.T.);
#10352=ADVANCED_FACE('',(#10351),#10344,.T.);
#10361=EDGE_CURVE('',#6340,#6352,#3351,.T.);
#10365=ADVANCED_FACE('',(#10364),#10357,.T.);
#10377=ADVANCED_FACE('',(#10376),#10370,.T.);
#10384=EDGE_CURVE('',#6324,#6312,#3355,.T.);
#10386=EDGE_CURVE('',#6312,#6313,#3359,.T.);
#10388=EDGE_CURVE('',#6313,#6315,#3363,.T.);
#10390=EDGE_CURVE('',#6315,#6317,#3367,.T.);
#10392=EDGE_CURVE('',#6317,#6325,#3371,.T.);
#10396=ADVANCED_FACE('',(#10395),#10382,.F.);
#10404=EDGE_CURVE('',#6337,#6308,#3375,.T.);
#10406=EDGE_CURVE('',#6308,#6309,#3380,.T.);
#10408=EDGE_CURVE('',#6309,#6333,#3384,.T.);
#10412=ADVANCED_FACE('',(#10411),#10401,.F.);
#10419=EDGE_CURVE('',#6320,#6300,#3404,.T.);
#10421=EDGE_CURVE('',#6300,#6312,#3433,.T.);
#10426=ADVANCED_FACE('',(#10425),#10417,.T.);
#10433=EDGE_CURVE('',#6305,#6321,#3388,.T.);
#10435=EDGE_CURVE('',#6303,#6305,#3392,.T.);
#10437=EDGE_CURVE('',#6301,#6303,#3396,.T.);
#10439=EDGE_CURVE('',#6300,#6301,#3400,.T.);
#10444=ADVANCED_FACE('',(#10443),#10431,.T.);
#10451=EDGE_CURVE('',#6297,#6329,#3408,.T.);
#10453=EDGE_CURVE('',#6296,#6297,#3413,.T.);
#10455=EDGE_CURVE('',#6335,#6296,#3417,.T.);
#10460=ADVANCED_FACE('',(#10459),#10449,.T.);
#10468=EDGE_CURVE('',#6305,#6317,#3421,.T.);
#10473=ADVANCED_FACE('',(#10472),#10465,.T.);
#10482=EDGE_CURVE('',#6303,#6315,#3425,.T.);
#10486=ADVANCED_FACE('',(#10485),#10478,.T.);
#10495=EDGE_CURVE('',#6301,#6313,#3429,.T.);
#10499=ADVANCED_FACE('',(#10498),#10491,.T.);
#10511=ADVANCED_FACE('',(#10510),#10504,.T.);
#10519=EDGE_CURVE('',#6297,#6309,#3437,.T.);
#10524=ADVANCED_FACE('',(#10523),#10516,.T.);
#10533=EDGE_CURVE('',#6296,#6308,#3441,.T.);
#10537=ADVANCED_FACE('',(#10536),#10529,.T.);
#10549=ADVANCED_FACE('',(#10548),#10542,.T.);
#10556=EDGE_CURVE('',#6280,#6268,#3445,.T.);
#10558=EDGE_CURVE('',#6268,#6269,#3449,.T.);
#10560=EDGE_CURVE('',#6269,#6271,#3453,.T.);
#10562=EDGE_CURVE('',#6271,#6273,#3457,.T.);
#10564=EDGE_CURVE('',#6273,#6281,#3461,.T.);
#10568=ADVANCED_FACE('',(#10567),#10554,.F.);
#10576=EDGE_CURVE('',#6293,#6264,#3465,.T.);
#10578=EDGE_CURVE('',#6264,#6265,#3470,.T.);
#10580=EDGE_CURVE('',#6265,#6289,#3474,.T.);
#10584=ADVANCED_FACE('',(#10583),#10573,.F.);
#10591=EDGE_CURVE('',#6276,#6256,#3494,.T.);
#10593=EDGE_CURVE('',#6256,#6268,#3523,.T.);
#10598=ADVANCED_FACE('',(#10597),#10589,.T.);
#10605=EDGE_CURVE('',#6261,#6277,#3478,.T.);
#10607=EDGE_CURVE('',#6259,#6261,#3482,.T.);
#10609=EDGE_CURVE('',#6257,#6259,#3486,.T.);
#10611=EDGE_CURVE('',#6256,#6257,#3490,.T.);
#10616=ADVANCED_FACE('',(#10615),#10603,.T.);
#10623=EDGE_CURVE('',#6253,#6285,#3498,.T.);
#10625=EDGE_CURVE('',#6252,#6253,#3503,.T.);
#10627=EDGE_CURVE('',#6291,#6252,#3507,.T.);
#10632=ADVANCED_FACE('',(#10631),#10621,.T.);
#10640=EDGE_CURVE('',#6261,#6273,#3511,.T.);
#10645=ADVANCED_FACE('',(#10644),#10637,.T.);
#10654=EDGE_CURVE('',#6259,#6271,#3515,.T.);
#10658=ADVANCED_FACE('',(#10657),#10650,.T.);
#10667=EDGE_CURVE('',#6257,#6269,#3519,.T.);
#10671=ADVANCED_FACE('',(#10670),#10663,.T.);
#10683=ADVANCED_FACE('',(#10682),#10676,.T.);
#10691=EDGE_CURVE('',#6253,#6265,#3527,.T.);
#10696=ADVANCED_FACE('',(#10695),#10688,.T.);
#10705=EDGE_CURVE('',#6252,#6264,#3531,.T.);
#10709=ADVANCED_FACE('',(#10708),#10701,.T.);
#10721=ADVANCED_FACE('',(#10720),#10714,.T.);
#10728=EDGE_CURVE('',#6236,#6224,#3535,.T.);
#10730=EDGE_CURVE('',#6224,#6225,#3539,.T.);
#10732=EDGE_CURVE('',#6225,#6227,#3543,.T.);
#10734=EDGE_CURVE('',#6227,#6229,#3547,.T.);
#10736=EDGE_CURVE('',#6229,#6237,#3551,.T.);
#10740=ADVANCED_FACE('',(#10739),#10726,.F.);
#10748=EDGE_CURVE('',#6249,#6220,#3555,.T.);
#10750=EDGE_CURVE('',#6220,#6221,#3560,.T.);
#10752=EDGE_CURVE('',#6221,#6245,#3564,.T.);
#10756=ADVANCED_FACE('',(#10755),#10745,.F.);
#10763=EDGE_CURVE('',#6232,#6212,#3584,.T.);
#10765=EDGE_CURVE('',#6212,#6224,#3613,.T.);
#10770=ADVANCED_FACE('',(#10769),#10761,.T.);
#10777=EDGE_CURVE('',#6217,#6233,#3568,.T.);
#10779=EDGE_CURVE('',#6215,#6217,#3572,.T.);
#10781=EDGE_CURVE('',#6213,#6215,#3576,.T.);
#10783=EDGE_CURVE('',#6212,#6213,#3580,.T.);
#10788=ADVANCED_FACE('',(#10787),#10775,.T.);
#10795=EDGE_CURVE('',#6209,#6241,#3588,.T.);
#10797=EDGE_CURVE('',#6208,#6209,#3593,.T.);
#10799=EDGE_CURVE('',#6247,#6208,#3597,.T.);
#10804=ADVANCED_FACE('',(#10803),#10793,.T.);
#10812=EDGE_CURVE('',#6217,#6229,#3601,.T.);
#10817=ADVANCED_FACE('',(#10816),#10809,.T.);
#10826=EDGE_CURVE('',#6215,#6227,#3605,.T.);
#10830=ADVANCED_FACE('',(#10829),#10822,.T.);
#10839=EDGE_CURVE('',#6213,#6225,#3609,.T.);
#10843=ADVANCED_FACE('',(#10842),#10835,.T.);
#10855=ADVANCED_FACE('',(#10854),#10848,.T.);
#10863=EDGE_CURVE('',#6209,#6221,#3617,.T.);
#10868=ADVANCED_FACE('',(#10867),#10860,.T.);
#10877=EDGE_CURVE('',#6208,#6220,#3621,.T.);
#10881=ADVANCED_FACE('',(#10880),#10873,.T.);
#10893=ADVANCED_FACE('',(#10892),#10886,.T.);
#10900=EDGE_CURVE('',#6192,#6180,#3625,.T.);
#10902=EDGE_CURVE('',#6180,#6181,#3629,.T.);
#10904=EDGE_CURVE('',#6181,#6183,#3633,.T.);
#10906=EDGE_CURVE('',#6183,#6185,#3637,.T.);
#10908=EDGE_CURVE('',#6185,#6193,#3641,.T.);
#10912=ADVANCED_FACE('',(#10911),#10898,.F.);
#10920=EDGE_CURVE('',#6205,#6176,#3645,.T.);
#10922=EDGE_CURVE('',#6176,#6177,#3650,.T.);
#10924=EDGE_CURVE('',#6177,#6201,#3654,.T.);
#10928=ADVANCED_FACE('',(#10927),#10917,.F.);
#10935=EDGE_CURVE('',#6188,#6168,#3674,.T.);
#10937=EDGE_CURVE('',#6168,#6180,#3703,.T.);
#10942=ADVANCED_FACE('',(#10941),#10933,.T.);
#10949=EDGE_CURVE('',#6173,#6189,#3658,.T.);
#10951=EDGE_CURVE('',#6171,#6173,#3662,.T.);
#10953=EDGE_CURVE('',#6169,#6171,#3666,.T.);
#10955=EDGE_CURVE('',#6168,#6169,#3670,.T.);
#10960=ADVANCED_FACE('',(#10959),#10947,.T.);
#10967=EDGE_CURVE('',#6165,#6197,#3678,.T.);
#10969=EDGE_CURVE('',#6164,#6165,#3683,.T.);
#10971=EDGE_CURVE('',#6203,#6164,#3687,.T.);
#10976=ADVANCED_FACE('',(#10975),#10965,.T.);
#10984=EDGE_CURVE('',#6173,#6185,#3691,.T.);
#10989=ADVANCED_FACE('',(#10988),#10981,.T.);
#10998=EDGE_CURVE('',#6171,#6183,#3695,.T.);
#11002=ADVANCED_FACE('',(#11001),#10994,.T.);
#11011=EDGE_CURVE('',#6169,#6181,#3699,.T.);
#11015=ADVANCED_FACE('',(#11014),#11007,.T.);
#11027=ADVANCED_FACE('',(#11026),#11020,.T.);
#11035=EDGE_CURVE('',#6165,#6177,#3707,.T.);
#11040=ADVANCED_FACE('',(#11039),#11032,.T.);
#11049=EDGE_CURVE('',#6164,#6176,#3711,.T.);
#11053=ADVANCED_FACE('',(#11052),#11045,.T.);
#11065=ADVANCED_FACE('',(#11064),#11058,.T.);
#11072=EDGE_CURVE('',#6148,#6136,#3715,.T.);
#11074=EDGE_CURVE('',#6136,#6137,#3719,.T.);
#11076=EDGE_CURVE('',#6137,#6139,#3723,.T.);
#11078=EDGE_CURVE('',#6139,#6141,#3727,.T.);
#11080=EDGE_CURVE('',#6141,#6149,#3731,.T.);
#11084=ADVANCED_FACE('',(#11083),#11070,.F.);
#11092=EDGE_CURVE('',#6161,#6132,#3735,.T.);
#11094=EDGE_CURVE('',#6132,#6133,#3740,.T.);
#11096=EDGE_CURVE('',#6133,#6157,#3744,.T.);
#11100=ADVANCED_FACE('',(#11099),#11089,.F.);
#11107=EDGE_CURVE('',#6144,#6124,#3764,.T.);
#11109=EDGE_CURVE('',#6124,#6136,#3793,.T.);
#11114=ADVANCED_FACE('',(#11113),#11105,.T.);
#11121=EDGE_CURVE('',#6129,#6145,#3748,.T.);
#11123=EDGE_CURVE('',#6127,#6129,#3752,.T.);
#11125=EDGE_CURVE('',#6125,#6127,#3756,.T.);
#11127=EDGE_CURVE('',#6124,#6125,#3760,.T.);
#11132=ADVANCED_FACE('',(#11131),#11119,.T.);
#11139=EDGE_CURVE('',#6121,#6153,#3768,.T.);
#11141=EDGE_CURVE('',#6120,#6121,#3773,.T.);
#11143=EDGE_CURVE('',#6159,#6120,#3777,.T.);
#11148=ADVANCED_FACE('',(#11147),#11137,.T.);
#11156=EDGE_CURVE('',#6129,#6141,#3781,.T.);
#11161=ADVANCED_FACE('',(#11160),#11153,.T.);
#11170=EDGE_CURVE('',#6127,#6139,#3785,.T.);
#11174=ADVANCED_FACE('',(#11173),#11166,.T.);
#11183=EDGE_CURVE('',#6125,#6137,#3789,.T.);
#11187=ADVANCED_FACE('',(#11186),#11179,.T.);
#11199=ADVANCED_FACE('',(#11198),#11192,.T.);
#11207=EDGE_CURVE('',#6121,#6133,#3797,.T.);
#11212=ADVANCED_FACE('',(#11211),#11204,.T.);
#11221=EDGE_CURVE('',#6120,#6132,#3801,.T.);
#11225=ADVANCED_FACE('',(#11224),#11217,.T.);
#11237=ADVANCED_FACE('',(#11236),#11230,.T.);
#11244=EDGE_CURVE('',#6104,#6092,#3805,.T.);
#11246=EDGE_CURVE('',#6092,#6093,#3809,.T.);
#11248=EDGE_CURVE('',#6093,#6095,#3813,.T.);
#11250=EDGE_CURVE('',#6095,#6097,#3817,.T.);
#11252=EDGE_CURVE('',#6097,#6105,#3821,.T.);
#11256=ADVANCED_FACE('',(#11255),#11242,.F.);
#11264=EDGE_CURVE('',#6117,#6088,#3825,.T.);
#11266=EDGE_CURVE('',#6088,#6089,#3830,.T.);
#11268=EDGE_CURVE('',#6089,#6113,#3834,.T.);
#11272=ADVANCED_FACE('',(#11271),#11261,.F.);
#11279=EDGE_CURVE('',#6100,#6080,#3854,.T.);
#11281=EDGE_CURVE('',#6080,#6092,#3883,.T.);
#11286=ADVANCED_FACE('',(#11285),#11277,.T.);
#11293=EDGE_CURVE('',#6085,#6101,#3838,.T.);
#11295=EDGE_CURVE('',#6083,#6085,#3842,.T.);
#11297=EDGE_CURVE('',#6081,#6083,#3846,.T.);
#11299=EDGE_CURVE('',#6080,#6081,#3850,.T.);
#11304=ADVANCED_FACE('',(#11303),#11291,.T.);
#11311=EDGE_CURVE('',#6077,#6109,#3858,.T.);
#11313=EDGE_CURVE('',#6076,#6077,#3863,.T.);
#11315=EDGE_CURVE('',#6115,#6076,#3867,.T.);
#11320=ADVANCED_FACE('',(#11319),#11309,.T.);
#11328=EDGE_CURVE('',#6085,#6097,#3871,.T.);
#11333=ADVANCED_FACE('',(#11332),#11325,.T.);
#11342=EDGE_CURVE('',#6083,#6095,#3875,.T.);
#11346=ADVANCED_FACE('',(#11345),#11338,.T.);
#11355=EDGE_CURVE('',#6081,#6093,#3879,.T.);
#11359=ADVANCED_FACE('',(#11358),#11351,.T.);
#11371=ADVANCED_FACE('',(#11370),#11364,.T.);
#11379=EDGE_CURVE('',#6077,#6089,#3887,.T.);
#11384=ADVANCED_FACE('',(#11383),#11376,.T.);
#11393=EDGE_CURVE('',#6076,#6088,#3891,.T.);
#11397=ADVANCED_FACE('',(#11396),#11389,.T.);
#11409=ADVANCED_FACE('',(#11408),#11402,.T.);
#11416=EDGE_CURVE('',#6060,#6048,#3895,.T.);
#11418=EDGE_CURVE('',#6048,#6049,#3899,.T.);
#11420=EDGE_CURVE('',#6049,#6051,#3903,.T.);
#11422=EDGE_CURVE('',#6051,#6053,#3907,.T.);
#11424=EDGE_CURVE('',#6053,#6061,#3911,.T.);
#11428=ADVANCED_FACE('',(#11427),#11414,.F.);
#11436=EDGE_CURVE('',#6073,#6044,#3915,.T.);
#11438=EDGE_CURVE('',#6044,#6045,#3920,.T.);
#11440=EDGE_CURVE('',#6045,#6069,#3924,.T.);
#11444=ADVANCED_FACE('',(#11443),#11433,.F.);
#11451=EDGE_CURVE('',#6056,#6036,#3944,.T.);
#11453=EDGE_CURVE('',#6036,#6048,#3973,.T.);
#11458=ADVANCED_FACE('',(#11457),#11449,.T.);
#11465=EDGE_CURVE('',#6041,#6057,#3928,.T.);
#11467=EDGE_CURVE('',#6039,#6041,#3932,.T.);
#11469=EDGE_CURVE('',#6037,#6039,#3936,.T.);
#11471=EDGE_CURVE('',#6036,#6037,#3940,.T.);
#11476=ADVANCED_FACE('',(#11475),#11463,.T.);
#11483=EDGE_CURVE('',#6033,#6065,#3948,.T.);
#11485=EDGE_CURVE('',#6032,#6033,#3953,.T.);
#11487=EDGE_CURVE('',#6071,#6032,#3957,.T.);
#11492=ADVANCED_FACE('',(#11491),#11481,.T.);
#11500=EDGE_CURVE('',#6041,#6053,#3961,.T.);
#11505=ADVANCED_FACE('',(#11504),#11497,.T.);
#11514=EDGE_CURVE('',#6039,#6051,#3965,.T.);
#11518=ADVANCED_FACE('',(#11517),#11510,.T.);
#11527=EDGE_CURVE('',#6037,#6049,#3969,.T.);
#11531=ADVANCED_FACE('',(#11530),#11523,.T.);
#11543=ADVANCED_FACE('',(#11542),#11536,.T.);
#11551=EDGE_CURVE('',#6033,#6045,#3977,.T.);
#11556=ADVANCED_FACE('',(#11555),#11548,.T.);
#11565=EDGE_CURVE('',#6032,#6044,#3981,.T.);
#11569=ADVANCED_FACE('',(#11568),#11561,.T.);
#11581=ADVANCED_FACE('',(#11580),#11574,.T.);
#11588=EDGE_CURVE('',#6016,#6004,#3985,.T.);
#11590=EDGE_CURVE('',#6004,#6005,#3989,.T.);
#11592=EDGE_CURVE('',#6005,#6007,#3993,.T.);
#11594=EDGE_CURVE('',#6007,#6009,#3997,.T.);
#11596=EDGE_CURVE('',#6009,#6017,#4001,.T.);
#11600=ADVANCED_FACE('',(#11599),#11586,.F.);
#11608=EDGE_CURVE('',#6029,#6000,#4005,.T.);
#11610=EDGE_CURVE('',#6000,#6001,#4010,.T.);
#11612=EDGE_CURVE('',#6001,#6025,#4014,.T.);
#11616=ADVANCED_FACE('',(#11615),#11605,.F.);
#11623=EDGE_CURVE('',#6012,#5992,#4034,.T.);
#11625=EDGE_CURVE('',#5992,#6004,#4063,.T.);
#11630=ADVANCED_FACE('',(#11629),#11621,.T.);
#11637=EDGE_CURVE('',#5997,#6013,#4018,.T.);
#11639=EDGE_CURVE('',#5995,#5997,#4022,.T.);
#11641=EDGE_CURVE('',#5993,#5995,#4026,.T.);
#11643=EDGE_CURVE('',#5992,#5993,#4030,.T.);
#11648=ADVANCED_FACE('',(#11647),#11635,.T.);
#11655=EDGE_CURVE('',#5989,#6021,#4038,.T.);
#11657=EDGE_CURVE('',#5988,#5989,#4043,.T.);
#11659=EDGE_CURVE('',#6027,#5988,#4047,.T.);
#11664=ADVANCED_FACE('',(#11663),#11653,.T.);
#11672=EDGE_CURVE('',#5997,#6009,#4051,.T.);
#11677=ADVANCED_FACE('',(#11676),#11669,.T.);
#11686=EDGE_CURVE('',#5995,#6007,#4055,.T.);
#11690=ADVANCED_FACE('',(#11689),#11682,.T.);
#11699=EDGE_CURVE('',#5993,#6005,#4059,.T.);
#11703=ADVANCED_FACE('',(#11702),#11695,.T.);
#11715=ADVANCED_FACE('',(#11714),#11708,.T.);
#11723=EDGE_CURVE('',#5989,#6001,#4067,.T.);
#11728=ADVANCED_FACE('',(#11727),#11720,.T.);
#11737=EDGE_CURVE('',#5988,#6000,#4071,.T.);
#11741=ADVANCED_FACE('',(#11740),#11733,.T.);
#11753=ADVANCED_FACE('',(#11752),#11746,.T.);
#11760=EDGE_CURVE('',#5972,#5960,#4075,.T.);
#11762=EDGE_CURVE('',#5960,#5961,#4079,.T.);
#11764=EDGE_CURVE('',#5961,#5963,#4083,.T.);
#11766=EDGE_CURVE('',#5963,#5965,#4087,.T.);
#11768=EDGE_CURVE('',#5965,#5973,#4091,.T.);
#11772=ADVANCED_FACE('',(#11771),#11758,.F.);
#11780=EDGE_CURVE('',#5985,#5956,#4095,.T.);
#11782=EDGE_CURVE('',#5956,#5957,#4100,.T.);
#11784=EDGE_CURVE('',#5957,#5981,#4104,.T.);
#11788=ADVANCED_FACE('',(#11787),#11777,.F.);
#11795=EDGE_CURVE('',#5968,#5948,#4124,.T.);
#11797=EDGE_CURVE('',#5948,#5960,#4153,.T.);
#11802=ADVANCED_FACE('',(#11801),#11793,.T.);
#11809=EDGE_CURVE('',#5953,#5969,#4108,.T.);
#11811=EDGE_CURVE('',#5951,#5953,#4112,.T.);
#11813=EDGE_CURVE('',#5949,#5951,#4116,.T.);
#11815=EDGE_CURVE('',#5948,#5949,#4120,.T.);
#11820=ADVANCED_FACE('',(#11819),#11807,.T.);
#11827=EDGE_CURVE('',#5945,#5977,#4128,.T.);
#11829=EDGE_CURVE('',#5944,#5945,#4133,.T.);
#11831=EDGE_CURVE('',#5983,#5944,#4137,.T.);
#11836=ADVANCED_FACE('',(#11835),#11825,.T.);
#11844=EDGE_CURVE('',#5953,#5965,#4141,.T.);
#11849=ADVANCED_FACE('',(#11848),#11841,.T.);
#11858=EDGE_CURVE('',#5951,#5963,#4145,.T.);
#11862=ADVANCED_FACE('',(#11861),#11854,.T.);
#11871=EDGE_CURVE('',#5949,#5961,#4149,.T.);
#11875=ADVANCED_FACE('',(#11874),#11867,.T.);
#11887=ADVANCED_FACE('',(#11886),#11880,.T.);
#11895=EDGE_CURVE('',#5945,#5957,#4157,.T.);
#11900=ADVANCED_FACE('',(#11899),#11892,.T.);
#11909=EDGE_CURVE('',#5944,#5956,#4161,.T.);
#11913=ADVANCED_FACE('',(#11912),#11905,.T.);
#11925=ADVANCED_FACE('',(#11924),#11918,.T.);
#11932=EDGE_CURVE('',#5928,#5916,#4165,.T.);
#11934=EDGE_CURVE('',#5916,#5917,#4169,.T.);
#11936=EDGE_CURVE('',#5917,#5919,#4173,.T.);
#11938=EDGE_CURVE('',#5919,#5921,#4177,.T.);
#11940=EDGE_CURVE('',#5921,#5929,#4181,.T.);
#11944=ADVANCED_FACE('',(#11943),#11930,.F.);
#11952=EDGE_CURVE('',#5941,#5912,#4185,.T.);
#11954=EDGE_CURVE('',#5912,#5913,#4190,.T.);
#11956=EDGE_CURVE('',#5913,#5937,#4194,.T.);
#11960=ADVANCED_FACE('',(#11959),#11949,.F.);
#11967=EDGE_CURVE('',#5924,#5904,#4214,.T.);
#11969=EDGE_CURVE('',#5904,#5916,#4243,.T.);
#11974=ADVANCED_FACE('',(#11973),#11965,.T.);
#11981=EDGE_CURVE('',#5909,#5925,#4198,.T.);
#11983=EDGE_CURVE('',#5907,#5909,#4202,.T.);
#11985=EDGE_CURVE('',#5905,#5907,#4206,.T.);
#11987=EDGE_CURVE('',#5904,#5905,#4210,.T.);
#11992=ADVANCED_FACE('',(#11991),#11979,.T.);
#11999=EDGE_CURVE('',#5901,#5933,#4218,.T.);
#12001=EDGE_CURVE('',#5900,#5901,#4223,.T.);
#12003=EDGE_CURVE('',#5939,#5900,#4227,.T.);
#12008=ADVANCED_FACE('',(#12007),#11997,.T.);
#12016=EDGE_CURVE('',#5909,#5921,#4231,.T.);
#12021=ADVANCED_FACE('',(#12020),#12013,.T.);
#12030=EDGE_CURVE('',#5907,#5919,#4235,.T.);
#12034=ADVANCED_FACE('',(#12033),#12026,.T.);
#12043=EDGE_CURVE('',#5905,#5917,#4239,.T.);
#12047=ADVANCED_FACE('',(#12046),#12039,.T.);
#12059=ADVANCED_FACE('',(#12058),#12052,.T.);
#12067=EDGE_CURVE('',#5901,#5913,#4247,.T.);
#12072=ADVANCED_FACE('',(#12071),#12064,.T.);
#12081=EDGE_CURVE('',#5900,#5912,#4251,.T.);
#12085=ADVANCED_FACE('',(#12084),#12077,.T.);
#12097=ADVANCED_FACE('',(#12096),#12090,.T.);
#12104=EDGE_CURVE('',#5884,#5872,#4255,.T.);
#12106=EDGE_CURVE('',#5872,#5873,#4259,.T.);
#12108=EDGE_CURVE('',#5873,#5875,#4263,.T.);
#12110=EDGE_CURVE('',#5875,#5877,#4267,.T.);
#12112=EDGE_CURVE('',#5877,#5885,#4271,.T.);
#12116=ADVANCED_FACE('',(#12115),#12102,.F.);
#12124=EDGE_CURVE('',#5897,#5868,#4275,.T.);
#12126=EDGE_CURVE('',#5868,#5869,#4280,.T.);
#12128=EDGE_CURVE('',#5869,#5893,#4284,.T.);
#12132=ADVANCED_FACE('',(#12131),#12121,.F.);
#12139=EDGE_CURVE('',#5880,#5860,#4304,.T.);
#12141=EDGE_CURVE('',#5860,#5872,#4333,.T.);
#12146=ADVANCED_FACE('',(#12145),#12137,.T.);
#12153=EDGE_CURVE('',#5865,#5881,#4288,.T.);
#12155=EDGE_CURVE('',#5863,#5865,#4292,.T.);
#12157=EDGE_CURVE('',#5861,#5863,#4296,.T.);
#12159=EDGE_CURVE('',#5860,#5861,#4300,.T.);
#12164=ADVANCED_FACE('',(#12163),#12151,.T.);
#12171=EDGE_CURVE('',#5857,#5889,#4308,.T.);
#12173=EDGE_CURVE('',#5856,#5857,#4313,.T.);
#12175=EDGE_CURVE('',#5895,#5856,#4317,.T.);
#12180=ADVANCED_FACE('',(#12179),#12169,.T.);
#12188=EDGE_CURVE('',#5865,#5877,#4321,.T.);
#12193=ADVANCED_FACE('',(#12192),#12185,.T.);
#12202=EDGE_CURVE('',#5863,#5875,#4325,.T.);
#12206=ADVANCED_FACE('',(#12205),#12198,.T.);
#12215=EDGE_CURVE('',#5861,#5873,#4329,.T.);
#12219=ADVANCED_FACE('',(#12218),#12211,.T.);
#12231=ADVANCED_FACE('',(#12230),#12224,.T.);
#12239=EDGE_CURVE('',#5857,#5869,#4337,.T.);
#12244=ADVANCED_FACE('',(#12243),#12236,.T.);
#12253=EDGE_CURVE('',#5856,#5868,#4341,.T.);
#12257=ADVANCED_FACE('',(#12256),#12249,.T.);
#12269=ADVANCED_FACE('',(#12268),#12262,.T.);
#12276=EDGE_CURVE('',#5840,#5828,#4345,.T.);
#12278=EDGE_CURVE('',#5828,#5829,#4349,.T.);
#12280=EDGE_CURVE('',#5829,#5831,#4353,.T.);
#12282=EDGE_CURVE('',#5831,#5833,#4357,.T.);
#12284=EDGE_CURVE('',#5833,#5841,#4361,.T.);
#12288=ADVANCED_FACE('',(#12287),#12274,.F.);
#12296=EDGE_CURVE('',#5853,#5824,#4365,.T.);
#12298=EDGE_CURVE('',#5824,#5825,#4370,.T.);
#12300=EDGE_CURVE('',#5825,#5849,#4374,.T.);
#12304=ADVANCED_FACE('',(#12303),#12293,.F.);
#12311=EDGE_CURVE('',#5836,#5816,#4394,.T.);
#12313=EDGE_CURVE('',#5816,#5828,#4423,.T.);
#12318=ADVANCED_FACE('',(#12317),#12309,.T.);
#12325=EDGE_CURVE('',#5821,#5837,#4378,.T.);
#12327=EDGE_CURVE('',#5819,#5821,#4382,.T.);
#12329=EDGE_CURVE('',#5817,#5819,#4386,.T.);
#12331=EDGE_CURVE('',#5816,#5817,#4390,.T.);
#12336=ADVANCED_FACE('',(#12335),#12323,.T.);
#12343=EDGE_CURVE('',#5813,#5845,#4398,.T.);
#12345=EDGE_CURVE('',#5812,#5813,#4403,.T.);
#12347=EDGE_CURVE('',#5851,#5812,#4407,.T.);
#12352=ADVANCED_FACE('',(#12351),#12341,.T.);
#12360=EDGE_CURVE('',#5821,#5833,#4411,.T.);
#12365=ADVANCED_FACE('',(#12364),#12357,.T.);
#12374=EDGE_CURVE('',#5819,#5831,#4415,.T.);
#12378=ADVANCED_FACE('',(#12377),#12370,.T.);
#12387=EDGE_CURVE('',#5817,#5829,#4419,.T.);
#12391=ADVANCED_FACE('',(#12390),#12383,.T.);
#12403=ADVANCED_FACE('',(#12402),#12396,.T.);
#12411=EDGE_CURVE('',#5813,#5825,#4427,.T.);
#12416=ADVANCED_FACE('',(#12415),#12408,.T.);
#12425=EDGE_CURVE('',#5812,#5824,#4431,.T.);
#12429=ADVANCED_FACE('',(#12428),#12421,.T.);
#12441=ADVANCED_FACE('',(#12440),#12434,.T.);
#12447=EDGE_CURVE('',#5405,#5398,#4435,.T.);
#12449=EDGE_CURVE('',#5398,#5399,#4440,.T.);
#12451=EDGE_CURVE('',#5399,#5407,#4444,.T.);
#12457=ADVANCED_FACE('',(#12456),#12446,.F.);
#12464=EDGE_CURVE('',#5717,#5804,#4448,.T.);
#12466=EDGE_CURVE('',#5804,#5805,#4452,.T.);
#12468=EDGE_CURVE('',#5805,#5807,#4456,.T.);
#12470=EDGE_CURVE('',#5807,#5809,#4460,.T.);
#12472=EDGE_CURVE('',#5809,#5716,#4464,.T.);
#12476=ADVANCED_FACE('',(#12475),#12462,.F.);
#12482=EDGE_CURVE('',#5401,#5394,#4468,.T.);
#12484=EDGE_CURVE('',#5394,#5398,#4505,.T.);
#12490=ADVANCED_FACE('',(#12489),#12481,.T.);
#12499=EDGE_CURVE('',#5395,#5403,#4472,.T.);
#12501=EDGE_CURVE('',#5394,#5395,#4477,.T.);
#12505=ADVANCED_FACE('',(#12504),#12495,.T.);
#12512=EDGE_CURVE('',#5801,#5712,#4481,.T.);
#12514=EDGE_CURVE('',#5799,#5801,#4485,.T.);
#12516=EDGE_CURVE('',#5797,#5799,#4489,.T.);
#12518=EDGE_CURVE('',#5796,#5797,#4493,.T.);
#12520=EDGE_CURVE('',#5713,#5796,#4497,.T.);
#12524=ADVANCED_FACE('',(#12523),#12510,.T.);
#12533=EDGE_CURVE('',#5395,#5399,#4501,.T.);
#12537=ADVANCED_FACE('',(#12536),#12529,.T.);
#12549=ADVANCED_FACE('',(#12548),#12542,.T.);
#12557=EDGE_CURVE('',#5801,#5809,#4509,.T.);
#12562=ADVANCED_FACE('',(#12561),#12554,.T.);
#12571=EDGE_CURVE('',#5799,#5807,#4513,.T.);
#12575=ADVANCED_FACE('',(#12574),#12567,.T.);
#12584=EDGE_CURVE('',#5797,#5805,#4517,.T.);
#12588=ADVANCED_FACE('',(#12587),#12580,.T.);
#12597=EDGE_CURVE('',#5796,#5804,#4521,.T.);
#12601=ADVANCED_FACE('',(#12600),#12593,.T.);
#12613=ADVANCED_FACE('',(#12612),#12606,.T.);
#12619=EDGE_CURVE('',#5389,#5382,#4525,.T.);
#12621=EDGE_CURVE('',#5382,#5383,#4530,.T.);
#12623=EDGE_CURVE('',#5383,#5391,#4534,.T.);
#12629=ADVANCED_FACE('',(#12628),#12618,.F.);
#12636=EDGE_CURVE('',#5705,#5788,#4538,.T.);
#12638=EDGE_CURVE('',#5788,#5789,#4542,.T.);
#12640=EDGE_CURVE('',#5789,#5791,#4546,.T.);
#12642=EDGE_CURVE('',#5791,#5793,#4550,.T.);
#12644=EDGE_CURVE('',#5793,#5704,#4554,.T.);
#12648=ADVANCED_FACE('',(#12647),#12634,.F.);
#12654=EDGE_CURVE('',#5385,#5378,#4558,.T.);
#12656=EDGE_CURVE('',#5378,#5382,#4595,.T.);
#12662=ADVANCED_FACE('',(#12661),#12653,.T.);
#12671=EDGE_CURVE('',#5379,#5387,#4562,.T.);
#12673=EDGE_CURVE('',#5378,#5379,#4567,.T.);
#12677=ADVANCED_FACE('',(#12676),#12667,.T.);
#12684=EDGE_CURVE('',#5785,#5700,#4571,.T.);
#12686=EDGE_CURVE('',#5783,#5785,#4575,.T.);
#12688=EDGE_CURVE('',#5781,#5783,#4579,.T.);
#12690=EDGE_CURVE('',#5780,#5781,#4583,.T.);
#12692=EDGE_CURVE('',#5701,#5780,#4587,.T.);
#12696=ADVANCED_FACE('',(#12695),#12682,.T.);
#12705=EDGE_CURVE('',#5379,#5383,#4591,.T.);
#12709=ADVANCED_FACE('',(#12708),#12701,.T.);
#12721=ADVANCED_FACE('',(#12720),#12714,.T.);
#12729=EDGE_CURVE('',#5785,#5793,#4599,.T.);
#12734=ADVANCED_FACE('',(#12733),#12726,.T.);
#12743=EDGE_CURVE('',#5783,#5791,#4603,.T.);
#12747=ADVANCED_FACE('',(#12746),#12739,.T.);
#12756=EDGE_CURVE('',#5781,#5789,#4607,.T.);
#12760=ADVANCED_FACE('',(#12759),#12752,.T.);
#12769=EDGE_CURVE('',#5780,#5788,#4611,.T.);
#12773=ADVANCED_FACE('',(#12772),#12765,.T.);
#12785=ADVANCED_FACE('',(#12784),#12778,.T.);
#12791=EDGE_CURVE('',#5373,#5366,#4615,.T.);
#12793=EDGE_CURVE('',#5366,#5367,#4620,.T.);
#12795=EDGE_CURVE('',#5367,#5375,#4624,.T.);
#12801=ADVANCED_FACE('',(#12800),#12790,.F.);
#12808=EDGE_CURVE('',#5693,#5772,#4628,.T.);
#12810=EDGE_CURVE('',#5772,#5773,#4632,.T.);
#12812=EDGE_CURVE('',#5773,#5775,#4636,.T.);
#12814=EDGE_CURVE('',#5775,#5777,#4640,.T.);
#12816=EDGE_CURVE('',#5777,#5692,#4644,.T.);
#12820=ADVANCED_FACE('',(#12819),#12806,.F.);
#12826=EDGE_CURVE('',#5369,#5362,#4648,.T.);
#12828=EDGE_CURVE('',#5362,#5366,#4685,.T.);
#12834=ADVANCED_FACE('',(#12833),#12825,.T.);
#12843=EDGE_CURVE('',#5363,#5371,#4652,.T.);
#12845=EDGE_CURVE('',#5362,#5363,#4657,.T.);
#12849=ADVANCED_FACE('',(#12848),#12839,.T.);
#12856=EDGE_CURVE('',#5769,#5688,#4661,.T.);
#12858=EDGE_CURVE('',#5767,#5769,#4665,.T.);
#12860=EDGE_CURVE('',#5765,#5767,#4669,.T.);
#12862=EDGE_CURVE('',#5764,#5765,#4673,.T.);
#12864=EDGE_CURVE('',#5689,#5764,#4677,.T.);
#12868=ADVANCED_FACE('',(#12867),#12854,.T.);
#12877=EDGE_CURVE('',#5363,#5367,#4681,.T.);
#12881=ADVANCED_FACE('',(#12880),#12873,.T.);
#12893=ADVANCED_FACE('',(#12892),#12886,.T.);
#12901=EDGE_CURVE('',#5769,#5777,#4689,.T.);
#12906=ADVANCED_FACE('',(#12905),#12898,.T.);
#12915=EDGE_CURVE('',#5767,#5775,#4693,.T.);
#12919=ADVANCED_FACE('',(#12918),#12911,.T.);
#12928=EDGE_CURVE('',#5765,#5773,#4697,.T.);
#12932=ADVANCED_FACE('',(#12931),#12924,.T.);
#12941=EDGE_CURVE('',#5764,#5772,#4701,.T.);
#12945=ADVANCED_FACE('',(#12944),#12937,.T.);
#12957=ADVANCED_FACE('',(#12956),#12950,.T.);
#12963=EDGE_CURVE('',#5357,#5350,#4705,.T.);
#12965=EDGE_CURVE('',#5350,#5351,#4710,.T.);
#12967=EDGE_CURVE('',#5351,#5359,#4714,.T.);
#12973=ADVANCED_FACE('',(#12972),#12962,.F.);
#12980=EDGE_CURVE('',#5681,#5756,#4718,.T.);
#12982=EDGE_CURVE('',#5756,#5757,#4722,.T.);
#12984=EDGE_CURVE('',#5757,#5759,#4726,.T.);
#12986=EDGE_CURVE('',#5759,#5761,#4730,.T.);
#12988=EDGE_CURVE('',#5761,#5680,#4734,.T.);
#12992=ADVANCED_FACE('',(#12991),#12978,.F.);
#12998=EDGE_CURVE('',#5353,#5346,#4738,.T.);
#13000=EDGE_CURVE('',#5346,#5350,#4775,.T.);
#13006=ADVANCED_FACE('',(#13005),#12997,.T.);
#13015=EDGE_CURVE('',#5347,#5355,#4742,.T.);
#13017=EDGE_CURVE('',#5346,#5347,#4747,.T.);
#13021=ADVANCED_FACE('',(#13020),#13011,.T.);
#13028=EDGE_CURVE('',#5753,#5676,#4751,.T.);
#13030=EDGE_CURVE('',#5751,#5753,#4755,.T.);
#13032=EDGE_CURVE('',#5749,#5751,#4759,.T.);
#13034=EDGE_CURVE('',#5748,#5749,#4763,.T.);
#13036=EDGE_CURVE('',#5677,#5748,#4767,.T.);
#13040=ADVANCED_FACE('',(#13039),#13026,.T.);
#13049=EDGE_CURVE('',#5347,#5351,#4771,.T.);
#13053=ADVANCED_FACE('',(#13052),#13045,.T.);
#13065=ADVANCED_FACE('',(#13064),#13058,.T.);
#13073=EDGE_CURVE('',#5753,#5761,#4779,.T.);
#13078=ADVANCED_FACE('',(#13077),#13070,.T.);
#13087=EDGE_CURVE('',#5751,#5759,#4783,.T.);
#13091=ADVANCED_FACE('',(#13090),#13083,.T.);
#13100=EDGE_CURVE('',#5749,#5757,#4787,.T.);
#13104=ADVANCED_FACE('',(#13103),#13096,.T.);
#13113=EDGE_CURVE('',#5748,#5756,#4791,.T.);
#13117=ADVANCED_FACE('',(#13116),#13109,.T.);
#13129=ADVANCED_FACE('',(#13128),#13122,.T.);
#13135=EDGE_CURVE('',#5341,#5334,#4795,.T.);
#13137=EDGE_CURVE('',#5334,#5335,#4800,.T.);
#13139=EDGE_CURVE('',#5335,#5343,#4804,.T.);
#13145=ADVANCED_FACE('',(#13144),#13134,.F.);
#13152=EDGE_CURVE('',#5669,#5740,#4808,.T.);
#13154=EDGE_CURVE('',#5740,#5741,#4812,.T.);
#13156=EDGE_CURVE('',#5741,#5743,#4816,.T.);
#13158=EDGE_CURVE('',#5743,#5745,#4820,.T.);
#13160=EDGE_CURVE('',#5745,#5668,#4824,.T.);
#13164=ADVANCED_FACE('',(#13163),#13150,.F.);
#13170=EDGE_CURVE('',#5337,#5330,#4828,.T.);
#13172=EDGE_CURVE('',#5330,#5334,#4865,.T.);
#13178=ADVANCED_FACE('',(#13177),#13169,.T.);
#13187=EDGE_CURVE('',#5331,#5339,#4832,.T.);
#13189=EDGE_CURVE('',#5330,#5331,#4837,.T.);
#13193=ADVANCED_FACE('',(#13192),#13183,.T.);
#13200=EDGE_CURVE('',#5737,#5664,#4841,.T.);
#13202=EDGE_CURVE('',#5735,#5737,#4845,.T.);
#13204=EDGE_CURVE('',#5733,#5735,#4849,.T.);
#13206=EDGE_CURVE('',#5732,#5733,#4853,.T.);
#13208=EDGE_CURVE('',#5665,#5732,#4857,.T.);
#13212=ADVANCED_FACE('',(#13211),#13198,.T.);
#13221=EDGE_CURVE('',#5331,#5335,#4861,.T.);
#13225=ADVANCED_FACE('',(#13224),#13217,.T.);
#13237=ADVANCED_FACE('',(#13236),#13230,.T.);
#13245=EDGE_CURVE('',#5737,#5745,#4869,.T.);
#13250=ADVANCED_FACE('',(#13249),#13242,.T.);
#13259=EDGE_CURVE('',#5735,#5743,#4873,.T.);
#13263=ADVANCED_FACE('',(#13262),#13255,.T.);
#13272=EDGE_CURVE('',#5733,#5741,#4877,.T.);
#13276=ADVANCED_FACE('',(#13275),#13268,.T.);
#13285=EDGE_CURVE('',#5732,#5740,#4881,.T.);
#13289=ADVANCED_FACE('',(#13288),#13281,.T.);
#13301=ADVANCED_FACE('',(#13300),#13294,.T.);
#13309=EDGE_CURVE('',#5499,#5497,#4893,.T.);
#13316=ADVANCED_FACE('',(#13315),#13306,.T.);
#13324=EDGE_CURVE('',#5466,#5467,#4905,.T.);
#13329=ADVANCED_FACE('',(#13328),#13321,.F.);
#13339=EDGE_CURVE('',#5512,#5513,#4909,.T.);
#13344=ADVANCED_FACE('',(#13343),#13334,.T.);
#13356=ADVANCED_FACE('',(#13355),#13349,.T.);
#13364=EDGE_CURVE('',#6517,#6529,#4913,.T.);
#13369=ADVANCED_FACE('',(#13368),#13361,.T.);
#13378=EDGE_CURVE('',#6516,#6528,#4917,.T.);
#13382=ADVANCED_FACE('',(#13381),#13374,.T.);
#13394=ADVANCED_FACE('',(#13393),#13387,.T.);
#13406=ADVANCED_FACE('',(#13405),#13399,.F.);
#13415=EDGE_CURVE('',#5632,#5635,#4925,.T.);
#13419=ADVANCED_FACE('',(#13418),#13411,.T.);
#13427=EDGE_CURVE('',#5563,#5555,#4933,.T.);
#13432=ADVANCED_FACE('',(#13431),#13424,.T.);
#13440=EDGE_CURVE('',#5561,#5553,#4941,.T.);
#13445=ADVANCED_FACE('',(#13444),#13437,.T.);
#13451=EDGE_CURVE('',#5222,#5223,#4949,.T.);
#13458=ADVANCED_FACE('',(#13457),#13450,.F.);
#13464=EDGE_CURVE('',#5218,#5219,#4953,.T.);
#13471=ADVANCED_FACE('',(#13470),#13463,.F.);
#13483=ADVANCED_FACE('',(#13482),#13476,.F.);
#13490=EDGE_CURVE('',#5319,#5295,#4961,.T.);
#13492=EDGE_CURVE('',#5317,#5319,#4979,.T.);
#13497=ADVANCED_FACE('',(#13496),#13488,.T.);
#13503=EDGE_CURVE('',#5285,#5319,#4957,.T.);
#13510=ADVANCED_FACE('',(#13509),#13502,.T.);
#13518=EDGE_CURVE('',#5319,#5316,#4984,.T.);
#13523=ADVANCED_FACE('',(#13522),#13515,.T.);
#13529=EDGE_CURVE('',#5316,#5317,#4974,.T.);
#13535=ADVANCED_FACE('',(#13534),#13528,.T.);
#13543=EDGE_CURVE('',#5327,#5312,#4999,.T.);
#13548=ADVANCED_FACE('',(#13547),#13540,.T.);
#13554=EDGE_CURVE('',#5312,#5313,#4989,.T.);
#13556=EDGE_CURVE('',#5313,#5327,#4994,.T.);
#13561=ADVANCED_FACE('',(#13560),#13553,.T.);
#13568=EDGE_CURVE('',#5313,#5307,#5007,.T.);
#13574=ADVANCED_FACE('',(#13573),#13566,.T.);
#13580=EDGE_CURVE('',#5313,#5303,#5003,.T.);
#13587=ADVANCED_FACE('',(#13586),#13579,.T.);
#13599=ADVANCED_FACE('',(#13598),#13592,.T.);
#13602=(LENGTH_UNIT()NAMED_UNIT(*)SI_UNIT(.MILLI.,.METRE.));
#13603=(NAMED_UNIT(*)PLANE_ANGLE_UNIT()SI_UNIT($,.RADIAN.));
#13606=(NAMED_UNIT(*)SI_UNIT($,.STERADIAN.)SOLID_ANGLE_UNIT());
#13608=(GEOMETRIC_REPRESENTATION_CONTEXT(3)GLOBAL_UNCERTAINTY_ASSIGNED_CONTEXT((
#13607))GLOBAL_UNIT_ASSIGNED_CONTEXT((#13602,#13605,#13606))REPRESENTATION_CONTEXT('ID1','3'));
#13609=ADVANCED_BREP_SHAPE_REPRESENTATION('',(#13601),#13608);
#13616=PRODUCT_DEFINITION('part definition','',#13615,#13612);
#13617=PRODUCT_DEFINITION_SHAPE('','SHAPE FOR C-2-1734592-2.',#13616);
#13618=SHAPE_ASPECT('','solid data associated with C-2-1734592-2',#13617,.F.);
#13619=PROPERTY_DEFINITION('',
'shape for solid data with which properties are associated',#13618);
#13620=SHAPE_REPRESENTATION('',(#13601),#13608);
#13621=SHAPE_DEFINITION_REPRESENTATION(#13619,#13620);
#13622=(LENGTH_UNIT()NAMED_UNIT(*)SI_UNIT(.MILLI.,.METRE.));
#13626=PROPERTY_DEFINITION('geometric validation property',
'area of C-2-1734592-2',#13618);
#13627=REPRESENTATION('surface area',(#13625),#13608);
#13628=PROPERTY_DEFINITION_REPRESENTATION(#13626,#13627);
#13629=(LENGTH_UNIT()NAMED_UNIT(*)SI_UNIT(.MILLI.,.METRE.));
#13633=PROPERTY_DEFINITION('geometric validation property',
'volume of C-2-1734592-2',#13618);
#13634=REPRESENTATION('volume',(#13632),#13608);
#13635=PROPERTY_DEFINITION_REPRESENTATION(#13633,#13634);
#13637=PROPERTY_DEFINITION('geometric validation property',
'centroid of C-2-1734592-2',#13618);
#13638=REPRESENTATION('centroid',(#13636),#13608);
#13639=PROPERTY_DEFINITION_REPRESENTATION(#13637,#13638);
#13640=(LENGTH_UNIT()NAMED_UNIT(*)SI_UNIT(.MILLI.,.METRE.));
#13644=PROPERTY_DEFINITION('geometric validation property',
'area of C-2-1734592-2',#13617);
#13645=REPRESENTATION('surface area',(#13643),#13608);
#13646=PROPERTY_DEFINITION_REPRESENTATION(#13644,#13645);
#13647=(LENGTH_UNIT()NAMED_UNIT(*)SI_UNIT(.MILLI.,.METRE.));
#13651=PROPERTY_DEFINITION('geometric validation property',
'volume of C-2-1734592-2',#13617);
#13652=REPRESENTATION('volume',(#13650),#13608);
#13653=PROPERTY_DEFINITION_REPRESENTATION(#13651,#13652);
#13655=PROPERTY_DEFINITION('geometric validation property',
'centroid of C-2-1734592-2',#13617);
#13656=REPRESENTATION('centroid',(#13654),#13608);
#13657=PROPERTY_DEFINITION_REPRESENTATION(#13655,#13656);
#13658=SHAPE_DEFINITION_REPRESENTATION(#13617,#13609);
ENDSEC;
END-ISO-10303-21;
