ISO-10303-21;
HEADER;
/* Generated by software containing ST-Developer
 * from STEP Tools, Inc. (www.steptools.com) 
 */
/* OPTION: using custom renumber hook */

FILE_DESCRIPTION(
/* description */ ('STEP AP214'),
/* implementation_level */ '2;1');

FILE_NAME(
/* name */ 'KSC721JLFS',
/* time_stamp */ '2024-11-18T15:52:22+01:00',
/* author */ ('License CC BY-ND 4.0'),
/* organization */ ('CADENAS'),
/* preprocessor_version */ 'ST-DEVELOPER v19.3',
/* originating_system */ 'PARTsolutions',
/* authorisation */ '  ');

FILE_SCHEMA (('AUTOMOTIVE_DESIGN {1 0 10303 214 3 1 1}'));
ENDSEC;

DATA;
#10=PROPERTY_DEFINITION_REPRESENTATION(#14,#12);
#11=PROPERTY_DEFINITION_REPRESENTATION(#15,#13);
#12=REPRESENTATION('',(#16),#7630);
#13=REPRESENTATION('',(#17),#7630);
#14=PROPERTY_DEFINITION('pmi validation property','',#7643);
#15=PROPERTY_DEFINITION('pmi validation property','',#7643);
#16=VALUE_REPRESENTATION_ITEM('number of annotations',COUNT_MEASURE(0.));
#17=VALUE_REPRESENTATION_ITEM('number of views',COUNT_MEASURE(0.));
#18=B_SPLINE_CURVE_WITH_KNOTS('',3,(#7538,#7539,#7540,#7541),
 .UNSPECIFIED.,.F.,.F.,(4,4),(0.,5.9859306080316E-5),.UNSPECIFIED.);
#19=B_SPLINE_CURVE_WITH_KNOTS('',3,(#7544,#7545,#7546,#7547),
 .UNSPECIFIED.,.F.,.F.,(4,4),(3.16386932113528E-19,5.98658063660165E-5),
 .UNSPECIFIED.);
#20=B_SPLINE_CURVE_WITH_KNOTS('',3,(#7549,#7550,#7551,#7552),
 .UNSPECIFIED.,.F.,.F.,(4,4),(1.7683321645493E-19,6.04637832838464E-5),
 .UNSPECIFIED.);
#21=B_SPLINE_CURVE_WITH_KNOTS('',3,(#7560,#7561,#7562,#7563),
 .UNSPECIFIED.,.F.,.F.,(4,4),(5.36385912837744E-19,6.04734623651041E-5),
 .UNSPECIFIED.);
#22=B_SPLINE_CURVE_WITH_KNOTS('',3,(#7565,#7566,#7567,#7568),
 .UNSPECIFIED.,.F.,.F.,(4,4),(3.64661210491014E-19,6.01818510410149E-5),
 .UNSPECIFIED.);
#23=B_SPLINE_CURVE_WITH_KNOTS('',3,(#7570,#7571,#7572,#7573),
 .UNSPECIFIED.,.F.,.F.,(4,4),(7.66646708341687E-20,6.1845988153178E-5),
 .UNSPECIFIED.);
#24=B_SPLINE_CURVE_WITH_KNOTS('',3,(#7581,#7582,#7583,#7584),
 .UNSPECIFIED.,.F.,.F.,(4,4),(0.,6.18699036237024E-5),.UNSPECIFIED.);
#25=B_SPLINE_CURVE_WITH_KNOTS('',3,(#7586,#7587,#7588,#7589),
 .UNSPECIFIED.,.F.,.F.,(4,4),(0.,6.01648595493306E-5),.UNSPECIFIED.);
#26=COLOUR_RGB('',0.75,0.75,0.75);
#27=COLOUR_RGB('',0.689999997615814,0.689999997615814,0.689999997615814);
#28=CONTEXT_DEPENDENT_SHAPE_REPRESENTATION(#42,#7645);
#29=CONTEXT_DEPENDENT_SHAPE_REPRESENTATION(#43,#7647);
#30=CONTEXT_DEPENDENT_SHAPE_REPRESENTATION(#44,#7649);
#31=CONTEXT_DEPENDENT_SHAPE_REPRESENTATION(#45,#7651);
#32=CONTEXT_DEPENDENT_SHAPE_REPRESENTATION(#46,#7652);
#33=CONTEXT_DEPENDENT_SHAPE_REPRESENTATION(#47,#7653);
#34=CONTEXT_DEPENDENT_SHAPE_REPRESENTATION(#48,#7654);
#35=NEXT_ASSEMBLY_USAGE_OCCURRENCE('NAUO1','KSC7_body','KSC7_body',#7655,
#7656,'');
#36=NEXT_ASSEMBLY_USAGE_OCCURRENCE('NAUO2','KSC7_button','KSC7_button',
#7655,#7657,'');
#37=NEXT_ASSEMBLY_USAGE_OCCURRENCE('NAUO3','KSC7_cover','KSC7_cover',#7655,
#7658,'');
#38=NEXT_ASSEMBLY_USAGE_OCCURRENCE('NAUO4','KSC71J_pin','KSC71J_pin',#7655,
#7659,'');
#39=NEXT_ASSEMBLY_USAGE_OCCURRENCE('NAUO5','KSC71J_pin','KSC71J_pin',#7655,
#7659,'');
#40=NEXT_ASSEMBLY_USAGE_OCCURRENCE('NAUO6','KSC71J_pin','KSC71J_pin',#7655,
#7659,'');
#41=NEXT_ASSEMBLY_USAGE_OCCURRENCE('NAUO7','KSC71J_pin','KSC71J_pin',#7655,
#7659,'');
#42=(
REPRESENTATION_RELATIONSHIP(' ',' ',#4893,#4892)
REPRESENTATION_RELATIONSHIP_WITH_TRANSFORMATION(#49)
SHAPE_REPRESENTATION_RELATIONSHIP()
);
#43=(
REPRESENTATION_RELATIONSHIP(' ',' ',#4894,#4892)
REPRESENTATION_RELATIONSHIP_WITH_TRANSFORMATION(#50)
SHAPE_REPRESENTATION_RELATIONSHIP()
);
#44=(
REPRESENTATION_RELATIONSHIP(' ',' ',#4895,#4892)
REPRESENTATION_RELATIONSHIP_WITH_TRANSFORMATION(#51)
SHAPE_REPRESENTATION_RELATIONSHIP()
);
#45=(
REPRESENTATION_RELATIONSHIP(' ',' ',#4896,#4892)
REPRESENTATION_RELATIONSHIP_WITH_TRANSFORMATION(#52)
SHAPE_REPRESENTATION_RELATIONSHIP()
);
#46=(
REPRESENTATION_RELATIONSHIP(' ',' ',#4896,#4892)
REPRESENTATION_RELATIONSHIP_WITH_TRANSFORMATION(#53)
SHAPE_REPRESENTATION_RELATIONSHIP()
);
#47=(
REPRESENTATION_RELATIONSHIP(' ',' ',#4896,#4892)
REPRESENTATION_RELATIONSHIP_WITH_TRANSFORMATION(#54)
SHAPE_REPRESENTATION_RELATIONSHIP()
);
#48=(
REPRESENTATION_RELATIONSHIP(' ',' ',#4896,#4892)
REPRESENTATION_RELATIONSHIP_WITH_TRANSFORMATION(#55)
SHAPE_REPRESENTATION_RELATIONSHIP()
);
#49=ITEM_DEFINED_TRANSFORMATION(' ',' ',#4897,#5003);
#50=ITEM_DEFINED_TRANSFORMATION(' ',' ',#4897,#5078);
#51=ITEM_DEFINED_TRANSFORMATION(' ',' ',#4897,#5184);
#52=ITEM_DEFINED_TRANSFORMATION(' ',' ',#4897,#5213);
#53=ITEM_DEFINED_TRANSFORMATION(' ',' ',#4897,#5214);
#54=ITEM_DEFINED_TRANSFORMATION(' ',' ',#4897,#5215);
#55=ITEM_DEFINED_TRANSFORMATION(' ',' ',#4897,#5216);
#56=SHAPE_REPRESENTATION_RELATIONSHIP('','',#4893,#60);
#57=SHAPE_REPRESENTATION_RELATIONSHIP('','',#4894,#61);
#58=SHAPE_REPRESENTATION_RELATIONSHIP('','',#4895,#62);
#59=SHAPE_REPRESENTATION_RELATIONSHIP('','',#4896,#63);
#60=ADVANCED_BREP_SHAPE_REPRESENTATION('',(#4883),#7631);
#61=ADVANCED_BREP_SHAPE_REPRESENTATION('',(#4884),#7632);
#62=ADVANCED_BREP_SHAPE_REPRESENTATION('',(#4885),#7633);
#63=ADVANCED_BREP_SHAPE_REPRESENTATION('',(#4886),#7634);
#64=CONICAL_SURFACE('',#4989,0.355,0.347766987857016);
#65=CONICAL_SURFACE('',#4993,0.65,0.521834279814411);
#66=CONICAL_SURFACE('',#4996,0.8,0.52183427981441);
#67=CONICAL_SURFACE('',#5077,1.435,0.0349065850398866);
#68=CYLINDRICAL_SURFACE('',#4959,0.6);
#69=CYLINDRICAL_SURFACE('',#4964,0.600000000000001);
#70=CYLINDRICAL_SURFACE('',#4965,0.6);
#71=CYLINDRICAL_SURFACE('',#4970,0.600000000000001);
#72=CYLINDRICAL_SURFACE('',#4974,0.54);
#73=CYLINDRICAL_SURFACE('',#4976,0.54);
#74=CYLINDRICAL_SURFACE('',#4982,0.54);
#75=CYLINDRICAL_SURFACE('',#4983,0.54);
#76=CYLINDRICAL_SURFACE('',#4999,0.75);
#77=CYLINDRICAL_SURFACE('',#5005,0.150000000000001);
#78=CYLINDRICAL_SURFACE('',#5009,0.15);
#79=CYLINDRICAL_SURFACE('',#5013,0.150000000000001);
#80=CYLINDRICAL_SURFACE('',#5018,0.15);
#81=CYLINDRICAL_SURFACE('',#5022,0.15);
#82=CYLINDRICAL_SURFACE('',#5027,0.150000000000001);
#83=CYLINDRICAL_SURFACE('',#5031,0.15);
#84=CYLINDRICAL_SURFACE('',#5035,0.150000000000001);
#85=CYLINDRICAL_SURFACE('',#5039,0.150000000000001);
#86=CYLINDRICAL_SURFACE('',#5043,0.149999999999999);
#87=CYLINDRICAL_SURFACE('',#5047,0.150000000000001);
#88=CYLINDRICAL_SURFACE('',#5052,0.15);
#89=CYLINDRICAL_SURFACE('',#5056,0.15);
#90=CYLINDRICAL_SURFACE('',#5061,0.150000000000002);
#91=CYLINDRICAL_SURFACE('',#5065,0.149999999999998);
#92=CYLINDRICAL_SURFACE('',#5069,0.150000000000001);
#93=CYLINDRICAL_SURFACE('',#5106,1.64);
#94=CYLINDRICAL_SURFACE('',#5121,0.560000000000001);
#95=CYLINDRICAL_SURFACE('',#5124,0.499999999999997);
#96=CYLINDRICAL_SURFACE('',#5127,0.56);
#97=CYLINDRICAL_SURFACE('',#5135,0.2);
#98=CYLINDRICAL_SURFACE('',#5138,0.850000000000004);
#99=CYLINDRICAL_SURFACE('',#5141,0.2);
#100=CYLINDRICAL_SURFACE('',#5157,0.560000000000001);
#101=CYLINDRICAL_SURFACE('',#5160,0.499999999999997);
#102=CYLINDRICAL_SURFACE('',#5163,0.56);
#103=CYLINDRICAL_SURFACE('',#5171,0.2);
#104=CYLINDRICAL_SURFACE('',#5174,0.850000000000004);
#105=CYLINDRICAL_SURFACE('',#5177,0.2);
#106=CYLINDRICAL_SURFACE('',#5193,0.65);
#107=CYLINDRICAL_SURFACE('',#5196,0.4);
#108=CYLINDRICAL_SURFACE('',#5203,0.3);
#109=CYLINDRICAL_SURFACE('',#5208,0.100000000000001);
#110=CYLINDRICAL_SURFACE('',#5209,0.0999999999999996);
#111=CYLINDRICAL_SURFACE('',#5210,0.100000000000002);
#112=CYLINDRICAL_SURFACE('',#5211,0.100000000000001);
#113=LINE('',#6372,#620);
#114=LINE('',#6375,#621);
#115=LINE('',#6377,#622);
#116=LINE('',#6379,#623);
#117=LINE('',#6383,#624);
#118=LINE('',#6385,#625);
#119=LINE('',#6387,#626);
#120=LINE('',#6389,#627);
#121=LINE('',#6391,#628);
#122=LINE('',#6395,#629);
#123=LINE('',#6397,#630);
#124=LINE('',#6399,#631);
#125=LINE('',#6403,#632);
#126=LINE('',#6405,#633);
#127=LINE('',#6407,#634);
#128=LINE('',#6409,#635);
#129=LINE('',#6411,#636);
#130=LINE('',#6415,#637);
#131=LINE('',#6417,#638);
#132=LINE('',#6419,#639);
#133=LINE('',#6421,#640);
#134=LINE('',#6423,#641);
#135=LINE('',#6425,#642);
#136=LINE('',#6427,#643);
#137=LINE('',#6429,#644);
#138=LINE('',#6431,#645);
#139=LINE('',#6433,#646);
#140=LINE('',#6436,#647);
#141=LINE('',#6437,#648);
#142=LINE('',#6439,#649);
#143=LINE('',#6441,#650);
#144=LINE('',#6443,#651);
#145=LINE('',#6445,#652);
#146=LINE('',#6451,#653);
#147=LINE('',#6453,#654);
#148=LINE('',#6455,#655);
#149=LINE('',#6457,#656);
#150=LINE('',#6459,#657);
#151=LINE('',#6461,#658);
#152=LINE('',#6463,#659);
#153=LINE('',#6465,#660);
#154=LINE('',#6467,#661);
#155=LINE('',#6469,#662);
#156=LINE('',#6471,#663);
#157=LINE('',#6473,#664);
#158=LINE('',#6475,#665);
#159=LINE('',#6477,#666);
#160=LINE('',#6479,#667);
#161=LINE('',#6481,#668);
#162=LINE('',#6483,#669);
#163=LINE('',#6485,#670);
#164=LINE('',#6487,#671);
#165=LINE('',#6489,#672);
#166=LINE('',#6491,#673);
#167=LINE('',#6493,#674);
#168=LINE('',#6495,#675);
#169=LINE('',#6497,#676);
#170=LINE('',#6499,#677);
#171=LINE('',#6501,#678);
#172=LINE('',#6503,#679);
#173=LINE('',#6504,#680);
#174=LINE('',#6508,#681);
#175=LINE('',#6510,#682);
#176=LINE('',#6512,#683);
#177=LINE('',#6514,#684);
#178=LINE('',#6516,#685);
#179=LINE('',#6518,#686);
#180=LINE('',#6520,#687);
#181=LINE('',#6522,#688);
#182=LINE('',#6524,#689);
#183=LINE('',#6526,#690);
#184=LINE('',#6529,#691);
#185=LINE('',#6531,#692);
#186=LINE('',#6533,#693);
#187=LINE('',#6535,#694);
#188=LINE('',#6538,#695);
#189=LINE('',#6540,#696);
#190=LINE('',#6542,#697);
#191=LINE('',#6543,#698);
#192=LINE('',#6545,#699);
#193=LINE('',#6547,#700);
#194=LINE('',#6549,#701);
#195=LINE('',#6550,#702);
#196=LINE('',#6552,#703);
#197=LINE('',#6554,#704);
#198=LINE('',#6556,#705);
#199=LINE('',#6557,#706);
#200=LINE('',#6559,#707);
#201=LINE('',#6560,#708);
#202=LINE('',#6562,#709);
#203=LINE('',#6564,#710);
#204=LINE('',#6566,#711);
#205=LINE('',#6568,#712);
#206=LINE('',#6570,#713);
#207=LINE('',#6572,#714);
#208=LINE('',#6574,#715);
#209=LINE('',#6576,#716);
#210=LINE('',#6578,#717);
#211=LINE('',#6580,#718);
#212=LINE('',#6582,#719);
#213=LINE('',#6584,#720);
#214=LINE('',#6585,#721);
#215=LINE('',#6587,#722);
#216=LINE('',#6589,#723);
#217=LINE('',#6591,#724);
#218=LINE('',#6593,#725);
#219=LINE('',#6595,#726);
#220=LINE('',#6596,#727);
#221=LINE('',#6598,#728);
#222=LINE('',#6600,#729);
#223=LINE('',#6601,#730);
#224=LINE('',#6603,#731);
#225=LINE('',#6605,#732);
#226=LINE('',#6606,#733);
#227=LINE('',#6608,#734);
#228=LINE('',#6610,#735);
#229=LINE('',#6611,#736);
#230=LINE('',#6613,#737);
#231=LINE('',#6615,#738);
#232=LINE('',#6617,#739);
#233=LINE('',#6619,#740);
#234=LINE('',#6621,#741);
#235=LINE('',#6623,#742);
#236=LINE('',#6625,#743);
#237=LINE('',#6627,#744);
#238=LINE('',#6629,#745);
#239=LINE('',#6631,#746);
#240=LINE('',#6633,#747);
#241=LINE('',#6635,#748);
#242=LINE('',#6637,#749);
#243=LINE('',#6639,#750);
#244=LINE('',#6641,#751);
#245=LINE('',#6643,#752);
#246=LINE('',#6645,#753);
#247=LINE('',#6647,#754);
#248=LINE('',#6649,#755);
#249=LINE('',#6652,#756);
#250=LINE('',#6654,#757);
#251=LINE('',#6656,#758);
#252=LINE('',#6658,#759);
#253=LINE('',#6660,#760);
#254=LINE('',#6662,#761);
#255=LINE('',#6664,#762);
#256=LINE('',#6666,#763);
#257=LINE('',#6668,#764);
#258=LINE('',#6671,#765);
#259=LINE('',#6673,#766);
#260=LINE('',#6675,#767);
#261=LINE('',#6677,#768);
#262=LINE('',#6679,#769);
#263=LINE('',#6681,#770);
#264=LINE('',#6683,#771);
#265=LINE('',#6685,#772);
#266=LINE('',#6687,#773);
#267=LINE('',#6690,#774);
#268=LINE('',#6692,#775);
#269=LINE('',#6694,#776);
#270=LINE('',#6696,#777);
#271=LINE('',#6698,#778);
#272=LINE('',#6700,#779);
#273=LINE('',#6702,#780);
#274=LINE('',#6704,#781);
#275=LINE('',#6706,#782);
#276=LINE('',#6709,#783);
#277=LINE('',#6711,#784);
#278=LINE('',#6713,#785);
#279=LINE('',#6715,#786);
#280=LINE('',#6718,#787);
#281=LINE('',#6720,#788);
#282=LINE('',#6722,#789);
#283=LINE('',#6724,#790);
#284=LINE('',#6729,#791);
#285=LINE('',#6731,#792);
#286=LINE('',#6733,#793);
#287=LINE('',#6737,#794);
#288=LINE('',#6739,#795);
#289=LINE('',#6741,#796);
#290=LINE('',#6743,#797);
#291=LINE('',#6747,#798);
#292=LINE('',#6749,#799);
#293=LINE('',#6751,#800);
#294=LINE('',#6753,#801);
#295=LINE('',#6757,#802);
#296=LINE('',#6759,#803);
#297=LINE('',#6763,#804);
#298=LINE('',#6766,#805);
#299=LINE('',#6768,#806);
#300=LINE('',#6775,#807);
#301=LINE('',#6777,#808);
#302=LINE('',#6782,#809);
#303=LINE('',#6784,#810);
#304=LINE('',#6805,#811);
#305=LINE('',#6806,#812);
#306=LINE('',#6811,#813);
#307=LINE('',#6814,#814);
#308=LINE('',#6816,#815);
#309=LINE('',#6818,#816);
#310=LINE('',#6822,#817);
#311=LINE('',#6826,#818);
#312=LINE('',#6828,#819);
#313=LINE('',#6830,#820);
#314=LINE('',#6834,#821);
#315=LINE('',#6838,#822);
#316=LINE('',#6840,#823);
#317=LINE('',#6842,#824);
#318=LINE('',#6846,#825);
#319=LINE('',#6850,#826);
#320=LINE('',#6852,#827);
#321=LINE('',#6854,#828);
#322=LINE('',#6856,#829);
#323=LINE('',#6858,#830);
#324=LINE('',#6860,#831);
#325=LINE('',#6864,#832);
#326=LINE('',#6868,#833);
#327=LINE('',#6870,#834);
#328=LINE('',#6872,#835);
#329=LINE('',#6876,#836);
#330=LINE('',#6880,#837);
#331=LINE('',#6882,#838);
#332=LINE('',#6884,#839);
#333=LINE('',#6886,#840);
#334=LINE('',#6888,#841);
#335=LINE('',#6890,#842);
#336=LINE('',#6894,#843);
#337=LINE('',#6898,#844);
#338=LINE('',#6900,#845);
#339=LINE('',#6902,#846);
#340=LINE('',#6906,#847);
#341=LINE('',#6910,#848);
#342=LINE('',#6912,#849);
#343=LINE('',#6914,#850);
#344=LINE('',#6918,#851);
#345=LINE('',#6922,#852);
#346=LINE('',#6924,#853);
#347=LINE('',#6926,#854);
#348=LINE('',#6930,#855);
#349=LINE('',#6934,#856);
#350=LINE('',#6936,#857);
#351=LINE('',#6938,#858);
#352=LINE('',#6942,#859);
#353=LINE('',#6946,#860);
#354=LINE('',#6948,#861);
#355=LINE('',#6950,#862);
#356=LINE('',#6954,#863);
#357=LINE('',#6958,#864);
#358=LINE('',#6960,#865);
#359=LINE('',#6962,#866);
#360=LINE('',#6964,#867);
#361=LINE('',#6966,#868);
#362=LINE('',#6968,#869);
#363=LINE('',#6972,#870);
#364=LINE('',#6976,#871);
#365=LINE('',#6978,#872);
#366=LINE('',#6980,#873);
#367=LINE('',#6984,#874);
#368=LINE('',#6988,#875);
#369=LINE('',#6990,#876);
#370=LINE('',#6992,#877);
#371=LINE('',#6994,#878);
#372=LINE('',#6996,#879);
#373=LINE('',#6998,#880);
#374=LINE('',#7002,#881);
#375=LINE('',#7006,#882);
#376=LINE('',#7008,#883);
#377=LINE('',#7010,#884);
#378=LINE('',#7014,#885);
#379=LINE('',#7018,#886);
#380=LINE('',#7020,#887);
#381=LINE('',#7022,#888);
#382=LINE('',#7036,#889);
#383=LINE('',#7039,#890);
#384=LINE('',#7041,#891);
#385=LINE('',#7043,#892);
#386=LINE('',#7045,#893);
#387=LINE('',#7048,#894);
#388=LINE('',#7050,#895);
#389=LINE('',#7052,#896);
#390=LINE('',#7054,#897);
#391=LINE('',#7057,#898);
#392=LINE('',#7059,#899);
#393=LINE('',#7061,#900);
#394=LINE('',#7063,#901);
#395=LINE('',#7066,#902);
#396=LINE('',#7068,#903);
#397=LINE('',#7070,#904);
#398=LINE('',#7072,#905);
#399=LINE('',#7075,#906);
#400=LINE('',#7077,#907);
#401=LINE('',#7079,#908);
#402=LINE('',#7081,#909);
#403=LINE('',#7084,#910);
#404=LINE('',#7086,#911);
#405=LINE('',#7088,#912);
#406=LINE('',#7090,#913);
#407=LINE('',#7092,#914);
#408=LINE('',#7094,#915);
#409=LINE('',#7096,#916);
#410=LINE('',#7098,#917);
#411=LINE('',#7100,#918);
#412=LINE('',#7102,#919);
#413=LINE('',#7104,#920);
#414=LINE('',#7106,#921);
#415=LINE('',#7108,#922);
#416=LINE('',#7110,#923);
#417=LINE('',#7112,#924);
#418=LINE('',#7114,#925);
#419=LINE('',#7116,#926);
#420=LINE('',#7118,#927);
#421=LINE('',#7120,#928);
#422=LINE('',#7122,#929);
#423=LINE('',#7124,#930);
#424=LINE('',#7126,#931);
#425=LINE('',#7127,#932);
#426=LINE('',#7129,#933);
#427=LINE('',#7131,#934);
#428=LINE('',#7133,#935);
#429=LINE('',#7135,#936);
#430=LINE('',#7137,#937);
#431=LINE('',#7139,#938);
#432=LINE('',#7141,#939);
#433=LINE('',#7142,#940);
#434=LINE('',#7144,#941);
#435=LINE('',#7146,#942);
#436=LINE('',#7148,#943);
#437=LINE('',#7150,#944);
#438=LINE('',#7152,#945);
#439=LINE('',#7154,#946);
#440=LINE('',#7156,#947);
#441=LINE('',#7158,#948);
#442=LINE('',#7160,#949);
#443=LINE('',#7162,#950);
#444=LINE('',#7164,#951);
#445=LINE('',#7166,#952);
#446=LINE('',#7168,#953);
#447=LINE('',#7170,#954);
#448=LINE('',#7172,#955);
#449=LINE('',#7174,#956);
#450=LINE('',#7176,#957);
#451=LINE('',#7178,#958);
#452=LINE('',#7180,#959);
#453=LINE('',#7181,#960);
#454=LINE('',#7183,#961);
#455=LINE('',#7186,#962);
#456=LINE('',#7188,#963);
#457=LINE('',#7190,#964);
#458=LINE('',#7192,#965);
#459=LINE('',#7194,#966);
#460=LINE('',#7196,#967);
#461=LINE('',#7198,#968);
#462=LINE('',#7200,#969);
#463=LINE('',#7202,#970);
#464=LINE('',#7204,#971);
#465=LINE('',#7206,#972);
#466=LINE('',#7208,#973);
#467=LINE('',#7215,#974);
#468=LINE('',#7217,#975);
#469=LINE('',#7219,#976);
#470=LINE('',#7221,#977);
#471=LINE('',#7223,#978);
#472=LINE('',#7225,#979);
#473=LINE('',#7226,#980);
#474=LINE('',#7228,#981);
#475=LINE('',#7230,#982);
#476=LINE('',#7231,#983);
#477=LINE('',#7233,#984);
#478=LINE('',#7235,#985);
#479=LINE('',#7236,#986);
#480=LINE('',#7238,#987);
#481=LINE('',#7240,#988);
#482=LINE('',#7242,#989);
#483=LINE('',#7243,#990);
#484=LINE('',#7244,#991);
#485=LINE('',#7245,#992);
#486=LINE('',#7247,#993);
#487=LINE('',#7249,#994);
#488=LINE('',#7251,#995);
#489=LINE('',#7253,#996);
#490=LINE('',#7255,#997);
#491=LINE('',#7259,#998);
#492=LINE('',#7263,#999);
#493=LINE('',#7267,#1000);
#494=LINE('',#7269,#1001);
#495=LINE('',#7271,#1002);
#496=LINE('',#7273,#1003);
#497=LINE('',#7274,#1004);
#498=LINE('',#7276,#1005);
#499=LINE('',#7280,#1006);
#500=LINE('',#7284,#1007);
#501=LINE('',#7288,#1008);
#502=LINE('',#7290,#1009);
#503=LINE('',#7292,#1010);
#504=LINE('',#7294,#1011);
#505=LINE('',#7296,#1012);
#506=LINE('',#7298,#1013);
#507=LINE('',#7302,#1014);
#508=LINE('',#7304,#1015);
#509=LINE('',#7306,#1016);
#510=LINE('',#7310,#1017);
#511=LINE('',#7312,#1018);
#512=LINE('',#7314,#1019);
#513=LINE('',#7318,#1020);
#514=LINE('',#7320,#1021);
#515=LINE('',#7322,#1022);
#516=LINE('',#7324,#1023);
#517=LINE('',#7326,#1024);
#518=LINE('',#7328,#1025);
#519=LINE('',#7330,#1026);
#520=LINE('',#7332,#1027);
#521=LINE('',#7334,#1028);
#522=LINE('',#7336,#1029);
#523=LINE('',#7338,#1030);
#524=LINE('',#7340,#1031);
#525=LINE('',#7344,#1032);
#526=LINE('',#7346,#1033);
#527=LINE('',#7348,#1034);
#528=LINE('',#7352,#1035);
#529=LINE('',#7354,#1036);
#530=LINE('',#7356,#1037);
#531=LINE('',#7360,#1038);
#532=LINE('',#7362,#1039);
#533=LINE('',#7364,#1040);
#534=LINE('',#7366,#1041);
#535=LINE('',#7368,#1042);
#536=LINE('',#7370,#1043);
#537=LINE('',#7372,#1044);
#538=LINE('',#7375,#1045);
#539=LINE('',#7377,#1046);
#540=LINE('',#7381,#1047);
#541=LINE('',#7385,#1048);
#542=LINE('',#7389,#1049);
#543=LINE('',#7391,#1050);
#544=LINE('',#7392,#1051);
#545=LINE('',#7394,#1052);
#546=LINE('',#7396,#1053);
#547=LINE('',#7398,#1054);
#548=LINE('',#7402,#1055);
#549=LINE('',#7406,#1056);
#550=LINE('',#7410,#1057);
#551=LINE('',#7412,#1058);
#552=LINE('',#7414,#1059);
#553=LINE('',#7416,#1060);
#554=LINE('',#7418,#1061);
#555=LINE('',#7420,#1062);
#556=LINE('',#7422,#1063);
#557=LINE('',#7424,#1064);
#558=LINE('',#7428,#1065);
#559=LINE('',#7430,#1066);
#560=LINE('',#7432,#1067);
#561=LINE('',#7436,#1068);
#562=LINE('',#7438,#1069);
#563=LINE('',#7440,#1070);
#564=LINE('',#7444,#1071);
#565=LINE('',#7446,#1072);
#566=LINE('',#7448,#1073);
#567=LINE('',#7450,#1074);
#568=LINE('',#7452,#1075);
#569=LINE('',#7454,#1076);
#570=LINE('',#7456,#1077);
#571=LINE('',#7458,#1078);
#572=LINE('',#7460,#1079);
#573=LINE('',#7462,#1080);
#574=LINE('',#7464,#1081);
#575=LINE('',#7466,#1082);
#576=LINE('',#7470,#1083);
#577=LINE('',#7472,#1084);
#578=LINE('',#7474,#1085);
#579=LINE('',#7478,#1086);
#580=LINE('',#7480,#1087);
#581=LINE('',#7482,#1088);
#582=LINE('',#7486,#1089);
#583=LINE('',#7488,#1090);
#584=LINE('',#7490,#1091);
#585=LINE('',#7492,#1092);
#586=LINE('',#7494,#1093);
#587=LINE('',#7496,#1094);
#588=LINE('',#7498,#1095);
#589=LINE('',#7500,#1096);
#590=LINE('',#7504,#1097);
#591=LINE('',#7509,#1098);
#592=LINE('',#7513,#1099);
#593=LINE('',#7515,#1100);
#594=LINE('',#7517,#1101);
#595=LINE('',#7521,#1102);
#596=LINE('',#7526,#1103);
#597=LINE('',#7528,#1104);
#598=LINE('',#7530,#1105);
#599=LINE('',#7534,#1106);
#600=LINE('',#7543,#1107);
#601=LINE('',#7556,#1108);
#602=LINE('',#7577,#1109);
#603=LINE('',#7590,#1110);
#604=LINE('',#7592,#1111);
#605=LINE('',#7594,#1112);
#606=LINE('',#7596,#1113);
#607=LINE('',#7598,#1114);
#608=LINE('',#7600,#1115);
#609=LINE('',#7602,#1116);
#610=LINE('',#7604,#1117);
#611=LINE('',#7605,#1118);
#612=LINE('',#7607,#1119);
#613=LINE('',#7608,#1120);
#614=LINE('',#7610,#1121);
#615=LINE('',#7611,#1122);
#616=LINE('',#7616,#1123);
#617=LINE('',#7618,#1124);
#618=LINE('',#7621,#1125);
#619=LINE('',#7623,#1126);
#620=VECTOR('',#5227,1000.);
#621=VECTOR('',#5228,1000.);
#622=VECTOR('',#5229,1000.);
#623=VECTOR('',#5230,1000.);
#624=VECTOR('',#5233,1000.);
#625=VECTOR('',#5234,1000.);
#626=VECTOR('',#5235,1000.);
#627=VECTOR('',#5236,1000.);
#628=VECTOR('',#5237,1000.);
#629=VECTOR('',#5240,1000.);
#630=VECTOR('',#5241,1000.);
#631=VECTOR('',#5242,1000.);
#632=VECTOR('',#5245,1000.);
#633=VECTOR('',#5246,1000.);
#634=VECTOR('',#5247,1000.);
#635=VECTOR('',#5248,1000.);
#636=VECTOR('',#5249,1000.);
#637=VECTOR('',#5252,1000.);
#638=VECTOR('',#5253,1000.);
#639=VECTOR('',#5254,1000.);
#640=VECTOR('',#5257,1000.);
#641=VECTOR('',#5258,1000.);
#642=VECTOR('',#5259,1000.);
#643=VECTOR('',#5262,1000.);
#644=VECTOR('',#5263,1000.);
#645=VECTOR('',#5264,1000.);
#646=VECTOR('',#5267,1000.);
#647=VECTOR('',#5268,1000.);
#648=VECTOR('',#5269,1000.);
#649=VECTOR('',#5272,1000.);
#650=VECTOR('',#5273,1000.);
#651=VECTOR('',#5274,1000.);
#652=VECTOR('',#5277,1000.);
#653=VECTOR('',#5282,1000.);
#654=VECTOR('',#5283,1000.);
#655=VECTOR('',#5284,1000.);
#656=VECTOR('',#5285,1000.);
#657=VECTOR('',#5286,1000.);
#658=VECTOR('',#5287,1000.);
#659=VECTOR('',#5288,1000.);
#660=VECTOR('',#5289,1000.);
#661=VECTOR('',#5290,1000.);
#662=VECTOR('',#5291,1000.);
#663=VECTOR('',#5294,1000.);
#664=VECTOR('',#5295,1000.);
#665=VECTOR('',#5296,1000.);
#666=VECTOR('',#5297,1000.);
#667=VECTOR('',#5298,1000.);
#668=VECTOR('',#5299,1000.);
#669=VECTOR('',#5300,1000.);
#670=VECTOR('',#5301,1000.);
#671=VECTOR('',#5302,1000.);
#672=VECTOR('',#5303,1000.);
#673=VECTOR('',#5304,1000.);
#674=VECTOR('',#5305,1000.);
#675=VECTOR('',#5306,1000.);
#676=VECTOR('',#5307,1000.);
#677=VECTOR('',#5308,1000.);
#678=VECTOR('',#5309,1000.);
#679=VECTOR('',#5310,1000.);
#680=VECTOR('',#5311,1000.);
#681=VECTOR('',#5316,1000.);
#682=VECTOR('',#5317,1000.);
#683=VECTOR('',#5318,1000.);
#684=VECTOR('',#5319,1000.);
#685=VECTOR('',#5320,1000.);
#686=VECTOR('',#5321,1000.);
#687=VECTOR('',#5322,1000.);
#688=VECTOR('',#5323,1000.);
#689=VECTOR('',#5324,1000.);
#690=VECTOR('',#5325,1000.);
#691=VECTOR('',#5330,1000.);
#692=VECTOR('',#5331,1000.);
#693=VECTOR('',#5332,1000.);
#694=VECTOR('',#5335,1000.);
#695=VECTOR('',#5336,1000.);
#696=VECTOR('',#5337,1000.);
#697=VECTOR('',#5338,1000.);
#698=VECTOR('',#5339,1000.);
#699=VECTOR('',#5340,1000.);
#700=VECTOR('',#5341,1000.);
#701=VECTOR('',#5344,1000.);
#702=VECTOR('',#5345,1000.);
#703=VECTOR('',#5348,1000.);
#704=VECTOR('',#5349,1000.);
#705=VECTOR('',#5350,1000.);
#706=VECTOR('',#5351,1000.);
#707=VECTOR('',#5352,1000.);
#708=VECTOR('',#5353,1000.);
#709=VECTOR('',#5354,1000.);
#710=VECTOR('',#5355,1000.);
#711=VECTOR('',#5356,1000.);
#712=VECTOR('',#5357,1000.);
#713=VECTOR('',#5358,1000.);
#714=VECTOR('',#5359,1000.);
#715=VECTOR('',#5360,1000.);
#716=VECTOR('',#5361,1000.);
#717=VECTOR('',#5362,1000.);
#718=VECTOR('',#5363,1000.);
#719=VECTOR('',#5364,1000.);
#720=VECTOR('',#5365,1000.);
#721=VECTOR('',#5366,1000.);
#722=VECTOR('',#5367,1000.);
#723=VECTOR('',#5370,1000.);
#724=VECTOR('',#5371,1000.);
#725=VECTOR('',#5372,1000.);
#726=VECTOR('',#5373,1000.);
#727=VECTOR('',#5374,1000.);
#728=VECTOR('',#5375,1000.);
#729=VECTOR('',#5376,1000.);
#730=VECTOR('',#5377,1000.);
#731=VECTOR('',#5378,1000.);
#732=VECTOR('',#5379,1000.);
#733=VECTOR('',#5380,1000.);
#734=VECTOR('',#5381,1000.);
#735=VECTOR('',#5382,1000.);
#736=VECTOR('',#5383,1000.);
#737=VECTOR('',#5384,1000.);
#738=VECTOR('',#5387,1000.);
#739=VECTOR('',#5388,1000.);
#740=VECTOR('',#5391,1000.);
#741=VECTOR('',#5392,1000.);
#742=VECTOR('',#5393,1000.);
#743=VECTOR('',#5394,1000.);
#744=VECTOR('',#5395,1000.);
#745=VECTOR('',#5396,1000.);
#746=VECTOR('',#5399,1000.);
#747=VECTOR('',#5402,1000.);
#748=VECTOR('',#5403,1000.);
#749=VECTOR('',#5404,1000.);
#750=VECTOR('',#5405,1000.);
#751=VECTOR('',#5406,1000.);
#752=VECTOR('',#5409,1000.);
#753=VECTOR('',#5412,1000.);
#754=VECTOR('',#5415,1000.);
#755=VECTOR('',#5418,1000.);
#756=VECTOR('',#5423,1000.);
#757=VECTOR('',#5424,1000.);
#758=VECTOR('',#5425,1000.);
#759=VECTOR('',#5426,1000.);
#760=VECTOR('',#5427,1000.);
#761=VECTOR('',#5430,1000.);
#762=VECTOR('',#5433,1000.);
#763=VECTOR('',#5436,1000.);
#764=VECTOR('',#5439,1000.);
#765=VECTOR('',#5444,1000.);
#766=VECTOR('',#5445,1000.);
#767=VECTOR('',#5448,1000.);
#768=VECTOR('',#5449,1000.);
#769=VECTOR('',#5452,1000.);
#770=VECTOR('',#5453,1000.);
#771=VECTOR('',#5456,1000.);
#772=VECTOR('',#5457,1000.);
#773=VECTOR('',#5460,1000.);
#774=VECTOR('',#5465,1000.);
#775=VECTOR('',#5466,1000.);
#776=VECTOR('',#5467,1000.);
#777=VECTOR('',#5468,1000.);
#778=VECTOR('',#5469,1000.);
#779=VECTOR('',#5472,1000.);
#780=VECTOR('',#5475,1000.);
#781=VECTOR('',#5478,1000.);
#782=VECTOR('',#5481,1000.);
#783=VECTOR('',#5486,1000.);
#784=VECTOR('',#5489,1000.);
#785=VECTOR('',#5492,1000.);
#786=VECTOR('',#5495,1000.);
#787=VECTOR('',#5500,1000.);
#788=VECTOR('',#5503,1000.);
#789=VECTOR('',#5506,1000.);
#790=VECTOR('',#5509,1000.);
#791=VECTOR('',#5516,1000.);
#792=VECTOR('',#5519,1000.);
#793=VECTOR('',#5520,1000.);
#794=VECTOR('',#5525,1000.);
#795=VECTOR('',#5526,1000.);
#796=VECTOR('',#5529,1000.);
#797=VECTOR('',#5532,1000.);
#798=VECTOR('',#5537,1000.);
#799=VECTOR('',#5538,1000.);
#800=VECTOR('',#5541,1000.);
#801=VECTOR('',#5542,1000.);
#802=VECTOR('',#5547,1000.);
#803=VECTOR('',#5550,1000.);
#804=VECTOR('',#5555,1000.);
#805=VECTOR('',#5560,1000.);
#806=VECTOR('',#5561,1000.);
#807=VECTOR('',#5572,1000.);
#808=VECTOR('',#5575,1000.);
#809=VECTOR('',#5582,1000.);
#810=VECTOR('',#5585,1000.);
#811=VECTOR('',#5616,1000.);
#812=VECTOR('',#5617,1000.);
#813=VECTOR('',#5626,1000.);
#814=VECTOR('',#5627,1000.);
#815=VECTOR('',#5628,1000.);
#816=VECTOR('',#5629,1000.);
#817=VECTOR('',#5634,1000.);
#818=VECTOR('',#5639,1000.);
#819=VECTOR('',#5640,1000.);
#820=VECTOR('',#5641,1000.);
#821=VECTOR('',#5646,1000.);
#822=VECTOR('',#5651,1000.);
#823=VECTOR('',#5652,1000.);
#824=VECTOR('',#5653,1000.);
#825=VECTOR('',#5658,1000.);
#826=VECTOR('',#5663,1000.);
#827=VECTOR('',#5664,1000.);
#828=VECTOR('',#5665,1000.);
#829=VECTOR('',#5668,1000.);
#830=VECTOR('',#5669,1000.);
#831=VECTOR('',#5670,1000.);
#832=VECTOR('',#5675,1000.);
#833=VECTOR('',#5680,1000.);
#834=VECTOR('',#5681,1000.);
#835=VECTOR('',#5682,1000.);
#836=VECTOR('',#5687,1000.);
#837=VECTOR('',#5692,1000.);
#838=VECTOR('',#5693,1000.);
#839=VECTOR('',#5694,1000.);
#840=VECTOR('',#5697,1000.);
#841=VECTOR('',#5698,1000.);
#842=VECTOR('',#5699,1000.);
#843=VECTOR('',#5704,1000.);
#844=VECTOR('',#5709,1000.);
#845=VECTOR('',#5710,1000.);
#846=VECTOR('',#5711,1000.);
#847=VECTOR('',#5716,1000.);
#848=VECTOR('',#5721,1000.);
#849=VECTOR('',#5722,1000.);
#850=VECTOR('',#5723,1000.);
#851=VECTOR('',#5728,1000.);
#852=VECTOR('',#5733,1000.);
#853=VECTOR('',#5734,1000.);
#854=VECTOR('',#5735,1000.);
#855=VECTOR('',#5740,1000.);
#856=VECTOR('',#5745,1000.);
#857=VECTOR('',#5746,1000.);
#858=VECTOR('',#5747,1000.);
#859=VECTOR('',#5752,1000.);
#860=VECTOR('',#5757,1000.);
#861=VECTOR('',#5758,1000.);
#862=VECTOR('',#5759,1000.);
#863=VECTOR('',#5764,1000.);
#864=VECTOR('',#5769,1000.);
#865=VECTOR('',#5770,1000.);
#866=VECTOR('',#5771,1000.);
#867=VECTOR('',#5774,1000.);
#868=VECTOR('',#5775,1000.);
#869=VECTOR('',#5776,1000.);
#870=VECTOR('',#5781,1000.);
#871=VECTOR('',#5786,1000.);
#872=VECTOR('',#5787,1000.);
#873=VECTOR('',#5788,1000.);
#874=VECTOR('',#5793,1000.);
#875=VECTOR('',#5798,1000.);
#876=VECTOR('',#5799,1000.);
#877=VECTOR('',#5800,1000.);
#878=VECTOR('',#5803,1000.);
#879=VECTOR('',#5804,1000.);
#880=VECTOR('',#5805,1000.);
#881=VECTOR('',#5810,1000.);
#882=VECTOR('',#5815,1000.);
#883=VECTOR('',#5816,1000.);
#884=VECTOR('',#5817,1000.);
#885=VECTOR('',#5822,1000.);
#886=VECTOR('',#5827,1000.);
#887=VECTOR('',#5828,1000.);
#888=VECTOR('',#5829,1000.);
#889=VECTOR('',#5852,1000.);
#890=VECTOR('',#5853,1000.);
#891=VECTOR('',#5854,1000.);
#892=VECTOR('',#5855,1000.);
#893=VECTOR('',#5858,1000.);
#894=VECTOR('',#5859,1000.);
#895=VECTOR('',#5860,1000.);
#896=VECTOR('',#5861,1000.);
#897=VECTOR('',#5864,1000.);
#898=VECTOR('',#5865,1000.);
#899=VECTOR('',#5866,1000.);
#900=VECTOR('',#5867,1000.);
#901=VECTOR('',#5870,1000.);
#902=VECTOR('',#5871,1000.);
#903=VECTOR('',#5872,1000.);
#904=VECTOR('',#5873,1000.);
#905=VECTOR('',#5876,1000.);
#906=VECTOR('',#5877,1000.);
#907=VECTOR('',#5878,1000.);
#908=VECTOR('',#5879,1000.);
#909=VECTOR('',#5882,1000.);
#910=VECTOR('',#5883,1000.);
#911=VECTOR('',#5884,1000.);
#912=VECTOR('',#5885,1000.);
#913=VECTOR('',#5888,1000.);
#914=VECTOR('',#5889,1000.);
#915=VECTOR('',#5890,1000.);
#916=VECTOR('',#5893,1000.);
#917=VECTOR('',#5894,1000.);
#918=VECTOR('',#5895,1000.);
#919=VECTOR('',#5898,1000.);
#920=VECTOR('',#5899,1000.);
#921=VECTOR('',#5900,1000.);
#922=VECTOR('',#5903,1000.);
#923=VECTOR('',#5904,1000.);
#924=VECTOR('',#5905,1000.);
#925=VECTOR('',#5908,1000.);
#926=VECTOR('',#5909,1000.);
#927=VECTOR('',#5910,1000.);
#928=VECTOR('',#5913,1000.);
#929=VECTOR('',#5914,1000.);
#930=VECTOR('',#5915,1000.);
#931=VECTOR('',#5918,1000.);
#932=VECTOR('',#5919,1000.);
#933=VECTOR('',#5922,1000.);
#934=VECTOR('',#5923,1000.);
#935=VECTOR('',#5924,1000.);
#936=VECTOR('',#5927,1000.);
#937=VECTOR('',#5928,1000.);
#938=VECTOR('',#5929,1000.);
#939=VECTOR('',#5932,1000.);
#940=VECTOR('',#5933,1000.);
#941=VECTOR('',#5936,1000.);
#942=VECTOR('',#5937,1000.);
#943=VECTOR('',#5938,1000.);
#944=VECTOR('',#5941,1000.);
#945=VECTOR('',#5942,1000.);
#946=VECTOR('',#5943,1000.);
#947=VECTOR('',#5946,1000.);
#948=VECTOR('',#5947,1000.);
#949=VECTOR('',#5948,1000.);
#950=VECTOR('',#5951,1000.);
#951=VECTOR('',#5952,1000.);
#952=VECTOR('',#5953,1000.);
#953=VECTOR('',#5956,1000.);
#954=VECTOR('',#5957,1000.);
#955=VECTOR('',#5958,1000.);
#956=VECTOR('',#5961,1000.);
#957=VECTOR('',#5962,1000.);
#958=VECTOR('',#5963,1000.);
#959=VECTOR('',#5966,1000.);
#960=VECTOR('',#5967,1000.);
#961=VECTOR('',#5970,1000.);
#962=VECTOR('',#5971,1000.);
#963=VECTOR('',#5972,1000.);
#964=VECTOR('',#5973,1000.);
#965=VECTOR('',#5976,1000.);
#966=VECTOR('',#5977,1000.);
#967=VECTOR('',#5978,1000.);
#968=VECTOR('',#5981,1000.);
#969=VECTOR('',#5982,1000.);
#970=VECTOR('',#5983,1000.);
#971=VECTOR('',#5986,1000.);
#972=VECTOR('',#5987,1000.);
#973=VECTOR('',#5988,1000.);
#974=VECTOR('',#5997,1000.);
#975=VECTOR('',#5998,1000.);
#976=VECTOR('',#5999,1000.);
#977=VECTOR('',#6002,1000.);
#978=VECTOR('',#6003,1000.);
#979=VECTOR('',#6004,1000.);
#980=VECTOR('',#6005,1000.);
#981=VECTOR('',#6006,1000.);
#982=VECTOR('',#6007,1000.);
#983=VECTOR('',#6008,1000.);
#984=VECTOR('',#6009,1000.);
#985=VECTOR('',#6010,1000.);
#986=VECTOR('',#6011,1000.);
#987=VECTOR('',#6012,1000.);
#988=VECTOR('',#6013,1000.);
#989=VECTOR('',#6016,1000.);
#990=VECTOR('',#6017,1000.);
#991=VECTOR('',#6018,1000.);
#992=VECTOR('',#6019,1000.);
#993=VECTOR('',#6022,1000.);
#994=VECTOR('',#6023,1000.);
#995=VECTOR('',#6024,1000.);
#996=VECTOR('',#6025,1000.);
#997=VECTOR('',#6026,1000.);
#998=VECTOR('',#6029,1000.);
#999=VECTOR('',#6032,1000.);
#1000=VECTOR('',#6035,1000.);
#1001=VECTOR('',#6036,1000.);
#1002=VECTOR('',#6037,1000.);
#1003=VECTOR('',#6038,1000.);
#1004=VECTOR('',#6039,1000.);
#1005=VECTOR('',#6040,1000.);
#1006=VECTOR('',#6043,1000.);
#1007=VECTOR('',#6046,1000.);
#1008=VECTOR('',#6049,1000.);
#1009=VECTOR('',#6052,1000.);
#1010=VECTOR('',#6053,1000.);
#1011=VECTOR('',#6056,1000.);
#1012=VECTOR('',#6057,1000.);
#1013=VECTOR('',#6060,1000.);
#1014=VECTOR('',#6065,1000.);
#1015=VECTOR('',#6066,1000.);
#1016=VECTOR('',#6069,1000.);
#1017=VECTOR('',#6074,1000.);
#1018=VECTOR('',#6075,1000.);
#1019=VECTOR('',#6078,1000.);
#1020=VECTOR('',#6083,1000.);
#1021=VECTOR('',#6084,1000.);
#1022=VECTOR('',#6087,1000.);
#1023=VECTOR('',#6090,1000.);
#1024=VECTOR('',#6091,1000.);
#1025=VECTOR('',#6094,1000.);
#1026=VECTOR('',#6095,1000.);
#1027=VECTOR('',#6098,1000.);
#1028=VECTOR('',#6099,1000.);
#1029=VECTOR('',#6102,1000.);
#1030=VECTOR('',#6103,1000.);
#1031=VECTOR('',#6106,1000.);
#1032=VECTOR('',#6111,1000.);
#1033=VECTOR('',#6112,1000.);
#1034=VECTOR('',#6115,1000.);
#1035=VECTOR('',#6120,1000.);
#1036=VECTOR('',#6121,1000.);
#1037=VECTOR('',#6124,1000.);
#1038=VECTOR('',#6129,1000.);
#1039=VECTOR('',#6130,1000.);
#1040=VECTOR('',#6133,1000.);
#1041=VECTOR('',#6134,1000.);
#1042=VECTOR('',#6137,1000.);
#1043=VECTOR('',#6138,1000.);
#1044=VECTOR('',#6141,1000.);
#1045=VECTOR('',#6146,1000.);
#1046=VECTOR('',#6147,1000.);
#1047=VECTOR('',#6150,1000.);
#1048=VECTOR('',#6153,1000.);
#1049=VECTOR('',#6156,1000.);
#1050=VECTOR('',#6157,1000.);
#1051=VECTOR('',#6158,1000.);
#1052=VECTOR('',#6159,1000.);
#1053=VECTOR('',#6160,1000.);
#1054=VECTOR('',#6161,1000.);
#1055=VECTOR('',#6164,1000.);
#1056=VECTOR('',#6167,1000.);
#1057=VECTOR('',#6170,1000.);
#1058=VECTOR('',#6171,1000.);
#1059=VECTOR('',#6172,1000.);
#1060=VECTOR('',#6173,1000.);
#1061=VECTOR('',#6176,1000.);
#1062=VECTOR('',#6177,1000.);
#1063=VECTOR('',#6180,1000.);
#1064=VECTOR('',#6181,1000.);
#1065=VECTOR('',#6186,1000.);
#1066=VECTOR('',#6189,1000.);
#1067=VECTOR('',#6190,1000.);
#1068=VECTOR('',#6195,1000.);
#1069=VECTOR('',#6198,1000.);
#1070=VECTOR('',#6199,1000.);
#1071=VECTOR('',#6204,1000.);
#1072=VECTOR('',#6207,1000.);
#1073=VECTOR('',#6208,1000.);
#1074=VECTOR('',#6211,1000.);
#1075=VECTOR('',#6214,1000.);
#1076=VECTOR('',#6215,1000.);
#1077=VECTOR('',#6218,1000.);
#1078=VECTOR('',#6219,1000.);
#1079=VECTOR('',#6222,1000.);
#1080=VECTOR('',#6223,1000.);
#1081=VECTOR('',#6226,1000.);
#1082=VECTOR('',#6227,1000.);
#1083=VECTOR('',#6232,1000.);
#1084=VECTOR('',#6235,1000.);
#1085=VECTOR('',#6236,1000.);
#1086=VECTOR('',#6241,1000.);
#1087=VECTOR('',#6244,1000.);
#1088=VECTOR('',#6245,1000.);
#1089=VECTOR('',#6250,1000.);
#1090=VECTOR('',#6253,1000.);
#1091=VECTOR('',#6254,1000.);
#1092=VECTOR('',#6257,1000.);
#1093=VECTOR('',#6258,1000.);
#1094=VECTOR('',#6261,1000.);
#1095=VECTOR('',#6262,1000.);
#1096=VECTOR('',#6265,1000.);
#1097=VECTOR('',#6272,1000.);
#1098=VECTOR('',#6275,1000.);
#1099=VECTOR('',#6278,1000.);
#1100=VECTOR('',#6279,1000.);
#1101=VECTOR('',#6280,1000.);
#1102=VECTOR('',#6285,1000.);
#1103=VECTOR('',#6288,1000.);
#1104=VECTOR('',#6289,1000.);
#1105=VECTOR('',#6290,1000.);
#1106=VECTOR('',#6293,1000.);
#1107=VECTOR('',#6298,1000.);
#1108=VECTOR('',#6301,1000.);
#1109=VECTOR('',#6308,1000.);
#1110=VECTOR('',#6311,1000.);
#1111=VECTOR('',#6314,1000.);
#1112=VECTOR('',#6315,1000.);
#1113=VECTOR('',#6316,1000.);
#1114=VECTOR('',#6319,1000.);
#1115=VECTOR('',#6320,1000.);
#1116=VECTOR('',#6321,1000.);
#1117=VECTOR('',#6324,1000.);
#1118=VECTOR('',#6325,1000.);
#1119=VECTOR('',#6328,1000.);
#1120=VECTOR('',#6329,1000.);
#1121=VECTOR('',#6332,1000.);
#1122=VECTOR('',#6333,1000.);
#1123=VECTOR('',#6342,1000.);
#1124=VECTOR('',#6345,1000.);
#1125=VECTOR('',#6350,1000.);
#1126=VECTOR('',#6353,1000.);
#1127=ORIENTED_EDGE('',*,*,#2345,.F.);
#1128=ORIENTED_EDGE('',*,*,#2346,.F.);
#1129=ORIENTED_EDGE('',*,*,#2347,.F.);
#1130=ORIENTED_EDGE('',*,*,#2348,.F.);
#1131=ORIENTED_EDGE('',*,*,#2349,.T.);
#1132=ORIENTED_EDGE('',*,*,#2350,.F.);
#1133=ORIENTED_EDGE('',*,*,#2351,.F.);
#1134=ORIENTED_EDGE('',*,*,#2352,.T.);
#1135=ORIENTED_EDGE('',*,*,#2353,.T.);
#1136=ORIENTED_EDGE('',*,*,#2354,.F.);
#1137=ORIENTED_EDGE('',*,*,#2355,.F.);
#1138=ORIENTED_EDGE('',*,*,#2356,.T.);
#1139=ORIENTED_EDGE('',*,*,#2357,.T.);
#1140=ORIENTED_EDGE('',*,*,#2358,.T.);
#1141=ORIENTED_EDGE('',*,*,#2359,.F.);
#1142=ORIENTED_EDGE('',*,*,#2360,.F.);
#1143=ORIENTED_EDGE('',*,*,#2361,.T.);
#1144=ORIENTED_EDGE('',*,*,#2362,.T.);
#1145=ORIENTED_EDGE('',*,*,#2363,.T.);
#1146=ORIENTED_EDGE('',*,*,#2364,.F.);
#1147=ORIENTED_EDGE('',*,*,#2365,.F.);
#1148=ORIENTED_EDGE('',*,*,#2366,.T.);
#1149=ORIENTED_EDGE('',*,*,#2367,.T.);
#1150=ORIENTED_EDGE('',*,*,#2368,.T.);
#1151=ORIENTED_EDGE('',*,*,#2369,.T.);
#1152=ORIENTED_EDGE('',*,*,#2370,.F.);
#1153=ORIENTED_EDGE('',*,*,#2371,.F.);
#1154=ORIENTED_EDGE('',*,*,#2354,.T.);
#1155=ORIENTED_EDGE('',*,*,#2372,.T.);
#1156=ORIENTED_EDGE('',*,*,#2373,.F.);
#1157=ORIENTED_EDGE('',*,*,#2374,.F.);
#1158=ORIENTED_EDGE('',*,*,#2375,.F.);
#1159=ORIENTED_EDGE('',*,*,#2366,.F.);
#1160=ORIENTED_EDGE('',*,*,#2376,.T.);
#1161=ORIENTED_EDGE('',*,*,#2377,.T.);
#1162=ORIENTED_EDGE('',*,*,#2378,.T.);
#1163=ORIENTED_EDGE('',*,*,#2379,.T.);
#1164=ORIENTED_EDGE('',*,*,#2356,.F.);
#1165=ORIENTED_EDGE('',*,*,#2380,.F.);
#1166=ORIENTED_EDGE('',*,*,#2381,.F.);
#1167=ORIENTED_EDGE('',*,*,#2382,.F.);
#1168=ORIENTED_EDGE('',*,*,#2383,.T.);
#1169=ORIENTED_EDGE('',*,*,#2364,.T.);
#1170=ORIENTED_EDGE('',*,*,#2384,.F.);
#1171=ORIENTED_EDGE('',*,*,#2385,.T.);
#1172=ORIENTED_EDGE('',*,*,#2376,.F.);
#1173=ORIENTED_EDGE('',*,*,#2365,.T.);
#1174=ORIENTED_EDGE('',*,*,#2383,.F.);
#1175=ORIENTED_EDGE('',*,*,#2386,.T.);
#1176=ORIENTED_EDGE('',*,*,#2387,.T.);
#1177=ORIENTED_EDGE('',*,*,#2388,.F.);
#1178=ORIENTED_EDGE('',*,*,#2389,.F.);
#1179=ORIENTED_EDGE('',*,*,#2390,.F.);
#1180=ORIENTED_EDGE('',*,*,#2391,.F.);
#1181=ORIENTED_EDGE('',*,*,#2392,.F.);
#1182=ORIENTED_EDGE('',*,*,#2393,.F.);
#1183=ORIENTED_EDGE('',*,*,#2394,.F.);
#1184=ORIENTED_EDGE('',*,*,#2395,.T.);
#1185=ORIENTED_EDGE('',*,*,#2396,.F.);
#1186=ORIENTED_EDGE('',*,*,#2397,.F.);
#1187=ORIENTED_EDGE('',*,*,#2360,.T.);
#1188=ORIENTED_EDGE('',*,*,#2398,.T.);
#1189=ORIENTED_EDGE('',*,*,#2399,.F.);
#1190=ORIENTED_EDGE('',*,*,#2400,.T.);
#1191=ORIENTED_EDGE('',*,*,#2401,.F.);
#1192=ORIENTED_EDGE('',*,*,#2402,.F.);
#1193=ORIENTED_EDGE('',*,*,#2403,.F.);
#1194=ORIENTED_EDGE('',*,*,#2404,.F.);
#1195=ORIENTED_EDGE('',*,*,#2405,.F.);
#1196=ORIENTED_EDGE('',*,*,#2406,.F.);
#1197=ORIENTED_EDGE('',*,*,#2407,.F.);
#1198=ORIENTED_EDGE('',*,*,#2408,.F.);
#1199=ORIENTED_EDGE('',*,*,#2409,.F.);
#1200=ORIENTED_EDGE('',*,*,#2410,.F.);
#1201=ORIENTED_EDGE('',*,*,#2411,.F.);
#1202=ORIENTED_EDGE('',*,*,#2412,.F.);
#1203=ORIENTED_EDGE('',*,*,#2413,.F.);
#1204=ORIENTED_EDGE('',*,*,#2387,.F.);
#1205=ORIENTED_EDGE('',*,*,#2414,.T.);
#1206=ORIENTED_EDGE('',*,*,#2415,.F.);
#1207=ORIENTED_EDGE('',*,*,#2416,.T.);
#1208=ORIENTED_EDGE('',*,*,#2417,.F.);
#1209=ORIENTED_EDGE('',*,*,#2418,.F.);
#1210=ORIENTED_EDGE('',*,*,#2419,.T.);
#1211=ORIENTED_EDGE('',*,*,#2420,.T.);
#1212=ORIENTED_EDGE('',*,*,#2421,.T.);
#1213=ORIENTED_EDGE('',*,*,#2422,.T.);
#1214=ORIENTED_EDGE('',*,*,#2423,.T.);
#1215=ORIENTED_EDGE('',*,*,#2424,.T.);
#1216=ORIENTED_EDGE('',*,*,#2425,.F.);
#1217=ORIENTED_EDGE('',*,*,#2400,.F.);
#1218=ORIENTED_EDGE('',*,*,#2426,.F.);
#1219=ORIENTED_EDGE('',*,*,#2380,.T.);
#1220=ORIENTED_EDGE('',*,*,#2355,.T.);
#1221=ORIENTED_EDGE('',*,*,#2374,.T.);
#1222=ORIENTED_EDGE('',*,*,#2424,.F.);
#1223=ORIENTED_EDGE('',*,*,#2427,.T.);
#1224=ORIENTED_EDGE('',*,*,#2428,.T.);
#1225=ORIENTED_EDGE('',*,*,#2429,.F.);
#1226=ORIENTED_EDGE('',*,*,#2430,.T.);
#1227=ORIENTED_EDGE('',*,*,#2431,.T.);
#1228=ORIENTED_EDGE('',*,*,#2432,.T.);
#1229=ORIENTED_EDGE('',*,*,#2433,.F.);
#1230=ORIENTED_EDGE('',*,*,#2428,.F.);
#1231=ORIENTED_EDGE('',*,*,#2434,.T.);
#1232=ORIENTED_EDGE('',*,*,#2435,.T.);
#1233=ORIENTED_EDGE('',*,*,#2436,.T.);
#1234=ORIENTED_EDGE('',*,*,#2432,.F.);
#1235=ORIENTED_EDGE('',*,*,#2437,.T.);
#1236=ORIENTED_EDGE('',*,*,#2418,.T.);
#1237=ORIENTED_EDGE('',*,*,#2438,.F.);
#1238=ORIENTED_EDGE('',*,*,#2439,.T.);
#1239=ORIENTED_EDGE('',*,*,#2440,.T.);
#1240=ORIENTED_EDGE('',*,*,#2441,.F.);
#1241=ORIENTED_EDGE('',*,*,#2370,.T.);
#1242=ORIENTED_EDGE('',*,*,#2442,.F.);
#1243=ORIENTED_EDGE('',*,*,#2443,.F.);
#1244=ORIENTED_EDGE('',*,*,#2384,.T.);
#1245=ORIENTED_EDGE('',*,*,#2444,.F.);
#1246=ORIENTED_EDGE('',*,*,#2445,.T.);
#1247=ORIENTED_EDGE('',*,*,#2446,.T.);
#1248=ORIENTED_EDGE('',*,*,#2447,.T.);
#1249=ORIENTED_EDGE('',*,*,#2448,.T.);
#1250=ORIENTED_EDGE('',*,*,#2449,.T.);
#1251=ORIENTED_EDGE('',*,*,#2450,.F.);
#1252=ORIENTED_EDGE('',*,*,#2451,.T.);
#1253=ORIENTED_EDGE('',*,*,#2452,.T.);
#1254=ORIENTED_EDGE('',*,*,#2453,.T.);
#1255=ORIENTED_EDGE('',*,*,#2454,.T.);
#1256=ORIENTED_EDGE('',*,*,#2455,.T.);
#1257=ORIENTED_EDGE('',*,*,#2456,.F.);
#1258=ORIENTED_EDGE('',*,*,#2416,.F.);
#1259=ORIENTED_EDGE('',*,*,#2457,.T.);
#1260=ORIENTED_EDGE('',*,*,#2458,.T.);
#1261=ORIENTED_EDGE('',*,*,#2350,.T.);
#1262=ORIENTED_EDGE('',*,*,#2459,.F.);
#1263=ORIENTED_EDGE('',*,*,#2401,.T.);
#1264=ORIENTED_EDGE('',*,*,#2425,.T.);
#1265=ORIENTED_EDGE('',*,*,#2429,.T.);
#1266=ORIENTED_EDGE('',*,*,#2433,.T.);
#1267=ORIENTED_EDGE('',*,*,#2438,.T.);
#1268=ORIENTED_EDGE('',*,*,#2417,.T.);
#1269=ORIENTED_EDGE('',*,*,#2456,.T.);
#1270=ORIENTED_EDGE('',*,*,#2460,.T.);
#1271=ORIENTED_EDGE('',*,*,#2461,.T.);
#1272=ORIENTED_EDGE('',*,*,#2462,.T.);
#1273=ORIENTED_EDGE('',*,*,#2450,.T.);
#1274=ORIENTED_EDGE('',*,*,#2463,.T.);
#1275=ORIENTED_EDGE('',*,*,#2464,.T.);
#1276=ORIENTED_EDGE('',*,*,#2465,.T.);
#1277=ORIENTED_EDGE('',*,*,#2444,.T.);
#1278=ORIENTED_EDGE('',*,*,#2396,.T.);
#1279=ORIENTED_EDGE('',*,*,#2466,.T.);
#1280=ORIENTED_EDGE('',*,*,#2467,.T.);
#1281=ORIENTED_EDGE('',*,*,#2468,.T.);
#1282=ORIENTED_EDGE('',*,*,#2388,.T.);
#1283=ORIENTED_EDGE('',*,*,#2413,.T.);
#1284=ORIENTED_EDGE('',*,*,#2469,.F.);
#1285=ORIENTED_EDGE('',*,*,#2470,.F.);
#1286=ORIENTED_EDGE('',*,*,#2471,.F.);
#1287=ORIENTED_EDGE('',*,*,#2407,.T.);
#1288=ORIENTED_EDGE('',*,*,#2472,.F.);
#1289=ORIENTED_EDGE('',*,*,#2473,.F.);
#1290=ORIENTED_EDGE('',*,*,#2474,.F.);
#1291=ORIENTED_EDGE('',*,*,#2475,.T.);
#1292=ORIENTED_EDGE('',*,*,#2466,.F.);
#1293=ORIENTED_EDGE('',*,*,#2395,.F.);
#1294=ORIENTED_EDGE('',*,*,#2476,.F.);
#1295=ORIENTED_EDGE('',*,*,#2477,.F.);
#1296=ORIENTED_EDGE('',*,*,#2478,.F.);
#1297=ORIENTED_EDGE('',*,*,#2479,.F.);
#1298=ORIENTED_EDGE('',*,*,#2480,.F.);
#1299=ORIENTED_EDGE('',*,*,#2481,.T.);
#1300=ORIENTED_EDGE('',*,*,#2467,.F.);
#1301=ORIENTED_EDGE('',*,*,#2475,.F.);
#1302=ORIENTED_EDGE('',*,*,#2482,.F.);
#1303=ORIENTED_EDGE('',*,*,#2389,.T.);
#1304=ORIENTED_EDGE('',*,*,#2468,.F.);
#1305=ORIENTED_EDGE('',*,*,#2481,.F.);
#1306=ORIENTED_EDGE('',*,*,#2483,.T.);
#1307=ORIENTED_EDGE('',*,*,#2484,.T.);
#1308=ORIENTED_EDGE('',*,*,#2485,.T.);
#1309=ORIENTED_EDGE('',*,*,#2486,.T.);
#1310=ORIENTED_EDGE('',*,*,#2487,.T.);
#1311=ORIENTED_EDGE('',*,*,#2464,.F.);
#1312=ORIENTED_EDGE('',*,*,#2465,.F.);
#1313=ORIENTED_EDGE('',*,*,#2487,.F.);
#1314=ORIENTED_EDGE('',*,*,#2488,.F.);
#1315=ORIENTED_EDGE('',*,*,#2445,.F.);
#1316=ORIENTED_EDGE('',*,*,#2489,.T.);
#1317=ORIENTED_EDGE('',*,*,#2483,.F.);
#1318=ORIENTED_EDGE('',*,*,#2463,.F.);
#1319=ORIENTED_EDGE('',*,*,#2449,.F.);
#1320=ORIENTED_EDGE('',*,*,#2488,.T.);
#1321=ORIENTED_EDGE('',*,*,#2486,.F.);
#1322=ORIENTED_EDGE('',*,*,#2490,.F.);
#1323=ORIENTED_EDGE('',*,*,#2446,.F.);
#1324=ORIENTED_EDGE('',*,*,#2490,.T.);
#1325=ORIENTED_EDGE('',*,*,#2485,.F.);
#1326=ORIENTED_EDGE('',*,*,#2491,.F.);
#1327=ORIENTED_EDGE('',*,*,#2447,.F.);
#1328=ORIENTED_EDGE('',*,*,#2491,.T.);
#1329=ORIENTED_EDGE('',*,*,#2484,.F.);
#1330=ORIENTED_EDGE('',*,*,#2489,.F.);
#1331=ORIENTED_EDGE('',*,*,#2448,.F.);
#1332=ORIENTED_EDGE('',*,*,#2492,.T.);
#1333=ORIENTED_EDGE('',*,*,#2493,.T.);
#1334=ORIENTED_EDGE('',*,*,#2494,.T.);
#1335=ORIENTED_EDGE('',*,*,#2495,.T.);
#1336=ORIENTED_EDGE('',*,*,#2496,.T.);
#1337=ORIENTED_EDGE('',*,*,#2461,.F.);
#1338=ORIENTED_EDGE('',*,*,#2497,.T.);
#1339=ORIENTED_EDGE('',*,*,#2492,.F.);
#1340=ORIENTED_EDGE('',*,*,#2460,.F.);
#1341=ORIENTED_EDGE('',*,*,#2455,.F.);
#1342=ORIENTED_EDGE('',*,*,#2498,.T.);
#1343=ORIENTED_EDGE('',*,*,#2493,.F.);
#1344=ORIENTED_EDGE('',*,*,#2497,.F.);
#1345=ORIENTED_EDGE('',*,*,#2454,.F.);
#1346=ORIENTED_EDGE('',*,*,#2499,.T.);
#1347=ORIENTED_EDGE('',*,*,#2494,.F.);
#1348=ORIENTED_EDGE('',*,*,#2498,.F.);
#1349=ORIENTED_EDGE('',*,*,#2453,.F.);
#1350=ORIENTED_EDGE('',*,*,#2500,.T.);
#1351=ORIENTED_EDGE('',*,*,#2495,.F.);
#1352=ORIENTED_EDGE('',*,*,#2499,.F.);
#1353=ORIENTED_EDGE('',*,*,#2452,.F.);
#1354=ORIENTED_EDGE('',*,*,#2462,.F.);
#1355=ORIENTED_EDGE('',*,*,#2496,.F.);
#1356=ORIENTED_EDGE('',*,*,#2500,.F.);
#1357=ORIENTED_EDGE('',*,*,#2451,.F.);
#1358=ORIENTED_EDGE('',*,*,#2469,.T.);
#1359=ORIENTED_EDGE('',*,*,#2412,.T.);
#1360=ORIENTED_EDGE('',*,*,#2501,.T.);
#1361=ORIENTED_EDGE('',*,*,#2502,.T.);
#1362=ORIENTED_EDGE('',*,*,#2411,.T.);
#1363=ORIENTED_EDGE('',*,*,#2503,.T.);
#1364=ORIENTED_EDGE('',*,*,#2504,.T.);
#1365=ORIENTED_EDGE('',*,*,#2501,.F.);
#1366=ORIENTED_EDGE('',*,*,#2410,.T.);
#1367=ORIENTED_EDGE('',*,*,#2505,.T.);
#1368=ORIENTED_EDGE('',*,*,#2506,.T.);
#1369=ORIENTED_EDGE('',*,*,#2503,.F.);
#1370=ORIENTED_EDGE('',*,*,#2409,.T.);
#1371=ORIENTED_EDGE('',*,*,#2507,.T.);
#1372=ORIENTED_EDGE('',*,*,#2508,.T.);
#1373=ORIENTED_EDGE('',*,*,#2505,.F.);
#1374=ORIENTED_EDGE('',*,*,#2471,.T.);
#1375=ORIENTED_EDGE('',*,*,#2509,.T.);
#1376=ORIENTED_EDGE('',*,*,#2507,.F.);
#1377=ORIENTED_EDGE('',*,*,#2408,.T.);
#1378=ORIENTED_EDGE('',*,*,#2470,.T.);
#1379=ORIENTED_EDGE('',*,*,#2502,.F.);
#1380=ORIENTED_EDGE('',*,*,#2504,.F.);
#1381=ORIENTED_EDGE('',*,*,#2506,.F.);
#1382=ORIENTED_EDGE('',*,*,#2508,.F.);
#1383=ORIENTED_EDGE('',*,*,#2509,.F.);
#1384=ORIENTED_EDGE('',*,*,#2473,.T.);
#1385=ORIENTED_EDGE('',*,*,#2510,.F.);
#1386=ORIENTED_EDGE('',*,*,#2511,.F.);
#1387=ORIENTED_EDGE('',*,*,#2512,.F.);
#1388=ORIENTED_EDGE('',*,*,#2513,.F.);
#1389=ORIENTED_EDGE('',*,*,#2514,.F.);
#1390=ORIENTED_EDGE('',*,*,#2459,.T.);
#1391=ORIENTED_EDGE('',*,*,#2514,.T.);
#1392=ORIENTED_EDGE('',*,*,#2515,.F.);
#1393=ORIENTED_EDGE('',*,*,#2402,.T.);
#1394=ORIENTED_EDGE('',*,*,#2403,.T.);
#1395=ORIENTED_EDGE('',*,*,#2515,.T.);
#1396=ORIENTED_EDGE('',*,*,#2513,.T.);
#1397=ORIENTED_EDGE('',*,*,#2516,.F.);
#1398=ORIENTED_EDGE('',*,*,#2404,.T.);
#1399=ORIENTED_EDGE('',*,*,#2516,.T.);
#1400=ORIENTED_EDGE('',*,*,#2512,.T.);
#1401=ORIENTED_EDGE('',*,*,#2517,.F.);
#1402=ORIENTED_EDGE('',*,*,#2405,.T.);
#1403=ORIENTED_EDGE('',*,*,#2517,.T.);
#1404=ORIENTED_EDGE('',*,*,#2511,.T.);
#1405=ORIENTED_EDGE('',*,*,#2518,.F.);
#1406=ORIENTED_EDGE('',*,*,#2472,.T.);
#1407=ORIENTED_EDGE('',*,*,#2406,.T.);
#1408=ORIENTED_EDGE('',*,*,#2518,.T.);
#1409=ORIENTED_EDGE('',*,*,#2510,.T.);
#1410=ORIENTED_EDGE('',*,*,#2519,.T.);
#1411=ORIENTED_EDGE('',*,*,#2419,.F.);
#1412=ORIENTED_EDGE('',*,*,#2437,.F.);
#1413=ORIENTED_EDGE('',*,*,#2431,.F.);
#1414=ORIENTED_EDGE('',*,*,#2520,.T.);
#1415=ORIENTED_EDGE('',*,*,#2420,.F.);
#1416=ORIENTED_EDGE('',*,*,#2519,.F.);
#1417=ORIENTED_EDGE('',*,*,#2430,.F.);
#1418=ORIENTED_EDGE('',*,*,#2521,.T.);
#1419=ORIENTED_EDGE('',*,*,#2421,.F.);
#1420=ORIENTED_EDGE('',*,*,#2520,.F.);
#1421=ORIENTED_EDGE('',*,*,#2436,.F.);
#1422=ORIENTED_EDGE('',*,*,#2522,.T.);
#1423=ORIENTED_EDGE('',*,*,#2422,.F.);
#1424=ORIENTED_EDGE('',*,*,#2521,.F.);
#1425=ORIENTED_EDGE('',*,*,#2435,.F.);
#1426=ORIENTED_EDGE('',*,*,#2423,.F.);
#1427=ORIENTED_EDGE('',*,*,#2522,.F.);
#1428=ORIENTED_EDGE('',*,*,#2434,.F.);
#1429=ORIENTED_EDGE('',*,*,#2427,.F.);
#1430=ORIENTED_EDGE('',*,*,#2474,.T.);
#1431=ORIENTED_EDGE('',*,*,#2394,.T.);
#1432=ORIENTED_EDGE('',*,*,#2523,.F.);
#1433=ORIENTED_EDGE('',*,*,#2476,.T.);
#1434=ORIENTED_EDGE('',*,*,#2477,.T.);
#1435=ORIENTED_EDGE('',*,*,#2523,.T.);
#1436=ORIENTED_EDGE('',*,*,#2393,.T.);
#1437=ORIENTED_EDGE('',*,*,#2524,.F.);
#1438=ORIENTED_EDGE('',*,*,#2478,.T.);
#1439=ORIENTED_EDGE('',*,*,#2524,.T.);
#1440=ORIENTED_EDGE('',*,*,#2392,.T.);
#1441=ORIENTED_EDGE('',*,*,#2525,.F.);
#1442=ORIENTED_EDGE('',*,*,#2479,.T.);
#1443=ORIENTED_EDGE('',*,*,#2525,.T.);
#1444=ORIENTED_EDGE('',*,*,#2391,.T.);
#1445=ORIENTED_EDGE('',*,*,#2526,.F.);
#1446=ORIENTED_EDGE('',*,*,#2480,.T.);
#1447=ORIENTED_EDGE('',*,*,#2526,.T.);
#1448=ORIENTED_EDGE('',*,*,#2390,.T.);
#1449=ORIENTED_EDGE('',*,*,#2482,.T.);
#1450=ORIENTED_EDGE('',*,*,#2426,.T.);
#1451=ORIENTED_EDGE('',*,*,#2399,.T.);
#1452=ORIENTED_EDGE('',*,*,#2527,.T.);
#1453=ORIENTED_EDGE('',*,*,#2528,.F.);
#1454=ORIENTED_EDGE('',*,*,#2378,.F.);
#1455=ORIENTED_EDGE('',*,*,#2527,.F.);
#1456=ORIENTED_EDGE('',*,*,#2398,.F.);
#1457=ORIENTED_EDGE('',*,*,#2359,.T.);
#1458=ORIENTED_EDGE('',*,*,#2529,.F.);
#1459=ORIENTED_EDGE('',*,*,#2530,.T.);
#1460=ORIENTED_EDGE('',*,*,#2531,.F.);
#1461=ORIENTED_EDGE('',*,*,#2532,.T.);
#1462=ORIENTED_EDGE('',*,*,#2533,.T.);
#1463=ORIENTED_EDGE('',*,*,#2351,.T.);
#1464=ORIENTED_EDGE('',*,*,#2458,.F.);
#1465=ORIENTED_EDGE('',*,*,#2415,.T.);
#1466=ORIENTED_EDGE('',*,*,#2373,.T.);
#1467=ORIENTED_EDGE('',*,*,#2534,.F.);
#1468=ORIENTED_EDGE('',*,*,#2531,.T.);
#1469=ORIENTED_EDGE('',*,*,#2457,.F.);
#1470=ORIENTED_EDGE('',*,*,#2382,.T.);
#1471=ORIENTED_EDGE('',*,*,#2535,.T.);
#1472=ORIENTED_EDGE('',*,*,#2536,.F.);
#1473=ORIENTED_EDGE('',*,*,#2414,.F.);
#1474=ORIENTED_EDGE('',*,*,#2386,.F.);
#1475=ORIENTED_EDGE('',*,*,#2536,.T.);
#1476=ORIENTED_EDGE('',*,*,#2537,.T.);
#1477=ORIENTED_EDGE('',*,*,#2538,.T.);
#1478=ORIENTED_EDGE('',*,*,#2361,.F.);
#1479=ORIENTED_EDGE('',*,*,#2397,.T.);
#1480=ORIENTED_EDGE('',*,*,#2442,.T.);
#1481=ORIENTED_EDGE('',*,*,#2369,.F.);
#1482=ORIENTED_EDGE('',*,*,#2539,.F.);
#1483=ORIENTED_EDGE('',*,*,#2540,.T.);
#1484=ORIENTED_EDGE('',*,*,#2541,.T.);
#1485=ORIENTED_EDGE('',*,*,#2443,.T.);
#1486=ORIENTED_EDGE('',*,*,#2541,.F.);
#1487=ORIENTED_EDGE('',*,*,#2542,.F.);
#1488=ORIENTED_EDGE('',*,*,#2377,.F.);
#1489=ORIENTED_EDGE('',*,*,#2385,.F.);
#1490=ORIENTED_EDGE('',*,*,#2543,.F.);
#1491=ORIENTED_EDGE('',*,*,#2544,.F.);
#1492=ORIENTED_EDGE('',*,*,#2537,.F.);
#1493=ORIENTED_EDGE('',*,*,#2535,.F.);
#1494=ORIENTED_EDGE('',*,*,#2381,.T.);
#1495=ORIENTED_EDGE('',*,*,#2363,.F.);
#1496=ORIENTED_EDGE('',*,*,#2545,.F.);
#1497=ORIENTED_EDGE('',*,*,#2543,.T.);
#1498=ORIENTED_EDGE('',*,*,#2362,.F.);
#1499=ORIENTED_EDGE('',*,*,#2538,.F.);
#1500=ORIENTED_EDGE('',*,*,#2544,.T.);
#1501=ORIENTED_EDGE('',*,*,#2545,.T.);
#1502=ORIENTED_EDGE('',*,*,#2546,.T.);
#1503=ORIENTED_EDGE('',*,*,#2547,.T.);
#1504=ORIENTED_EDGE('',*,*,#2357,.F.);
#1505=ORIENTED_EDGE('',*,*,#2379,.F.);
#1506=ORIENTED_EDGE('',*,*,#2358,.F.);
#1507=ORIENTED_EDGE('',*,*,#2547,.F.);
#1508=ORIENTED_EDGE('',*,*,#2548,.T.);
#1509=ORIENTED_EDGE('',*,*,#2529,.T.);
#1510=ORIENTED_EDGE('',*,*,#2528,.T.);
#1511=ORIENTED_EDGE('',*,*,#2530,.F.);
#1512=ORIENTED_EDGE('',*,*,#2548,.F.);
#1513=ORIENTED_EDGE('',*,*,#2546,.F.);
#1514=ORIENTED_EDGE('',*,*,#2540,.F.);
#1515=ORIENTED_EDGE('',*,*,#2549,.F.);
#1516=ORIENTED_EDGE('',*,*,#2550,.F.);
#1517=ORIENTED_EDGE('',*,*,#2542,.T.);
#1518=ORIENTED_EDGE('',*,*,#2375,.T.);
#1519=ORIENTED_EDGE('',*,*,#2550,.T.);
#1520=ORIENTED_EDGE('',*,*,#2551,.T.);
#1521=ORIENTED_EDGE('',*,*,#2367,.F.);
#1522=ORIENTED_EDGE('',*,*,#2368,.F.);
#1523=ORIENTED_EDGE('',*,*,#2551,.F.);
#1524=ORIENTED_EDGE('',*,*,#2549,.T.);
#1525=ORIENTED_EDGE('',*,*,#2539,.T.);
#1526=ORIENTED_EDGE('',*,*,#2352,.F.);
#1527=ORIENTED_EDGE('',*,*,#2533,.F.);
#1528=ORIENTED_EDGE('',*,*,#2552,.T.);
#1529=ORIENTED_EDGE('',*,*,#2553,.T.);
#1530=ORIENTED_EDGE('',*,*,#2353,.F.);
#1531=ORIENTED_EDGE('',*,*,#2553,.F.);
#1532=ORIENTED_EDGE('',*,*,#2554,.T.);
#1533=ORIENTED_EDGE('',*,*,#2372,.F.);
#1534=ORIENTED_EDGE('',*,*,#2534,.T.);
#1535=ORIENTED_EDGE('',*,*,#2554,.F.);
#1536=ORIENTED_EDGE('',*,*,#2552,.F.);
#1537=ORIENTED_EDGE('',*,*,#2532,.F.);
#1538=ORIENTED_EDGE('',*,*,#2555,.T.);
#1539=ORIENTED_EDGE('',*,*,#2556,.T.);
#1540=ORIENTED_EDGE('',*,*,#2555,.F.);
#1541=ORIENTED_EDGE('',*,*,#2557,.T.);
#1542=ORIENTED_EDGE('',*,*,#2556,.F.);
#1543=ORIENTED_EDGE('',*,*,#2347,.T.);
#1544=ORIENTED_EDGE('',*,*,#2557,.F.);
#1545=ORIENTED_EDGE('',*,*,#2558,.T.);
#1546=ORIENTED_EDGE('',*,*,#2346,.T.);
#1547=ORIENTED_EDGE('',*,*,#2558,.F.);
#1548=ORIENTED_EDGE('',*,*,#2559,.T.);
#1549=ORIENTED_EDGE('',*,*,#2345,.T.);
#1550=ORIENTED_EDGE('',*,*,#2559,.F.);
#1551=ORIENTED_EDGE('',*,*,#2560,.F.);
#1552=ORIENTED_EDGE('',*,*,#2440,.F.);
#1553=ORIENTED_EDGE('',*,*,#2561,.T.);
#1554=ORIENTED_EDGE('',*,*,#2348,.T.);
#1555=ORIENTED_EDGE('',*,*,#2561,.F.);
#1556=ORIENTED_EDGE('',*,*,#2439,.F.);
#1557=ORIENTED_EDGE('',*,*,#2349,.F.);
#1558=ORIENTED_EDGE('',*,*,#2560,.T.);
#1559=ORIENTED_EDGE('',*,*,#2371,.T.);
#1560=ORIENTED_EDGE('',*,*,#2441,.T.);
#1561=ORIENTED_EDGE('',*,*,#2562,.T.);
#1562=ORIENTED_EDGE('',*,*,#2563,.F.);
#1563=ORIENTED_EDGE('',*,*,#2564,.F.);
#1564=ORIENTED_EDGE('',*,*,#2565,.T.);
#1565=ORIENTED_EDGE('',*,*,#2566,.T.);
#1566=ORIENTED_EDGE('',*,*,#2567,.F.);
#1567=ORIENTED_EDGE('',*,*,#2568,.F.);
#1568=ORIENTED_EDGE('',*,*,#2563,.T.);
#1569=ORIENTED_EDGE('',*,*,#2569,.T.);
#1570=ORIENTED_EDGE('',*,*,#2570,.F.);
#1571=ORIENTED_EDGE('',*,*,#2571,.F.);
#1572=ORIENTED_EDGE('',*,*,#2567,.T.);
#1573=ORIENTED_EDGE('',*,*,#2572,.F.);
#1574=ORIENTED_EDGE('',*,*,#2573,.F.);
#1575=ORIENTED_EDGE('',*,*,#2574,.T.);
#1576=ORIENTED_EDGE('',*,*,#2570,.T.);
#1577=ORIENTED_EDGE('',*,*,#2575,.T.);
#1578=ORIENTED_EDGE('',*,*,#2576,.F.);
#1579=ORIENTED_EDGE('',*,*,#2577,.F.);
#1580=ORIENTED_EDGE('',*,*,#2573,.T.);
#1581=ORIENTED_EDGE('',*,*,#2578,.T.);
#1582=ORIENTED_EDGE('',*,*,#2579,.F.);
#1583=ORIENTED_EDGE('',*,*,#2580,.F.);
#1584=ORIENTED_EDGE('',*,*,#2576,.T.);
#1585=ORIENTED_EDGE('',*,*,#2581,.T.);
#1586=ORIENTED_EDGE('',*,*,#2582,.F.);
#1587=ORIENTED_EDGE('',*,*,#2583,.F.);
#1588=ORIENTED_EDGE('',*,*,#2579,.T.);
#1589=ORIENTED_EDGE('',*,*,#2584,.T.);
#1590=ORIENTED_EDGE('',*,*,#2585,.F.);
#1591=ORIENTED_EDGE('',*,*,#2586,.F.);
#1592=ORIENTED_EDGE('',*,*,#2582,.T.);
#1593=ORIENTED_EDGE('',*,*,#2587,.T.);
#1594=ORIENTED_EDGE('',*,*,#2588,.F.);
#1595=ORIENTED_EDGE('',*,*,#2589,.F.);
#1596=ORIENTED_EDGE('',*,*,#2585,.T.);
#1597=ORIENTED_EDGE('',*,*,#2590,.T.);
#1598=ORIENTED_EDGE('',*,*,#2591,.F.);
#1599=ORIENTED_EDGE('',*,*,#2592,.F.);
#1600=ORIENTED_EDGE('',*,*,#2588,.T.);
#1601=ORIENTED_EDGE('',*,*,#2593,.T.);
#1602=ORIENTED_EDGE('',*,*,#2594,.F.);
#1603=ORIENTED_EDGE('',*,*,#2595,.F.);
#1604=ORIENTED_EDGE('',*,*,#2591,.T.);
#1605=ORIENTED_EDGE('',*,*,#2596,.T.);
#1606=ORIENTED_EDGE('',*,*,#2597,.F.);
#1607=ORIENTED_EDGE('',*,*,#2598,.F.);
#1608=ORIENTED_EDGE('',*,*,#2594,.T.);
#1609=ORIENTED_EDGE('',*,*,#2599,.T.);
#1610=ORIENTED_EDGE('',*,*,#2600,.F.);
#1611=ORIENTED_EDGE('',*,*,#2601,.F.);
#1612=ORIENTED_EDGE('',*,*,#2597,.T.);
#1613=ORIENTED_EDGE('',*,*,#2602,.T.);
#1614=ORIENTED_EDGE('',*,*,#2603,.F.);
#1615=ORIENTED_EDGE('',*,*,#2604,.F.);
#1616=ORIENTED_EDGE('',*,*,#2600,.T.);
#1617=ORIENTED_EDGE('',*,*,#2605,.T.);
#1618=ORIENTED_EDGE('',*,*,#2606,.F.);
#1619=ORIENTED_EDGE('',*,*,#2607,.F.);
#1620=ORIENTED_EDGE('',*,*,#2603,.T.);
#1621=ORIENTED_EDGE('',*,*,#2608,.F.);
#1622=ORIENTED_EDGE('',*,*,#2609,.F.);
#1623=ORIENTED_EDGE('',*,*,#2610,.T.);
#1624=ORIENTED_EDGE('',*,*,#2606,.T.);
#1625=ORIENTED_EDGE('',*,*,#2611,.T.);
#1626=ORIENTED_EDGE('',*,*,#2612,.F.);
#1627=ORIENTED_EDGE('',*,*,#2613,.F.);
#1628=ORIENTED_EDGE('',*,*,#2609,.T.);
#1629=ORIENTED_EDGE('',*,*,#2614,.T.);
#1630=ORIENTED_EDGE('',*,*,#2615,.F.);
#1631=ORIENTED_EDGE('',*,*,#2616,.F.);
#1632=ORIENTED_EDGE('',*,*,#2612,.T.);
#1633=ORIENTED_EDGE('',*,*,#2617,.T.);
#1634=ORIENTED_EDGE('',*,*,#2618,.F.);
#1635=ORIENTED_EDGE('',*,*,#2619,.F.);
#1636=ORIENTED_EDGE('',*,*,#2615,.T.);
#1637=ORIENTED_EDGE('',*,*,#2620,.T.);
#1638=ORIENTED_EDGE('',*,*,#2621,.F.);
#1639=ORIENTED_EDGE('',*,*,#2622,.F.);
#1640=ORIENTED_EDGE('',*,*,#2618,.T.);
#1641=ORIENTED_EDGE('',*,*,#2623,.T.);
#1642=ORIENTED_EDGE('',*,*,#2624,.F.);
#1643=ORIENTED_EDGE('',*,*,#2625,.F.);
#1644=ORIENTED_EDGE('',*,*,#2621,.T.);
#1645=ORIENTED_EDGE('',*,*,#2626,.F.);
#1646=ORIENTED_EDGE('',*,*,#2627,.F.);
#1647=ORIENTED_EDGE('',*,*,#2628,.T.);
#1648=ORIENTED_EDGE('',*,*,#2624,.T.);
#1649=ORIENTED_EDGE('',*,*,#2629,.T.);
#1650=ORIENTED_EDGE('',*,*,#2630,.F.);
#1651=ORIENTED_EDGE('',*,*,#2631,.F.);
#1652=ORIENTED_EDGE('',*,*,#2627,.T.);
#1653=ORIENTED_EDGE('',*,*,#2632,.T.);
#1654=ORIENTED_EDGE('',*,*,#2633,.F.);
#1655=ORIENTED_EDGE('',*,*,#2634,.F.);
#1656=ORIENTED_EDGE('',*,*,#2630,.T.);
#1657=ORIENTED_EDGE('',*,*,#2635,.T.);
#1658=ORIENTED_EDGE('',*,*,#2636,.F.);
#1659=ORIENTED_EDGE('',*,*,#2637,.F.);
#1660=ORIENTED_EDGE('',*,*,#2633,.T.);
#1661=ORIENTED_EDGE('',*,*,#2638,.T.);
#1662=ORIENTED_EDGE('',*,*,#2639,.F.);
#1663=ORIENTED_EDGE('',*,*,#2640,.F.);
#1664=ORIENTED_EDGE('',*,*,#2636,.T.);
#1665=ORIENTED_EDGE('',*,*,#2641,.T.);
#1666=ORIENTED_EDGE('',*,*,#2642,.F.);
#1667=ORIENTED_EDGE('',*,*,#2643,.F.);
#1668=ORIENTED_EDGE('',*,*,#2639,.T.);
#1669=ORIENTED_EDGE('',*,*,#2644,.T.);
#1670=ORIENTED_EDGE('',*,*,#2645,.F.);
#1671=ORIENTED_EDGE('',*,*,#2646,.F.);
#1672=ORIENTED_EDGE('',*,*,#2642,.T.);
#1673=ORIENTED_EDGE('',*,*,#2647,.T.);
#1674=ORIENTED_EDGE('',*,*,#2648,.F.);
#1675=ORIENTED_EDGE('',*,*,#2649,.F.);
#1676=ORIENTED_EDGE('',*,*,#2645,.T.);
#1677=ORIENTED_EDGE('',*,*,#2650,.T.);
#1678=ORIENTED_EDGE('',*,*,#2651,.F.);
#1679=ORIENTED_EDGE('',*,*,#2652,.F.);
#1680=ORIENTED_EDGE('',*,*,#2648,.T.);
#1681=ORIENTED_EDGE('',*,*,#2653,.T.);
#1682=ORIENTED_EDGE('',*,*,#2654,.F.);
#1683=ORIENTED_EDGE('',*,*,#2655,.F.);
#1684=ORIENTED_EDGE('',*,*,#2651,.T.);
#1685=ORIENTED_EDGE('',*,*,#2656,.T.);
#1686=ORIENTED_EDGE('',*,*,#2657,.F.);
#1687=ORIENTED_EDGE('',*,*,#2658,.F.);
#1688=ORIENTED_EDGE('',*,*,#2654,.T.);
#1689=ORIENTED_EDGE('',*,*,#2659,.T.);
#1690=ORIENTED_EDGE('',*,*,#2660,.F.);
#1691=ORIENTED_EDGE('',*,*,#2661,.F.);
#1692=ORIENTED_EDGE('',*,*,#2657,.T.);
#1693=ORIENTED_EDGE('',*,*,#2662,.F.);
#1694=ORIENTED_EDGE('',*,*,#2663,.F.);
#1695=ORIENTED_EDGE('',*,*,#2664,.T.);
#1696=ORIENTED_EDGE('',*,*,#2660,.T.);
#1697=ORIENTED_EDGE('',*,*,#2665,.T.);
#1698=ORIENTED_EDGE('',*,*,#2666,.F.);
#1699=ORIENTED_EDGE('',*,*,#2667,.F.);
#1700=ORIENTED_EDGE('',*,*,#2663,.T.);
#1701=ORIENTED_EDGE('',*,*,#2668,.T.);
#1702=ORIENTED_EDGE('',*,*,#2565,.F.);
#1703=ORIENTED_EDGE('',*,*,#2669,.F.);
#1704=ORIENTED_EDGE('',*,*,#2666,.T.);
#1705=ORIENTED_EDGE('',*,*,#2670,.T.);
#1706=ORIENTED_EDGE('',*,*,#2564,.T.);
#1707=ORIENTED_EDGE('',*,*,#2568,.T.);
#1708=ORIENTED_EDGE('',*,*,#2571,.T.);
#1709=ORIENTED_EDGE('',*,*,#2574,.F.);
#1710=ORIENTED_EDGE('',*,*,#2577,.T.);
#1711=ORIENTED_EDGE('',*,*,#2580,.T.);
#1712=ORIENTED_EDGE('',*,*,#2583,.T.);
#1713=ORIENTED_EDGE('',*,*,#2586,.T.);
#1714=ORIENTED_EDGE('',*,*,#2589,.T.);
#1715=ORIENTED_EDGE('',*,*,#2592,.T.);
#1716=ORIENTED_EDGE('',*,*,#2595,.T.);
#1717=ORIENTED_EDGE('',*,*,#2598,.T.);
#1718=ORIENTED_EDGE('',*,*,#2601,.T.);
#1719=ORIENTED_EDGE('',*,*,#2604,.T.);
#1720=ORIENTED_EDGE('',*,*,#2607,.T.);
#1721=ORIENTED_EDGE('',*,*,#2610,.F.);
#1722=ORIENTED_EDGE('',*,*,#2613,.T.);
#1723=ORIENTED_EDGE('',*,*,#2616,.T.);
#1724=ORIENTED_EDGE('',*,*,#2619,.T.);
#1725=ORIENTED_EDGE('',*,*,#2622,.T.);
#1726=ORIENTED_EDGE('',*,*,#2625,.T.);
#1727=ORIENTED_EDGE('',*,*,#2628,.F.);
#1728=ORIENTED_EDGE('',*,*,#2631,.T.);
#1729=ORIENTED_EDGE('',*,*,#2634,.T.);
#1730=ORIENTED_EDGE('',*,*,#2637,.T.);
#1731=ORIENTED_EDGE('',*,*,#2640,.T.);
#1732=ORIENTED_EDGE('',*,*,#2643,.T.);
#1733=ORIENTED_EDGE('',*,*,#2646,.T.);
#1734=ORIENTED_EDGE('',*,*,#2649,.T.);
#1735=ORIENTED_EDGE('',*,*,#2652,.T.);
#1736=ORIENTED_EDGE('',*,*,#2655,.T.);
#1737=ORIENTED_EDGE('',*,*,#2658,.T.);
#1738=ORIENTED_EDGE('',*,*,#2661,.T.);
#1739=ORIENTED_EDGE('',*,*,#2664,.F.);
#1740=ORIENTED_EDGE('',*,*,#2667,.T.);
#1741=ORIENTED_EDGE('',*,*,#2669,.T.);
#1742=ORIENTED_EDGE('',*,*,#2562,.F.);
#1743=ORIENTED_EDGE('',*,*,#2668,.F.);
#1744=ORIENTED_EDGE('',*,*,#2665,.F.);
#1745=ORIENTED_EDGE('',*,*,#2662,.T.);
#1746=ORIENTED_EDGE('',*,*,#2659,.F.);
#1747=ORIENTED_EDGE('',*,*,#2656,.F.);
#1748=ORIENTED_EDGE('',*,*,#2653,.F.);
#1749=ORIENTED_EDGE('',*,*,#2650,.F.);
#1750=ORIENTED_EDGE('',*,*,#2647,.F.);
#1751=ORIENTED_EDGE('',*,*,#2644,.F.);
#1752=ORIENTED_EDGE('',*,*,#2641,.F.);
#1753=ORIENTED_EDGE('',*,*,#2638,.F.);
#1754=ORIENTED_EDGE('',*,*,#2635,.F.);
#1755=ORIENTED_EDGE('',*,*,#2632,.F.);
#1756=ORIENTED_EDGE('',*,*,#2629,.F.);
#1757=ORIENTED_EDGE('',*,*,#2626,.T.);
#1758=ORIENTED_EDGE('',*,*,#2623,.F.);
#1759=ORIENTED_EDGE('',*,*,#2620,.F.);
#1760=ORIENTED_EDGE('',*,*,#2617,.F.);
#1761=ORIENTED_EDGE('',*,*,#2614,.F.);
#1762=ORIENTED_EDGE('',*,*,#2611,.F.);
#1763=ORIENTED_EDGE('',*,*,#2608,.T.);
#1764=ORIENTED_EDGE('',*,*,#2605,.F.);
#1765=ORIENTED_EDGE('',*,*,#2602,.F.);
#1766=ORIENTED_EDGE('',*,*,#2599,.F.);
#1767=ORIENTED_EDGE('',*,*,#2596,.F.);
#1768=ORIENTED_EDGE('',*,*,#2593,.F.);
#1769=ORIENTED_EDGE('',*,*,#2590,.F.);
#1770=ORIENTED_EDGE('',*,*,#2587,.F.);
#1771=ORIENTED_EDGE('',*,*,#2584,.F.);
#1772=ORIENTED_EDGE('',*,*,#2581,.F.);
#1773=ORIENTED_EDGE('',*,*,#2578,.F.);
#1774=ORIENTED_EDGE('',*,*,#2575,.F.);
#1775=ORIENTED_EDGE('',*,*,#2572,.T.);
#1776=ORIENTED_EDGE('',*,*,#2569,.F.);
#1777=ORIENTED_EDGE('',*,*,#2566,.F.);
#1778=ORIENTED_EDGE('',*,*,#2671,.F.);
#1779=ORIENTED_EDGE('',*,*,#2670,.F.);
#1780=ORIENTED_EDGE('',*,*,#2671,.T.);
#1781=ORIENTED_EDGE('',*,*,#2672,.T.);
#1782=ORIENTED_EDGE('',*,*,#2673,.T.);
#1783=ORIENTED_EDGE('',*,*,#2674,.F.);
#1784=ORIENTED_EDGE('',*,*,#2675,.T.);
#1785=ORIENTED_EDGE('',*,*,#2676,.F.);
#1786=ORIENTED_EDGE('',*,*,#2677,.T.);
#1787=ORIENTED_EDGE('',*,*,#2678,.T.);
#1788=ORIENTED_EDGE('',*,*,#2679,.F.);
#1789=ORIENTED_EDGE('',*,*,#2680,.F.);
#1790=ORIENTED_EDGE('',*,*,#2681,.F.);
#1791=ORIENTED_EDGE('',*,*,#2682,.T.);
#1792=ORIENTED_EDGE('',*,*,#2683,.T.);
#1793=ORIENTED_EDGE('',*,*,#2684,.F.);
#1794=ORIENTED_EDGE('',*,*,#2685,.T.);
#1795=ORIENTED_EDGE('',*,*,#2686,.F.);
#1796=ORIENTED_EDGE('',*,*,#2687,.F.);
#1797=ORIENTED_EDGE('',*,*,#2688,.F.);
#1798=ORIENTED_EDGE('',*,*,#2689,.T.);
#1799=ORIENTED_EDGE('',*,*,#2690,.F.);
#1800=ORIENTED_EDGE('',*,*,#2691,.F.);
#1801=ORIENTED_EDGE('',*,*,#2692,.F.);
#1802=ORIENTED_EDGE('',*,*,#2693,.F.);
#1803=ORIENTED_EDGE('',*,*,#2694,.T.);
#1804=ORIENTED_EDGE('',*,*,#2695,.T.);
#1805=ORIENTED_EDGE('',*,*,#2696,.T.);
#1806=ORIENTED_EDGE('',*,*,#2697,.F.);
#1807=ORIENTED_EDGE('',*,*,#2698,.F.);
#1808=ORIENTED_EDGE('',*,*,#2679,.T.);
#1809=ORIENTED_EDGE('',*,*,#2699,.T.);
#1810=ORIENTED_EDGE('',*,*,#2700,.F.);
#1811=ORIENTED_EDGE('',*,*,#2701,.F.);
#1812=ORIENTED_EDGE('',*,*,#2697,.T.);
#1813=ORIENTED_EDGE('',*,*,#2702,.T.);
#1814=ORIENTED_EDGE('',*,*,#2703,.F.);
#1815=ORIENTED_EDGE('',*,*,#2704,.F.);
#1816=ORIENTED_EDGE('',*,*,#2700,.T.);
#1817=ORIENTED_EDGE('',*,*,#2705,.T.);
#1818=ORIENTED_EDGE('',*,*,#2706,.F.);
#1819=ORIENTED_EDGE('',*,*,#2707,.F.);
#1820=ORIENTED_EDGE('',*,*,#2703,.T.);
#1821=ORIENTED_EDGE('',*,*,#2708,.T.);
#1822=ORIENTED_EDGE('',*,*,#2709,.F.);
#1823=ORIENTED_EDGE('',*,*,#2710,.F.);
#1824=ORIENTED_EDGE('',*,*,#2706,.T.);
#1825=ORIENTED_EDGE('',*,*,#2711,.T.);
#1826=ORIENTED_EDGE('',*,*,#2712,.F.);
#1827=ORIENTED_EDGE('',*,*,#2713,.F.);
#1828=ORIENTED_EDGE('',*,*,#2709,.T.);
#1829=ORIENTED_EDGE('',*,*,#2714,.T.);
#1830=ORIENTED_EDGE('',*,*,#2682,.F.);
#1831=ORIENTED_EDGE('',*,*,#2715,.F.);
#1832=ORIENTED_EDGE('',*,*,#2712,.T.);
#1833=ORIENTED_EDGE('',*,*,#2716,.T.);
#1834=ORIENTED_EDGE('',*,*,#2717,.F.);
#1835=ORIENTED_EDGE('',*,*,#2718,.F.);
#1836=ORIENTED_EDGE('',*,*,#2686,.T.);
#1837=ORIENTED_EDGE('',*,*,#2719,.T.);
#1838=ORIENTED_EDGE('',*,*,#2720,.F.);
#1839=ORIENTED_EDGE('',*,*,#2721,.F.);
#1840=ORIENTED_EDGE('',*,*,#2717,.T.);
#1841=ORIENTED_EDGE('',*,*,#2722,.T.);
#1842=ORIENTED_EDGE('',*,*,#2694,.F.);
#1843=ORIENTED_EDGE('',*,*,#2723,.F.);
#1844=ORIENTED_EDGE('',*,*,#2720,.T.);
#1845=ORIENTED_EDGE('',*,*,#2724,.T.);
#1846=ORIENTED_EDGE('',*,*,#2725,.F.);
#1847=ORIENTED_EDGE('',*,*,#2726,.F.);
#1848=ORIENTED_EDGE('',*,*,#2690,.T.);
#1849=ORIENTED_EDGE('',*,*,#2727,.T.);
#1850=ORIENTED_EDGE('',*,*,#2728,.F.);
#1851=ORIENTED_EDGE('',*,*,#2729,.F.);
#1852=ORIENTED_EDGE('',*,*,#2725,.T.);
#1853=ORIENTED_EDGE('',*,*,#2730,.T.);
#1854=ORIENTED_EDGE('',*,*,#2731,.F.);
#1855=ORIENTED_EDGE('',*,*,#2732,.F.);
#1856=ORIENTED_EDGE('',*,*,#2728,.T.);
#1857=ORIENTED_EDGE('',*,*,#2733,.T.);
#1858=ORIENTED_EDGE('',*,*,#2734,.F.);
#1859=ORIENTED_EDGE('',*,*,#2735,.F.);
#1860=ORIENTED_EDGE('',*,*,#2731,.T.);
#1861=ORIENTED_EDGE('',*,*,#2736,.T.);
#1862=ORIENTED_EDGE('',*,*,#2737,.F.);
#1863=ORIENTED_EDGE('',*,*,#2738,.F.);
#1864=ORIENTED_EDGE('',*,*,#2734,.T.);
#1865=ORIENTED_EDGE('',*,*,#2739,.T.);
#1866=ORIENTED_EDGE('',*,*,#2740,.F.);
#1867=ORIENTED_EDGE('',*,*,#2741,.F.);
#1868=ORIENTED_EDGE('',*,*,#2737,.T.);
#1869=ORIENTED_EDGE('',*,*,#2742,.T.);
#1870=ORIENTED_EDGE('',*,*,#2675,.F.);
#1871=ORIENTED_EDGE('',*,*,#2743,.F.);
#1872=ORIENTED_EDGE('',*,*,#2740,.T.);
#1873=ORIENTED_EDGE('',*,*,#2744,.F.);
#1874=ORIENTED_EDGE('',*,*,#2745,.T.);
#1875=ORIENTED_EDGE('',*,*,#2746,.T.);
#1876=ORIENTED_EDGE('',*,*,#2747,.F.);
#1877=ORIENTED_EDGE('',*,*,#2748,.T.);
#1878=ORIENTED_EDGE('',*,*,#2749,.F.);
#1879=ORIENTED_EDGE('',*,*,#2750,.F.);
#1880=ORIENTED_EDGE('',*,*,#2747,.T.);
#1881=ORIENTED_EDGE('',*,*,#2751,.T.);
#1882=ORIENTED_EDGE('',*,*,#2752,.F.);
#1883=ORIENTED_EDGE('',*,*,#2753,.F.);
#1884=ORIENTED_EDGE('',*,*,#2749,.T.);
#1885=ORIENTED_EDGE('',*,*,#2754,.T.);
#1886=ORIENTED_EDGE('',*,*,#2755,.F.);
#1887=ORIENTED_EDGE('',*,*,#2756,.F.);
#1888=ORIENTED_EDGE('',*,*,#2752,.T.);
#1889=ORIENTED_EDGE('',*,*,#2757,.T.);
#1890=ORIENTED_EDGE('',*,*,#2758,.F.);
#1891=ORIENTED_EDGE('',*,*,#2759,.T.);
#1892=ORIENTED_EDGE('',*,*,#2760,.T.);
#1893=ORIENTED_EDGE('',*,*,#2761,.F.);
#1894=ORIENTED_EDGE('',*,*,#2755,.T.);
#1895=ORIENTED_EDGE('',*,*,#2757,.F.);
#1896=ORIENTED_EDGE('',*,*,#2698,.T.);
#1897=ORIENTED_EDGE('',*,*,#2701,.T.);
#1898=ORIENTED_EDGE('',*,*,#2704,.T.);
#1899=ORIENTED_EDGE('',*,*,#2707,.T.);
#1900=ORIENTED_EDGE('',*,*,#2710,.T.);
#1901=ORIENTED_EDGE('',*,*,#2713,.T.);
#1902=ORIENTED_EDGE('',*,*,#2715,.T.);
#1903=ORIENTED_EDGE('',*,*,#2681,.T.);
#1904=ORIENTED_EDGE('',*,*,#2762,.F.);
#1905=ORIENTED_EDGE('',*,*,#2763,.F.);
#1906=ORIENTED_EDGE('',*,*,#2764,.T.);
#1907=ORIENTED_EDGE('',*,*,#2687,.T.);
#1908=ORIENTED_EDGE('',*,*,#2718,.T.);
#1909=ORIENTED_EDGE('',*,*,#2721,.T.);
#1910=ORIENTED_EDGE('',*,*,#2723,.T.);
#1911=ORIENTED_EDGE('',*,*,#2693,.T.);
#1912=ORIENTED_EDGE('',*,*,#2765,.F.);
#1913=ORIENTED_EDGE('',*,*,#2766,.F.);
#1914=ORIENTED_EDGE('',*,*,#2767,.T.);
#1915=ORIENTED_EDGE('',*,*,#2691,.T.);
#1916=ORIENTED_EDGE('',*,*,#2726,.T.);
#1917=ORIENTED_EDGE('',*,*,#2729,.T.);
#1918=ORIENTED_EDGE('',*,*,#2732,.T.);
#1919=ORIENTED_EDGE('',*,*,#2735,.T.);
#1920=ORIENTED_EDGE('',*,*,#2738,.T.);
#1921=ORIENTED_EDGE('',*,*,#2741,.T.);
#1922=ORIENTED_EDGE('',*,*,#2743,.T.);
#1923=ORIENTED_EDGE('',*,*,#2674,.T.);
#1924=ORIENTED_EDGE('',*,*,#2768,.F.);
#1925=ORIENTED_EDGE('',*,*,#2769,.T.);
#1926=ORIENTED_EDGE('',*,*,#2770,.T.);
#1927=ORIENTED_EDGE('',*,*,#2744,.T.);
#1928=ORIENTED_EDGE('',*,*,#2750,.T.);
#1929=ORIENTED_EDGE('',*,*,#2753,.T.);
#1930=ORIENTED_EDGE('',*,*,#2756,.T.);
#1931=ORIENTED_EDGE('',*,*,#2761,.T.);
#1932=ORIENTED_EDGE('',*,*,#2771,.F.);
#1933=ORIENTED_EDGE('',*,*,#2772,.T.);
#1934=ORIENTED_EDGE('',*,*,#2773,.T.);
#1935=ORIENTED_EDGE('',*,*,#2676,.T.);
#1936=ORIENTED_EDGE('',*,*,#2758,.T.);
#1937=ORIENTED_EDGE('',*,*,#2696,.F.);
#1938=ORIENTED_EDGE('',*,*,#2678,.F.);
#1939=ORIENTED_EDGE('',*,*,#2774,.F.);
#1940=ORIENTED_EDGE('',*,*,#2759,.F.);
#1941=ORIENTED_EDGE('',*,*,#2754,.F.);
#1942=ORIENTED_EDGE('',*,*,#2751,.F.);
#1943=ORIENTED_EDGE('',*,*,#2748,.F.);
#1944=ORIENTED_EDGE('',*,*,#2746,.F.);
#1945=ORIENTED_EDGE('',*,*,#2775,.F.);
#1946=ORIENTED_EDGE('',*,*,#2672,.F.);
#1947=ORIENTED_EDGE('',*,*,#2742,.F.);
#1948=ORIENTED_EDGE('',*,*,#2739,.F.);
#1949=ORIENTED_EDGE('',*,*,#2736,.F.);
#1950=ORIENTED_EDGE('',*,*,#2733,.F.);
#1951=ORIENTED_EDGE('',*,*,#2730,.F.);
#1952=ORIENTED_EDGE('',*,*,#2727,.F.);
#1953=ORIENTED_EDGE('',*,*,#2724,.F.);
#1954=ORIENTED_EDGE('',*,*,#2689,.F.);
#1955=ORIENTED_EDGE('',*,*,#2776,.F.);
#1956=ORIENTED_EDGE('',*,*,#2695,.F.);
#1957=ORIENTED_EDGE('',*,*,#2722,.F.);
#1958=ORIENTED_EDGE('',*,*,#2719,.F.);
#1959=ORIENTED_EDGE('',*,*,#2716,.F.);
#1960=ORIENTED_EDGE('',*,*,#2685,.F.);
#1961=ORIENTED_EDGE('',*,*,#2777,.F.);
#1962=ORIENTED_EDGE('',*,*,#2683,.F.);
#1963=ORIENTED_EDGE('',*,*,#2714,.F.);
#1964=ORIENTED_EDGE('',*,*,#2711,.F.);
#1965=ORIENTED_EDGE('',*,*,#2708,.F.);
#1966=ORIENTED_EDGE('',*,*,#2705,.F.);
#1967=ORIENTED_EDGE('',*,*,#2702,.F.);
#1968=ORIENTED_EDGE('',*,*,#2699,.F.);
#1969=ORIENTED_EDGE('',*,*,#2778,.F.);
#1970=ORIENTED_EDGE('',*,*,#2777,.T.);
#1971=ORIENTED_EDGE('',*,*,#2779,.F.);
#1972=ORIENTED_EDGE('',*,*,#2780,.F.);
#1973=ORIENTED_EDGE('',*,*,#2781,.F.);
#1974=ORIENTED_EDGE('',*,*,#2782,.F.);
#1975=ORIENTED_EDGE('',*,*,#2783,.T.);
#1976=ORIENTED_EDGE('',*,*,#2784,.F.);
#1977=ORIENTED_EDGE('',*,*,#2785,.F.);
#1978=ORIENTED_EDGE('',*,*,#2786,.F.);
#1979=ORIENTED_EDGE('',*,*,#2787,.T.);
#1980=ORIENTED_EDGE('',*,*,#2788,.F.);
#1981=ORIENTED_EDGE('',*,*,#2789,.F.);
#1982=ORIENTED_EDGE('',*,*,#2790,.F.);
#1983=ORIENTED_EDGE('',*,*,#2791,.F.);
#1984=ORIENTED_EDGE('',*,*,#2776,.T.);
#1985=ORIENTED_EDGE('',*,*,#2792,.F.);
#1986=ORIENTED_EDGE('',*,*,#2793,.F.);
#1987=ORIENTED_EDGE('',*,*,#2794,.F.);
#1988=ORIENTED_EDGE('',*,*,#2795,.F.);
#1989=ORIENTED_EDGE('',*,*,#2796,.T.);
#1990=ORIENTED_EDGE('',*,*,#2797,.F.);
#1991=ORIENTED_EDGE('',*,*,#2798,.F.);
#1992=ORIENTED_EDGE('',*,*,#2799,.F.);
#1993=ORIENTED_EDGE('',*,*,#2680,.T.);
#1994=ORIENTED_EDGE('',*,*,#2778,.T.);
#1995=ORIENTED_EDGE('',*,*,#2800,.F.);
#1996=ORIENTED_EDGE('',*,*,#2801,.F.);
#1997=ORIENTED_EDGE('',*,*,#2762,.T.);
#1998=ORIENTED_EDGE('',*,*,#2799,.T.);
#1999=ORIENTED_EDGE('',*,*,#2802,.F.);
#2000=ORIENTED_EDGE('',*,*,#2803,.F.);
#2001=ORIENTED_EDGE('',*,*,#2800,.T.);
#2002=ORIENTED_EDGE('',*,*,#2798,.T.);
#2003=ORIENTED_EDGE('',*,*,#2804,.F.);
#2004=ORIENTED_EDGE('',*,*,#2805,.F.);
#2005=ORIENTED_EDGE('',*,*,#2802,.T.);
#2006=ORIENTED_EDGE('',*,*,#2797,.T.);
#2007=ORIENTED_EDGE('',*,*,#2806,.F.);
#2008=ORIENTED_EDGE('',*,*,#2807,.F.);
#2009=ORIENTED_EDGE('',*,*,#2804,.T.);
#2010=ORIENTED_EDGE('',*,*,#2796,.F.);
#2011=ORIENTED_EDGE('',*,*,#2808,.F.);
#2012=ORIENTED_EDGE('',*,*,#2809,.T.);
#2013=ORIENTED_EDGE('',*,*,#2806,.T.);
#2014=ORIENTED_EDGE('',*,*,#2795,.T.);
#2015=ORIENTED_EDGE('',*,*,#2810,.F.);
#2016=ORIENTED_EDGE('',*,*,#2811,.F.);
#2017=ORIENTED_EDGE('',*,*,#2808,.T.);
#2018=ORIENTED_EDGE('',*,*,#2794,.T.);
#2019=ORIENTED_EDGE('',*,*,#2812,.F.);
#2020=ORIENTED_EDGE('',*,*,#2813,.F.);
#2021=ORIENTED_EDGE('',*,*,#2810,.T.);
#2022=ORIENTED_EDGE('',*,*,#2793,.T.);
#2023=ORIENTED_EDGE('',*,*,#2814,.F.);
#2024=ORIENTED_EDGE('',*,*,#2815,.F.);
#2025=ORIENTED_EDGE('',*,*,#2812,.T.);
#2026=ORIENTED_EDGE('',*,*,#2792,.T.);
#2027=ORIENTED_EDGE('',*,*,#2688,.T.);
#2028=ORIENTED_EDGE('',*,*,#2767,.F.);
#2029=ORIENTED_EDGE('',*,*,#2816,.F.);
#2030=ORIENTED_EDGE('',*,*,#2814,.T.);
#2031=ORIENTED_EDGE('',*,*,#2692,.T.);
#2032=ORIENTED_EDGE('',*,*,#2791,.T.);
#2033=ORIENTED_EDGE('',*,*,#2817,.F.);
#2034=ORIENTED_EDGE('',*,*,#2818,.F.);
#2035=ORIENTED_EDGE('',*,*,#2765,.T.);
#2036=ORIENTED_EDGE('',*,*,#2790,.T.);
#2037=ORIENTED_EDGE('',*,*,#2819,.F.);
#2038=ORIENTED_EDGE('',*,*,#2820,.F.);
#2039=ORIENTED_EDGE('',*,*,#2817,.T.);
#2040=ORIENTED_EDGE('',*,*,#2789,.T.);
#2041=ORIENTED_EDGE('',*,*,#2821,.F.);
#2042=ORIENTED_EDGE('',*,*,#2822,.F.);
#2043=ORIENTED_EDGE('',*,*,#2819,.T.);
#2044=ORIENTED_EDGE('',*,*,#2788,.T.);
#2045=ORIENTED_EDGE('',*,*,#2823,.F.);
#2046=ORIENTED_EDGE('',*,*,#2824,.F.);
#2047=ORIENTED_EDGE('',*,*,#2821,.T.);
#2048=ORIENTED_EDGE('',*,*,#2787,.F.);
#2049=ORIENTED_EDGE('',*,*,#2825,.F.);
#2050=ORIENTED_EDGE('',*,*,#2826,.T.);
#2051=ORIENTED_EDGE('',*,*,#2823,.T.);
#2052=ORIENTED_EDGE('',*,*,#2786,.T.);
#2053=ORIENTED_EDGE('',*,*,#2827,.F.);
#2054=ORIENTED_EDGE('',*,*,#2828,.F.);
#2055=ORIENTED_EDGE('',*,*,#2825,.T.);
#2056=ORIENTED_EDGE('',*,*,#2785,.T.);
#2057=ORIENTED_EDGE('',*,*,#2829,.F.);
#2058=ORIENTED_EDGE('',*,*,#2830,.F.);
#2059=ORIENTED_EDGE('',*,*,#2827,.T.);
#2060=ORIENTED_EDGE('',*,*,#2784,.T.);
#2061=ORIENTED_EDGE('',*,*,#2831,.F.);
#2062=ORIENTED_EDGE('',*,*,#2832,.F.);
#2063=ORIENTED_EDGE('',*,*,#2829,.T.);
#2064=ORIENTED_EDGE('',*,*,#2783,.F.);
#2065=ORIENTED_EDGE('',*,*,#2833,.F.);
#2066=ORIENTED_EDGE('',*,*,#2834,.T.);
#2067=ORIENTED_EDGE('',*,*,#2831,.T.);
#2068=ORIENTED_EDGE('',*,*,#2782,.T.);
#2069=ORIENTED_EDGE('',*,*,#2835,.F.);
#2070=ORIENTED_EDGE('',*,*,#2836,.F.);
#2071=ORIENTED_EDGE('',*,*,#2833,.T.);
#2072=ORIENTED_EDGE('',*,*,#2781,.T.);
#2073=ORIENTED_EDGE('',*,*,#2837,.F.);
#2074=ORIENTED_EDGE('',*,*,#2838,.F.);
#2075=ORIENTED_EDGE('',*,*,#2835,.T.);
#2076=ORIENTED_EDGE('',*,*,#2780,.T.);
#2077=ORIENTED_EDGE('',*,*,#2839,.F.);
#2078=ORIENTED_EDGE('',*,*,#2840,.F.);
#2079=ORIENTED_EDGE('',*,*,#2837,.T.);
#2080=ORIENTED_EDGE('',*,*,#2779,.T.);
#2081=ORIENTED_EDGE('',*,*,#2684,.T.);
#2082=ORIENTED_EDGE('',*,*,#2764,.F.);
#2083=ORIENTED_EDGE('',*,*,#2841,.F.);
#2084=ORIENTED_EDGE('',*,*,#2839,.T.);
#2085=ORIENTED_EDGE('',*,*,#2801,.T.);
#2086=ORIENTED_EDGE('',*,*,#2803,.T.);
#2087=ORIENTED_EDGE('',*,*,#2805,.T.);
#2088=ORIENTED_EDGE('',*,*,#2807,.T.);
#2089=ORIENTED_EDGE('',*,*,#2809,.F.);
#2090=ORIENTED_EDGE('',*,*,#2811,.T.);
#2091=ORIENTED_EDGE('',*,*,#2813,.T.);
#2092=ORIENTED_EDGE('',*,*,#2815,.T.);
#2093=ORIENTED_EDGE('',*,*,#2816,.T.);
#2094=ORIENTED_EDGE('',*,*,#2766,.T.);
#2095=ORIENTED_EDGE('',*,*,#2818,.T.);
#2096=ORIENTED_EDGE('',*,*,#2820,.T.);
#2097=ORIENTED_EDGE('',*,*,#2822,.T.);
#2098=ORIENTED_EDGE('',*,*,#2824,.T.);
#2099=ORIENTED_EDGE('',*,*,#2826,.F.);
#2100=ORIENTED_EDGE('',*,*,#2828,.T.);
#2101=ORIENTED_EDGE('',*,*,#2830,.T.);
#2102=ORIENTED_EDGE('',*,*,#2832,.T.);
#2103=ORIENTED_EDGE('',*,*,#2834,.F.);
#2104=ORIENTED_EDGE('',*,*,#2836,.T.);
#2105=ORIENTED_EDGE('',*,*,#2838,.T.);
#2106=ORIENTED_EDGE('',*,*,#2840,.T.);
#2107=ORIENTED_EDGE('',*,*,#2841,.T.);
#2108=ORIENTED_EDGE('',*,*,#2763,.T.);
#2109=ORIENTED_EDGE('',*,*,#2774,.T.);
#2110=ORIENTED_EDGE('',*,*,#2842,.T.);
#2111=ORIENTED_EDGE('',*,*,#2843,.T.);
#2112=ORIENTED_EDGE('',*,*,#2844,.T.);
#2113=ORIENTED_EDGE('',*,*,#2845,.T.);
#2114=ORIENTED_EDGE('',*,*,#2846,.F.);
#2115=ORIENTED_EDGE('',*,*,#2847,.T.);
#2116=ORIENTED_EDGE('',*,*,#2848,.T.);
#2117=ORIENTED_EDGE('',*,*,#2849,.T.);
#2118=ORIENTED_EDGE('',*,*,#2850,.T.);
#2119=ORIENTED_EDGE('',*,*,#2775,.T.);
#2120=ORIENTED_EDGE('',*,*,#2851,.T.);
#2121=ORIENTED_EDGE('',*,*,#2852,.T.);
#2122=ORIENTED_EDGE('',*,*,#2853,.T.);
#2123=ORIENTED_EDGE('',*,*,#2854,.T.);
#2124=ORIENTED_EDGE('',*,*,#2855,.F.);
#2125=ORIENTED_EDGE('',*,*,#2856,.T.);
#2126=ORIENTED_EDGE('',*,*,#2857,.T.);
#2127=ORIENTED_EDGE('',*,*,#2858,.T.);
#2128=ORIENTED_EDGE('',*,*,#2859,.F.);
#2129=ORIENTED_EDGE('',*,*,#2860,.T.);
#2130=ORIENTED_EDGE('',*,*,#2861,.T.);
#2131=ORIENTED_EDGE('',*,*,#2862,.T.);
#2132=ORIENTED_EDGE('',*,*,#2863,.T.);
#2133=ORIENTED_EDGE('',*,*,#2677,.F.);
#2134=ORIENTED_EDGE('',*,*,#2773,.F.);
#2135=ORIENTED_EDGE('',*,*,#2864,.T.);
#2136=ORIENTED_EDGE('',*,*,#2865,.T.);
#2137=ORIENTED_EDGE('',*,*,#2842,.F.);
#2138=ORIENTED_EDGE('',*,*,#2843,.F.);
#2139=ORIENTED_EDGE('',*,*,#2865,.F.);
#2140=ORIENTED_EDGE('',*,*,#2866,.T.);
#2141=ORIENTED_EDGE('',*,*,#2867,.T.);
#2142=ORIENTED_EDGE('',*,*,#2844,.F.);
#2143=ORIENTED_EDGE('',*,*,#2867,.F.);
#2144=ORIENTED_EDGE('',*,*,#2868,.T.);
#2145=ORIENTED_EDGE('',*,*,#2869,.T.);
#2146=ORIENTED_EDGE('',*,*,#2845,.F.);
#2147=ORIENTED_EDGE('',*,*,#2869,.F.);
#2148=ORIENTED_EDGE('',*,*,#2870,.T.);
#2149=ORIENTED_EDGE('',*,*,#2871,.T.);
#2150=ORIENTED_EDGE('',*,*,#2846,.T.);
#2151=ORIENTED_EDGE('',*,*,#2871,.F.);
#2152=ORIENTED_EDGE('',*,*,#2872,.F.);
#2153=ORIENTED_EDGE('',*,*,#2873,.T.);
#2154=ORIENTED_EDGE('',*,*,#2847,.F.);
#2155=ORIENTED_EDGE('',*,*,#2873,.F.);
#2156=ORIENTED_EDGE('',*,*,#2874,.T.);
#2157=ORIENTED_EDGE('',*,*,#2875,.T.);
#2158=ORIENTED_EDGE('',*,*,#2848,.F.);
#2159=ORIENTED_EDGE('',*,*,#2875,.F.);
#2160=ORIENTED_EDGE('',*,*,#2876,.T.);
#2161=ORIENTED_EDGE('',*,*,#2877,.T.);
#2162=ORIENTED_EDGE('',*,*,#2849,.F.);
#2163=ORIENTED_EDGE('',*,*,#2877,.F.);
#2164=ORIENTED_EDGE('',*,*,#2878,.T.);
#2165=ORIENTED_EDGE('',*,*,#2879,.T.);
#2166=ORIENTED_EDGE('',*,*,#2850,.F.);
#2167=ORIENTED_EDGE('',*,*,#2879,.F.);
#2168=ORIENTED_EDGE('',*,*,#2880,.T.);
#2169=ORIENTED_EDGE('',*,*,#2768,.T.);
#2170=ORIENTED_EDGE('',*,*,#2673,.F.);
#2171=ORIENTED_EDGE('',*,*,#2745,.F.);
#2172=ORIENTED_EDGE('',*,*,#2770,.F.);
#2173=ORIENTED_EDGE('',*,*,#2881,.T.);
#2174=ORIENTED_EDGE('',*,*,#2882,.T.);
#2175=ORIENTED_EDGE('',*,*,#2851,.F.);
#2176=ORIENTED_EDGE('',*,*,#2852,.F.);
#2177=ORIENTED_EDGE('',*,*,#2882,.F.);
#2178=ORIENTED_EDGE('',*,*,#2883,.T.);
#2179=ORIENTED_EDGE('',*,*,#2884,.T.);
#2180=ORIENTED_EDGE('',*,*,#2853,.F.);
#2181=ORIENTED_EDGE('',*,*,#2884,.F.);
#2182=ORIENTED_EDGE('',*,*,#2885,.T.);
#2183=ORIENTED_EDGE('',*,*,#2886,.T.);
#2184=ORIENTED_EDGE('',*,*,#2854,.F.);
#2185=ORIENTED_EDGE('',*,*,#2886,.F.);
#2186=ORIENTED_EDGE('',*,*,#2887,.T.);
#2187=ORIENTED_EDGE('',*,*,#2888,.T.);
#2188=ORIENTED_EDGE('',*,*,#2855,.T.);
#2189=ORIENTED_EDGE('',*,*,#2888,.F.);
#2190=ORIENTED_EDGE('',*,*,#2889,.F.);
#2191=ORIENTED_EDGE('',*,*,#2890,.T.);
#2192=ORIENTED_EDGE('',*,*,#2856,.F.);
#2193=ORIENTED_EDGE('',*,*,#2890,.F.);
#2194=ORIENTED_EDGE('',*,*,#2891,.T.);
#2195=ORIENTED_EDGE('',*,*,#2892,.T.);
#2196=ORIENTED_EDGE('',*,*,#2857,.F.);
#2197=ORIENTED_EDGE('',*,*,#2892,.F.);
#2198=ORIENTED_EDGE('',*,*,#2893,.T.);
#2199=ORIENTED_EDGE('',*,*,#2894,.T.);
#2200=ORIENTED_EDGE('',*,*,#2858,.F.);
#2201=ORIENTED_EDGE('',*,*,#2894,.F.);
#2202=ORIENTED_EDGE('',*,*,#2895,.T.);
#2203=ORIENTED_EDGE('',*,*,#2896,.T.);
#2204=ORIENTED_EDGE('',*,*,#2859,.T.);
#2205=ORIENTED_EDGE('',*,*,#2896,.F.);
#2206=ORIENTED_EDGE('',*,*,#2897,.F.);
#2207=ORIENTED_EDGE('',*,*,#2898,.T.);
#2208=ORIENTED_EDGE('',*,*,#2860,.F.);
#2209=ORIENTED_EDGE('',*,*,#2898,.F.);
#2210=ORIENTED_EDGE('',*,*,#2899,.T.);
#2211=ORIENTED_EDGE('',*,*,#2900,.T.);
#2212=ORIENTED_EDGE('',*,*,#2861,.F.);
#2213=ORIENTED_EDGE('',*,*,#2900,.F.);
#2214=ORIENTED_EDGE('',*,*,#2901,.T.);
#2215=ORIENTED_EDGE('',*,*,#2902,.T.);
#2216=ORIENTED_EDGE('',*,*,#2862,.F.);
#2217=ORIENTED_EDGE('',*,*,#2902,.F.);
#2218=ORIENTED_EDGE('',*,*,#2903,.T.);
#2219=ORIENTED_EDGE('',*,*,#2904,.T.);
#2220=ORIENTED_EDGE('',*,*,#2863,.F.);
#2221=ORIENTED_EDGE('',*,*,#2904,.F.);
#2222=ORIENTED_EDGE('',*,*,#2905,.T.);
#2223=ORIENTED_EDGE('',*,*,#2771,.T.);
#2224=ORIENTED_EDGE('',*,*,#2760,.F.);
#2225=ORIENTED_EDGE('',*,*,#2864,.F.);
#2226=ORIENTED_EDGE('',*,*,#2772,.F.);
#2227=ORIENTED_EDGE('',*,*,#2905,.F.);
#2228=ORIENTED_EDGE('',*,*,#2903,.F.);
#2229=ORIENTED_EDGE('',*,*,#2901,.F.);
#2230=ORIENTED_EDGE('',*,*,#2899,.F.);
#2231=ORIENTED_EDGE('',*,*,#2897,.T.);
#2232=ORIENTED_EDGE('',*,*,#2895,.F.);
#2233=ORIENTED_EDGE('',*,*,#2893,.F.);
#2234=ORIENTED_EDGE('',*,*,#2891,.F.);
#2235=ORIENTED_EDGE('',*,*,#2889,.T.);
#2236=ORIENTED_EDGE('',*,*,#2887,.F.);
#2237=ORIENTED_EDGE('',*,*,#2885,.F.);
#2238=ORIENTED_EDGE('',*,*,#2883,.F.);
#2239=ORIENTED_EDGE('',*,*,#2881,.F.);
#2240=ORIENTED_EDGE('',*,*,#2769,.F.);
#2241=ORIENTED_EDGE('',*,*,#2880,.F.);
#2242=ORIENTED_EDGE('',*,*,#2878,.F.);
#2243=ORIENTED_EDGE('',*,*,#2876,.F.);
#2244=ORIENTED_EDGE('',*,*,#2874,.F.);
#2245=ORIENTED_EDGE('',*,*,#2872,.T.);
#2246=ORIENTED_EDGE('',*,*,#2870,.F.);
#2247=ORIENTED_EDGE('',*,*,#2868,.F.);
#2248=ORIENTED_EDGE('',*,*,#2866,.F.);
#2249=ORIENTED_EDGE('',*,*,#2906,.F.);
#2250=ORIENTED_EDGE('',*,*,#2907,.F.);
#2251=ORIENTED_EDGE('',*,*,#2908,.T.);
#2252=ORIENTED_EDGE('',*,*,#2909,.F.);
#2253=ORIENTED_EDGE('',*,*,#2910,.F.);
#2254=ORIENTED_EDGE('',*,*,#2911,.T.);
#2255=ORIENTED_EDGE('',*,*,#2912,.F.);
#2256=ORIENTED_EDGE('',*,*,#2913,.T.);
#2257=ORIENTED_EDGE('',*,*,#2914,.T.);
#2258=ORIENTED_EDGE('',*,*,#2915,.F.);
#2259=ORIENTED_EDGE('',*,*,#2916,.T.);
#2260=ORIENTED_EDGE('',*,*,#2917,.T.);
#2261=ORIENTED_EDGE('',*,*,#2918,.F.);
#2262=ORIENTED_EDGE('',*,*,#2919,.T.);
#2263=ORIENTED_EDGE('',*,*,#2920,.F.);
#2264=ORIENTED_EDGE('',*,*,#2921,.T.);
#2265=ORIENTED_EDGE('',*,*,#2922,.F.);
#2266=ORIENTED_EDGE('',*,*,#2921,.F.);
#2267=ORIENTED_EDGE('',*,*,#2923,.T.);
#2268=ORIENTED_EDGE('',*,*,#2907,.T.);
#2269=ORIENTED_EDGE('',*,*,#2924,.F.);
#2270=ORIENTED_EDGE('',*,*,#2925,.T.);
#2271=ORIENTED_EDGE('',*,*,#2926,.T.);
#2272=ORIENTED_EDGE('',*,*,#2927,.F.);
#2273=ORIENTED_EDGE('',*,*,#2928,.T.);
#2274=ORIENTED_EDGE('',*,*,#2929,.T.);
#2275=ORIENTED_EDGE('',*,*,#2930,.F.);
#2276=ORIENTED_EDGE('',*,*,#2931,.T.);
#2277=ORIENTED_EDGE('',*,*,#2932,.T.);
#2278=ORIENTED_EDGE('',*,*,#2933,.F.);
#2279=ORIENTED_EDGE('',*,*,#2934,.T.);
#2280=ORIENTED_EDGE('',*,*,#2935,.T.);
#2281=ORIENTED_EDGE('',*,*,#2936,.F.);
#2282=ORIENTED_EDGE('',*,*,#2913,.F.);
#2283=ORIENTED_EDGE('',*,*,#2937,.T.);
#2284=ORIENTED_EDGE('',*,*,#2915,.T.);
#2285=ORIENTED_EDGE('',*,*,#2938,.F.);
#2286=ORIENTED_EDGE('',*,*,#2927,.T.);
#2287=ORIENTED_EDGE('',*,*,#2939,.F.);
#2288=ORIENTED_EDGE('',*,*,#2940,.F.);
#2289=ORIENTED_EDGE('',*,*,#2941,.F.);
#2290=ORIENTED_EDGE('',*,*,#2942,.F.);
#2291=ORIENTED_EDGE('',*,*,#2943,.F.);
#2292=ORIENTED_EDGE('',*,*,#2933,.T.);
#2293=ORIENTED_EDGE('',*,*,#2942,.T.);
#2294=ORIENTED_EDGE('',*,*,#2944,.T.);
#2295=ORIENTED_EDGE('',*,*,#2940,.T.);
#2296=ORIENTED_EDGE('',*,*,#2945,.T.);
#2297=ORIENTED_EDGE('',*,*,#2946,.F.);
#2298=ORIENTED_EDGE('',*,*,#2911,.F.);
#2299=ORIENTED_EDGE('',*,*,#2947,.F.);
#2300=ORIENTED_EDGE('',*,*,#2917,.F.);
#2301=ORIENTED_EDGE('',*,*,#2919,.F.);
#2302=ORIENTED_EDGE('',*,*,#2948,.F.);
#2303=ORIENTED_EDGE('',*,*,#2909,.T.);
#2304=ORIENTED_EDGE('',*,*,#2949,.T.);
#2305=ORIENTED_EDGE('',*,*,#2947,.T.);
#2306=ORIENTED_EDGE('',*,*,#2910,.T.);
#2307=ORIENTED_EDGE('',*,*,#2948,.T.);
#2308=ORIENTED_EDGE('',*,*,#2918,.T.);
#2309=ORIENTED_EDGE('',*,*,#2949,.F.);
#2310=ORIENTED_EDGE('',*,*,#2908,.F.);
#2311=ORIENTED_EDGE('',*,*,#2923,.F.);
#2312=ORIENTED_EDGE('',*,*,#2920,.T.);
#2313=ORIENTED_EDGE('',*,*,#2946,.T.);
#2314=ORIENTED_EDGE('',*,*,#2916,.F.);
#2315=ORIENTED_EDGE('',*,*,#2937,.F.);
#2316=ORIENTED_EDGE('',*,*,#2912,.T.);
#2317=ORIENTED_EDGE('',*,*,#2950,.T.);
#2318=ORIENTED_EDGE('',*,*,#2934,.F.);
#2319=ORIENTED_EDGE('',*,*,#2943,.T.);
#2320=ORIENTED_EDGE('',*,*,#2945,.F.);
#2321=ORIENTED_EDGE('',*,*,#2939,.T.);
#2322=ORIENTED_EDGE('',*,*,#2926,.F.);
#2323=ORIENTED_EDGE('',*,*,#2924,.T.);
#2324=ORIENTED_EDGE('',*,*,#2906,.T.);
#2325=ORIENTED_EDGE('',*,*,#2936,.T.);
#2326=ORIENTED_EDGE('',*,*,#2951,.F.);
#2327=ORIENTED_EDGE('',*,*,#2951,.T.);
#2328=ORIENTED_EDGE('',*,*,#2935,.F.);
#2329=ORIENTED_EDGE('',*,*,#2950,.F.);
#2330=ORIENTED_EDGE('',*,*,#2925,.F.);
#2331=ORIENTED_EDGE('',*,*,#2922,.T.);
#2332=ORIENTED_EDGE('',*,*,#2952,.T.);
#2333=ORIENTED_EDGE('',*,*,#2930,.T.);
#2334=ORIENTED_EDGE('',*,*,#2914,.F.);
#2335=ORIENTED_EDGE('',*,*,#2953,.T.);
#2336=ORIENTED_EDGE('',*,*,#2931,.F.);
#2337=ORIENTED_EDGE('',*,*,#2952,.F.);
#2338=ORIENTED_EDGE('',*,*,#2929,.F.);
#2339=ORIENTED_EDGE('',*,*,#2938,.T.);
#2340=ORIENTED_EDGE('',*,*,#2944,.F.);
#2341=ORIENTED_EDGE('',*,*,#2941,.T.);
#2342=ORIENTED_EDGE('',*,*,#2932,.F.);
#2343=ORIENTED_EDGE('',*,*,#2953,.F.);
#2344=ORIENTED_EDGE('',*,*,#2928,.F.);
#2345=EDGE_CURVE('',#2954,#2954,#3360,.T.);
#2346=EDGE_CURVE('',#2955,#2955,#3361,.T.);
#2347=EDGE_CURVE('',#2956,#2956,#3362,.T.);
#2348=EDGE_CURVE('',#2957,#2958,#113,.T.);
#2349=EDGE_CURVE('',#2957,#2959,#114,.T.);
#2350=EDGE_CURVE('',#2960,#2959,#115,.T.);
#2351=EDGE_CURVE('',#2961,#2960,#116,.T.);
#2352=EDGE_CURVE('',#2961,#2962,#3363,.T.);
#2353=EDGE_CURVE('',#2962,#2963,#117,.T.);
#2354=EDGE_CURVE('',#2964,#2963,#118,.T.);
#2355=EDGE_CURVE('',#2965,#2964,#119,.T.);
#2356=EDGE_CURVE('',#2965,#2966,#120,.T.);
#2357=EDGE_CURVE('',#2966,#2967,#121,.T.);
#2358=EDGE_CURVE('',#2967,#2968,#3364,.T.);
#2359=EDGE_CURVE('',#2969,#2968,#122,.T.);
#2360=EDGE_CURVE('',#2970,#2969,#123,.T.);
#2361=EDGE_CURVE('',#2970,#2971,#124,.T.);
#2362=EDGE_CURVE('',#2971,#2972,#3365,.T.);
#2363=EDGE_CURVE('',#2972,#2973,#125,.T.);
#2364=EDGE_CURVE('',#2974,#2973,#126,.T.);
#2365=EDGE_CURVE('',#2975,#2974,#127,.T.);
#2366=EDGE_CURVE('',#2975,#2976,#128,.T.);
#2367=EDGE_CURVE('',#2976,#2977,#129,.T.);
#2368=EDGE_CURVE('',#2977,#2978,#3366,.T.);
#2369=EDGE_CURVE('',#2978,#2979,#130,.T.);
#2370=EDGE_CURVE('',#2980,#2979,#131,.T.);
#2371=EDGE_CURVE('',#2958,#2980,#132,.T.);
#2372=EDGE_CURVE('',#2963,#2981,#133,.T.);
#2373=EDGE_CURVE('',#2982,#2981,#134,.T.);
#2374=EDGE_CURVE('',#2964,#2982,#135,.T.);
#2375=EDGE_CURVE('',#2976,#2983,#136,.T.);
#2376=EDGE_CURVE('',#2975,#2984,#137,.T.);
#2377=EDGE_CURVE('',#2984,#2983,#138,.T.);
#2378=EDGE_CURVE('',#2985,#2986,#139,.T.);
#2379=EDGE_CURVE('',#2986,#2966,#140,.T.);
#2380=EDGE_CURVE('',#2985,#2965,#141,.T.);
#2381=EDGE_CURVE('',#2987,#2973,#142,.T.);
#2382=EDGE_CURVE('',#2988,#2987,#143,.T.);
#2383=EDGE_CURVE('',#2988,#2974,#144,.T.);
#2384=EDGE_CURVE('',#2989,#2990,#145,.T.);
#2385=EDGE_CURVE('',#2989,#2984,#3367,.T.);
#2386=EDGE_CURVE('',#2988,#2991,#3368,.T.);
#2387=EDGE_CURVE('',#2991,#2992,#146,.T.);
#2388=EDGE_CURVE('',#2993,#2992,#147,.T.);
#2389=EDGE_CURVE('',#2994,#2993,#148,.T.);
#2390=EDGE_CURVE('',#2995,#2994,#149,.T.);
#2391=EDGE_CURVE('',#2996,#2995,#150,.T.);
#2392=EDGE_CURVE('',#2997,#2996,#151,.T.);
#2393=EDGE_CURVE('',#2998,#2997,#152,.T.);
#2394=EDGE_CURVE('',#2999,#2998,#153,.T.);
#2395=EDGE_CURVE('',#2999,#3000,#154,.T.);
#2396=EDGE_CURVE('',#2990,#3000,#155,.T.);
#2397=EDGE_CURVE('',#2970,#3001,#156,.T.);
#2398=EDGE_CURVE('',#2969,#3002,#157,.T.);
#2399=EDGE_CURVE('',#3003,#3002,#158,.T.);
#2400=EDGE_CURVE('',#3003,#3004,#159,.T.);
#2401=EDGE_CURVE('',#3005,#3004,#160,.T.);
#2402=EDGE_CURVE('',#3006,#3005,#161,.T.);
#2403=EDGE_CURVE('',#3007,#3006,#162,.T.);
#2404=EDGE_CURVE('',#3008,#3007,#163,.T.);
#2405=EDGE_CURVE('',#3009,#3008,#164,.T.);
#2406=EDGE_CURVE('',#3010,#3009,#165,.T.);
#2407=EDGE_CURVE('',#3011,#3010,#166,.T.);
#2408=EDGE_CURVE('',#3012,#3011,#167,.T.);
#2409=EDGE_CURVE('',#3013,#3012,#168,.T.);
#2410=EDGE_CURVE('',#3014,#3013,#169,.T.);
#2411=EDGE_CURVE('',#3015,#3014,#170,.T.);
#2412=EDGE_CURVE('',#3016,#3015,#171,.T.);
#2413=EDGE_CURVE('',#2992,#3016,#172,.T.);
#2414=EDGE_CURVE('',#2991,#3001,#173,.T.);
#2415=EDGE_CURVE('',#3017,#2982,#3369,.F.);
#2416=EDGE_CURVE('',#3017,#3018,#174,.T.);
#2417=EDGE_CURVE('',#3019,#3018,#175,.T.);
#2418=EDGE_CURVE('',#3020,#3019,#176,.T.);
#2419=EDGE_CURVE('',#3020,#3021,#177,.T.);
#2420=EDGE_CURVE('',#3021,#3022,#178,.T.);
#2421=EDGE_CURVE('',#3022,#3023,#179,.T.);
#2422=EDGE_CURVE('',#3023,#3024,#180,.T.);
#2423=EDGE_CURVE('',#3024,#3025,#181,.T.);
#2424=EDGE_CURVE('',#3025,#3026,#182,.T.);
#2425=EDGE_CURVE('',#3004,#3026,#183,.T.);
#2426=EDGE_CURVE('',#2985,#3003,#3370,.F.);
#2427=EDGE_CURVE('',#3025,#3027,#184,.T.);
#2428=EDGE_CURVE('',#3027,#3028,#185,.T.);
#2429=EDGE_CURVE('',#3026,#3028,#186,.T.);
#2430=EDGE_CURVE('',#3029,#3030,#187,.T.);
#2431=EDGE_CURVE('',#3030,#3031,#188,.T.);
#2432=EDGE_CURVE('',#3031,#3032,#189,.T.);
#2433=EDGE_CURVE('',#3028,#3032,#190,.T.);
#2434=EDGE_CURVE('',#3027,#3033,#191,.T.);
#2435=EDGE_CURVE('',#3033,#3034,#192,.T.);
#2436=EDGE_CURVE('',#3034,#3029,#193,.T.);
#2437=EDGE_CURVE('',#3031,#3020,#194,.T.);
#2438=EDGE_CURVE('',#3032,#3019,#195,.T.);
#2439=EDGE_CURVE('',#2959,#3035,#196,.T.);
#2440=EDGE_CURVE('',#3035,#3036,#197,.T.);
#2441=EDGE_CURVE('',#2980,#3036,#198,.T.);
#2442=EDGE_CURVE('',#3037,#2979,#199,.T.);
#2443=EDGE_CURVE('',#2989,#3037,#200,.T.);
#2444=EDGE_CURVE('',#3038,#2990,#201,.T.);
#2445=EDGE_CURVE('',#3038,#3039,#202,.T.);
#2446=EDGE_CURVE('',#3039,#3040,#203,.T.);
#2447=EDGE_CURVE('',#3040,#3041,#204,.T.);
#2448=EDGE_CURVE('',#3041,#3042,#205,.T.);
#2449=EDGE_CURVE('',#3042,#3043,#206,.T.);
#2450=EDGE_CURVE('',#3044,#3043,#207,.T.);
#2451=EDGE_CURVE('',#3044,#3045,#208,.T.);
#2452=EDGE_CURVE('',#3045,#3046,#209,.T.);
#2453=EDGE_CURVE('',#3046,#3047,#210,.T.);
#2454=EDGE_CURVE('',#3047,#3048,#211,.T.);
#2455=EDGE_CURVE('',#3048,#3049,#212,.T.);
#2456=EDGE_CURVE('',#3018,#3049,#213,.T.);
#2457=EDGE_CURVE('',#3017,#3050,#214,.T.);
#2458=EDGE_CURVE('',#3050,#2960,#215,.T.);
#2459=EDGE_CURVE('',#3005,#3051,#216,.T.);
#2460=EDGE_CURVE('',#3049,#3052,#217,.T.);
#2461=EDGE_CURVE('',#3052,#3053,#218,.T.);
#2462=EDGE_CURVE('',#3053,#3044,#219,.T.);
#2463=EDGE_CURVE('',#3043,#3054,#220,.T.);
#2464=EDGE_CURVE('',#3054,#3055,#221,.T.);
#2465=EDGE_CURVE('',#3055,#3038,#222,.T.);
#2466=EDGE_CURVE('',#3000,#3056,#223,.T.);
#2467=EDGE_CURVE('',#3056,#3057,#224,.T.);
#2468=EDGE_CURVE('',#3057,#2993,#225,.T.);
#2469=EDGE_CURVE('',#3058,#3016,#226,.T.);
#2470=EDGE_CURVE('',#3059,#3058,#227,.T.);
#2471=EDGE_CURVE('',#3011,#3059,#228,.T.);
#2472=EDGE_CURVE('',#3060,#3010,#229,.T.);
#2473=EDGE_CURVE('',#3051,#3060,#230,.T.);
#2474=EDGE_CURVE('',#3061,#2999,#231,.T.);
#2475=EDGE_CURVE('',#3061,#3056,#232,.T.);
#2476=EDGE_CURVE('',#3062,#3061,#233,.T.);
#2477=EDGE_CURVE('',#3063,#3062,#234,.T.);
#2478=EDGE_CURVE('',#3064,#3063,#235,.T.);
#2479=EDGE_CURVE('',#3065,#3064,#236,.T.);
#2480=EDGE_CURVE('',#3066,#3065,#237,.T.);
#2481=EDGE_CURVE('',#3066,#3057,#238,.T.);
#2482=EDGE_CURVE('',#2994,#3066,#239,.T.);
#2483=EDGE_CURVE('',#3054,#3067,#240,.T.);
#2484=EDGE_CURVE('',#3067,#3068,#241,.T.);
#2485=EDGE_CURVE('',#3068,#3069,#242,.T.);
#2486=EDGE_CURVE('',#3069,#3070,#243,.T.);
#2487=EDGE_CURVE('',#3070,#3055,#244,.T.);
#2488=EDGE_CURVE('',#3039,#3070,#245,.T.);
#2489=EDGE_CURVE('',#3042,#3067,#246,.T.);
#2490=EDGE_CURVE('',#3040,#3069,#247,.T.);
#2491=EDGE_CURVE('',#3041,#3068,#248,.T.);
#2492=EDGE_CURVE('',#3052,#3071,#249,.T.);
#2493=EDGE_CURVE('',#3071,#3072,#250,.T.);
#2494=EDGE_CURVE('',#3072,#3073,#251,.T.);
#2495=EDGE_CURVE('',#3073,#3074,#252,.T.);
#2496=EDGE_CURVE('',#3074,#3053,#253,.T.);
#2497=EDGE_CURVE('',#3048,#3071,#254,.T.);
#2498=EDGE_CURVE('',#3047,#3072,#255,.T.);
#2499=EDGE_CURVE('',#3046,#3073,#256,.T.);
#2500=EDGE_CURVE('',#3045,#3074,#257,.T.);
#2501=EDGE_CURVE('',#3015,#3075,#258,.T.);
#2502=EDGE_CURVE('',#3075,#3058,#259,.T.);
#2503=EDGE_CURVE('',#3014,#3076,#260,.T.);
#2504=EDGE_CURVE('',#3076,#3075,#261,.T.);
#2505=EDGE_CURVE('',#3013,#3077,#262,.T.);
#2506=EDGE_CURVE('',#3077,#3076,#263,.T.);
#2507=EDGE_CURVE('',#3012,#3078,#264,.T.);
#2508=EDGE_CURVE('',#3078,#3077,#265,.T.);
#2509=EDGE_CURVE('',#3059,#3078,#266,.T.);
#2510=EDGE_CURVE('',#3079,#3060,#267,.T.);
#2511=EDGE_CURVE('',#3080,#3079,#268,.T.);
#2512=EDGE_CURVE('',#3081,#3080,#269,.T.);
#2513=EDGE_CURVE('',#3082,#3081,#270,.T.);
#2514=EDGE_CURVE('',#3051,#3082,#271,.T.);
#2515=EDGE_CURVE('',#3006,#3082,#272,.T.);
#2516=EDGE_CURVE('',#3007,#3081,#273,.T.);
#2517=EDGE_CURVE('',#3008,#3080,#274,.T.);
#2518=EDGE_CURVE('',#3009,#3079,#275,.T.);
#2519=EDGE_CURVE('',#3030,#3021,#276,.T.);
#2520=EDGE_CURVE('',#3029,#3022,#277,.T.);
#2521=EDGE_CURVE('',#3034,#3023,#278,.T.);
#2522=EDGE_CURVE('',#3033,#3024,#279,.T.);
#2523=EDGE_CURVE('',#3062,#2998,#280,.T.);
#2524=EDGE_CURVE('',#3063,#2997,#281,.T.);
#2525=EDGE_CURVE('',#3064,#2996,#282,.T.);
#2526=EDGE_CURVE('',#3065,#2995,#283,.T.);
#2527=EDGE_CURVE('',#3002,#3083,#3371,.T.);
#2528=EDGE_CURVE('',#2986,#3083,#284,.T.);
#2529=EDGE_CURVE('',#3084,#2968,#285,.T.);
#2530=EDGE_CURVE('',#3084,#3083,#286,.T.);
#2531=EDGE_CURVE('',#3085,#3050,#3372,.T.);
#2532=EDGE_CURVE('',#3085,#3086,#287,.T.);
#2533=EDGE_CURVE('',#3086,#2961,#288,.T.);
#2534=EDGE_CURVE('',#3085,#2981,#289,.T.);
#2535=EDGE_CURVE('',#2987,#3087,#290,.T.);
#2536=EDGE_CURVE('',#3001,#3087,#3373,.T.);
#2537=EDGE_CURVE('',#3087,#3088,#291,.T.);
#2538=EDGE_CURVE('',#3088,#2971,#292,.T.);
#2539=EDGE_CURVE('',#3089,#2978,#293,.T.);
#2540=EDGE_CURVE('',#3089,#3090,#294,.T.);
#2541=EDGE_CURVE('',#3090,#3037,#3374,.T.);
#2542=EDGE_CURVE('',#2983,#3090,#295,.T.);
#2543=EDGE_CURVE('',#3091,#2987,#296,.T.);
#2544=EDGE_CURVE('',#3088,#3091,#3375,.T.);
#2545=EDGE_CURVE('',#3091,#2972,#297,.T.);
#2546=EDGE_CURVE('',#2986,#3092,#298,.T.);
#2547=EDGE_CURVE('',#3092,#2967,#299,.T.);
#2548=EDGE_CURVE('',#3092,#3084,#3376,.T.);
#2549=EDGE_CURVE('',#3093,#3089,#3377,.T.);
#2550=EDGE_CURVE('',#2983,#3093,#300,.T.);
#2551=EDGE_CURVE('',#3093,#2977,#301,.T.);
#2552=EDGE_CURVE('',#3086,#3094,#3378,.T.);
#2553=EDGE_CURVE('',#3094,#2962,#302,.T.);
#2554=EDGE_CURVE('',#3094,#2981,#303,.T.);
#2555=EDGE_CURVE('',#3095,#3095,#3379,.T.);
#2556=EDGE_CURVE('',#3096,#3096,#3380,.T.);
#2557=EDGE_CURVE('',#3097,#3097,#3381,.T.);
#2558=EDGE_CURVE('',#3098,#3098,#3382,.T.);
#2559=EDGE_CURVE('',#3099,#3099,#3383,.T.);
#2560=EDGE_CURVE('',#3036,#2958,#304,.T.);
#2561=EDGE_CURVE('',#3035,#2957,#305,.T.);
#2562=EDGE_CURVE('',#3100,#3101,#306,.T.);
#2563=EDGE_CURVE('',#3102,#3101,#307,.T.);
#2564=EDGE_CURVE('',#3103,#3102,#308,.T.);
#2565=EDGE_CURVE('',#3103,#3100,#309,.T.);
#2566=EDGE_CURVE('',#3101,#3104,#3384,.T.);
#2567=EDGE_CURVE('',#3105,#3104,#310,.T.);
#2568=EDGE_CURVE('',#3102,#3105,#3385,.T.);
#2569=EDGE_CURVE('',#3104,#3106,#311,.T.);
#2570=EDGE_CURVE('',#3107,#3106,#312,.T.);
#2571=EDGE_CURVE('',#3105,#3107,#313,.T.);
#2572=EDGE_CURVE('',#3108,#3106,#3386,.T.);
#2573=EDGE_CURVE('',#3109,#3108,#314,.T.);
#2574=EDGE_CURVE('',#3109,#3107,#3387,.T.);
#2575=EDGE_CURVE('',#3108,#3110,#315,.T.);
#2576=EDGE_CURVE('',#3111,#3110,#316,.T.);
#2577=EDGE_CURVE('',#3109,#3111,#317,.T.);
#2578=EDGE_CURVE('',#3110,#3112,#3388,.T.);
#2579=EDGE_CURVE('',#3113,#3112,#318,.T.);
#2580=EDGE_CURVE('',#3111,#3113,#3389,.T.);
#2581=EDGE_CURVE('',#3112,#3114,#319,.T.);
#2582=EDGE_CURVE('',#3115,#3114,#320,.T.);
#2583=EDGE_CURVE('',#3113,#3115,#321,.T.);
#2584=EDGE_CURVE('',#3114,#3116,#322,.T.);
#2585=EDGE_CURVE('',#3117,#3116,#323,.T.);
#2586=EDGE_CURVE('',#3115,#3117,#324,.T.);
#2587=EDGE_CURVE('',#3116,#3118,#3390,.T.);
#2588=EDGE_CURVE('',#3119,#3118,#325,.T.);
#2589=EDGE_CURVE('',#3117,#3119,#3391,.T.);
#2590=EDGE_CURVE('',#3118,#3120,#326,.T.);
#2591=EDGE_CURVE('',#3121,#3120,#327,.T.);
#2592=EDGE_CURVE('',#3119,#3121,#328,.T.);
#2593=EDGE_CURVE('',#3120,#3122,#3392,.T.);
#2594=EDGE_CURVE('',#3123,#3122,#329,.T.);
#2595=EDGE_CURVE('',#3121,#3123,#3393,.T.);
#2596=EDGE_CURVE('',#3122,#3124,#330,.T.);
#2597=EDGE_CURVE('',#3125,#3124,#331,.T.);
#2598=EDGE_CURVE('',#3123,#3125,#332,.T.);
#2599=EDGE_CURVE('',#3124,#3126,#333,.T.);
#2600=EDGE_CURVE('',#3127,#3126,#334,.T.);
#2601=EDGE_CURVE('',#3125,#3127,#335,.T.);
#2602=EDGE_CURVE('',#3126,#3128,#3394,.T.);
#2603=EDGE_CURVE('',#3129,#3128,#336,.T.);
#2604=EDGE_CURVE('',#3127,#3129,#3395,.T.);
#2605=EDGE_CURVE('',#3128,#3130,#337,.T.);
#2606=EDGE_CURVE('',#3131,#3130,#338,.T.);
#2607=EDGE_CURVE('',#3129,#3131,#339,.T.);
#2608=EDGE_CURVE('',#3132,#3130,#3396,.T.);
#2609=EDGE_CURVE('',#3133,#3132,#340,.T.);
#2610=EDGE_CURVE('',#3133,#3131,#3397,.T.);
#2611=EDGE_CURVE('',#3132,#3134,#341,.T.);
#2612=EDGE_CURVE('',#3135,#3134,#342,.T.);
#2613=EDGE_CURVE('',#3133,#3135,#343,.T.);
#2614=EDGE_CURVE('',#3134,#3136,#3398,.T.);
#2615=EDGE_CURVE('',#3137,#3136,#344,.T.);
#2616=EDGE_CURVE('',#3135,#3137,#3399,.T.);
#2617=EDGE_CURVE('',#3136,#3138,#345,.T.);
#2618=EDGE_CURVE('',#3139,#3138,#346,.T.);
#2619=EDGE_CURVE('',#3137,#3139,#347,.T.);
#2620=EDGE_CURVE('',#3138,#3140,#3400,.T.);
#2621=EDGE_CURVE('',#3141,#3140,#348,.T.);
#2622=EDGE_CURVE('',#3139,#3141,#3401,.T.);
#2623=EDGE_CURVE('',#3140,#3142,#349,.T.);
#2624=EDGE_CURVE('',#3143,#3142,#350,.T.);
#2625=EDGE_CURVE('',#3141,#3143,#351,.T.);
#2626=EDGE_CURVE('',#3144,#3142,#3402,.T.);
#2627=EDGE_CURVE('',#3145,#3144,#352,.T.);
#2628=EDGE_CURVE('',#3145,#3143,#3403,.T.);
#2629=EDGE_CURVE('',#3144,#3146,#353,.T.);
#2630=EDGE_CURVE('',#3147,#3146,#354,.T.);
#2631=EDGE_CURVE('',#3145,#3147,#355,.T.);
#2632=EDGE_CURVE('',#3146,#3148,#3404,.T.);
#2633=EDGE_CURVE('',#3149,#3148,#356,.T.);
#2634=EDGE_CURVE('',#3147,#3149,#3405,.T.);
#2635=EDGE_CURVE('',#3148,#3150,#357,.T.);
#2636=EDGE_CURVE('',#3151,#3150,#358,.T.);
#2637=EDGE_CURVE('',#3149,#3151,#359,.T.);
#2638=EDGE_CURVE('',#3150,#3152,#360,.T.);
#2639=EDGE_CURVE('',#3153,#3152,#361,.T.);
#2640=EDGE_CURVE('',#3151,#3153,#362,.T.);
#2641=EDGE_CURVE('',#3152,#3154,#3406,.T.);
#2642=EDGE_CURVE('',#3155,#3154,#363,.T.);
#2643=EDGE_CURVE('',#3153,#3155,#3407,.T.);
#2644=EDGE_CURVE('',#3154,#3156,#364,.T.);
#2645=EDGE_CURVE('',#3157,#3156,#365,.T.);
#2646=EDGE_CURVE('',#3155,#3157,#366,.T.);
#2647=EDGE_CURVE('',#3156,#3158,#3408,.T.);
#2648=EDGE_CURVE('',#3159,#3158,#367,.T.);
#2649=EDGE_CURVE('',#3157,#3159,#3409,.T.);
#2650=EDGE_CURVE('',#3158,#3160,#368,.T.);
#2651=EDGE_CURVE('',#3161,#3160,#369,.T.);
#2652=EDGE_CURVE('',#3159,#3161,#370,.T.);
#2653=EDGE_CURVE('',#3160,#3162,#371,.T.);
#2654=EDGE_CURVE('',#3163,#3162,#372,.T.);
#2655=EDGE_CURVE('',#3161,#3163,#373,.T.);
#2656=EDGE_CURVE('',#3162,#3164,#3410,.T.);
#2657=EDGE_CURVE('',#3165,#3164,#374,.T.);
#2658=EDGE_CURVE('',#3163,#3165,#3411,.T.);
#2659=EDGE_CURVE('',#3164,#3166,#375,.T.);
#2660=EDGE_CURVE('',#3167,#3166,#376,.T.);
#2661=EDGE_CURVE('',#3165,#3167,#377,.T.);
#2662=EDGE_CURVE('',#3168,#3166,#3412,.T.);
#2663=EDGE_CURVE('',#3169,#3168,#378,.T.);
#2664=EDGE_CURVE('',#3169,#3167,#3413,.T.);
#2665=EDGE_CURVE('',#3168,#3170,#379,.T.);
#2666=EDGE_CURVE('',#3171,#3170,#380,.T.);
#2667=EDGE_CURVE('',#3169,#3171,#381,.T.);
#2668=EDGE_CURVE('',#3170,#3100,#3414,.T.);
#2669=EDGE_CURVE('',#3171,#3103,#3415,.T.);
#2670=EDGE_CURVE('',#3172,#3172,#3416,.F.);
#2671=EDGE_CURVE('',#3173,#3173,#3417,.T.);
#2672=EDGE_CURVE('',#3174,#3175,#382,.T.);
#2673=EDGE_CURVE('',#3175,#3176,#383,.T.);
#2674=EDGE_CURVE('',#3177,#3176,#384,.T.);
#2675=EDGE_CURVE('',#3177,#3174,#385,.T.);
#2676=EDGE_CURVE('',#3178,#3179,#386,.T.);
#2677=EDGE_CURVE('',#3178,#3180,#387,.T.);
#2678=EDGE_CURVE('',#3180,#3181,#388,.T.);
#2679=EDGE_CURVE('',#3179,#3181,#389,.T.);
#2680=EDGE_CURVE('',#3182,#3183,#390,.T.);
#2681=EDGE_CURVE('',#3184,#3182,#391,.T.);
#2682=EDGE_CURVE('',#3184,#3185,#392,.T.);
#2683=EDGE_CURVE('',#3185,#3183,#393,.T.);
#2684=EDGE_CURVE('',#3186,#3187,#394,.T.);
#2685=EDGE_CURVE('',#3186,#3188,#395,.T.);
#2686=EDGE_CURVE('',#3189,#3188,#396,.T.);
#2687=EDGE_CURVE('',#3187,#3189,#397,.T.);
#2688=EDGE_CURVE('',#3190,#3191,#398,.T.);
#2689=EDGE_CURVE('',#3190,#3192,#399,.T.);
#2690=EDGE_CURVE('',#3193,#3192,#400,.T.);
#2691=EDGE_CURVE('',#3191,#3193,#401,.T.);
#2692=EDGE_CURVE('',#3194,#3195,#402,.T.);
#2693=EDGE_CURVE('',#3196,#3194,#403,.T.);
#2694=EDGE_CURVE('',#3196,#3197,#404,.T.);
#2695=EDGE_CURVE('',#3197,#3195,#405,.T.);
#2696=EDGE_CURVE('',#3181,#3198,#406,.T.);
#2697=EDGE_CURVE('',#3199,#3198,#407,.T.);
#2698=EDGE_CURVE('',#3179,#3199,#408,.T.);
#2699=EDGE_CURVE('',#3198,#3200,#409,.T.);
#2700=EDGE_CURVE('',#3201,#3200,#410,.T.);
#2701=EDGE_CURVE('',#3199,#3201,#411,.T.);
#2702=EDGE_CURVE('',#3200,#3202,#412,.T.);
#2703=EDGE_CURVE('',#3203,#3202,#413,.T.);
#2704=EDGE_CURVE('',#3201,#3203,#414,.T.);
#2705=EDGE_CURVE('',#3202,#3204,#415,.T.);
#2706=EDGE_CURVE('',#3205,#3204,#416,.T.);
#2707=EDGE_CURVE('',#3203,#3205,#417,.T.);
#2708=EDGE_CURVE('',#3204,#3206,#418,.T.);
#2709=EDGE_CURVE('',#3207,#3206,#419,.T.);
#2710=EDGE_CURVE('',#3205,#3207,#420,.T.);
#2711=EDGE_CURVE('',#3206,#3208,#421,.T.);
#2712=EDGE_CURVE('',#3209,#3208,#422,.T.);
#2713=EDGE_CURVE('',#3207,#3209,#423,.T.);
#2714=EDGE_CURVE('',#3208,#3185,#424,.T.);
#2715=EDGE_CURVE('',#3209,#3184,#425,.T.);
#2716=EDGE_CURVE('',#3188,#3210,#426,.T.);
#2717=EDGE_CURVE('',#3211,#3210,#427,.T.);
#2718=EDGE_CURVE('',#3189,#3211,#428,.T.);
#2719=EDGE_CURVE('',#3210,#3212,#429,.T.);
#2720=EDGE_CURVE('',#3213,#3212,#430,.T.);
#2721=EDGE_CURVE('',#3211,#3213,#431,.T.);
#2722=EDGE_CURVE('',#3212,#3197,#432,.T.);
#2723=EDGE_CURVE('',#3213,#3196,#433,.T.);
#2724=EDGE_CURVE('',#3192,#3214,#434,.T.);
#2725=EDGE_CURVE('',#3215,#3214,#435,.T.);
#2726=EDGE_CURVE('',#3193,#3215,#436,.T.);
#2727=EDGE_CURVE('',#3214,#3216,#437,.T.);
#2728=EDGE_CURVE('',#3217,#3216,#438,.T.);
#2729=EDGE_CURVE('',#3215,#3217,#439,.T.);
#2730=EDGE_CURVE('',#3216,#3218,#440,.T.);
#2731=EDGE_CURVE('',#3219,#3218,#441,.T.);
#2732=EDGE_CURVE('',#3217,#3219,#442,.T.);
#2733=EDGE_CURVE('',#3218,#3220,#443,.T.);
#2734=EDGE_CURVE('',#3221,#3220,#444,.T.);
#2735=EDGE_CURVE('',#3219,#3221,#445,.T.);
#2736=EDGE_CURVE('',#3220,#3222,#446,.T.);
#2737=EDGE_CURVE('',#3223,#3222,#447,.T.);
#2738=EDGE_CURVE('',#3221,#3223,#448,.T.);
#2739=EDGE_CURVE('',#3222,#3224,#449,.T.);
#2740=EDGE_CURVE('',#3225,#3224,#450,.T.);
#2741=EDGE_CURVE('',#3223,#3225,#451,.T.);
#2742=EDGE_CURVE('',#3224,#3174,#452,.T.);
#2743=EDGE_CURVE('',#3225,#3177,#453,.T.);
#2744=EDGE_CURVE('',#3226,#3227,#454,.T.);
#2745=EDGE_CURVE('',#3226,#3228,#455,.T.);
#2746=EDGE_CURVE('',#3228,#3229,#456,.T.);
#2747=EDGE_CURVE('',#3227,#3229,#457,.T.);
#2748=EDGE_CURVE('',#3229,#3230,#458,.T.);
#2749=EDGE_CURVE('',#3231,#3230,#459,.T.);
#2750=EDGE_CURVE('',#3227,#3231,#460,.T.);
#2751=EDGE_CURVE('',#3230,#3232,#461,.T.);
#2752=EDGE_CURVE('',#3233,#3232,#462,.T.);
#2753=EDGE_CURVE('',#3231,#3233,#463,.T.);
#2754=EDGE_CURVE('',#3232,#3234,#464,.T.);
#2755=EDGE_CURVE('',#3235,#3234,#465,.T.);
#2756=EDGE_CURVE('',#3233,#3235,#466,.T.);
#2757=EDGE_CURVE('',#3236,#3236,#3418,.T.);
#2758=EDGE_CURVE('',#3237,#3237,#3419,.T.);
#2759=EDGE_CURVE('',#3234,#3238,#467,.T.);
#2760=EDGE_CURVE('',#3238,#3239,#468,.T.);
#2761=EDGE_CURVE('',#3235,#3239,#469,.T.);
#2762=EDGE_CURVE('',#3240,#3182,#470,.T.);
#2763=EDGE_CURVE('',#3241,#3240,#471,.T.);
#2764=EDGE_CURVE('',#3241,#3187,#472,.T.);
#2765=EDGE_CURVE('',#3242,#3194,#473,.T.);
#2766=EDGE_CURVE('',#3243,#3242,#474,.T.);
#2767=EDGE_CURVE('',#3243,#3191,#475,.T.);
#2768=EDGE_CURVE('',#3244,#3176,#476,.T.);
#2769=EDGE_CURVE('',#3244,#3245,#477,.T.);
#2770=EDGE_CURVE('',#3245,#3226,#478,.T.);
#2771=EDGE_CURVE('',#3246,#3239,#479,.T.);
#2772=EDGE_CURVE('',#3246,#3247,#480,.T.);
#2773=EDGE_CURVE('',#3247,#3178,#481,.T.);
#2774=EDGE_CURVE('',#3238,#3180,#482,.T.);
#2775=EDGE_CURVE('',#3175,#3228,#483,.T.);
#2776=EDGE_CURVE('',#3195,#3190,#484,.T.);
#2777=EDGE_CURVE('',#3183,#3186,#485,.T.);
#2778=EDGE_CURVE('',#3183,#3248,#486,.T.);
#2779=EDGE_CURVE('',#3249,#3186,#487,.T.);
#2780=EDGE_CURVE('',#3250,#3249,#488,.T.);
#2781=EDGE_CURVE('',#3251,#3250,#489,.T.);
#2782=EDGE_CURVE('',#3252,#3251,#490,.T.);
#2783=EDGE_CURVE('',#3252,#3253,#3420,.T.);
#2784=EDGE_CURVE('',#3254,#3253,#491,.T.);
#2785=EDGE_CURVE('',#3255,#3254,#3421,.T.);
#2786=EDGE_CURVE('',#3256,#3255,#492,.T.);
#2787=EDGE_CURVE('',#3256,#3257,#3422,.T.);
#2788=EDGE_CURVE('',#3258,#3257,#493,.T.);
#2789=EDGE_CURVE('',#3259,#3258,#494,.T.);
#2790=EDGE_CURVE('',#3260,#3259,#495,.T.);
#2791=EDGE_CURVE('',#3195,#3260,#496,.T.);
#2792=EDGE_CURVE('',#3261,#3190,#497,.T.);
#2793=EDGE_CURVE('',#3262,#3261,#498,.T.);
#2794=EDGE_CURVE('',#3263,#3262,#3423,.T.);
#2795=EDGE_CURVE('',#3264,#3263,#499,.T.);
#2796=EDGE_CURVE('',#3264,#3265,#3424,.T.);
#2797=EDGE_CURVE('',#3266,#3265,#500,.T.);
#2798=EDGE_CURVE('',#3267,#3266,#3425,.T.);
#2799=EDGE_CURVE('',#3248,#3267,#501,.T.);
#2800=EDGE_CURVE('',#3268,#3248,#502,.T.);
#2801=EDGE_CURVE('',#3240,#3268,#503,.T.);
#2802=EDGE_CURVE('',#3269,#3267,#504,.T.);
#2803=EDGE_CURVE('',#3268,#3269,#505,.T.);
#2804=EDGE_CURVE('',#3270,#3266,#506,.T.);
#2805=EDGE_CURVE('',#3269,#3270,#3426,.T.);
#2806=EDGE_CURVE('',#3271,#3265,#507,.T.);
#2807=EDGE_CURVE('',#3270,#3271,#508,.T.);
#2808=EDGE_CURVE('',#3272,#3264,#509,.T.);
#2809=EDGE_CURVE('',#3272,#3271,#3427,.T.);
#2810=EDGE_CURVE('',#3273,#3263,#510,.T.);
#2811=EDGE_CURVE('',#3272,#3273,#511,.T.);
#2812=EDGE_CURVE('',#3274,#3262,#512,.T.);
#2813=EDGE_CURVE('',#3273,#3274,#3428,.T.);
#2814=EDGE_CURVE('',#3275,#3261,#513,.T.);
#2815=EDGE_CURVE('',#3274,#3275,#514,.T.);
#2816=EDGE_CURVE('',#3275,#3243,#515,.T.);
#2817=EDGE_CURVE('',#3276,#3260,#516,.T.);
#2818=EDGE_CURVE('',#3242,#3276,#517,.T.);
#2819=EDGE_CURVE('',#3277,#3259,#518,.T.);
#2820=EDGE_CURVE('',#3276,#3277,#519,.T.);
#2821=EDGE_CURVE('',#3278,#3258,#520,.T.);
#2822=EDGE_CURVE('',#3277,#3278,#521,.T.);
#2823=EDGE_CURVE('',#3279,#3257,#522,.T.);
#2824=EDGE_CURVE('',#3278,#3279,#523,.T.);
#2825=EDGE_CURVE('',#3280,#3256,#524,.T.);
#2826=EDGE_CURVE('',#3280,#3279,#3429,.T.);
#2827=EDGE_CURVE('',#3281,#3255,#525,.T.);
#2828=EDGE_CURVE('',#3280,#3281,#526,.T.);
#2829=EDGE_CURVE('',#3282,#3254,#527,.T.);
#2830=EDGE_CURVE('',#3281,#3282,#3430,.T.);
#2831=EDGE_CURVE('',#3283,#3253,#528,.T.);
#2832=EDGE_CURVE('',#3282,#3283,#529,.T.);
#2833=EDGE_CURVE('',#3284,#3252,#530,.T.);
#2834=EDGE_CURVE('',#3284,#3283,#3431,.T.);
#2835=EDGE_CURVE('',#3285,#3251,#531,.T.);
#2836=EDGE_CURVE('',#3284,#3285,#532,.T.);
#2837=EDGE_CURVE('',#3286,#3250,#533,.T.);
#2838=EDGE_CURVE('',#3285,#3286,#534,.T.);
#2839=EDGE_CURVE('',#3287,#3249,#535,.T.);
#2840=EDGE_CURVE('',#3286,#3287,#536,.T.);
#2841=EDGE_CURVE('',#3287,#3241,#537,.T.);
#2842=EDGE_CURVE('',#3180,#3288,#538,.T.);
#2843=EDGE_CURVE('',#3288,#3289,#539,.T.);
#2844=EDGE_CURVE('',#3289,#3290,#3432,.T.);
#2845=EDGE_CURVE('',#3290,#3291,#540,.T.);
#2846=EDGE_CURVE('',#3292,#3291,#3433,.T.);
#2847=EDGE_CURVE('',#3292,#3293,#541,.T.);
#2848=EDGE_CURVE('',#3293,#3294,#3434,.T.);
#2849=EDGE_CURVE('',#3294,#3295,#542,.T.);
#2850=EDGE_CURVE('',#3295,#3175,#543,.T.);
#2851=EDGE_CURVE('',#3228,#3296,#544,.T.);
#2852=EDGE_CURVE('',#3296,#3297,#545,.T.);
#2853=EDGE_CURVE('',#3297,#3298,#546,.T.);
#2854=EDGE_CURVE('',#3298,#3299,#547,.T.);
#2855=EDGE_CURVE('',#3300,#3299,#3435,.T.);
#2856=EDGE_CURVE('',#3300,#3301,#548,.T.);
#2857=EDGE_CURVE('',#3301,#3302,#3436,.T.);
#2858=EDGE_CURVE('',#3302,#3303,#549,.T.);
#2859=EDGE_CURVE('',#3304,#3303,#3437,.T.);
#2860=EDGE_CURVE('',#3304,#3305,#550,.T.);
#2861=EDGE_CURVE('',#3305,#3306,#551,.T.);
#2862=EDGE_CURVE('',#3306,#3307,#552,.T.);
#2863=EDGE_CURVE('',#3307,#3238,#553,.T.);
#2864=EDGE_CURVE('',#3247,#3308,#554,.T.);
#2865=EDGE_CURVE('',#3308,#3288,#555,.T.);
#2866=EDGE_CURVE('',#3308,#3309,#556,.T.);
#2867=EDGE_CURVE('',#3309,#3289,#557,.T.);
#2868=EDGE_CURVE('',#3309,#3310,#3438,.T.);
#2869=EDGE_CURVE('',#3310,#3290,#558,.T.);
#2870=EDGE_CURVE('',#3310,#3311,#559,.T.);
#2871=EDGE_CURVE('',#3311,#3291,#560,.T.);
#2872=EDGE_CURVE('',#3312,#3311,#3439,.T.);
#2873=EDGE_CURVE('',#3312,#3292,#561,.T.);
#2874=EDGE_CURVE('',#3312,#3313,#562,.T.);
#2875=EDGE_CURVE('',#3313,#3293,#563,.T.);
#2876=EDGE_CURVE('',#3313,#3314,#3440,.T.);
#2877=EDGE_CURVE('',#3314,#3294,#564,.T.);
#2878=EDGE_CURVE('',#3314,#3315,#565,.T.);
#2879=EDGE_CURVE('',#3315,#3295,#566,.T.);
#2880=EDGE_CURVE('',#3315,#3244,#567,.T.);
#2881=EDGE_CURVE('',#3245,#3316,#568,.T.);
#2882=EDGE_CURVE('',#3316,#3296,#569,.T.);
#2883=EDGE_CURVE('',#3316,#3317,#570,.T.);
#2884=EDGE_CURVE('',#3317,#3297,#571,.T.);
#2885=EDGE_CURVE('',#3317,#3318,#572,.T.);
#2886=EDGE_CURVE('',#3318,#3298,#573,.T.);
#2887=EDGE_CURVE('',#3318,#3319,#574,.T.);
#2888=EDGE_CURVE('',#3319,#3299,#575,.T.);
#2889=EDGE_CURVE('',#3320,#3319,#3441,.T.);
#2890=EDGE_CURVE('',#3320,#3300,#576,.T.);
#2891=EDGE_CURVE('',#3320,#3321,#577,.T.);
#2892=EDGE_CURVE('',#3321,#3301,#578,.T.);
#2893=EDGE_CURVE('',#3321,#3322,#3442,.T.);
#2894=EDGE_CURVE('',#3322,#3302,#579,.T.);
#2895=EDGE_CURVE('',#3322,#3323,#580,.T.);
#2896=EDGE_CURVE('',#3323,#3303,#581,.T.);
#2897=EDGE_CURVE('',#3324,#3323,#3443,.T.);
#2898=EDGE_CURVE('',#3324,#3304,#582,.T.);
#2899=EDGE_CURVE('',#3324,#3325,#583,.T.);
#2900=EDGE_CURVE('',#3325,#3305,#584,.T.);
#2901=EDGE_CURVE('',#3325,#3326,#585,.T.);
#2902=EDGE_CURVE('',#3326,#3306,#586,.T.);
#2903=EDGE_CURVE('',#3326,#3327,#587,.T.);
#2904=EDGE_CURVE('',#3327,#3307,#588,.T.);
#2905=EDGE_CURVE('',#3327,#3246,#589,.T.);
#2906=EDGE_CURVE('',#3328,#3329,#590,.T.);
#2907=EDGE_CURVE('',#3330,#3328,#3444,.T.);
#2908=EDGE_CURVE('',#3330,#3331,#591,.T.);
#2909=EDGE_CURVE('',#3332,#3331,#3445,.T.);
#2910=EDGE_CURVE('',#3333,#3332,#592,.T.);
#2911=EDGE_CURVE('',#3333,#3334,#593,.T.);
#2912=EDGE_CURVE('',#3335,#3334,#594,.T.);
#2913=EDGE_CURVE('',#3335,#3329,#3446,.T.);
#2914=EDGE_CURVE('',#3336,#3337,#595,.T.);
#2915=EDGE_CURVE('',#3338,#3337,#3447,.T.);
#2916=EDGE_CURVE('',#3338,#3339,#596,.T.);
#2917=EDGE_CURVE('',#3339,#3340,#597,.T.);
#2918=EDGE_CURVE('',#3341,#3340,#598,.T.);
#2919=EDGE_CURVE('',#3341,#3342,#3448,.T.);
#2920=EDGE_CURVE('',#3343,#3342,#599,.T.);
#2921=EDGE_CURVE('',#3343,#3336,#3449,.T.);
#2922=EDGE_CURVE('',#3336,#3344,#18,.T.);
#2923=EDGE_CURVE('',#3343,#3330,#600,.T.);
#2924=EDGE_CURVE('',#3345,#3328,#19,.T.);
#2925=EDGE_CURVE('',#3345,#3346,#20,.T.);
#2926=EDGE_CURVE('',#3346,#3347,#3450,.F.);
#2927=EDGE_CURVE('',#3348,#3347,#601,.T.);
#2928=EDGE_CURVE('',#3348,#3349,#3451,.F.);
#2929=EDGE_CURVE('',#3349,#3344,#21,.T.);
#2930=EDGE_CURVE('',#3350,#3337,#22,.T.);
#2931=EDGE_CURVE('',#3350,#3351,#23,.T.);
#2932=EDGE_CURVE('',#3351,#3352,#3452,.T.);
#2933=EDGE_CURVE('',#3353,#3352,#602,.T.);
#2934=EDGE_CURVE('',#3353,#3354,#3453,.T.);
#2935=EDGE_CURVE('',#3354,#3355,#24,.T.);
#2936=EDGE_CURVE('',#3329,#3355,#25,.T.);
#2937=EDGE_CURVE('',#3335,#3338,#603,.T.);
#2938=EDGE_CURVE('',#3348,#3356,#604,.T.);
#2939=EDGE_CURVE('',#3357,#3347,#605,.T.);
#2940=EDGE_CURVE('',#3356,#3357,#606,.T.);
#2941=EDGE_CURVE('',#3358,#3352,#607,.T.);
#2942=EDGE_CURVE('',#3359,#3358,#608,.T.);
#2943=EDGE_CURVE('',#3353,#3359,#609,.T.);
#2944=EDGE_CURVE('',#3358,#3356,#610,.T.);
#2945=EDGE_CURVE('',#3357,#3359,#611,.T.);
#2946=EDGE_CURVE('',#3334,#3339,#612,.T.);
#2947=EDGE_CURVE('',#3340,#3333,#613,.T.);
#2948=EDGE_CURVE('',#3332,#3341,#614,.T.);
#2949=EDGE_CURVE('',#3331,#3342,#615,.T.);
#2950=EDGE_CURVE('',#3346,#3354,#616,.T.);
#2951=EDGE_CURVE('',#3345,#3355,#617,.T.);
#2952=EDGE_CURVE('',#3344,#3350,#618,.T.);
#2953=EDGE_CURVE('',#3349,#3351,#619,.T.);
#2954=VERTEX_POINT('',#6367);
#2955=VERTEX_POINT('',#6369);
#2956=VERTEX_POINT('',#6371);
#2957=VERTEX_POINT('',#6373);
#2958=VERTEX_POINT('',#6374);
#2959=VERTEX_POINT('',#6376);
#2960=VERTEX_POINT('',#6378);
#2961=VERTEX_POINT('',#6380);
#2962=VERTEX_POINT('',#6382);
#2963=VERTEX_POINT('',#6384);
#2964=VERTEX_POINT('',#6386);
#2965=VERTEX_POINT('',#6388);
#2966=VERTEX_POINT('',#6390);
#2967=VERTEX_POINT('',#6392);
#2968=VERTEX_POINT('',#6394);
#2969=VERTEX_POINT('',#6396);
#2970=VERTEX_POINT('',#6398);
#2971=VERTEX_POINT('',#6400);
#2972=VERTEX_POINT('',#6402);
#2973=VERTEX_POINT('',#6404);
#2974=VERTEX_POINT('',#6406);
#2975=VERTEX_POINT('',#6408);
#2976=VERTEX_POINT('',#6410);
#2977=VERTEX_POINT('',#6412);
#2978=VERTEX_POINT('',#6414);
#2979=VERTEX_POINT('',#6416);
#2980=VERTEX_POINT('',#6418);
#2981=VERTEX_POINT('',#6422);
#2982=VERTEX_POINT('',#6424);
#2983=VERTEX_POINT('',#6428);
#2984=VERTEX_POINT('',#6430);
#2985=VERTEX_POINT('',#6434);
#2986=VERTEX_POINT('',#6435);
#2987=VERTEX_POINT('',#6440);
#2988=VERTEX_POINT('',#6442);
#2989=VERTEX_POINT('',#6446);
#2990=VERTEX_POINT('',#6447);
#2991=VERTEX_POINT('',#6450);
#2992=VERTEX_POINT('',#6452);
#2993=VERTEX_POINT('',#6454);
#2994=VERTEX_POINT('',#6456);
#2995=VERTEX_POINT('',#6458);
#2996=VERTEX_POINT('',#6460);
#2997=VERTEX_POINT('',#6462);
#2998=VERTEX_POINT('',#6464);
#2999=VERTEX_POINT('',#6466);
#3000=VERTEX_POINT('',#6468);
#3001=VERTEX_POINT('',#6472);
#3002=VERTEX_POINT('',#6474);
#3003=VERTEX_POINT('',#6476);
#3004=VERTEX_POINT('',#6478);
#3005=VERTEX_POINT('',#6480);
#3006=VERTEX_POINT('',#6482);
#3007=VERTEX_POINT('',#6484);
#3008=VERTEX_POINT('',#6486);
#3009=VERTEX_POINT('',#6488);
#3010=VERTEX_POINT('',#6490);
#3011=VERTEX_POINT('',#6492);
#3012=VERTEX_POINT('',#6494);
#3013=VERTEX_POINT('',#6496);
#3014=VERTEX_POINT('',#6498);
#3015=VERTEX_POINT('',#6500);
#3016=VERTEX_POINT('',#6502);
#3017=VERTEX_POINT('',#6507);
#3018=VERTEX_POINT('',#6509);
#3019=VERTEX_POINT('',#6511);
#3020=VERTEX_POINT('',#6513);
#3021=VERTEX_POINT('',#6515);
#3022=VERTEX_POINT('',#6517);
#3023=VERTEX_POINT('',#6519);
#3024=VERTEX_POINT('',#6521);
#3025=VERTEX_POINT('',#6523);
#3026=VERTEX_POINT('',#6525);
#3027=VERTEX_POINT('',#6530);
#3028=VERTEX_POINT('',#6532);
#3029=VERTEX_POINT('',#6536);
#3030=VERTEX_POINT('',#6537);
#3031=VERTEX_POINT('',#6539);
#3032=VERTEX_POINT('',#6541);
#3033=VERTEX_POINT('',#6544);
#3034=VERTEX_POINT('',#6546);
#3035=VERTEX_POINT('',#6553);
#3036=VERTEX_POINT('',#6555);
#3037=VERTEX_POINT('',#6558);
#3038=VERTEX_POINT('',#6561);
#3039=VERTEX_POINT('',#6563);
#3040=VERTEX_POINT('',#6565);
#3041=VERTEX_POINT('',#6567);
#3042=VERTEX_POINT('',#6569);
#3043=VERTEX_POINT('',#6571);
#3044=VERTEX_POINT('',#6573);
#3045=VERTEX_POINT('',#6575);
#3046=VERTEX_POINT('',#6577);
#3047=VERTEX_POINT('',#6579);
#3048=VERTEX_POINT('',#6581);
#3049=VERTEX_POINT('',#6583);
#3050=VERTEX_POINT('',#6586);
#3051=VERTEX_POINT('',#6590);
#3052=VERTEX_POINT('',#6592);
#3053=VERTEX_POINT('',#6594);
#3054=VERTEX_POINT('',#6597);
#3055=VERTEX_POINT('',#6599);
#3056=VERTEX_POINT('',#6602);
#3057=VERTEX_POINT('',#6604);
#3058=VERTEX_POINT('',#6607);
#3059=VERTEX_POINT('',#6609);
#3060=VERTEX_POINT('',#6612);
#3061=VERTEX_POINT('',#6616);
#3062=VERTEX_POINT('',#6620);
#3063=VERTEX_POINT('',#6622);
#3064=VERTEX_POINT('',#6624);
#3065=VERTEX_POINT('',#6626);
#3066=VERTEX_POINT('',#6628);
#3067=VERTEX_POINT('',#6634);
#3068=VERTEX_POINT('',#6636);
#3069=VERTEX_POINT('',#6638);
#3070=VERTEX_POINT('',#6640);
#3071=VERTEX_POINT('',#6653);
#3072=VERTEX_POINT('',#6655);
#3073=VERTEX_POINT('',#6657);
#3074=VERTEX_POINT('',#6659);
#3075=VERTEX_POINT('',#6672);
#3076=VERTEX_POINT('',#6676);
#3077=VERTEX_POINT('',#6680);
#3078=VERTEX_POINT('',#6684);
#3079=VERTEX_POINT('',#6691);
#3080=VERTEX_POINT('',#6693);
#3081=VERTEX_POINT('',#6695);
#3082=VERTEX_POINT('',#6697);
#3083=VERTEX_POINT('',#6728);
#3084=VERTEX_POINT('',#6732);
#3085=VERTEX_POINT('',#6736);
#3086=VERTEX_POINT('',#6738);
#3087=VERTEX_POINT('',#6744);
#3088=VERTEX_POINT('',#6748);
#3089=VERTEX_POINT('',#6752);
#3090=VERTEX_POINT('',#6754);
#3091=VERTEX_POINT('',#6760);
#3092=VERTEX_POINT('',#6767);
#3093=VERTEX_POINT('',#6774);
#3094=VERTEX_POINT('',#6781);
#3095=VERTEX_POINT('',#6788);
#3096=VERTEX_POINT('',#6791);
#3097=VERTEX_POINT('',#6794);
#3098=VERTEX_POINT('',#6798);
#3099=VERTEX_POINT('',#6802);
#3100=VERTEX_POINT('',#6812);
#3101=VERTEX_POINT('',#6813);
#3102=VERTEX_POINT('',#6815);
#3103=VERTEX_POINT('',#6817);
#3104=VERTEX_POINT('',#6821);
#3105=VERTEX_POINT('',#6823);
#3106=VERTEX_POINT('',#6827);
#3107=VERTEX_POINT('',#6829);
#3108=VERTEX_POINT('',#6833);
#3109=VERTEX_POINT('',#6835);
#3110=VERTEX_POINT('',#6839);
#3111=VERTEX_POINT('',#6841);
#3112=VERTEX_POINT('',#6845);
#3113=VERTEX_POINT('',#6847);
#3114=VERTEX_POINT('',#6851);
#3115=VERTEX_POINT('',#6853);
#3116=VERTEX_POINT('',#6857);
#3117=VERTEX_POINT('',#6859);
#3118=VERTEX_POINT('',#6863);
#3119=VERTEX_POINT('',#6865);
#3120=VERTEX_POINT('',#6869);
#3121=VERTEX_POINT('',#6871);
#3122=VERTEX_POINT('',#6875);
#3123=VERTEX_POINT('',#6877);
#3124=VERTEX_POINT('',#6881);
#3125=VERTEX_POINT('',#6883);
#3126=VERTEX_POINT('',#6887);
#3127=VERTEX_POINT('',#6889);
#3128=VERTEX_POINT('',#6893);
#3129=VERTEX_POINT('',#6895);
#3130=VERTEX_POINT('',#6899);
#3131=VERTEX_POINT('',#6901);
#3132=VERTEX_POINT('',#6905);
#3133=VERTEX_POINT('',#6907);
#3134=VERTEX_POINT('',#6911);
#3135=VERTEX_POINT('',#6913);
#3136=VERTEX_POINT('',#6917);
#3137=VERTEX_POINT('',#6919);
#3138=VERTEX_POINT('',#6923);
#3139=VERTEX_POINT('',#6925);
#3140=VERTEX_POINT('',#6929);
#3141=VERTEX_POINT('',#6931);
#3142=VERTEX_POINT('',#6935);
#3143=VERTEX_POINT('',#6937);
#3144=VERTEX_POINT('',#6941);
#3145=VERTEX_POINT('',#6943);
#3146=VERTEX_POINT('',#6947);
#3147=VERTEX_POINT('',#6949);
#3148=VERTEX_POINT('',#6953);
#3149=VERTEX_POINT('',#6955);
#3150=VERTEX_POINT('',#6959);
#3151=VERTEX_POINT('',#6961);
#3152=VERTEX_POINT('',#6965);
#3153=VERTEX_POINT('',#6967);
#3154=VERTEX_POINT('',#6971);
#3155=VERTEX_POINT('',#6973);
#3156=VERTEX_POINT('',#6977);
#3157=VERTEX_POINT('',#6979);
#3158=VERTEX_POINT('',#6983);
#3159=VERTEX_POINT('',#6985);
#3160=VERTEX_POINT('',#6989);
#3161=VERTEX_POINT('',#6991);
#3162=VERTEX_POINT('',#6995);
#3163=VERTEX_POINT('',#6997);
#3164=VERTEX_POINT('',#7001);
#3165=VERTEX_POINT('',#7003);
#3166=VERTEX_POINT('',#7007);
#3167=VERTEX_POINT('',#7009);
#3168=VERTEX_POINT('',#7013);
#3169=VERTEX_POINT('',#7015);
#3170=VERTEX_POINT('',#7019);
#3171=VERTEX_POINT('',#7021);
#3172=VERTEX_POINT('',#7028);
#3173=VERTEX_POINT('',#7032);
#3174=VERTEX_POINT('',#7037);
#3175=VERTEX_POINT('',#7038);
#3176=VERTEX_POINT('',#7040);
#3177=VERTEX_POINT('',#7042);
#3178=VERTEX_POINT('',#7046);
#3179=VERTEX_POINT('',#7047);
#3180=VERTEX_POINT('',#7049);
#3181=VERTEX_POINT('',#7051);
#3182=VERTEX_POINT('',#7055);
#3183=VERTEX_POINT('',#7056);
#3184=VERTEX_POINT('',#7058);
#3185=VERTEX_POINT('',#7060);
#3186=VERTEX_POINT('',#7064);
#3187=VERTEX_POINT('',#7065);
#3188=VERTEX_POINT('',#7067);
#3189=VERTEX_POINT('',#7069);
#3190=VERTEX_POINT('',#7073);
#3191=VERTEX_POINT('',#7074);
#3192=VERTEX_POINT('',#7076);
#3193=VERTEX_POINT('',#7078);
#3194=VERTEX_POINT('',#7082);
#3195=VERTEX_POINT('',#7083);
#3196=VERTEX_POINT('',#7085);
#3197=VERTEX_POINT('',#7087);
#3198=VERTEX_POINT('',#7091);
#3199=VERTEX_POINT('',#7093);
#3200=VERTEX_POINT('',#7097);
#3201=VERTEX_POINT('',#7099);
#3202=VERTEX_POINT('',#7103);
#3203=VERTEX_POINT('',#7105);
#3204=VERTEX_POINT('',#7109);
#3205=VERTEX_POINT('',#7111);
#3206=VERTEX_POINT('',#7115);
#3207=VERTEX_POINT('',#7117);
#3208=VERTEX_POINT('',#7121);
#3209=VERTEX_POINT('',#7123);
#3210=VERTEX_POINT('',#7130);
#3211=VERTEX_POINT('',#7132);
#3212=VERTEX_POINT('',#7136);
#3213=VERTEX_POINT('',#7138);
#3214=VERTEX_POINT('',#7145);
#3215=VERTEX_POINT('',#7147);
#3216=VERTEX_POINT('',#7151);
#3217=VERTEX_POINT('',#7153);
#3218=VERTEX_POINT('',#7157);
#3219=VERTEX_POINT('',#7159);
#3220=VERTEX_POINT('',#7163);
#3221=VERTEX_POINT('',#7165);
#3222=VERTEX_POINT('',#7169);
#3223=VERTEX_POINT('',#7171);
#3224=VERTEX_POINT('',#7175);
#3225=VERTEX_POINT('',#7177);
#3226=VERTEX_POINT('',#7184);
#3227=VERTEX_POINT('',#7185);
#3228=VERTEX_POINT('',#7187);
#3229=VERTEX_POINT('',#7189);
#3230=VERTEX_POINT('',#7193);
#3231=VERTEX_POINT('',#7195);
#3232=VERTEX_POINT('',#7199);
#3233=VERTEX_POINT('',#7201);
#3234=VERTEX_POINT('',#7205);
#3235=VERTEX_POINT('',#7207);
#3236=VERTEX_POINT('',#7211);
#3237=VERTEX_POINT('',#7213);
#3238=VERTEX_POINT('',#7216);
#3239=VERTEX_POINT('',#7218);
#3240=VERTEX_POINT('',#7222);
#3241=VERTEX_POINT('',#7224);
#3242=VERTEX_POINT('',#7227);
#3243=VERTEX_POINT('',#7229);
#3244=VERTEX_POINT('',#7232);
#3245=VERTEX_POINT('',#7234);
#3246=VERTEX_POINT('',#7237);
#3247=VERTEX_POINT('',#7239);
#3248=VERTEX_POINT('',#7248);
#3249=VERTEX_POINT('',#7250);
#3250=VERTEX_POINT('',#7252);
#3251=VERTEX_POINT('',#7254);
#3252=VERTEX_POINT('',#7256);
#3253=VERTEX_POINT('',#7258);
#3254=VERTEX_POINT('',#7260);
#3255=VERTEX_POINT('',#7262);
#3256=VERTEX_POINT('',#7264);
#3257=VERTEX_POINT('',#7266);
#3258=VERTEX_POINT('',#7268);
#3259=VERTEX_POINT('',#7270);
#3260=VERTEX_POINT('',#7272);
#3261=VERTEX_POINT('',#7275);
#3262=VERTEX_POINT('',#7277);
#3263=VERTEX_POINT('',#7279);
#3264=VERTEX_POINT('',#7281);
#3265=VERTEX_POINT('',#7283);
#3266=VERTEX_POINT('',#7285);
#3267=VERTEX_POINT('',#7287);
#3268=VERTEX_POINT('',#7291);
#3269=VERTEX_POINT('',#7295);
#3270=VERTEX_POINT('',#7299);
#3271=VERTEX_POINT('',#7303);
#3272=VERTEX_POINT('',#7307);
#3273=VERTEX_POINT('',#7311);
#3274=VERTEX_POINT('',#7315);
#3275=VERTEX_POINT('',#7319);
#3276=VERTEX_POINT('',#7325);
#3277=VERTEX_POINT('',#7329);
#3278=VERTEX_POINT('',#7333);
#3279=VERTEX_POINT('',#7337);
#3280=VERTEX_POINT('',#7341);
#3281=VERTEX_POINT('',#7345);
#3282=VERTEX_POINT('',#7349);
#3283=VERTEX_POINT('',#7353);
#3284=VERTEX_POINT('',#7357);
#3285=VERTEX_POINT('',#7361);
#3286=VERTEX_POINT('',#7365);
#3287=VERTEX_POINT('',#7369);
#3288=VERTEX_POINT('',#7376);
#3289=VERTEX_POINT('',#7378);
#3290=VERTEX_POINT('',#7380);
#3291=VERTEX_POINT('',#7382);
#3292=VERTEX_POINT('',#7384);
#3293=VERTEX_POINT('',#7386);
#3294=VERTEX_POINT('',#7388);
#3295=VERTEX_POINT('',#7390);
#3296=VERTEX_POINT('',#7393);
#3297=VERTEX_POINT('',#7395);
#3298=VERTEX_POINT('',#7397);
#3299=VERTEX_POINT('',#7399);
#3300=VERTEX_POINT('',#7401);
#3301=VERTEX_POINT('',#7403);
#3302=VERTEX_POINT('',#7405);
#3303=VERTEX_POINT('',#7407);
#3304=VERTEX_POINT('',#7409);
#3305=VERTEX_POINT('',#7411);
#3306=VERTEX_POINT('',#7413);
#3307=VERTEX_POINT('',#7415);
#3308=VERTEX_POINT('',#7419);
#3309=VERTEX_POINT('',#7423);
#3310=VERTEX_POINT('',#7427);
#3311=VERTEX_POINT('',#7431);
#3312=VERTEX_POINT('',#7435);
#3313=VERTEX_POINT('',#7439);
#3314=VERTEX_POINT('',#7443);
#3315=VERTEX_POINT('',#7447);
#3316=VERTEX_POINT('',#7453);
#3317=VERTEX_POINT('',#7457);
#3318=VERTEX_POINT('',#7461);
#3319=VERTEX_POINT('',#7465);
#3320=VERTEX_POINT('',#7469);
#3321=VERTEX_POINT('',#7473);
#3322=VERTEX_POINT('',#7477);
#3323=VERTEX_POINT('',#7481);
#3324=VERTEX_POINT('',#7485);
#3325=VERTEX_POINT('',#7489);
#3326=VERTEX_POINT('',#7493);
#3327=VERTEX_POINT('',#7497);
#3328=VERTEX_POINT('',#7505);
#3329=VERTEX_POINT('',#7506);
#3330=VERTEX_POINT('',#7508);
#3331=VERTEX_POINT('',#7510);
#3332=VERTEX_POINT('',#7512);
#3333=VERTEX_POINT('',#7514);
#3334=VERTEX_POINT('',#7516);
#3335=VERTEX_POINT('',#7518);
#3336=VERTEX_POINT('',#7522);
#3337=VERTEX_POINT('',#7523);
#3338=VERTEX_POINT('',#7525);
#3339=VERTEX_POINT('',#7527);
#3340=VERTEX_POINT('',#7529);
#3341=VERTEX_POINT('',#7531);
#3342=VERTEX_POINT('',#7533);
#3343=VERTEX_POINT('',#7535);
#3344=VERTEX_POINT('',#7542);
#3345=VERTEX_POINT('',#7548);
#3346=VERTEX_POINT('',#7553);
#3347=VERTEX_POINT('',#7555);
#3348=VERTEX_POINT('',#7557);
#3349=VERTEX_POINT('',#7559);
#3350=VERTEX_POINT('',#7569);
#3351=VERTEX_POINT('',#7574);
#3352=VERTEX_POINT('',#7576);
#3353=VERTEX_POINT('',#7578);
#3354=VERTEX_POINT('',#7580);
#3355=VERTEX_POINT('',#7585);
#3356=VERTEX_POINT('',#7593);
#3357=VERTEX_POINT('',#7595);
#3358=VERTEX_POINT('',#7599);
#3359=VERTEX_POINT('',#7601);
#3360=CIRCLE('',#4899,0.75);
#3361=CIRCLE('',#4900,0.915);
#3362=CIRCLE('',#4901,0.765);
#3363=CIRCLE('',#4902,0.54);
#3364=CIRCLE('',#4903,0.54);
#3365=CIRCLE('',#4904,0.54);
#3366=CIRCLE('',#4905,0.54);
#3367=CIRCLE('',#4911,0.600000000000001);
#3368=CIRCLE('',#4912,0.6);
#3369=CIRCLE('',#4915,0.600000000000001);
#3370=CIRCLE('',#4916,0.6);
#3371=CIRCLE('',#4960,0.6);
#3372=CIRCLE('',#4963,0.600000000000001);
#3373=CIRCLE('',#4966,0.6);
#3374=CIRCLE('',#4969,0.600000000000001);
#3375=CIRCLE('',#4972,0.54);
#3376=CIRCLE('',#4977,0.54);
#3377=CIRCLE('',#4980,0.54);
#3378=CIRCLE('',#4984,0.54);
#3379=CIRCLE('',#4988,0.355);
#3380=CIRCLE('',#4990,0.5);
#3381=CIRCLE('',#4992,0.65);
#3382=CIRCLE('',#4995,0.8);
#3383=CIRCLE('',#4998,0.75);
#3384=CIRCLE('',#5006,0.150000000000001);
#3385=CIRCLE('',#5007,0.150000000000001);
#3386=CIRCLE('',#5010,0.15);
#3387=CIRCLE('',#5011,0.15);
#3388=CIRCLE('',#5014,0.150000000000001);
#3389=CIRCLE('',#5015,0.150000000000001);
#3390=CIRCLE('',#5019,0.15);
#3391=CIRCLE('',#5020,0.15);
#3392=CIRCLE('',#5023,0.15);
#3393=CIRCLE('',#5024,0.15);
#3394=CIRCLE('',#5028,0.150000000000001);
#3395=CIRCLE('',#5029,0.150000000000001);
#3396=CIRCLE('',#5032,0.15);
#3397=CIRCLE('',#5033,0.15);
#3398=CIRCLE('',#5036,0.150000000000001);
#3399=CIRCLE('',#5037,0.150000000000001);
#3400=CIRCLE('',#5040,0.150000000000001);
#3401=CIRCLE('',#5041,0.150000000000001);
#3402=CIRCLE('',#5044,0.149999999999999);
#3403=CIRCLE('',#5045,0.149999999999999);
#3404=CIRCLE('',#5048,0.150000000000001);
#3405=CIRCLE('',#5049,0.150000000000001);
#3406=CIRCLE('',#5053,0.15);
#3407=CIRCLE('',#5054,0.15);
#3408=CIRCLE('',#5057,0.15);
#3409=CIRCLE('',#5058,0.15);
#3410=CIRCLE('',#5062,0.150000000000002);
#3411=CIRCLE('',#5063,0.150000000000002);
#3412=CIRCLE('',#5066,0.149999999999998);
#3413=CIRCLE('',#5067,0.149999999999998);
#3414=CIRCLE('',#5070,0.150000000000001);
#3415=CIRCLE('',#5071,0.150000000000001);
#3416=CIRCLE('',#5073,1.5048415389835);
#3417=CIRCLE('',#5076,1.435);
#3418=CIRCLE('',#5107,1.64);
#3419=CIRCLE('',#5108,1.64);
#3420=CIRCLE('',#5113,0.2);
#3421=CIRCLE('',#5114,0.850000000000004);
#3422=CIRCLE('',#5115,0.2);
#3423=CIRCLE('',#5116,0.56);
#3424=CIRCLE('',#5117,0.499999999999997);
#3425=CIRCLE('',#5118,0.560000000000001);
#3426=CIRCLE('',#5122,0.560000000000001);
#3427=CIRCLE('',#5125,0.499999999999997);
#3428=CIRCLE('',#5128,0.56);
#3429=CIRCLE('',#5136,0.2);
#3430=CIRCLE('',#5139,0.850000000000004);
#3431=CIRCLE('',#5142,0.2);
#3432=CIRCLE('',#5149,0.560000000000001);
#3433=CIRCLE('',#5150,0.499999999999997);
#3434=CIRCLE('',#5151,0.56);
#3435=CIRCLE('',#5152,0.2);
#3436=CIRCLE('',#5153,0.850000000000004);
#3437=CIRCLE('',#5154,0.2);
#3438=CIRCLE('',#5158,0.560000000000001);
#3439=CIRCLE('',#5161,0.499999999999997);
#3440=CIRCLE('',#5164,0.56);
#3441=CIRCLE('',#5172,0.2);
#3442=CIRCLE('',#5175,0.850000000000004);
#3443=CIRCLE('',#5178,0.2);
#3444=CIRCLE('',#5186,0.65);
#3445=CIRCLE('',#5187,0.3);
#3446=CIRCLE('',#5188,0.4);
#3447=CIRCLE('',#5190,0.4);
#3448=CIRCLE('',#5191,0.3);
#3449=CIRCLE('',#5192,0.65);
#3450=CIRCLE('',#5194,0.65);
#3451=CIRCLE('',#5195,0.65);
#3452=CIRCLE('',#5197,0.4);
#3453=CIRCLE('',#5198,0.4);
#3454=EDGE_LOOP('',(#1127));
#3455=EDGE_LOOP('',(#1128));
#3456=EDGE_LOOP('',(#1129));
#3457=EDGE_LOOP('',(#1130,#1131,#1132,#1133,#1134,#1135,#1136,#1137,#1138,
#1139,#1140,#1141,#1142,#1143,#1144,#1145,#1146,#1147,#1148,#1149,#1150,
#1151,#1152,#1153));
#3458=EDGE_LOOP('',(#1154,#1155,#1156,#1157));
#3459=EDGE_LOOP('',(#1158,#1159,#1160,#1161));
#3460=EDGE_LOOP('',(#1162,#1163,#1164,#1165));
#3461=EDGE_LOOP('',(#1166,#1167,#1168,#1169));
#3462=EDGE_LOOP('',(#1170,#1171,#1172,#1173,#1174,#1175,#1176,#1177,#1178,
#1179,#1180,#1181,#1182,#1183,#1184,#1185));
#3463=EDGE_LOOP('',(#1186,#1187,#1188,#1189,#1190,#1191,#1192,#1193,#1194,
#1195,#1196,#1197,#1198,#1199,#1200,#1201,#1202,#1203,#1204,#1205));
#3464=EDGE_LOOP('',(#1206,#1207,#1208,#1209,#1210,#1211,#1212,#1213,#1214,
#1215,#1216,#1217,#1218,#1219,#1220,#1221));
#3465=EDGE_LOOP('',(#1222,#1223,#1224,#1225));
#3466=EDGE_LOOP('',(#1226,#1227,#1228,#1229,#1230,#1231,#1232,#1233));
#3467=EDGE_LOOP('',(#1234,#1235,#1236,#1237));
#3468=EDGE_LOOP('',(#1238,#1239,#1240,#1241,#1242,#1243,#1244,#1245,#1246,
#1247,#1248,#1249,#1250,#1251,#1252,#1253,#1254,#1255,#1256,#1257,#1258,
#1259,#1260,#1261));
#3469=EDGE_LOOP('',(#1262,#1263,#1264,#1265,#1266,#1267,#1268,#1269,#1270,
#1271,#1272,#1273,#1274,#1275,#1276,#1277,#1278,#1279,#1280,#1281,#1282,
#1283,#1284,#1285,#1286,#1287,#1288,#1289));
#3470=EDGE_LOOP('',(#1290,#1291,#1292,#1293));
#3471=EDGE_LOOP('',(#1294,#1295,#1296,#1297,#1298,#1299,#1300,#1301));
#3472=EDGE_LOOP('',(#1302,#1303,#1304,#1305));
#3473=EDGE_LOOP('',(#1306,#1307,#1308,#1309,#1310,#1311));
#3474=EDGE_LOOP('',(#1312,#1313,#1314,#1315));
#3475=EDGE_LOOP('',(#1316,#1317,#1318,#1319));
#3476=EDGE_LOOP('',(#1320,#1321,#1322,#1323));
#3477=EDGE_LOOP('',(#1324,#1325,#1326,#1327));
#3478=EDGE_LOOP('',(#1328,#1329,#1330,#1331));
#3479=EDGE_LOOP('',(#1332,#1333,#1334,#1335,#1336,#1337));
#3480=EDGE_LOOP('',(#1338,#1339,#1340,#1341));
#3481=EDGE_LOOP('',(#1342,#1343,#1344,#1345));
#3482=EDGE_LOOP('',(#1346,#1347,#1348,#1349));
#3483=EDGE_LOOP('',(#1350,#1351,#1352,#1353));
#3484=EDGE_LOOP('',(#1354,#1355,#1356,#1357));
#3485=EDGE_LOOP('',(#1358,#1359,#1360,#1361));
#3486=EDGE_LOOP('',(#1362,#1363,#1364,#1365));
#3487=EDGE_LOOP('',(#1366,#1367,#1368,#1369));
#3488=EDGE_LOOP('',(#1370,#1371,#1372,#1373));
#3489=EDGE_LOOP('',(#1374,#1375,#1376,#1377));
#3490=EDGE_LOOP('',(#1378,#1379,#1380,#1381,#1382,#1383));
#3491=EDGE_LOOP('',(#1384,#1385,#1386,#1387,#1388,#1389));
#3492=EDGE_LOOP('',(#1390,#1391,#1392,#1393));
#3493=EDGE_LOOP('',(#1394,#1395,#1396,#1397));
#3494=EDGE_LOOP('',(#1398,#1399,#1400,#1401));
#3495=EDGE_LOOP('',(#1402,#1403,#1404,#1405));
#3496=EDGE_LOOP('',(#1406,#1407,#1408,#1409));
#3497=EDGE_LOOP('',(#1410,#1411,#1412,#1413));
#3498=EDGE_LOOP('',(#1414,#1415,#1416,#1417));
#3499=EDGE_LOOP('',(#1418,#1419,#1420,#1421));
#3500=EDGE_LOOP('',(#1422,#1423,#1424,#1425));
#3501=EDGE_LOOP('',(#1426,#1427,#1428,#1429));
#3502=EDGE_LOOP('',(#1430,#1431,#1432,#1433));
#3503=EDGE_LOOP('',(#1434,#1435,#1436,#1437));
#3504=EDGE_LOOP('',(#1438,#1439,#1440,#1441));
#3505=EDGE_LOOP('',(#1442,#1443,#1444,#1445));
#3506=EDGE_LOOP('',(#1446,#1447,#1448,#1449));
#3507=EDGE_LOOP('',(#1450,#1451,#1452,#1453,#1454));
#3508=EDGE_LOOP('',(#1455,#1456,#1457,#1458,#1459));
#3509=EDGE_LOOP('',(#1460,#1461,#1462,#1463,#1464));
#3510=EDGE_LOOP('',(#1465,#1466,#1467,#1468,#1469));
#3511=EDGE_LOOP('',(#1470,#1471,#1472,#1473,#1474));
#3512=EDGE_LOOP('',(#1475,#1476,#1477,#1478,#1479));
#3513=EDGE_LOOP('',(#1480,#1481,#1482,#1483,#1484));
#3514=EDGE_LOOP('',(#1485,#1486,#1487,#1488,#1489));
#3515=EDGE_LOOP('',(#1490,#1491,#1492,#1493));
#3516=EDGE_LOOP('',(#1494,#1495,#1496,#1497));
#3517=EDGE_LOOP('',(#1498,#1499,#1500,#1501));
#3518=EDGE_LOOP('',(#1502,#1503,#1504,#1505));
#3519=EDGE_LOOP('',(#1506,#1507,#1508,#1509));
#3520=EDGE_LOOP('',(#1510,#1511,#1512,#1513));
#3521=EDGE_LOOP('',(#1514,#1515,#1516,#1517));
#3522=EDGE_LOOP('',(#1518,#1519,#1520,#1521));
#3523=EDGE_LOOP('',(#1522,#1523,#1524,#1525));
#3524=EDGE_LOOP('',(#1526,#1527,#1528,#1529));
#3525=EDGE_LOOP('',(#1530,#1531,#1532,#1533));
#3526=EDGE_LOOP('',(#1534,#1535,#1536,#1537));
#3527=EDGE_LOOP('',(#1538));
#3528=EDGE_LOOP('',(#1539));
#3529=EDGE_LOOP('',(#1540));
#3530=EDGE_LOOP('',(#1541));
#3531=EDGE_LOOP('',(#1542));
#3532=EDGE_LOOP('',(#1543));
#3533=EDGE_LOOP('',(#1544));
#3534=EDGE_LOOP('',(#1545));
#3535=EDGE_LOOP('',(#1546));
#3536=EDGE_LOOP('',(#1547));
#3537=EDGE_LOOP('',(#1548));
#3538=EDGE_LOOP('',(#1549));
#3539=EDGE_LOOP('',(#1550));
#3540=EDGE_LOOP('',(#1551,#1552,#1553,#1554));
#3541=EDGE_LOOP('',(#1555,#1556,#1557));
#3542=EDGE_LOOP('',(#1558,#1559,#1560));
#3543=EDGE_LOOP('',(#1561,#1562,#1563,#1564));
#3544=EDGE_LOOP('',(#1565,#1566,#1567,#1568));
#3545=EDGE_LOOP('',(#1569,#1570,#1571,#1572));
#3546=EDGE_LOOP('',(#1573,#1574,#1575,#1576));
#3547=EDGE_LOOP('',(#1577,#1578,#1579,#1580));
#3548=EDGE_LOOP('',(#1581,#1582,#1583,#1584));
#3549=EDGE_LOOP('',(#1585,#1586,#1587,#1588));
#3550=EDGE_LOOP('',(#1589,#1590,#1591,#1592));
#3551=EDGE_LOOP('',(#1593,#1594,#1595,#1596));
#3552=EDGE_LOOP('',(#1597,#1598,#1599,#1600));
#3553=EDGE_LOOP('',(#1601,#1602,#1603,#1604));
#3554=EDGE_LOOP('',(#1605,#1606,#1607,#1608));
#3555=EDGE_LOOP('',(#1609,#1610,#1611,#1612));
#3556=EDGE_LOOP('',(#1613,#1614,#1615,#1616));
#3557=EDGE_LOOP('',(#1617,#1618,#1619,#1620));
#3558=EDGE_LOOP('',(#1621,#1622,#1623,#1624));
#3559=EDGE_LOOP('',(#1625,#1626,#1627,#1628));
#3560=EDGE_LOOP('',(#1629,#1630,#1631,#1632));
#3561=EDGE_LOOP('',(#1633,#1634,#1635,#1636));
#3562=EDGE_LOOP('',(#1637,#1638,#1639,#1640));
#3563=EDGE_LOOP('',(#1641,#1642,#1643,#1644));
#3564=EDGE_LOOP('',(#1645,#1646,#1647,#1648));
#3565=EDGE_LOOP('',(#1649,#1650,#1651,#1652));
#3566=EDGE_LOOP('',(#1653,#1654,#1655,#1656));
#3567=EDGE_LOOP('',(#1657,#1658,#1659,#1660));
#3568=EDGE_LOOP('',(#1661,#1662,#1663,#1664));
#3569=EDGE_LOOP('',(#1665,#1666,#1667,#1668));
#3570=EDGE_LOOP('',(#1669,#1670,#1671,#1672));
#3571=EDGE_LOOP('',(#1673,#1674,#1675,#1676));
#3572=EDGE_LOOP('',(#1677,#1678,#1679,#1680));
#3573=EDGE_LOOP('',(#1681,#1682,#1683,#1684));
#3574=EDGE_LOOP('',(#1685,#1686,#1687,#1688));
#3575=EDGE_LOOP('',(#1689,#1690,#1691,#1692));
#3576=EDGE_LOOP('',(#1693,#1694,#1695,#1696));
#3577=EDGE_LOOP('',(#1697,#1698,#1699,#1700));
#3578=EDGE_LOOP('',(#1701,#1702,#1703,#1704));
#3579=EDGE_LOOP('',(#1705));
#3580=EDGE_LOOP('',(#1706,#1707,#1708,#1709,#1710,#1711,#1712,#1713,#1714,
#1715,#1716,#1717,#1718,#1719,#1720,#1721,#1722,#1723,#1724,#1725,#1726,
#1727,#1728,#1729,#1730,#1731,#1732,#1733,#1734,#1735,#1736,#1737,#1738,
#1739,#1740,#1741));
#3581=EDGE_LOOP('',(#1742,#1743,#1744,#1745,#1746,#1747,#1748,#1749,#1750,
#1751,#1752,#1753,#1754,#1755,#1756,#1757,#1758,#1759,#1760,#1761,#1762,
#1763,#1764,#1765,#1766,#1767,#1768,#1769,#1770,#1771,#1772,#1773,#1774,
#1775,#1776,#1777));
#3582=EDGE_LOOP('',(#1778));
#3583=EDGE_LOOP('',(#1779));
#3584=EDGE_LOOP('',(#1780));
#3585=EDGE_LOOP('',(#1781,#1782,#1783,#1784));
#3586=EDGE_LOOP('',(#1785,#1786,#1787,#1788));
#3587=EDGE_LOOP('',(#1789,#1790,#1791,#1792));
#3588=EDGE_LOOP('',(#1793,#1794,#1795,#1796));
#3589=EDGE_LOOP('',(#1797,#1798,#1799,#1800));
#3590=EDGE_LOOP('',(#1801,#1802,#1803,#1804));
#3591=EDGE_LOOP('',(#1805,#1806,#1807,#1808));
#3592=EDGE_LOOP('',(#1809,#1810,#1811,#1812));
#3593=EDGE_LOOP('',(#1813,#1814,#1815,#1816));
#3594=EDGE_LOOP('',(#1817,#1818,#1819,#1820));
#3595=EDGE_LOOP('',(#1821,#1822,#1823,#1824));
#3596=EDGE_LOOP('',(#1825,#1826,#1827,#1828));
#3597=EDGE_LOOP('',(#1829,#1830,#1831,#1832));
#3598=EDGE_LOOP('',(#1833,#1834,#1835,#1836));
#3599=EDGE_LOOP('',(#1837,#1838,#1839,#1840));
#3600=EDGE_LOOP('',(#1841,#1842,#1843,#1844));
#3601=EDGE_LOOP('',(#1845,#1846,#1847,#1848));
#3602=EDGE_LOOP('',(#1849,#1850,#1851,#1852));
#3603=EDGE_LOOP('',(#1853,#1854,#1855,#1856));
#3604=EDGE_LOOP('',(#1857,#1858,#1859,#1860));
#3605=EDGE_LOOP('',(#1861,#1862,#1863,#1864));
#3606=EDGE_LOOP('',(#1865,#1866,#1867,#1868));
#3607=EDGE_LOOP('',(#1869,#1870,#1871,#1872));
#3608=EDGE_LOOP('',(#1873,#1874,#1875,#1876));
#3609=EDGE_LOOP('',(#1877,#1878,#1879,#1880));
#3610=EDGE_LOOP('',(#1881,#1882,#1883,#1884));
#3611=EDGE_LOOP('',(#1885,#1886,#1887,#1888));
#3612=EDGE_LOOP('',(#1889));
#3613=EDGE_LOOP('',(#1890));
#3614=EDGE_LOOP('',(#1891,#1892,#1893,#1894));
#3615=EDGE_LOOP('',(#1895));
#3616=EDGE_LOOP('',(#1896,#1897,#1898,#1899,#1900,#1901,#1902,#1903,#1904,
#1905,#1906,#1907,#1908,#1909,#1910,#1911,#1912,#1913,#1914,#1915,#1916,
#1917,#1918,#1919,#1920,#1921,#1922,#1923,#1924,#1925,#1926,#1927,#1928,
#1929,#1930,#1931,#1932,#1933,#1934,#1935));
#3617=EDGE_LOOP('',(#1936));
#3618=EDGE_LOOP('',(#1937,#1938,#1939,#1940,#1941,#1942,#1943,#1944,#1945,
#1946,#1947,#1948,#1949,#1950,#1951,#1952,#1953,#1954,#1955,#1956,#1957,
#1958,#1959,#1960,#1961,#1962,#1963,#1964,#1965,#1966,#1967,#1968));
#3619=EDGE_LOOP('',(#1969,#1970,#1971,#1972,#1973,#1974,#1975,#1976,#1977,
#1978,#1979,#1980,#1981,#1982,#1983,#1984,#1985,#1986,#1987,#1988,#1989,
#1990,#1991,#1992));
#3620=EDGE_LOOP('',(#1993,#1994,#1995,#1996,#1997));
#3621=EDGE_LOOP('',(#1998,#1999,#2000,#2001));
#3622=EDGE_LOOP('',(#2002,#2003,#2004,#2005));
#3623=EDGE_LOOP('',(#2006,#2007,#2008,#2009));
#3624=EDGE_LOOP('',(#2010,#2011,#2012,#2013));
#3625=EDGE_LOOP('',(#2014,#2015,#2016,#2017));
#3626=EDGE_LOOP('',(#2018,#2019,#2020,#2021));
#3627=EDGE_LOOP('',(#2022,#2023,#2024,#2025));
#3628=EDGE_LOOP('',(#2026,#2027,#2028,#2029,#2030));
#3629=EDGE_LOOP('',(#2031,#2032,#2033,#2034,#2035));
#3630=EDGE_LOOP('',(#2036,#2037,#2038,#2039));
#3631=EDGE_LOOP('',(#2040,#2041,#2042,#2043));
#3632=EDGE_LOOP('',(#2044,#2045,#2046,#2047));
#3633=EDGE_LOOP('',(#2048,#2049,#2050,#2051));
#3634=EDGE_LOOP('',(#2052,#2053,#2054,#2055));
#3635=EDGE_LOOP('',(#2056,#2057,#2058,#2059));
#3636=EDGE_LOOP('',(#2060,#2061,#2062,#2063));
#3637=EDGE_LOOP('',(#2064,#2065,#2066,#2067));
#3638=EDGE_LOOP('',(#2068,#2069,#2070,#2071));
#3639=EDGE_LOOP('',(#2072,#2073,#2074,#2075));
#3640=EDGE_LOOP('',(#2076,#2077,#2078,#2079));
#3641=EDGE_LOOP('',(#2080,#2081,#2082,#2083,#2084));
#3642=EDGE_LOOP('',(#2085,#2086,#2087,#2088,#2089,#2090,#2091,#2092,#2093,
#2094,#2095,#2096,#2097,#2098,#2099,#2100,#2101,#2102,#2103,#2104,#2105,
#2106,#2107,#2108));
#3643=EDGE_LOOP('',(#2109,#2110,#2111,#2112,#2113,#2114,#2115,#2116,#2117,
#2118,#2119,#2120,#2121,#2122,#2123,#2124,#2125,#2126,#2127,#2128,#2129,
#2130,#2131,#2132));
#3644=EDGE_LOOP('',(#2133,#2134,#2135,#2136,#2137));
#3645=EDGE_LOOP('',(#2138,#2139,#2140,#2141));
#3646=EDGE_LOOP('',(#2142,#2143,#2144,#2145));
#3647=EDGE_LOOP('',(#2146,#2147,#2148,#2149));
#3648=EDGE_LOOP('',(#2150,#2151,#2152,#2153));
#3649=EDGE_LOOP('',(#2154,#2155,#2156,#2157));
#3650=EDGE_LOOP('',(#2158,#2159,#2160,#2161));
#3651=EDGE_LOOP('',(#2162,#2163,#2164,#2165));
#3652=EDGE_LOOP('',(#2166,#2167,#2168,#2169,#2170));
#3653=EDGE_LOOP('',(#2171,#2172,#2173,#2174,#2175));
#3654=EDGE_LOOP('',(#2176,#2177,#2178,#2179));
#3655=EDGE_LOOP('',(#2180,#2181,#2182,#2183));
#3656=EDGE_LOOP('',(#2184,#2185,#2186,#2187));
#3657=EDGE_LOOP('',(#2188,#2189,#2190,#2191));
#3658=EDGE_LOOP('',(#2192,#2193,#2194,#2195));
#3659=EDGE_LOOP('',(#2196,#2197,#2198,#2199));
#3660=EDGE_LOOP('',(#2200,#2201,#2202,#2203));
#3661=EDGE_LOOP('',(#2204,#2205,#2206,#2207));
#3662=EDGE_LOOP('',(#2208,#2209,#2210,#2211));
#3663=EDGE_LOOP('',(#2212,#2213,#2214,#2215));
#3664=EDGE_LOOP('',(#2216,#2217,#2218,#2219));
#3665=EDGE_LOOP('',(#2220,#2221,#2222,#2223,#2224));
#3666=EDGE_LOOP('',(#2225,#2226,#2227,#2228,#2229,#2230,#2231,#2232,#2233,
#2234,#2235,#2236,#2237,#2238,#2239,#2240,#2241,#2242,#2243,#2244,#2245,
#2246,#2247,#2248));
#3667=EDGE_LOOP('',(#2249,#2250,#2251,#2252,#2253,#2254,#2255,#2256));
#3668=EDGE_LOOP('',(#2257,#2258,#2259,#2260,#2261,#2262,#2263,#2264));
#3669=EDGE_LOOP('',(#2265,#2266,#2267,#2268,#2269,#2270,#2271,#2272,#2273,
#2274));
#3670=EDGE_LOOP('',(#2275,#2276,#2277,#2278,#2279,#2280,#2281,#2282,#2283,
#2284));
#3671=EDGE_LOOP('',(#2285,#2286,#2287,#2288));
#3672=EDGE_LOOP('',(#2289,#2290,#2291,#2292));
#3673=EDGE_LOOP('',(#2293,#2294,#2295,#2296));
#3674=EDGE_LOOP('',(#2297,#2298,#2299,#2300));
#3675=EDGE_LOOP('',(#2301,#2302,#2303,#2304));
#3676=EDGE_LOOP('',(#2305,#2306,#2307,#2308));
#3677=EDGE_LOOP('',(#2309,#2310,#2311,#2312));
#3678=EDGE_LOOP('',(#2313,#2314,#2315,#2316));
#3679=EDGE_LOOP('',(#2317,#2318,#2319,#2320,#2321,#2322));
#3680=EDGE_LOOP('',(#2323,#2324,#2325,#2326));
#3681=EDGE_LOOP('',(#2327,#2328,#2329,#2330));
#3682=EDGE_LOOP('',(#2331,#2332,#2333,#2334));
#3683=EDGE_LOOP('',(#2335,#2336,#2337,#2338));
#3684=EDGE_LOOP('',(#2339,#2340,#2341,#2342,#2343,#2344));
#3685=FACE_BOUND('',#3454,.T.);
#3686=FACE_BOUND('',#3455,.T.);
#3687=FACE_BOUND('',#3456,.T.);
#3688=FACE_BOUND('',#3457,.T.);
#3689=FACE_BOUND('',#3458,.T.);
#3690=FACE_BOUND('',#3459,.T.);
#3691=FACE_BOUND('',#3460,.T.);
#3692=FACE_BOUND('',#3461,.T.);
#3693=FACE_BOUND('',#3462,.T.);
#3694=FACE_BOUND('',#3463,.T.);
#3695=FACE_BOUND('',#3464,.T.);
#3696=FACE_BOUND('',#3465,.T.);
#3697=FACE_BOUND('',#3466,.T.);
#3698=FACE_BOUND('',#3467,.T.);
#3699=FACE_BOUND('',#3468,.T.);
#3700=FACE_BOUND('',#3469,.T.);
#3701=FACE_BOUND('',#3470,.T.);
#3702=FACE_BOUND('',#3471,.T.);
#3703=FACE_BOUND('',#3472,.T.);
#3704=FACE_BOUND('',#3473,.T.);
#3705=FACE_BOUND('',#3474,.T.);
#3706=FACE_BOUND('',#3475,.T.);
#3707=FACE_BOUND('',#3476,.T.);
#3708=FACE_BOUND('',#3477,.T.);
#3709=FACE_BOUND('',#3478,.T.);
#3710=FACE_BOUND('',#3479,.T.);
#3711=FACE_BOUND('',#3480,.T.);
#3712=FACE_BOUND('',#3481,.T.);
#3713=FACE_BOUND('',#3482,.T.);
#3714=FACE_BOUND('',#3483,.T.);
#3715=FACE_BOUND('',#3484,.T.);
#3716=FACE_BOUND('',#3485,.T.);
#3717=FACE_BOUND('',#3486,.T.);
#3718=FACE_BOUND('',#3487,.T.);
#3719=FACE_BOUND('',#3488,.T.);
#3720=FACE_BOUND('',#3489,.T.);
#3721=FACE_BOUND('',#3490,.T.);
#3722=FACE_BOUND('',#3491,.T.);
#3723=FACE_BOUND('',#3492,.T.);
#3724=FACE_BOUND('',#3493,.T.);
#3725=FACE_BOUND('',#3494,.T.);
#3726=FACE_BOUND('',#3495,.T.);
#3727=FACE_BOUND('',#3496,.T.);
#3728=FACE_BOUND('',#3497,.T.);
#3729=FACE_BOUND('',#3498,.T.);
#3730=FACE_BOUND('',#3499,.T.);
#3731=FACE_BOUND('',#3500,.T.);
#3732=FACE_BOUND('',#3501,.T.);
#3733=FACE_BOUND('',#3502,.T.);
#3734=FACE_BOUND('',#3503,.T.);
#3735=FACE_BOUND('',#3504,.T.);
#3736=FACE_BOUND('',#3505,.T.);
#3737=FACE_BOUND('',#3506,.T.);
#3738=FACE_BOUND('',#3507,.T.);
#3739=FACE_BOUND('',#3508,.T.);
#3740=FACE_BOUND('',#3509,.T.);
#3741=FACE_BOUND('',#3510,.T.);
#3742=FACE_BOUND('',#3511,.T.);
#3743=FACE_BOUND('',#3512,.T.);
#3744=FACE_BOUND('',#3513,.T.);
#3745=FACE_BOUND('',#3514,.T.);
#3746=FACE_BOUND('',#3515,.T.);
#3747=FACE_BOUND('',#3516,.T.);
#3748=FACE_BOUND('',#3517,.T.);
#3749=FACE_BOUND('',#3518,.T.);
#3750=FACE_BOUND('',#3519,.T.);
#3751=FACE_BOUND('',#3520,.T.);
#3752=FACE_BOUND('',#3521,.T.);
#3753=FACE_BOUND('',#3522,.T.);
#3754=FACE_BOUND('',#3523,.T.);
#3755=FACE_BOUND('',#3524,.T.);
#3756=FACE_BOUND('',#3525,.T.);
#3757=FACE_BOUND('',#3526,.T.);
#3758=FACE_BOUND('',#3527,.T.);
#3759=FACE_BOUND('',#3528,.T.);
#3760=FACE_BOUND('',#3529,.T.);
#3761=FACE_BOUND('',#3530,.T.);
#3762=FACE_BOUND('',#3531,.T.);
#3763=FACE_BOUND('',#3532,.T.);
#3764=FACE_BOUND('',#3533,.T.);
#3765=FACE_BOUND('',#3534,.T.);
#3766=FACE_BOUND('',#3535,.T.);
#3767=FACE_BOUND('',#3536,.T.);
#3768=FACE_BOUND('',#3537,.T.);
#3769=FACE_BOUND('',#3538,.T.);
#3770=FACE_BOUND('',#3539,.T.);
#3771=FACE_BOUND('',#3540,.T.);
#3772=FACE_BOUND('',#3541,.T.);
#3773=FACE_BOUND('',#3542,.T.);
#3774=FACE_BOUND('',#3543,.T.);
#3775=FACE_BOUND('',#3544,.T.);
#3776=FACE_BOUND('',#3545,.T.);
#3777=FACE_BOUND('',#3546,.T.);
#3778=FACE_BOUND('',#3547,.T.);
#3779=FACE_BOUND('',#3548,.T.);
#3780=FACE_BOUND('',#3549,.T.);
#3781=FACE_BOUND('',#3550,.T.);
#3782=FACE_BOUND('',#3551,.T.);
#3783=FACE_BOUND('',#3552,.T.);
#3784=FACE_BOUND('',#3553,.T.);
#3785=FACE_BOUND('',#3554,.T.);
#3786=FACE_BOUND('',#3555,.T.);
#3787=FACE_BOUND('',#3556,.T.);
#3788=FACE_BOUND('',#3557,.T.);
#3789=FACE_BOUND('',#3558,.T.);
#3790=FACE_BOUND('',#3559,.T.);
#3791=FACE_BOUND('',#3560,.T.);
#3792=FACE_BOUND('',#3561,.T.);
#3793=FACE_BOUND('',#3562,.T.);
#3794=FACE_BOUND('',#3563,.T.);
#3795=FACE_BOUND('',#3564,.T.);
#3796=FACE_BOUND('',#3565,.T.);
#3797=FACE_BOUND('',#3566,.T.);
#3798=FACE_BOUND('',#3567,.T.);
#3799=FACE_BOUND('',#3568,.T.);
#3800=FACE_BOUND('',#3569,.T.);
#3801=FACE_BOUND('',#3570,.T.);
#3802=FACE_BOUND('',#3571,.T.);
#3803=FACE_BOUND('',#3572,.T.);
#3804=FACE_BOUND('',#3573,.T.);
#3805=FACE_BOUND('',#3574,.T.);
#3806=FACE_BOUND('',#3575,.T.);
#3807=FACE_BOUND('',#3576,.T.);
#3808=FACE_BOUND('',#3577,.T.);
#3809=FACE_BOUND('',#3578,.T.);
#3810=FACE_BOUND('',#3579,.T.);
#3811=FACE_BOUND('',#3580,.T.);
#3812=FACE_BOUND('',#3581,.T.);
#3813=FACE_BOUND('',#3582,.T.);
#3814=FACE_BOUND('',#3583,.T.);
#3815=FACE_BOUND('',#3584,.T.);
#3816=FACE_BOUND('',#3585,.T.);
#3817=FACE_BOUND('',#3586,.T.);
#3818=FACE_BOUND('',#3587,.T.);
#3819=FACE_BOUND('',#3588,.T.);
#3820=FACE_BOUND('',#3589,.T.);
#3821=FACE_BOUND('',#3590,.T.);
#3822=FACE_BOUND('',#3591,.T.);
#3823=FACE_BOUND('',#3592,.T.);
#3824=FACE_BOUND('',#3593,.T.);
#3825=FACE_BOUND('',#3594,.T.);
#3826=FACE_BOUND('',#3595,.T.);
#3827=FACE_BOUND('',#3596,.T.);
#3828=FACE_BOUND('',#3597,.T.);
#3829=FACE_BOUND('',#3598,.T.);
#3830=FACE_BOUND('',#3599,.T.);
#3831=FACE_BOUND('',#3600,.T.);
#3832=FACE_BOUND('',#3601,.T.);
#3833=FACE_BOUND('',#3602,.T.);
#3834=FACE_BOUND('',#3603,.T.);
#3835=FACE_BOUND('',#3604,.T.);
#3836=FACE_BOUND('',#3605,.T.);
#3837=FACE_BOUND('',#3606,.T.);
#3838=FACE_BOUND('',#3607,.T.);
#3839=FACE_BOUND('',#3608,.T.);
#3840=FACE_BOUND('',#3609,.T.);
#3841=FACE_BOUND('',#3610,.T.);
#3842=FACE_BOUND('',#3611,.T.);
#3843=FACE_BOUND('',#3612,.T.);
#3844=FACE_BOUND('',#3613,.T.);
#3845=FACE_BOUND('',#3614,.T.);
#3846=FACE_BOUND('',#3615,.T.);
#3847=FACE_BOUND('',#3616,.T.);
#3848=FACE_BOUND('',#3617,.T.);
#3849=FACE_BOUND('',#3618,.T.);
#3850=FACE_BOUND('',#3619,.T.);
#3851=FACE_BOUND('',#3620,.T.);
#3852=FACE_BOUND('',#3621,.T.);
#3853=FACE_BOUND('',#3622,.T.);
#3854=FACE_BOUND('',#3623,.T.);
#3855=FACE_BOUND('',#3624,.T.);
#3856=FACE_BOUND('',#3625,.T.);
#3857=FACE_BOUND('',#3626,.T.);
#3858=FACE_BOUND('',#3627,.T.);
#3859=FACE_BOUND('',#3628,.T.);
#3860=FACE_BOUND('',#3629,.T.);
#3861=FACE_BOUND('',#3630,.T.);
#3862=FACE_BOUND('',#3631,.T.);
#3863=FACE_BOUND('',#3632,.T.);
#3864=FACE_BOUND('',#3633,.T.);
#3865=FACE_BOUND('',#3634,.T.);
#3866=FACE_BOUND('',#3635,.T.);
#3867=FACE_BOUND('',#3636,.T.);
#3868=FACE_BOUND('',#3637,.T.);
#3869=FACE_BOUND('',#3638,.T.);
#3870=FACE_BOUND('',#3639,.T.);
#3871=FACE_BOUND('',#3640,.T.);
#3872=FACE_BOUND('',#3641,.T.);
#3873=FACE_BOUND('',#3642,.T.);
#3874=FACE_BOUND('',#3643,.T.);
#3875=FACE_BOUND('',#3644,.T.);
#3876=FACE_BOUND('',#3645,.T.);
#3877=FACE_BOUND('',#3646,.T.);
#3878=FACE_BOUND('',#3647,.T.);
#3879=FACE_BOUND('',#3648,.T.);
#3880=FACE_BOUND('',#3649,.T.);
#3881=FACE_BOUND('',#3650,.T.);
#3882=FACE_BOUND('',#3651,.T.);
#3883=FACE_BOUND('',#3652,.T.);
#3884=FACE_BOUND('',#3653,.T.);
#3885=FACE_BOUND('',#3654,.T.);
#3886=FACE_BOUND('',#3655,.T.);
#3887=FACE_BOUND('',#3656,.T.);
#3888=FACE_BOUND('',#3657,.T.);
#3889=FACE_BOUND('',#3658,.T.);
#3890=FACE_BOUND('',#3659,.T.);
#3891=FACE_BOUND('',#3660,.T.);
#3892=FACE_BOUND('',#3661,.T.);
#3893=FACE_BOUND('',#3662,.T.);
#3894=FACE_BOUND('',#3663,.T.);
#3895=FACE_BOUND('',#3664,.T.);
#3896=FACE_BOUND('',#3665,.T.);
#3897=FACE_BOUND('',#3666,.T.);
#3898=FACE_BOUND('',#3667,.T.);
#3899=FACE_BOUND('',#3668,.T.);
#3900=FACE_BOUND('',#3669,.T.);
#3901=FACE_BOUND('',#3670,.T.);
#3902=FACE_BOUND('',#3671,.T.);
#3903=FACE_BOUND('',#3672,.T.);
#3904=FACE_BOUND('',#3673,.T.);
#3905=FACE_BOUND('',#3674,.T.);
#3906=FACE_BOUND('',#3675,.T.);
#3907=FACE_BOUND('',#3676,.T.);
#3908=FACE_BOUND('',#3677,.T.);
#3909=FACE_BOUND('',#3678,.T.);
#3910=FACE_BOUND('',#3679,.T.);
#3911=FACE_BOUND('',#3680,.T.);
#3912=FACE_BOUND('',#3681,.T.);
#3913=FACE_BOUND('',#3682,.T.);
#3914=FACE_BOUND('',#3683,.T.);
#3915=FACE_BOUND('',#3684,.T.);
#3916=PLANE('',#4898);
#3917=PLANE('',#4906);
#3918=PLANE('',#4907);
#3919=PLANE('',#4908);
#3920=PLANE('',#4909);
#3921=PLANE('',#4910);
#3922=PLANE('',#4913);
#3923=PLANE('',#4914);
#3924=PLANE('',#4917);
#3925=PLANE('',#4918);
#3926=PLANE('',#4919);
#3927=PLANE('',#4920);
#3928=PLANE('',#4921);
#3929=PLANE('',#4922);
#3930=PLANE('',#4923);
#3931=PLANE('',#4924);
#3932=PLANE('',#4925);
#3933=PLANE('',#4926);
#3934=PLANE('',#4927);
#3935=PLANE('',#4928);
#3936=PLANE('',#4929);
#3937=PLANE('',#4930);
#3938=PLANE('',#4931);
#3939=PLANE('',#4932);
#3940=PLANE('',#4933);
#3941=PLANE('',#4934);
#3942=PLANE('',#4935);
#3943=PLANE('',#4936);
#3944=PLANE('',#4937);
#3945=PLANE('',#4938);
#3946=PLANE('',#4939);
#3947=PLANE('',#4940);
#3948=PLANE('',#4941);
#3949=PLANE('',#4942);
#3950=PLANE('',#4943);
#3951=PLANE('',#4944);
#3952=PLANE('',#4945);
#3953=PLANE('',#4946);
#3954=PLANE('',#4947);
#3955=PLANE('',#4948);
#3956=PLANE('',#4949);
#3957=PLANE('',#4950);
#3958=PLANE('',#4951);
#3959=PLANE('',#4952);
#3960=PLANE('',#4953);
#3961=PLANE('',#4954);
#3962=PLANE('',#4955);
#3963=PLANE('',#4956);
#3964=PLANE('',#4957);
#3965=PLANE('',#4958);
#3966=PLANE('',#4961);
#3967=PLANE('',#4962);
#3968=PLANE('',#4967);
#3969=PLANE('',#4968);
#3970=PLANE('',#4971);
#3971=PLANE('',#4973);
#3972=PLANE('',#4975);
#3973=PLANE('',#4978);
#3974=PLANE('',#4979);
#3975=PLANE('',#4981);
#3976=PLANE('',#4985);
#3977=PLANE('',#4986);
#3978=PLANE('',#4987);
#3979=PLANE('',#4991);
#3980=PLANE('',#4994);
#3981=PLANE('',#4997);
#3982=PLANE('',#5000);
#3983=PLANE('',#5001);
#3984=PLANE('',#5002);
#3985=PLANE('',#5004);
#3986=PLANE('',#5008);
#3987=PLANE('',#5012);
#3988=PLANE('',#5016);
#3989=PLANE('',#5017);
#3990=PLANE('',#5021);
#3991=PLANE('',#5025);
#3992=PLANE('',#5026);
#3993=PLANE('',#5030);
#3994=PLANE('',#5034);
#3995=PLANE('',#5038);
#3996=PLANE('',#5042);
#3997=PLANE('',#5046);
#3998=PLANE('',#5050);
#3999=PLANE('',#5051);
#4000=PLANE('',#5055);
#4001=PLANE('',#5059);
#4002=PLANE('',#5060);
#4003=PLANE('',#5064);
#4004=PLANE('',#5068);
#4005=PLANE('',#5072);
#4006=PLANE('',#5074);
#4007=PLANE('',#5075);
#4008=PLANE('',#5079);
#4009=PLANE('',#5080);
#4010=PLANE('',#5081);
#4011=PLANE('',#5082);
#4012=PLANE('',#5083);
#4013=PLANE('',#5084);
#4014=PLANE('',#5085);
#4015=PLANE('',#5086);
#4016=PLANE('',#5087);
#4017=PLANE('',#5088);
#4018=PLANE('',#5089);
#4019=PLANE('',#5090);
#4020=PLANE('',#5091);
#4021=PLANE('',#5092);
#4022=PLANE('',#5093);
#4023=PLANE('',#5094);
#4024=PLANE('',#5095);
#4025=PLANE('',#5096);
#4026=PLANE('',#5097);
#4027=PLANE('',#5098);
#4028=PLANE('',#5099);
#4029=PLANE('',#5100);
#4030=PLANE('',#5101);
#4031=PLANE('',#5102);
#4032=PLANE('',#5103);
#4033=PLANE('',#5104);
#4034=PLANE('',#5105);
#4035=PLANE('',#5109);
#4036=PLANE('',#5110);
#4037=PLANE('',#5111);
#4038=PLANE('',#5112);
#4039=PLANE('',#5119);
#4040=PLANE('',#5120);
#4041=PLANE('',#5123);
#4042=PLANE('',#5126);
#4043=PLANE('',#5129);
#4044=PLANE('',#5130);
#4045=PLANE('',#5131);
#4046=PLANE('',#5132);
#4047=PLANE('',#5133);
#4048=PLANE('',#5134);
#4049=PLANE('',#5137);
#4050=PLANE('',#5140);
#4051=PLANE('',#5143);
#4052=PLANE('',#5144);
#4053=PLANE('',#5145);
#4054=PLANE('',#5146);
#4055=PLANE('',#5147);
#4056=PLANE('',#5148);
#4057=PLANE('',#5155);
#4058=PLANE('',#5156);
#4059=PLANE('',#5159);
#4060=PLANE('',#5162);
#4061=PLANE('',#5165);
#4062=PLANE('',#5166);
#4063=PLANE('',#5167);
#4064=PLANE('',#5168);
#4065=PLANE('',#5169);
#4066=PLANE('',#5170);
#4067=PLANE('',#5173);
#4068=PLANE('',#5176);
#4069=PLANE('',#5179);
#4070=PLANE('',#5180);
#4071=PLANE('',#5181);
#4072=PLANE('',#5182);
#4073=PLANE('',#5183);
#4074=PLANE('',#5185);
#4075=PLANE('',#5189);
#4076=PLANE('',#5199);
#4077=PLANE('',#5200);
#4078=PLANE('',#5201);
#4079=PLANE('',#5202);
#4080=PLANE('',#5204);
#4081=PLANE('',#5205);
#4082=PLANE('',#5206);
#4083=PLANE('',#5207);
#4084=PLANE('',#5212);
#4085=ADVANCED_FACE('',(#3685,#3686,#3687,#3688),#3916,.F.);
#4086=ADVANCED_FACE('',(#3689),#3917,.T.);
#4087=ADVANCED_FACE('',(#3690),#3918,.F.);
#4088=ADVANCED_FACE('',(#3691),#3919,.T.);
#4089=ADVANCED_FACE('',(#3692),#3920,.F.);
#4090=ADVANCED_FACE('',(#3693),#3921,.T.);
#4091=ADVANCED_FACE('',(#3694),#3922,.T.);
#4092=ADVANCED_FACE('',(#3695),#3923,.T.);
#4093=ADVANCED_FACE('',(#3696),#3924,.T.);
#4094=ADVANCED_FACE('',(#3697),#3925,.T.);
#4095=ADVANCED_FACE('',(#3698),#3926,.T.);
#4096=ADVANCED_FACE('',(#3699),#3927,.T.);
#4097=ADVANCED_FACE('',(#3700),#3928,.T.);
#4098=ADVANCED_FACE('',(#3701),#3929,.T.);
#4099=ADVANCED_FACE('',(#3702),#3930,.T.);
#4100=ADVANCED_FACE('',(#3703),#3931,.T.);
#4101=ADVANCED_FACE('',(#3704),#3932,.T.);
#4102=ADVANCED_FACE('',(#3705),#3933,.T.);
#4103=ADVANCED_FACE('',(#3706),#3934,.T.);
#4104=ADVANCED_FACE('',(#3707),#3935,.T.);
#4105=ADVANCED_FACE('',(#3708),#3936,.T.);
#4106=ADVANCED_FACE('',(#3709),#3937,.T.);
#4107=ADVANCED_FACE('',(#3710),#3938,.T.);
#4108=ADVANCED_FACE('',(#3711),#3939,.T.);
#4109=ADVANCED_FACE('',(#3712),#3940,.T.);
#4110=ADVANCED_FACE('',(#3713),#3941,.T.);
#4111=ADVANCED_FACE('',(#3714),#3942,.T.);
#4112=ADVANCED_FACE('',(#3715),#3943,.T.);
#4113=ADVANCED_FACE('',(#3716),#3944,.F.);
#4114=ADVANCED_FACE('',(#3717),#3945,.F.);
#4115=ADVANCED_FACE('',(#3718),#3946,.F.);
#4116=ADVANCED_FACE('',(#3719),#3947,.F.);
#4117=ADVANCED_FACE('',(#3720),#3948,.F.);
#4118=ADVANCED_FACE('',(#3721),#3949,.F.);
#4119=ADVANCED_FACE('',(#3722),#3950,.F.);
#4120=ADVANCED_FACE('',(#3723),#3951,.F.);
#4121=ADVANCED_FACE('',(#3724),#3952,.F.);
#4122=ADVANCED_FACE('',(#3725),#3953,.F.);
#4123=ADVANCED_FACE('',(#3726),#3954,.F.);
#4124=ADVANCED_FACE('',(#3727),#3955,.F.);
#4125=ADVANCED_FACE('',(#3728),#3956,.T.);
#4126=ADVANCED_FACE('',(#3729),#3957,.T.);
#4127=ADVANCED_FACE('',(#3730),#3958,.T.);
#4128=ADVANCED_FACE('',(#3731),#3959,.T.);
#4129=ADVANCED_FACE('',(#3732),#3960,.T.);
#4130=ADVANCED_FACE('',(#3733),#3961,.F.);
#4131=ADVANCED_FACE('',(#3734),#3962,.F.);
#4132=ADVANCED_FACE('',(#3735),#3963,.F.);
#4133=ADVANCED_FACE('',(#3736),#3964,.F.);
#4134=ADVANCED_FACE('',(#3737),#3965,.F.);
#4135=ADVANCED_FACE('',(#3738),#68,.T.);
#4136=ADVANCED_FACE('',(#3739),#3966,.T.);
#4137=ADVANCED_FACE('',(#3740),#3967,.T.);
#4138=ADVANCED_FACE('',(#3741),#69,.T.);
#4139=ADVANCED_FACE('',(#3742),#70,.T.);
#4140=ADVANCED_FACE('',(#3743),#3968,.F.);
#4141=ADVANCED_FACE('',(#3744),#3969,.F.);
#4142=ADVANCED_FACE('',(#3745),#71,.T.);
#4143=ADVANCED_FACE('',(#3746),#3970,.F.);
#4144=ADVANCED_FACE('',(#3747),#3971,.T.);
#4145=ADVANCED_FACE('',(#3748),#72,.F.);
#4146=ADVANCED_FACE('',(#3749),#3972,.T.);
#4147=ADVANCED_FACE('',(#3750),#73,.F.);
#4148=ADVANCED_FACE('',(#3751),#3973,.F.);
#4149=ADVANCED_FACE('',(#3752),#3974,.F.);
#4150=ADVANCED_FACE('',(#3753),#3975,.T.);
#4151=ADVANCED_FACE('',(#3754),#74,.F.);
#4152=ADVANCED_FACE('',(#3755),#75,.F.);
#4153=ADVANCED_FACE('',(#3756),#3976,.T.);
#4154=ADVANCED_FACE('',(#3757),#3977,.F.);
#4155=ADVANCED_FACE('',(#3758),#3978,.T.);
#4156=ADVANCED_FACE('',(#3759,#3760),#64,.F.);
#4157=ADVANCED_FACE('',(#3761,#3762),#3979,.T.);
#4158=ADVANCED_FACE('',(#3763,#3764),#65,.F.);
#4159=ADVANCED_FACE('',(#3765),#3980,.T.);
#4160=ADVANCED_FACE('',(#3766,#3767),#66,.F.);
#4161=ADVANCED_FACE('',(#3768),#3981,.T.);
#4162=ADVANCED_FACE('',(#3769,#3770),#76,.F.);
#4163=ADVANCED_FACE('',(#3771),#3982,.T.);
#4164=ADVANCED_FACE('',(#3772),#3983,.F.);
#4165=ADVANCED_FACE('',(#3773),#3984,.T.);
#4166=ADVANCED_FACE('',(#3774),#3985,.F.);
#4167=ADVANCED_FACE('',(#3775),#77,.T.);
#4168=ADVANCED_FACE('',(#3776),#3986,.F.);
#4169=ADVANCED_FACE('',(#3777),#78,.F.);
#4170=ADVANCED_FACE('',(#3778),#3987,.F.);
#4171=ADVANCED_FACE('',(#3779),#79,.T.);
#4172=ADVANCED_FACE('',(#3780),#3988,.F.);
#4173=ADVANCED_FACE('',(#3781),#3989,.F.);
#4174=ADVANCED_FACE('',(#3782),#80,.T.);
#4175=ADVANCED_FACE('',(#3783),#3990,.F.);
#4176=ADVANCED_FACE('',(#3784),#81,.T.);
#4177=ADVANCED_FACE('',(#3785),#3991,.F.);
#4178=ADVANCED_FACE('',(#3786),#3992,.F.);
#4179=ADVANCED_FACE('',(#3787),#82,.T.);
#4180=ADVANCED_FACE('',(#3788),#3993,.F.);
#4181=ADVANCED_FACE('',(#3789),#83,.F.);
#4182=ADVANCED_FACE('',(#3790),#3994,.F.);
#4183=ADVANCED_FACE('',(#3791),#84,.T.);
#4184=ADVANCED_FACE('',(#3792),#3995,.F.);
#4185=ADVANCED_FACE('',(#3793),#85,.T.);
#4186=ADVANCED_FACE('',(#3794),#3996,.F.);
#4187=ADVANCED_FACE('',(#3795),#86,.F.);
#4188=ADVANCED_FACE('',(#3796),#3997,.F.);
#4189=ADVANCED_FACE('',(#3797),#87,.T.);
#4190=ADVANCED_FACE('',(#3798),#3998,.F.);
#4191=ADVANCED_FACE('',(#3799),#3999,.F.);
#4192=ADVANCED_FACE('',(#3800),#88,.T.);
#4193=ADVANCED_FACE('',(#3801),#4000,.F.);
#4194=ADVANCED_FACE('',(#3802),#89,.T.);
#4195=ADVANCED_FACE('',(#3803),#4001,.F.);
#4196=ADVANCED_FACE('',(#3804),#4002,.F.);
#4197=ADVANCED_FACE('',(#3805),#90,.T.);
#4198=ADVANCED_FACE('',(#3806),#4003,.F.);
#4199=ADVANCED_FACE('',(#3807),#91,.F.);
#4200=ADVANCED_FACE('',(#3808),#4004,.F.);
#4201=ADVANCED_FACE('',(#3809),#92,.T.);
#4202=ADVANCED_FACE('',(#3810,#3811),#4005,.T.);
#4203=ADVANCED_FACE('',(#3812),#4006,.F.);
#4204=ADVANCED_FACE('',(#3813),#4007,.F.);
#4205=ADVANCED_FACE('',(#3814,#3815),#67,.T.);
#4206=ADVANCED_FACE('',(#3816),#4008,.F.);
#4207=ADVANCED_FACE('',(#3817),#4009,.F.);
#4208=ADVANCED_FACE('',(#3818),#4010,.F.);
#4209=ADVANCED_FACE('',(#3819),#4011,.F.);
#4210=ADVANCED_FACE('',(#3820),#4012,.F.);
#4211=ADVANCED_FACE('',(#3821),#4013,.F.);
#4212=ADVANCED_FACE('',(#3822),#4014,.F.);
#4213=ADVANCED_FACE('',(#3823),#4015,.F.);
#4214=ADVANCED_FACE('',(#3824),#4016,.F.);
#4215=ADVANCED_FACE('',(#3825),#4017,.F.);
#4216=ADVANCED_FACE('',(#3826),#4018,.F.);
#4217=ADVANCED_FACE('',(#3827),#4019,.F.);
#4218=ADVANCED_FACE('',(#3828),#4020,.F.);
#4219=ADVANCED_FACE('',(#3829),#4021,.F.);
#4220=ADVANCED_FACE('',(#3830),#4022,.F.);
#4221=ADVANCED_FACE('',(#3831),#4023,.F.);
#4222=ADVANCED_FACE('',(#3832),#4024,.F.);
#4223=ADVANCED_FACE('',(#3833),#4025,.F.);
#4224=ADVANCED_FACE('',(#3834),#4026,.F.);
#4225=ADVANCED_FACE('',(#3835),#4027,.F.);
#4226=ADVANCED_FACE('',(#3836),#4028,.F.);
#4227=ADVANCED_FACE('',(#3837),#4029,.F.);
#4228=ADVANCED_FACE('',(#3838),#4030,.F.);
#4229=ADVANCED_FACE('',(#3839),#4031,.F.);
#4230=ADVANCED_FACE('',(#3840),#4032,.F.);
#4231=ADVANCED_FACE('',(#3841),#4033,.F.);
#4232=ADVANCED_FACE('',(#3842),#4034,.F.);
#4233=ADVANCED_FACE('',(#3843,#3844),#93,.F.);
#4234=ADVANCED_FACE('',(#3845),#4035,.F.);
#4235=ADVANCED_FACE('',(#3846,#3847),#4036,.T.);
#4236=ADVANCED_FACE('',(#3848,#3849),#4037,.F.);
#4237=ADVANCED_FACE('',(#3850),#4038,.F.);
#4238=ADVANCED_FACE('',(#3851),#4039,.F.);
#4239=ADVANCED_FACE('',(#3852),#4040,.F.);
#4240=ADVANCED_FACE('',(#3853),#94,.T.);
#4241=ADVANCED_FACE('',(#3854),#4041,.F.);
#4242=ADVANCED_FACE('',(#3855),#95,.F.);
#4243=ADVANCED_FACE('',(#3856),#4042,.F.);
#4244=ADVANCED_FACE('',(#3857),#96,.T.);
#4245=ADVANCED_FACE('',(#3858),#4043,.F.);
#4246=ADVANCED_FACE('',(#3859),#4044,.F.);
#4247=ADVANCED_FACE('',(#3860),#4045,.F.);
#4248=ADVANCED_FACE('',(#3861),#4046,.F.);
#4249=ADVANCED_FACE('',(#3862),#4047,.F.);
#4250=ADVANCED_FACE('',(#3863),#4048,.F.);
#4251=ADVANCED_FACE('',(#3864),#97,.F.);
#4252=ADVANCED_FACE('',(#3865),#4049,.F.);
#4253=ADVANCED_FACE('',(#3866),#98,.T.);
#4254=ADVANCED_FACE('',(#3867),#4050,.F.);
#4255=ADVANCED_FACE('',(#3868),#99,.F.);
#4256=ADVANCED_FACE('',(#3869),#4051,.F.);
#4257=ADVANCED_FACE('',(#3870),#4052,.F.);
#4258=ADVANCED_FACE('',(#3871),#4053,.F.);
#4259=ADVANCED_FACE('',(#3872),#4054,.F.);
#4260=ADVANCED_FACE('',(#3873),#4055,.T.);
#4261=ADVANCED_FACE('',(#3874),#4056,.T.);
#4262=ADVANCED_FACE('',(#3875),#4057,.T.);
#4263=ADVANCED_FACE('',(#3876),#4058,.T.);
#4264=ADVANCED_FACE('',(#3877),#100,.T.);
#4265=ADVANCED_FACE('',(#3878),#4059,.T.);
#4266=ADVANCED_FACE('',(#3879),#101,.F.);
#4267=ADVANCED_FACE('',(#3880),#4060,.T.);
#4268=ADVANCED_FACE('',(#3881),#102,.T.);
#4269=ADVANCED_FACE('',(#3882),#4061,.T.);
#4270=ADVANCED_FACE('',(#3883),#4062,.T.);
#4271=ADVANCED_FACE('',(#3884),#4063,.T.);
#4272=ADVANCED_FACE('',(#3885),#4064,.T.);
#4273=ADVANCED_FACE('',(#3886),#4065,.T.);
#4274=ADVANCED_FACE('',(#3887),#4066,.T.);
#4275=ADVANCED_FACE('',(#3888),#103,.F.);
#4276=ADVANCED_FACE('',(#3889),#4067,.T.);
#4277=ADVANCED_FACE('',(#3890),#104,.T.);
#4278=ADVANCED_FACE('',(#3891),#4068,.T.);
#4279=ADVANCED_FACE('',(#3892),#105,.F.);
#4280=ADVANCED_FACE('',(#3893),#4069,.T.);
#4281=ADVANCED_FACE('',(#3894),#4070,.T.);
#4282=ADVANCED_FACE('',(#3895),#4071,.T.);
#4283=ADVANCED_FACE('',(#3896),#4072,.T.);
#4284=ADVANCED_FACE('',(#3897),#4073,.F.);
#4285=ADVANCED_FACE('',(#3898),#4074,.F.);
#4286=ADVANCED_FACE('',(#3899),#4075,.F.);
#4287=ADVANCED_FACE('',(#3900),#106,.T.);
#4288=ADVANCED_FACE('',(#3901),#107,.F.);
#4289=ADVANCED_FACE('',(#3902),#4076,.F.);
#4290=ADVANCED_FACE('',(#3903),#4077,.F.);
#4291=ADVANCED_FACE('',(#3904),#4078,.T.);
#4292=ADVANCED_FACE('',(#3905),#4079,.F.);
#4293=ADVANCED_FACE('',(#3906),#108,.T.);
#4294=ADVANCED_FACE('',(#3907),#4080,.T.);
#4295=ADVANCED_FACE('',(#3908),#4081,.F.);
#4296=ADVANCED_FACE('',(#3909),#4082,.F.);
#4297=ADVANCED_FACE('',(#3910),#4083,.T.);
#4298=ADVANCED_FACE('',(#3911),#109,.T.);
#4299=ADVANCED_FACE('',(#3912),#110,.F.);
#4300=ADVANCED_FACE('',(#3913),#111,.T.);
#4301=ADVANCED_FACE('',(#3914),#112,.F.);
#4302=ADVANCED_FACE('',(#3915),#4084,.T.);
#4303=CLOSED_SHELL('',(#4085,#4086,#4087,#4088,#4089,#4090,#4091,#4092,
#4093,#4094,#4095,#4096,#4097,#4098,#4099,#4100,#4101,#4102,#4103,#4104,
#4105,#4106,#4107,#4108,#4109,#4110,#4111,#4112,#4113,#4114,#4115,#4116,
#4117,#4118,#4119,#4120,#4121,#4122,#4123,#4124,#4125,#4126,#4127,#4128,
#4129,#4130,#4131,#4132,#4133,#4134,#4135,#4136,#4137,#4138,#4139,#4140,
#4141,#4142,#4143,#4144,#4145,#4146,#4147,#4148,#4149,#4150,#4151,#4152,
#4153,#4154,#4155,#4156,#4157,#4158,#4159,#4160,#4161,#4162,#4163,#4164,
#4165));
#4304=CLOSED_SHELL('',(#4166,#4167,#4168,#4169,#4170,#4171,#4172,#4173,
#4174,#4175,#4176,#4177,#4178,#4179,#4180,#4181,#4182,#4183,#4184,#4185,
#4186,#4187,#4188,#4189,#4190,#4191,#4192,#4193,#4194,#4195,#4196,#4197,
#4198,#4199,#4200,#4201,#4202,#4203,#4204,#4205));
#4305=CLOSED_SHELL('',(#4206,#4207,#4208,#4209,#4210,#4211,#4212,#4213,
#4214,#4215,#4216,#4217,#4218,#4219,#4220,#4221,#4222,#4223,#4224,#4225,
#4226,#4227,#4228,#4229,#4230,#4231,#4232,#4233,#4234,#4235,#4236,#4237,
#4238,#4239,#4240,#4241,#4242,#4243,#4244,#4245,#4246,#4247,#4248,#4249,
#4250,#4251,#4252,#4253,#4254,#4255,#4256,#4257,#4258,#4259,#4260,#4261,
#4262,#4263,#4264,#4265,#4266,#4267,#4268,#4269,#4270,#4271,#4272,#4273,
#4274,#4275,#4276,#4277,#4278,#4279,#4280,#4281,#4282,#4283,#4284));
#4306=CLOSED_SHELL('',(#4285,#4286,#4287,#4288,#4289,#4290,#4291,#4292,
#4293,#4294,#4295,#4296,#4297,#4298,#4299,#4300,#4301,#4302));
#4307=STYLED_ITEM('',(#4389),#4883);
#4308=STYLED_ITEM('',(#4390),#4884);
#4309=STYLED_ITEM('',(#4391),#4206);
#4310=STYLED_ITEM('',(#4392),#4207);
#4311=STYLED_ITEM('',(#4393),#4208);
#4312=STYLED_ITEM('',(#4394),#4209);
#4313=STYLED_ITEM('',(#4395),#4210);
#4314=STYLED_ITEM('',(#4396),#4211);
#4315=STYLED_ITEM('',(#4397),#4212);
#4316=STYLED_ITEM('',(#4398),#4213);
#4317=STYLED_ITEM('',(#4399),#4214);
#4318=STYLED_ITEM('',(#4400),#4215);
#4319=STYLED_ITEM('',(#4401),#4216);
#4320=STYLED_ITEM('',(#4402),#4217);
#4321=STYLED_ITEM('',(#4403),#4218);
#4322=STYLED_ITEM('',(#4404),#4219);
#4323=STYLED_ITEM('',(#4405),#4220);
#4324=STYLED_ITEM('',(#4406),#4221);
#4325=STYLED_ITEM('',(#4407),#4222);
#4326=STYLED_ITEM('',(#4408),#4223);
#4327=STYLED_ITEM('',(#4409),#4224);
#4328=STYLED_ITEM('',(#4410),#4225);
#4329=STYLED_ITEM('',(#4411),#4226);
#4330=STYLED_ITEM('',(#4412),#4227);
#4331=STYLED_ITEM('',(#4413),#4228);
#4332=STYLED_ITEM('',(#4414),#4229);
#4333=STYLED_ITEM('',(#4415),#4230);
#4334=STYLED_ITEM('',(#4416),#4231);
#4335=STYLED_ITEM('',(#4417),#4232);
#4336=STYLED_ITEM('',(#4418),#4233);
#4337=STYLED_ITEM('',(#4419),#4234);
#4338=STYLED_ITEM('',(#4420),#4235);
#4339=STYLED_ITEM('',(#4421),#4236);
#4340=STYLED_ITEM('',(#4422),#4237);
#4341=STYLED_ITEM('',(#4423),#4238);
#4342=STYLED_ITEM('',(#4424),#4239);
#4343=STYLED_ITEM('',(#4425),#4240);
#4344=STYLED_ITEM('',(#4426),#4241);
#4345=STYLED_ITEM('',(#4427),#4242);
#4346=STYLED_ITEM('',(#4428),#4243);
#4347=STYLED_ITEM('',(#4429),#4244);
#4348=STYLED_ITEM('',(#4430),#4245);
#4349=STYLED_ITEM('',(#4431),#4246);
#4350=STYLED_ITEM('',(#4432),#4247);
#4351=STYLED_ITEM('',(#4433),#4248);
#4352=STYLED_ITEM('',(#4434),#4249);
#4353=STYLED_ITEM('',(#4435),#4250);
#4354=STYLED_ITEM('',(#4436),#4251);
#4355=STYLED_ITEM('',(#4437),#4252);
#4356=STYLED_ITEM('',(#4438),#4253);
#4357=STYLED_ITEM('',(#4439),#4254);
#4358=STYLED_ITEM('',(#4440),#4255);
#4359=STYLED_ITEM('',(#4441),#4256);
#4360=STYLED_ITEM('',(#4442),#4257);
#4361=STYLED_ITEM('',(#4443),#4258);
#4362=STYLED_ITEM('',(#4444),#4259);
#4363=STYLED_ITEM('',(#4445),#4260);
#4364=STYLED_ITEM('',(#4446),#4261);
#4365=STYLED_ITEM('',(#4447),#4262);
#4366=STYLED_ITEM('',(#4448),#4263);
#4367=STYLED_ITEM('',(#4449),#4264);
#4368=STYLED_ITEM('',(#4450),#4265);
#4369=STYLED_ITEM('',(#4451),#4266);
#4370=STYLED_ITEM('',(#4452),#4267);
#4371=STYLED_ITEM('',(#4453),#4268);
#4372=STYLED_ITEM('',(#4454),#4269);
#4373=STYLED_ITEM('',(#4455),#4270);
#4374=STYLED_ITEM('',(#4456),#4271);
#4375=STYLED_ITEM('',(#4457),#4272);
#4376=STYLED_ITEM('',(#4458),#4273);
#4377=STYLED_ITEM('',(#4459),#4274);
#4378=STYLED_ITEM('',(#4460),#4275);
#4379=STYLED_ITEM('',(#4461),#4276);
#4380=STYLED_ITEM('',(#4462),#4277);
#4381=STYLED_ITEM('',(#4463),#4278);
#4382=STYLED_ITEM('',(#4464),#4279);
#4383=STYLED_ITEM('',(#4465),#4280);
#4384=STYLED_ITEM('',(#4466),#4281);
#4385=STYLED_ITEM('',(#4467),#4282);
#4386=STYLED_ITEM('',(#4468),#4283);
#4387=STYLED_ITEM('',(#4469),#4284);
#4388=STYLED_ITEM('',(#4470),#4886);
#4389=PRESENTATION_STYLE_ASSIGNMENT((#4471));
#4390=PRESENTATION_STYLE_ASSIGNMENT((#4472));
#4391=PRESENTATION_STYLE_ASSIGNMENT((#4473));
#4392=PRESENTATION_STYLE_ASSIGNMENT((#4474));
#4393=PRESENTATION_STYLE_ASSIGNMENT((#4475));
#4394=PRESENTATION_STYLE_ASSIGNMENT((#4476));
#4395=PRESENTATION_STYLE_ASSIGNMENT((#4477));
#4396=PRESENTATION_STYLE_ASSIGNMENT((#4478));
#4397=PRESENTATION_STYLE_ASSIGNMENT((#4479));
#4398=PRESENTATION_STYLE_ASSIGNMENT((#4480));
#4399=PRESENTATION_STYLE_ASSIGNMENT((#4481));
#4400=PRESENTATION_STYLE_ASSIGNMENT((#4482));
#4401=PRESENTATION_STYLE_ASSIGNMENT((#4483));
#4402=PRESENTATION_STYLE_ASSIGNMENT((#4484));
#4403=PRESENTATION_STYLE_ASSIGNMENT((#4485));
#4404=PRESENTATION_STYLE_ASSIGNMENT((#4486));
#4405=PRESENTATION_STYLE_ASSIGNMENT((#4487));
#4406=PRESENTATION_STYLE_ASSIGNMENT((#4488));
#4407=PRESENTATION_STYLE_ASSIGNMENT((#4489));
#4408=PRESENTATION_STYLE_ASSIGNMENT((#4490));
#4409=PRESENTATION_STYLE_ASSIGNMENT((#4491));
#4410=PRESENTATION_STYLE_ASSIGNMENT((#4492));
#4411=PRESENTATION_STYLE_ASSIGNMENT((#4493));
#4412=PRESENTATION_STYLE_ASSIGNMENT((#4494));
#4413=PRESENTATION_STYLE_ASSIGNMENT((#4495));
#4414=PRESENTATION_STYLE_ASSIGNMENT((#4496));
#4415=PRESENTATION_STYLE_ASSIGNMENT((#4497));
#4416=PRESENTATION_STYLE_ASSIGNMENT((#4498));
#4417=PRESENTATION_STYLE_ASSIGNMENT((#4499));
#4418=PRESENTATION_STYLE_ASSIGNMENT((#4500));
#4419=PRESENTATION_STYLE_ASSIGNMENT((#4501));
#4420=PRESENTATION_STYLE_ASSIGNMENT((#4502));
#4421=PRESENTATION_STYLE_ASSIGNMENT((#4503));
#4422=PRESENTATION_STYLE_ASSIGNMENT((#4504));
#4423=PRESENTATION_STYLE_ASSIGNMENT((#4505));
#4424=PRESENTATION_STYLE_ASSIGNMENT((#4506));
#4425=PRESENTATION_STYLE_ASSIGNMENT((#4507));
#4426=PRESENTATION_STYLE_ASSIGNMENT((#4508));
#4427=PRESENTATION_STYLE_ASSIGNMENT((#4509));
#4428=PRESENTATION_STYLE_ASSIGNMENT((#4510));
#4429=PRESENTATION_STYLE_ASSIGNMENT((#4511));
#4430=PRESENTATION_STYLE_ASSIGNMENT((#4512));
#4431=PRESENTATION_STYLE_ASSIGNMENT((#4513));
#4432=PRESENTATION_STYLE_ASSIGNMENT((#4514));
#4433=PRESENTATION_STYLE_ASSIGNMENT((#4515));
#4434=PRESENTATION_STYLE_ASSIGNMENT((#4516));
#4435=PRESENTATION_STYLE_ASSIGNMENT((#4517));
#4436=PRESENTATION_STYLE_ASSIGNMENT((#4518));
#4437=PRESENTATION_STYLE_ASSIGNMENT((#4519));
#4438=PRESENTATION_STYLE_ASSIGNMENT((#4520));
#4439=PRESENTATION_STYLE_ASSIGNMENT((#4521));
#4440=PRESENTATION_STYLE_ASSIGNMENT((#4522));
#4441=PRESENTATION_STYLE_ASSIGNMENT((#4523));
#4442=PRESENTATION_STYLE_ASSIGNMENT((#4524));
#4443=PRESENTATION_STYLE_ASSIGNMENT((#4525));
#4444=PRESENTATION_STYLE_ASSIGNMENT((#4526));
#4445=PRESENTATION_STYLE_ASSIGNMENT((#4527));
#4446=PRESENTATION_STYLE_ASSIGNMENT((#4528));
#4447=PRESENTATION_STYLE_ASSIGNMENT((#4529));
#4448=PRESENTATION_STYLE_ASSIGNMENT((#4530));
#4449=PRESENTATION_STYLE_ASSIGNMENT((#4531));
#4450=PRESENTATION_STYLE_ASSIGNMENT((#4532));
#4451=PRESENTATION_STYLE_ASSIGNMENT((#4533));
#4452=PRESENTATION_STYLE_ASSIGNMENT((#4534));
#4453=PRESENTATION_STYLE_ASSIGNMENT((#4535));
#4454=PRESENTATION_STYLE_ASSIGNMENT((#4536));
#4455=PRESENTATION_STYLE_ASSIGNMENT((#4537));
#4456=PRESENTATION_STYLE_ASSIGNMENT((#4538));
#4457=PRESENTATION_STYLE_ASSIGNMENT((#4539));
#4458=PRESENTATION_STYLE_ASSIGNMENT((#4540));
#4459=PRESENTATION_STYLE_ASSIGNMENT((#4541));
#4460=PRESENTATION_STYLE_ASSIGNMENT((#4542));
#4461=PRESENTATION_STYLE_ASSIGNMENT((#4543));
#4462=PRESENTATION_STYLE_ASSIGNMENT((#4544));
#4463=PRESENTATION_STYLE_ASSIGNMENT((#4545));
#4464=PRESENTATION_STYLE_ASSIGNMENT((#4546));
#4465=PRESENTATION_STYLE_ASSIGNMENT((#4547));
#4466=PRESENTATION_STYLE_ASSIGNMENT((#4548));
#4467=PRESENTATION_STYLE_ASSIGNMENT((#4549));
#4468=PRESENTATION_STYLE_ASSIGNMENT((#4550));
#4469=PRESENTATION_STYLE_ASSIGNMENT((#4551));
#4470=PRESENTATION_STYLE_ASSIGNMENT((#4552));
#4471=SURFACE_STYLE_USAGE(.BOTH.,#4553);
#4472=SURFACE_STYLE_USAGE(.BOTH.,#4554);
#4473=SURFACE_STYLE_USAGE(.BOTH.,#4555);
#4474=SURFACE_STYLE_USAGE(.BOTH.,#4556);
#4475=SURFACE_STYLE_USAGE(.BOTH.,#4557);
#4476=SURFACE_STYLE_USAGE(.BOTH.,#4558);
#4477=SURFACE_STYLE_USAGE(.BOTH.,#4559);
#4478=SURFACE_STYLE_USAGE(.BOTH.,#4560);
#4479=SURFACE_STYLE_USAGE(.BOTH.,#4561);
#4480=SURFACE_STYLE_USAGE(.BOTH.,#4562);
#4481=SURFACE_STYLE_USAGE(.BOTH.,#4563);
#4482=SURFACE_STYLE_USAGE(.BOTH.,#4564);
#4483=SURFACE_STYLE_USAGE(.BOTH.,#4565);
#4484=SURFACE_STYLE_USAGE(.BOTH.,#4566);
#4485=SURFACE_STYLE_USAGE(.BOTH.,#4567);
#4486=SURFACE_STYLE_USAGE(.BOTH.,#4568);
#4487=SURFACE_STYLE_USAGE(.BOTH.,#4569);
#4488=SURFACE_STYLE_USAGE(.BOTH.,#4570);
#4489=SURFACE_STYLE_USAGE(.BOTH.,#4571);
#4490=SURFACE_STYLE_USAGE(.BOTH.,#4572);
#4491=SURFACE_STYLE_USAGE(.BOTH.,#4573);
#4492=SURFACE_STYLE_USAGE(.BOTH.,#4574);
#4493=SURFACE_STYLE_USAGE(.BOTH.,#4575);
#4494=SURFACE_STYLE_USAGE(.BOTH.,#4576);
#4495=SURFACE_STYLE_USAGE(.BOTH.,#4577);
#4496=SURFACE_STYLE_USAGE(.BOTH.,#4578);
#4497=SURFACE_STYLE_USAGE(.BOTH.,#4579);
#4498=SURFACE_STYLE_USAGE(.BOTH.,#4580);
#4499=SURFACE_STYLE_USAGE(.BOTH.,#4581);
#4500=SURFACE_STYLE_USAGE(.BOTH.,#4582);
#4501=SURFACE_STYLE_USAGE(.BOTH.,#4583);
#4502=SURFACE_STYLE_USAGE(.BOTH.,#4584);
#4503=SURFACE_STYLE_USAGE(.BOTH.,#4585);
#4504=SURFACE_STYLE_USAGE(.BOTH.,#4586);
#4505=SURFACE_STYLE_USAGE(.BOTH.,#4587);
#4506=SURFACE_STYLE_USAGE(.BOTH.,#4588);
#4507=SURFACE_STYLE_USAGE(.BOTH.,#4589);
#4508=SURFACE_STYLE_USAGE(.BOTH.,#4590);
#4509=SURFACE_STYLE_USAGE(.BOTH.,#4591);
#4510=SURFACE_STYLE_USAGE(.BOTH.,#4592);
#4511=SURFACE_STYLE_USAGE(.BOTH.,#4593);
#4512=SURFACE_STYLE_USAGE(.BOTH.,#4594);
#4513=SURFACE_STYLE_USAGE(.BOTH.,#4595);
#4514=SURFACE_STYLE_USAGE(.BOTH.,#4596);
#4515=SURFACE_STYLE_USAGE(.BOTH.,#4597);
#4516=SURFACE_STYLE_USAGE(.BOTH.,#4598);
#4517=SURFACE_STYLE_USAGE(.BOTH.,#4599);
#4518=SURFACE_STYLE_USAGE(.BOTH.,#4600);
#4519=SURFACE_STYLE_USAGE(.BOTH.,#4601);
#4520=SURFACE_STYLE_USAGE(.BOTH.,#4602);
#4521=SURFACE_STYLE_USAGE(.BOTH.,#4603);
#4522=SURFACE_STYLE_USAGE(.BOTH.,#4604);
#4523=SURFACE_STYLE_USAGE(.BOTH.,#4605);
#4524=SURFACE_STYLE_USAGE(.BOTH.,#4606);
#4525=SURFACE_STYLE_USAGE(.BOTH.,#4607);
#4526=SURFACE_STYLE_USAGE(.BOTH.,#4608);
#4527=SURFACE_STYLE_USAGE(.BOTH.,#4609);
#4528=SURFACE_STYLE_USAGE(.BOTH.,#4610);
#4529=SURFACE_STYLE_USAGE(.BOTH.,#4611);
#4530=SURFACE_STYLE_USAGE(.BOTH.,#4612);
#4531=SURFACE_STYLE_USAGE(.BOTH.,#4613);
#4532=SURFACE_STYLE_USAGE(.BOTH.,#4614);
#4533=SURFACE_STYLE_USAGE(.BOTH.,#4615);
#4534=SURFACE_STYLE_USAGE(.BOTH.,#4616);
#4535=SURFACE_STYLE_USAGE(.BOTH.,#4617);
#4536=SURFACE_STYLE_USAGE(.BOTH.,#4618);
#4537=SURFACE_STYLE_USAGE(.BOTH.,#4619);
#4538=SURFACE_STYLE_USAGE(.BOTH.,#4620);
#4539=SURFACE_STYLE_USAGE(.BOTH.,#4621);
#4540=SURFACE_STYLE_USAGE(.BOTH.,#4622);
#4541=SURFACE_STYLE_USAGE(.BOTH.,#4623);
#4542=SURFACE_STYLE_USAGE(.BOTH.,#4624);
#4543=SURFACE_STYLE_USAGE(.BOTH.,#4625);
#4544=SURFACE_STYLE_USAGE(.BOTH.,#4626);
#4545=SURFACE_STYLE_USAGE(.BOTH.,#4627);
#4546=SURFACE_STYLE_USAGE(.BOTH.,#4628);
#4547=SURFACE_STYLE_USAGE(.BOTH.,#4629);
#4548=SURFACE_STYLE_USAGE(.BOTH.,#4630);
#4549=SURFACE_STYLE_USAGE(.BOTH.,#4631);
#4550=SURFACE_STYLE_USAGE(.BOTH.,#4632);
#4551=SURFACE_STYLE_USAGE(.BOTH.,#4633);
#4552=SURFACE_STYLE_USAGE(.BOTH.,#4634);
#4553=SURFACE_SIDE_STYLE('',(#4635));
#4554=SURFACE_SIDE_STYLE('',(#4636));
#4555=SURFACE_SIDE_STYLE('',(#4637));
#4556=SURFACE_SIDE_STYLE('',(#4638));
#4557=SURFACE_SIDE_STYLE('',(#4639));
#4558=SURFACE_SIDE_STYLE('',(#4640));
#4559=SURFACE_SIDE_STYLE('',(#4641));
#4560=SURFACE_SIDE_STYLE('',(#4642));
#4561=SURFACE_SIDE_STYLE('',(#4643));
#4562=SURFACE_SIDE_STYLE('',(#4644));
#4563=SURFACE_SIDE_STYLE('',(#4645));
#4564=SURFACE_SIDE_STYLE('',(#4646));
#4565=SURFACE_SIDE_STYLE('',(#4647));
#4566=SURFACE_SIDE_STYLE('',(#4648));
#4567=SURFACE_SIDE_STYLE('',(#4649));
#4568=SURFACE_SIDE_STYLE('',(#4650));
#4569=SURFACE_SIDE_STYLE('',(#4651));
#4570=SURFACE_SIDE_STYLE('',(#4652));
#4571=SURFACE_SIDE_STYLE('',(#4653));
#4572=SURFACE_SIDE_STYLE('',(#4654));
#4573=SURFACE_SIDE_STYLE('',(#4655));
#4574=SURFACE_SIDE_STYLE('',(#4656));
#4575=SURFACE_SIDE_STYLE('',(#4657));
#4576=SURFACE_SIDE_STYLE('',(#4658));
#4577=SURFACE_SIDE_STYLE('',(#4659));
#4578=SURFACE_SIDE_STYLE('',(#4660));
#4579=SURFACE_SIDE_STYLE('',(#4661));
#4580=SURFACE_SIDE_STYLE('',(#4662));
#4581=SURFACE_SIDE_STYLE('',(#4663));
#4582=SURFACE_SIDE_STYLE('',(#4664));
#4583=SURFACE_SIDE_STYLE('',(#4665));
#4584=SURFACE_SIDE_STYLE('',(#4666));
#4585=SURFACE_SIDE_STYLE('',(#4667));
#4586=SURFACE_SIDE_STYLE('',(#4668));
#4587=SURFACE_SIDE_STYLE('',(#4669));
#4588=SURFACE_SIDE_STYLE('',(#4670));
#4589=SURFACE_SIDE_STYLE('',(#4671));
#4590=SURFACE_SIDE_STYLE('',(#4672));
#4591=SURFACE_SIDE_STYLE('',(#4673));
#4592=SURFACE_SIDE_STYLE('',(#4674));
#4593=SURFACE_SIDE_STYLE('',(#4675));
#4594=SURFACE_SIDE_STYLE('',(#4676));
#4595=SURFACE_SIDE_STYLE('',(#4677));
#4596=SURFACE_SIDE_STYLE('',(#4678));
#4597=SURFACE_SIDE_STYLE('',(#4679));
#4598=SURFACE_SIDE_STYLE('',(#4680));
#4599=SURFACE_SIDE_STYLE('',(#4681));
#4600=SURFACE_SIDE_STYLE('',(#4682));
#4601=SURFACE_SIDE_STYLE('',(#4683));
#4602=SURFACE_SIDE_STYLE('',(#4684));
#4603=SURFACE_SIDE_STYLE('',(#4685));
#4604=SURFACE_SIDE_STYLE('',(#4686));
#4605=SURFACE_SIDE_STYLE('',(#4687));
#4606=SURFACE_SIDE_STYLE('',(#4688));
#4607=SURFACE_SIDE_STYLE('',(#4689));
#4608=SURFACE_SIDE_STYLE('',(#4690));
#4609=SURFACE_SIDE_STYLE('',(#4691));
#4610=SURFACE_SIDE_STYLE('',(#4692));
#4611=SURFACE_SIDE_STYLE('',(#4693));
#4612=SURFACE_SIDE_STYLE('',(#4694));
#4613=SURFACE_SIDE_STYLE('',(#4695));
#4614=SURFACE_SIDE_STYLE('',(#4696));
#4615=SURFACE_SIDE_STYLE('',(#4697));
#4616=SURFACE_SIDE_STYLE('',(#4698));
#4617=SURFACE_SIDE_STYLE('',(#4699));
#4618=SURFACE_SIDE_STYLE('',(#4700));
#4619=SURFACE_SIDE_STYLE('',(#4701));
#4620=SURFACE_SIDE_STYLE('',(#4702));
#4621=SURFACE_SIDE_STYLE('',(#4703));
#4622=SURFACE_SIDE_STYLE('',(#4704));
#4623=SURFACE_SIDE_STYLE('',(#4705));
#4624=SURFACE_SIDE_STYLE('',(#4706));
#4625=SURFACE_SIDE_STYLE('',(#4707));
#4626=SURFACE_SIDE_STYLE('',(#4708));
#4627=SURFACE_SIDE_STYLE('',(#4709));
#4628=SURFACE_SIDE_STYLE('',(#4710));
#4629=SURFACE_SIDE_STYLE('',(#4711));
#4630=SURFACE_SIDE_STYLE('',(#4712));
#4631=SURFACE_SIDE_STYLE('',(#4713));
#4632=SURFACE_SIDE_STYLE('',(#4714));
#4633=SURFACE_SIDE_STYLE('',(#4715));
#4634=SURFACE_SIDE_STYLE('',(#4716));
#4635=SURFACE_STYLE_FILL_AREA(#4717);
#4636=SURFACE_STYLE_FILL_AREA(#4718);
#4637=SURFACE_STYLE_FILL_AREA(#4719);
#4638=SURFACE_STYLE_FILL_AREA(#4720);
#4639=SURFACE_STYLE_FILL_AREA(#4721);
#4640=SURFACE_STYLE_FILL_AREA(#4722);
#4641=SURFACE_STYLE_FILL_AREA(#4723);
#4642=SURFACE_STYLE_FILL_AREA(#4724);
#4643=SURFACE_STYLE_FILL_AREA(#4725);
#4644=SURFACE_STYLE_FILL_AREA(#4726);
#4645=SURFACE_STYLE_FILL_AREA(#4727);
#4646=SURFACE_STYLE_FILL_AREA(#4728);
#4647=SURFACE_STYLE_FILL_AREA(#4729);
#4648=SURFACE_STYLE_FILL_AREA(#4730);
#4649=SURFACE_STYLE_FILL_AREA(#4731);
#4650=SURFACE_STYLE_FILL_AREA(#4732);
#4651=SURFACE_STYLE_FILL_AREA(#4733);
#4652=SURFACE_STYLE_FILL_AREA(#4734);
#4653=SURFACE_STYLE_FILL_AREA(#4735);
#4654=SURFACE_STYLE_FILL_AREA(#4736);
#4655=SURFACE_STYLE_FILL_AREA(#4737);
#4656=SURFACE_STYLE_FILL_AREA(#4738);
#4657=SURFACE_STYLE_FILL_AREA(#4739);
#4658=SURFACE_STYLE_FILL_AREA(#4740);
#4659=SURFACE_STYLE_FILL_AREA(#4741);
#4660=SURFACE_STYLE_FILL_AREA(#4742);
#4661=SURFACE_STYLE_FILL_AREA(#4743);
#4662=SURFACE_STYLE_FILL_AREA(#4744);
#4663=SURFACE_STYLE_FILL_AREA(#4745);
#4664=SURFACE_STYLE_FILL_AREA(#4746);
#4665=SURFACE_STYLE_FILL_AREA(#4747);
#4666=SURFACE_STYLE_FILL_AREA(#4748);
#4667=SURFACE_STYLE_FILL_AREA(#4749);
#4668=SURFACE_STYLE_FILL_AREA(#4750);
#4669=SURFACE_STYLE_FILL_AREA(#4751);
#4670=SURFACE_STYLE_FILL_AREA(#4752);
#4671=SURFACE_STYLE_FILL_AREA(#4753);
#4672=SURFACE_STYLE_FILL_AREA(#4754);
#4673=SURFACE_STYLE_FILL_AREA(#4755);
#4674=SURFACE_STYLE_FILL_AREA(#4756);
#4675=SURFACE_STYLE_FILL_AREA(#4757);
#4676=SURFACE_STYLE_FILL_AREA(#4758);
#4677=SURFACE_STYLE_FILL_AREA(#4759);
#4678=SURFACE_STYLE_FILL_AREA(#4760);
#4679=SURFACE_STYLE_FILL_AREA(#4761);
#4680=SURFACE_STYLE_FILL_AREA(#4762);
#4681=SURFACE_STYLE_FILL_AREA(#4763);
#4682=SURFACE_STYLE_FILL_AREA(#4764);
#4683=SURFACE_STYLE_FILL_AREA(#4765);
#4684=SURFACE_STYLE_FILL_AREA(#4766);
#4685=SURFACE_STYLE_FILL_AREA(#4767);
#4686=SURFACE_STYLE_FILL_AREA(#4768);
#4687=SURFACE_STYLE_FILL_AREA(#4769);
#4688=SURFACE_STYLE_FILL_AREA(#4770);
#4689=SURFACE_STYLE_FILL_AREA(#4771);
#4690=SURFACE_STYLE_FILL_AREA(#4772);
#4691=SURFACE_STYLE_FILL_AREA(#4773);
#4692=SURFACE_STYLE_FILL_AREA(#4774);
#4693=SURFACE_STYLE_FILL_AREA(#4775);
#4694=SURFACE_STYLE_FILL_AREA(#4776);
#4695=SURFACE_STYLE_FILL_AREA(#4777);
#4696=SURFACE_STYLE_FILL_AREA(#4778);
#4697=SURFACE_STYLE_FILL_AREA(#4779);
#4698=SURFACE_STYLE_FILL_AREA(#4780);
#4699=SURFACE_STYLE_FILL_AREA(#4781);
#4700=SURFACE_STYLE_FILL_AREA(#4782);
#4701=SURFACE_STYLE_FILL_AREA(#4783);
#4702=SURFACE_STYLE_FILL_AREA(#4784);
#4703=SURFACE_STYLE_FILL_AREA(#4785);
#4704=SURFACE_STYLE_FILL_AREA(#4786);
#4705=SURFACE_STYLE_FILL_AREA(#4787);
#4706=SURFACE_STYLE_FILL_AREA(#4788);
#4707=SURFACE_STYLE_FILL_AREA(#4789);
#4708=SURFACE_STYLE_FILL_AREA(#4790);
#4709=SURFACE_STYLE_FILL_AREA(#4791);
#4710=SURFACE_STYLE_FILL_AREA(#4792);
#4711=SURFACE_STYLE_FILL_AREA(#4793);
#4712=SURFACE_STYLE_FILL_AREA(#4794);
#4713=SURFACE_STYLE_FILL_AREA(#4795);
#4714=SURFACE_STYLE_FILL_AREA(#4796);
#4715=SURFACE_STYLE_FILL_AREA(#4797);
#4716=SURFACE_STYLE_FILL_AREA(#4798);
#4717=FILL_AREA_STYLE('',(#4799));
#4718=FILL_AREA_STYLE('',(#4800));
#4719=FILL_AREA_STYLE('',(#4801));
#4720=FILL_AREA_STYLE('',(#4802));
#4721=FILL_AREA_STYLE('',(#4803));
#4722=FILL_AREA_STYLE('',(#4804));
#4723=FILL_AREA_STYLE('',(#4805));
#4724=FILL_AREA_STYLE('',(#4806));
#4725=FILL_AREA_STYLE('',(#4807));
#4726=FILL_AREA_STYLE('',(#4808));
#4727=FILL_AREA_STYLE('',(#4809));
#4728=FILL_AREA_STYLE('',(#4810));
#4729=FILL_AREA_STYLE('',(#4811));
#4730=FILL_AREA_STYLE('',(#4812));
#4731=FILL_AREA_STYLE('',(#4813));
#4732=FILL_AREA_STYLE('',(#4814));
#4733=FILL_AREA_STYLE('',(#4815));
#4734=FILL_AREA_STYLE('',(#4816));
#4735=FILL_AREA_STYLE('',(#4817));
#4736=FILL_AREA_STYLE('',(#4818));
#4737=FILL_AREA_STYLE('',(#4819));
#4738=FILL_AREA_STYLE('',(#4820));
#4739=FILL_AREA_STYLE('',(#4821));
#4740=FILL_AREA_STYLE('',(#4822));
#4741=FILL_AREA_STYLE('',(#4823));
#4742=FILL_AREA_STYLE('',(#4824));
#4743=FILL_AREA_STYLE('',(#4825));
#4744=FILL_AREA_STYLE('',(#4826));
#4745=FILL_AREA_STYLE('',(#4827));
#4746=FILL_AREA_STYLE('',(#4828));
#4747=FILL_AREA_STYLE('',(#4829));
#4748=FILL_AREA_STYLE('',(#4830));
#4749=FILL_AREA_STYLE('',(#4831));
#4750=FILL_AREA_STYLE('',(#4832));
#4751=FILL_AREA_STYLE('',(#4833));
#4752=FILL_AREA_STYLE('',(#4834));
#4753=FILL_AREA_STYLE('',(#4835));
#4754=FILL_AREA_STYLE('',(#4836));
#4755=FILL_AREA_STYLE('',(#4837));
#4756=FILL_AREA_STYLE('',(#4838));
#4757=FILL_AREA_STYLE('',(#4839));
#4758=FILL_AREA_STYLE('',(#4840));
#4759=FILL_AREA_STYLE('',(#4841));
#4760=FILL_AREA_STYLE('',(#4842));
#4761=FILL_AREA_STYLE('',(#4843));
#4762=FILL_AREA_STYLE('',(#4844));
#4763=FILL_AREA_STYLE('',(#4845));
#4764=FILL_AREA_STYLE('',(#4846));
#4765=FILL_AREA_STYLE('',(#4847));
#4766=FILL_AREA_STYLE('',(#4848));
#4767=FILL_AREA_STYLE('',(#4849));
#4768=FILL_AREA_STYLE('',(#4850));
#4769=FILL_AREA_STYLE('',(#4851));
#4770=FILL_AREA_STYLE('',(#4852));
#4771=FILL_AREA_STYLE('',(#4853));
#4772=FILL_AREA_STYLE('',(#4854));
#4773=FILL_AREA_STYLE('',(#4855));
#4774=FILL_AREA_STYLE('',(#4856));
#4775=FILL_AREA_STYLE('',(#4857));
#4776=FILL_AREA_STYLE('',(#4858));
#4777=FILL_AREA_STYLE('',(#4859));
#4778=FILL_AREA_STYLE('',(#4860));
#4779=FILL_AREA_STYLE('',(#4861));
#4780=FILL_AREA_STYLE('',(#4862));
#4781=FILL_AREA_STYLE('',(#4863));
#4782=FILL_AREA_STYLE('',(#4864));
#4783=FILL_AREA_STYLE('',(#4865));
#4784=FILL_AREA_STYLE('',(#4866));
#4785=FILL_AREA_STYLE('',(#4867));
#4786=FILL_AREA_STYLE('',(#4868));
#4787=FILL_AREA_STYLE('',(#4869));
#4788=FILL_AREA_STYLE('',(#4870));
#4789=FILL_AREA_STYLE('',(#4871));
#4790=FILL_AREA_STYLE('',(#4872));
#4791=FILL_AREA_STYLE('',(#4873));
#4792=FILL_AREA_STYLE('',(#4874));
#4793=FILL_AREA_STYLE('',(#4875));
#4794=FILL_AREA_STYLE('',(#4876));
#4795=FILL_AREA_STYLE('',(#4877));
#4796=FILL_AREA_STYLE('',(#4878));
#4797=FILL_AREA_STYLE('',(#4879));
#4798=FILL_AREA_STYLE('',(#4880));
#4799=FILL_AREA_STYLE_COLOUR('',#4881);
#4800=FILL_AREA_STYLE_COLOUR('',#4882);
#4801=FILL_AREA_STYLE_COLOUR('',#26);
#4802=FILL_AREA_STYLE_COLOUR('',#26);
#4803=FILL_AREA_STYLE_COLOUR('',#26);
#4804=FILL_AREA_STYLE_COLOUR('',#26);
#4805=FILL_AREA_STYLE_COLOUR('',#26);
#4806=FILL_AREA_STYLE_COLOUR('',#26);
#4807=FILL_AREA_STYLE_COLOUR('',#26);
#4808=FILL_AREA_STYLE_COLOUR('',#26);
#4809=FILL_AREA_STYLE_COLOUR('',#26);
#4810=FILL_AREA_STYLE_COLOUR('',#26);
#4811=FILL_AREA_STYLE_COLOUR('',#26);
#4812=FILL_AREA_STYLE_COLOUR('',#26);
#4813=FILL_AREA_STYLE_COLOUR('',#26);
#4814=FILL_AREA_STYLE_COLOUR('',#26);
#4815=FILL_AREA_STYLE_COLOUR('',#26);
#4816=FILL_AREA_STYLE_COLOUR('',#26);
#4817=FILL_AREA_STYLE_COLOUR('',#26);
#4818=FILL_AREA_STYLE_COLOUR('',#26);
#4819=FILL_AREA_STYLE_COLOUR('',#26);
#4820=FILL_AREA_STYLE_COLOUR('',#26);
#4821=FILL_AREA_STYLE_COLOUR('',#26);
#4822=FILL_AREA_STYLE_COLOUR('',#26);
#4823=FILL_AREA_STYLE_COLOUR('',#26);
#4824=FILL_AREA_STYLE_COLOUR('',#26);
#4825=FILL_AREA_STYLE_COLOUR('',#26);
#4826=FILL_AREA_STYLE_COLOUR('',#26);
#4827=FILL_AREA_STYLE_COLOUR('',#26);
#4828=FILL_AREA_STYLE_COLOUR('',#26);
#4829=FILL_AREA_STYLE_COLOUR('',#26);
#4830=FILL_AREA_STYLE_COLOUR('',#27);
#4831=FILL_AREA_STYLE_COLOUR('',#26);
#4832=FILL_AREA_STYLE_COLOUR('',#26);
#4833=FILL_AREA_STYLE_COLOUR('',#26);
#4834=FILL_AREA_STYLE_COLOUR('',#26);
#4835=FILL_AREA_STYLE_COLOUR('',#26);
#4836=FILL_AREA_STYLE_COLOUR('',#26);
#4837=FILL_AREA_STYLE_COLOUR('',#26);
#4838=FILL_AREA_STYLE_COLOUR('',#26);
#4839=FILL_AREA_STYLE_COLOUR('',#26);
#4840=FILL_AREA_STYLE_COLOUR('',#26);
#4841=FILL_AREA_STYLE_COLOUR('',#26);
#4842=FILL_AREA_STYLE_COLOUR('',#26);
#4843=FILL_AREA_STYLE_COLOUR('',#26);
#4844=FILL_AREA_STYLE_COLOUR('',#26);
#4845=FILL_AREA_STYLE_COLOUR('',#26);
#4846=FILL_AREA_STYLE_COLOUR('',#26);
#4847=FILL_AREA_STYLE_COLOUR('',#26);
#4848=FILL_AREA_STYLE_COLOUR('',#26);
#4849=FILL_AREA_STYLE_COLOUR('',#26);
#4850=FILL_AREA_STYLE_COLOUR('',#26);
#4851=FILL_AREA_STYLE_COLOUR('',#26);
#4852=FILL_AREA_STYLE_COLOUR('',#26);
#4853=FILL_AREA_STYLE_COLOUR('',#26);
#4854=FILL_AREA_STYLE_COLOUR('',#26);
#4855=FILL_AREA_STYLE_COLOUR('',#26);
#4856=FILL_AREA_STYLE_COLOUR('',#26);
#4857=FILL_AREA_STYLE_COLOUR('',#26);
#4858=FILL_AREA_STYLE_COLOUR('',#26);
#4859=FILL_AREA_STYLE_COLOUR('',#26);
#4860=FILL_AREA_STYLE_COLOUR('',#26);
#4861=FILL_AREA_STYLE_COLOUR('',#26);
#4862=FILL_AREA_STYLE_COLOUR('',#26);
#4863=FILL_AREA_STYLE_COLOUR('',#26);
#4864=FILL_AREA_STYLE_COLOUR('',#26);
#4865=FILL_AREA_STYLE_COLOUR('',#26);
#4866=FILL_AREA_STYLE_COLOUR('',#26);
#4867=FILL_AREA_STYLE_COLOUR('',#26);
#4868=FILL_AREA_STYLE_COLOUR('',#26);
#4869=FILL_AREA_STYLE_COLOUR('',#26);
#4870=FILL_AREA_STYLE_COLOUR('',#26);
#4871=FILL_AREA_STYLE_COLOUR('',#26);
#4872=FILL_AREA_STYLE_COLOUR('',#26);
#4873=FILL_AREA_STYLE_COLOUR('',#26);
#4874=FILL_AREA_STYLE_COLOUR('',#26);
#4875=FILL_AREA_STYLE_COLOUR('',#26);
#4876=FILL_AREA_STYLE_COLOUR('',#26);
#4877=FILL_AREA_STYLE_COLOUR('',#26);
#4878=FILL_AREA_STYLE_COLOUR('',#26);
#4879=FILL_AREA_STYLE_COLOUR('',#26);
#4880=FILL_AREA_STYLE_COLOUR('',#26);
#4881=DRAUGHTING_PRE_DEFINED_COLOUR('black');
#4882=DRAUGHTING_PRE_DEFINED_COLOUR('blue');
#4883=MANIFOLD_SOLID_BREP('KSC7_body',#4303);
#4884=MANIFOLD_SOLID_BREP('KSC7_button',#4304);
#4885=MANIFOLD_SOLID_BREP('KSC7_cover',#4305);
#4886=MANIFOLD_SOLID_BREP('KSC71J_pin',#4306);
#4887=SHAPE_DEFINITION_REPRESENTATION(#7643,#4892);
#4888=SHAPE_DEFINITION_REPRESENTATION(#7644,#4893);
#4889=SHAPE_DEFINITION_REPRESENTATION(#7646,#4894);
#4890=SHAPE_DEFINITION_REPRESENTATION(#7648,#4895);
#4891=SHAPE_DEFINITION_REPRESENTATION(#7650,#4896);
#4892=SHAPE_REPRESENTATION('KSC721JLFS',(#4897,#5003,#5078,#5184,#5213,
#5214,#5215,#5216),#7630);
#4893=SHAPE_REPRESENTATION('KSC7_body',(#4897),#7631);
#4894=SHAPE_REPRESENTATION('KSC7_button',(#4897),#7632);
#4895=SHAPE_REPRESENTATION('KSC7_cover',(#4897),#7633);
#4896=SHAPE_REPRESENTATION('KSC71J_pin',(#4897),#7634);
#4897=AXIS2_PLACEMENT_3D('',#6364,#5217,#5218);
#4898=AXIS2_PLACEMENT_3D('',#6365,#5219,#5220);
#4899=AXIS2_PLACEMENT_3D('',#6366,#5221,#5222);
#4900=AXIS2_PLACEMENT_3D('',#6368,#5223,#5224);
#4901=AXIS2_PLACEMENT_3D('',#6370,#5225,#5226);
#4902=AXIS2_PLACEMENT_3D('',#6381,#5231,#5232);
#4903=AXIS2_PLACEMENT_3D('',#6393,#5238,#5239);
#4904=AXIS2_PLACEMENT_3D('',#6401,#5243,#5244);
#4905=AXIS2_PLACEMENT_3D('',#6413,#5250,#5251);
#4906=AXIS2_PLACEMENT_3D('',#6420,#5255,#5256);
#4907=AXIS2_PLACEMENT_3D('',#6426,#5260,#5261);
#4908=AXIS2_PLACEMENT_3D('',#6432,#5265,#5266);
#4909=AXIS2_PLACEMENT_3D('',#6438,#5270,#5271);
#4910=AXIS2_PLACEMENT_3D('',#6444,#5275,#5276);
#4911=AXIS2_PLACEMENT_3D('',#6448,#5278,#5279);
#4912=AXIS2_PLACEMENT_3D('',#6449,#5280,#5281);
#4913=AXIS2_PLACEMENT_3D('',#6470,#5292,#5293);
#4914=AXIS2_PLACEMENT_3D('',#6505,#5312,#5313);
#4915=AXIS2_PLACEMENT_3D('',#6506,#5314,#5315);
#4916=AXIS2_PLACEMENT_3D('',#6527,#5326,#5327);
#4917=AXIS2_PLACEMENT_3D('',#6528,#5328,#5329);
#4918=AXIS2_PLACEMENT_3D('',#6534,#5333,#5334);
#4919=AXIS2_PLACEMENT_3D('',#6548,#5342,#5343);
#4920=AXIS2_PLACEMENT_3D('',#6551,#5346,#5347);
#4921=AXIS2_PLACEMENT_3D('',#6588,#5368,#5369);
#4922=AXIS2_PLACEMENT_3D('',#6614,#5385,#5386);
#4923=AXIS2_PLACEMENT_3D('',#6618,#5389,#5390);
#4924=AXIS2_PLACEMENT_3D('',#6630,#5397,#5398);
#4925=AXIS2_PLACEMENT_3D('',#6632,#5400,#5401);
#4926=AXIS2_PLACEMENT_3D('',#6642,#5407,#5408);
#4927=AXIS2_PLACEMENT_3D('',#6644,#5410,#5411);
#4928=AXIS2_PLACEMENT_3D('',#6646,#5413,#5414);
#4929=AXIS2_PLACEMENT_3D('',#6648,#5416,#5417);
#4930=AXIS2_PLACEMENT_3D('',#6650,#5419,#5420);
#4931=AXIS2_PLACEMENT_3D('',#6651,#5421,#5422);
#4932=AXIS2_PLACEMENT_3D('',#6661,#5428,#5429);
#4933=AXIS2_PLACEMENT_3D('',#6663,#5431,#5432);
#4934=AXIS2_PLACEMENT_3D('',#6665,#5434,#5435);
#4935=AXIS2_PLACEMENT_3D('',#6667,#5437,#5438);
#4936=AXIS2_PLACEMENT_3D('',#6669,#5440,#5441);
#4937=AXIS2_PLACEMENT_3D('',#6670,#5442,#5443);
#4938=AXIS2_PLACEMENT_3D('',#6674,#5446,#5447);
#4939=AXIS2_PLACEMENT_3D('',#6678,#5450,#5451);
#4940=AXIS2_PLACEMENT_3D('',#6682,#5454,#5455);
#4941=AXIS2_PLACEMENT_3D('',#6686,#5458,#5459);
#4942=AXIS2_PLACEMENT_3D('',#6688,#5461,#5462);
#4943=AXIS2_PLACEMENT_3D('',#6689,#5463,#5464);
#4944=AXIS2_PLACEMENT_3D('',#6699,#5470,#5471);
#4945=AXIS2_PLACEMENT_3D('',#6701,#5473,#5474);
#4946=AXIS2_PLACEMENT_3D('',#6703,#5476,#5477);
#4947=AXIS2_PLACEMENT_3D('',#6705,#5479,#5480);
#4948=AXIS2_PLACEMENT_3D('',#6707,#5482,#5483);
#4949=AXIS2_PLACEMENT_3D('',#6708,#5484,#5485);
#4950=AXIS2_PLACEMENT_3D('',#6710,#5487,#5488);
#4951=AXIS2_PLACEMENT_3D('',#6712,#5490,#5491);
#4952=AXIS2_PLACEMENT_3D('',#6714,#5493,#5494);
#4953=AXIS2_PLACEMENT_3D('',#6716,#5496,#5497);
#4954=AXIS2_PLACEMENT_3D('',#6717,#5498,#5499);
#4955=AXIS2_PLACEMENT_3D('',#6719,#5501,#5502);
#4956=AXIS2_PLACEMENT_3D('',#6721,#5504,#5505);
#4957=AXIS2_PLACEMENT_3D('',#6723,#5507,#5508);
#4958=AXIS2_PLACEMENT_3D('',#6725,#5510,#5511);
#4959=AXIS2_PLACEMENT_3D('',#6726,#5512,#5513);
#4960=AXIS2_PLACEMENT_3D('',#6727,#5514,#5515);
#4961=AXIS2_PLACEMENT_3D('',#6730,#5517,#5518);
#4962=AXIS2_PLACEMENT_3D('',#6734,#5521,#5522);
#4963=AXIS2_PLACEMENT_3D('',#6735,#5523,#5524);
#4964=AXIS2_PLACEMENT_3D('',#6740,#5527,#5528);
#4965=AXIS2_PLACEMENT_3D('',#6742,#5530,#5531);
#4966=AXIS2_PLACEMENT_3D('',#6745,#5533,#5534);
#4967=AXIS2_PLACEMENT_3D('',#6746,#5535,#5536);
#4968=AXIS2_PLACEMENT_3D('',#6750,#5539,#5540);
#4969=AXIS2_PLACEMENT_3D('',#6755,#5543,#5544);
#4970=AXIS2_PLACEMENT_3D('',#6756,#5545,#5546);
#4971=AXIS2_PLACEMENT_3D('',#6758,#5548,#5549);
#4972=AXIS2_PLACEMENT_3D('',#6761,#5551,#5552);
#4973=AXIS2_PLACEMENT_3D('',#6762,#5553,#5554);
#4974=AXIS2_PLACEMENT_3D('',#6764,#5556,#5557);
#4975=AXIS2_PLACEMENT_3D('',#6765,#5558,#5559);
#4976=AXIS2_PLACEMENT_3D('',#6769,#5562,#5563);
#4977=AXIS2_PLACEMENT_3D('',#6770,#5564,#5565);
#4978=AXIS2_PLACEMENT_3D('',#6771,#5566,#5567);
#4979=AXIS2_PLACEMENT_3D('',#6772,#5568,#5569);
#4980=AXIS2_PLACEMENT_3D('',#6773,#5570,#5571);
#4981=AXIS2_PLACEMENT_3D('',#6776,#5573,#5574);
#4982=AXIS2_PLACEMENT_3D('',#6778,#5576,#5577);
#4983=AXIS2_PLACEMENT_3D('',#6779,#5578,#5579);
#4984=AXIS2_PLACEMENT_3D('',#6780,#5580,#5581);
#4985=AXIS2_PLACEMENT_3D('',#6783,#5583,#5584);
#4986=AXIS2_PLACEMENT_3D('',#6785,#5586,#5587);
#4987=AXIS2_PLACEMENT_3D('',#6786,#5588,#5589);
#4988=AXIS2_PLACEMENT_3D('',#6787,#5590,#5591);
#4989=AXIS2_PLACEMENT_3D('',#6789,#5592,#5593);
#4990=AXIS2_PLACEMENT_3D('',#6790,#5594,#5595);
#4991=AXIS2_PLACEMENT_3D('',#6792,#5596,#5597);
#4992=AXIS2_PLACEMENT_3D('',#6793,#5598,#5599);
#4993=AXIS2_PLACEMENT_3D('',#6795,#5600,#5601);
#4994=AXIS2_PLACEMENT_3D('',#6796,#5602,#5603);
#4995=AXIS2_PLACEMENT_3D('',#6797,#5604,#5605);
#4996=AXIS2_PLACEMENT_3D('',#6799,#5606,#5607);
#4997=AXIS2_PLACEMENT_3D('',#6800,#5608,#5609);
#4998=AXIS2_PLACEMENT_3D('',#6801,#5610,#5611);
#4999=AXIS2_PLACEMENT_3D('',#6803,#5612,#5613);
#5000=AXIS2_PLACEMENT_3D('',#6804,#5614,#5615);
#5001=AXIS2_PLACEMENT_3D('',#6807,#5618,#5619);
#5002=AXIS2_PLACEMENT_3D('',#6808,#5620,#5621);
#5003=AXIS2_PLACEMENT_3D('',#6809,#5622,#5623);
#5004=AXIS2_PLACEMENT_3D('',#6810,#5624,#5625);
#5005=AXIS2_PLACEMENT_3D('',#6819,#5630,#5631);
#5006=AXIS2_PLACEMENT_3D('',#6820,#5632,#5633);
#5007=AXIS2_PLACEMENT_3D('',#6824,#5635,#5636);
#5008=AXIS2_PLACEMENT_3D('',#6825,#5637,#5638);
#5009=AXIS2_PLACEMENT_3D('',#6831,#5642,#5643);
#5010=AXIS2_PLACEMENT_3D('',#6832,#5644,#5645);
#5011=AXIS2_PLACEMENT_3D('',#6836,#5647,#5648);
#5012=AXIS2_PLACEMENT_3D('',#6837,#5649,#5650);
#5013=AXIS2_PLACEMENT_3D('',#6843,#5654,#5655);
#5014=AXIS2_PLACEMENT_3D('',#6844,#5656,#5657);
#5015=AXIS2_PLACEMENT_3D('',#6848,#5659,#5660);
#5016=AXIS2_PLACEMENT_3D('',#6849,#5661,#5662);
#5017=AXIS2_PLACEMENT_3D('',#6855,#5666,#5667);
#5018=AXIS2_PLACEMENT_3D('',#6861,#5671,#5672);
#5019=AXIS2_PLACEMENT_3D('',#6862,#5673,#5674);
#5020=AXIS2_PLACEMENT_3D('',#6866,#5676,#5677);
#5021=AXIS2_PLACEMENT_3D('',#6867,#5678,#5679);
#5022=AXIS2_PLACEMENT_3D('',#6873,#5683,#5684);
#5023=AXIS2_PLACEMENT_3D('',#6874,#5685,#5686);
#5024=AXIS2_PLACEMENT_3D('',#6878,#5688,#5689);
#5025=AXIS2_PLACEMENT_3D('',#6879,#5690,#5691);
#5026=AXIS2_PLACEMENT_3D('',#6885,#5695,#5696);
#5027=AXIS2_PLACEMENT_3D('',#6891,#5700,#5701);
#5028=AXIS2_PLACEMENT_3D('',#6892,#5702,#5703);
#5029=AXIS2_PLACEMENT_3D('',#6896,#5705,#5706);
#5030=AXIS2_PLACEMENT_3D('',#6897,#5707,#5708);
#5031=AXIS2_PLACEMENT_3D('',#6903,#5712,#5713);
#5032=AXIS2_PLACEMENT_3D('',#6904,#5714,#5715);
#5033=AXIS2_PLACEMENT_3D('',#6908,#5717,#5718);
#5034=AXIS2_PLACEMENT_3D('',#6909,#5719,#5720);
#5035=AXIS2_PLACEMENT_3D('',#6915,#5724,#5725);
#5036=AXIS2_PLACEMENT_3D('',#6916,#5726,#5727);
#5037=AXIS2_PLACEMENT_3D('',#6920,#5729,#5730);
#5038=AXIS2_PLACEMENT_3D('',#6921,#5731,#5732);
#5039=AXIS2_PLACEMENT_3D('',#6927,#5736,#5737);
#5040=AXIS2_PLACEMENT_3D('',#6928,#5738,#5739);
#5041=AXIS2_PLACEMENT_3D('',#6932,#5741,#5742);
#5042=AXIS2_PLACEMENT_3D('',#6933,#5743,#5744);
#5043=AXIS2_PLACEMENT_3D('',#6939,#5748,#5749);
#5044=AXIS2_PLACEMENT_3D('',#6940,#5750,#5751);
#5045=AXIS2_PLACEMENT_3D('',#6944,#5753,#5754);
#5046=AXIS2_PLACEMENT_3D('',#6945,#5755,#5756);
#5047=AXIS2_PLACEMENT_3D('',#6951,#5760,#5761);
#5048=AXIS2_PLACEMENT_3D('',#6952,#5762,#5763);
#5049=AXIS2_PLACEMENT_3D('',#6956,#5765,#5766);
#5050=AXIS2_PLACEMENT_3D('',#6957,#5767,#5768);
#5051=AXIS2_PLACEMENT_3D('',#6963,#5772,#5773);
#5052=AXIS2_PLACEMENT_3D('',#6969,#5777,#5778);
#5053=AXIS2_PLACEMENT_3D('',#6970,#5779,#5780);
#5054=AXIS2_PLACEMENT_3D('',#6974,#5782,#5783);
#5055=AXIS2_PLACEMENT_3D('',#6975,#5784,#5785);
#5056=AXIS2_PLACEMENT_3D('',#6981,#5789,#5790);
#5057=AXIS2_PLACEMENT_3D('',#6982,#5791,#5792);
#5058=AXIS2_PLACEMENT_3D('',#6986,#5794,#5795);
#5059=AXIS2_PLACEMENT_3D('',#6987,#5796,#5797);
#5060=AXIS2_PLACEMENT_3D('',#6993,#5801,#5802);
#5061=AXIS2_PLACEMENT_3D('',#6999,#5806,#5807);
#5062=AXIS2_PLACEMENT_3D('',#7000,#5808,#5809);
#5063=AXIS2_PLACEMENT_3D('',#7004,#5811,#5812);
#5064=AXIS2_PLACEMENT_3D('',#7005,#5813,#5814);
#5065=AXIS2_PLACEMENT_3D('',#7011,#5818,#5819);
#5066=AXIS2_PLACEMENT_3D('',#7012,#5820,#5821);
#5067=AXIS2_PLACEMENT_3D('',#7016,#5823,#5824);
#5068=AXIS2_PLACEMENT_3D('',#7017,#5825,#5826);
#5069=AXIS2_PLACEMENT_3D('',#7023,#5830,#5831);
#5070=AXIS2_PLACEMENT_3D('',#7024,#5832,#5833);
#5071=AXIS2_PLACEMENT_3D('',#7025,#5834,#5835);
#5072=AXIS2_PLACEMENT_3D('',#7026,#5836,#5837);
#5073=AXIS2_PLACEMENT_3D('',#7027,#5838,#5839);
#5074=AXIS2_PLACEMENT_3D('',#7029,#5840,#5841);
#5075=AXIS2_PLACEMENT_3D('',#7030,#5842,#5843);
#5076=AXIS2_PLACEMENT_3D('',#7031,#5844,#5845);
#5077=AXIS2_PLACEMENT_3D('',#7033,#5846,#5847);
#5078=AXIS2_PLACEMENT_3D('',#7034,#5848,#5849);
#5079=AXIS2_PLACEMENT_3D('',#7035,#5850,#5851);
#5080=AXIS2_PLACEMENT_3D('',#7044,#5856,#5857);
#5081=AXIS2_PLACEMENT_3D('',#7053,#5862,#5863);
#5082=AXIS2_PLACEMENT_3D('',#7062,#5868,#5869);
#5083=AXIS2_PLACEMENT_3D('',#7071,#5874,#5875);
#5084=AXIS2_PLACEMENT_3D('',#7080,#5880,#5881);
#5085=AXIS2_PLACEMENT_3D('',#7089,#5886,#5887);
#5086=AXIS2_PLACEMENT_3D('',#7095,#5891,#5892);
#5087=AXIS2_PLACEMENT_3D('',#7101,#5896,#5897);
#5088=AXIS2_PLACEMENT_3D('',#7107,#5901,#5902);
#5089=AXIS2_PLACEMENT_3D('',#7113,#5906,#5907);
#5090=AXIS2_PLACEMENT_3D('',#7119,#5911,#5912);
#5091=AXIS2_PLACEMENT_3D('',#7125,#5916,#5917);
#5092=AXIS2_PLACEMENT_3D('',#7128,#5920,#5921);
#5093=AXIS2_PLACEMENT_3D('',#7134,#5925,#5926);
#5094=AXIS2_PLACEMENT_3D('',#7140,#5930,#5931);
#5095=AXIS2_PLACEMENT_3D('',#7143,#5934,#5935);
#5096=AXIS2_PLACEMENT_3D('',#7149,#5939,#5940);
#5097=AXIS2_PLACEMENT_3D('',#7155,#5944,#5945);
#5098=AXIS2_PLACEMENT_3D('',#7161,#5949,#5950);
#5099=AXIS2_PLACEMENT_3D('',#7167,#5954,#5955);
#5100=AXIS2_PLACEMENT_3D('',#7173,#5959,#5960);
#5101=AXIS2_PLACEMENT_3D('',#7179,#5964,#5965);
#5102=AXIS2_PLACEMENT_3D('',#7182,#5968,#5969);
#5103=AXIS2_PLACEMENT_3D('',#7191,#5974,#5975);
#5104=AXIS2_PLACEMENT_3D('',#7197,#5979,#5980);
#5105=AXIS2_PLACEMENT_3D('',#7203,#5984,#5985);
#5106=AXIS2_PLACEMENT_3D('',#7209,#5989,#5990);
#5107=AXIS2_PLACEMENT_3D('',#7210,#5991,#5992);
#5108=AXIS2_PLACEMENT_3D('',#7212,#5993,#5994);
#5109=AXIS2_PLACEMENT_3D('',#7214,#5995,#5996);
#5110=AXIS2_PLACEMENT_3D('',#7220,#6000,#6001);
#5111=AXIS2_PLACEMENT_3D('',#7241,#6014,#6015);
#5112=AXIS2_PLACEMENT_3D('',#7246,#6020,#6021);
#5113=AXIS2_PLACEMENT_3D('',#7257,#6027,#6028);
#5114=AXIS2_PLACEMENT_3D('',#7261,#6030,#6031);
#5115=AXIS2_PLACEMENT_3D('',#7265,#6033,#6034);
#5116=AXIS2_PLACEMENT_3D('',#7278,#6041,#6042);
#5117=AXIS2_PLACEMENT_3D('',#7282,#6044,#6045);
#5118=AXIS2_PLACEMENT_3D('',#7286,#6047,#6048);
#5119=AXIS2_PLACEMENT_3D('',#7289,#6050,#6051);
#5120=AXIS2_PLACEMENT_3D('',#7293,#6054,#6055);
#5121=AXIS2_PLACEMENT_3D('',#7297,#6058,#6059);
#5122=AXIS2_PLACEMENT_3D('',#7300,#6061,#6062);
#5123=AXIS2_PLACEMENT_3D('',#7301,#6063,#6064);
#5124=AXIS2_PLACEMENT_3D('',#7305,#6067,#6068);
#5125=AXIS2_PLACEMENT_3D('',#7308,#6070,#6071);
#5126=AXIS2_PLACEMENT_3D('',#7309,#6072,#6073);
#5127=AXIS2_PLACEMENT_3D('',#7313,#6076,#6077);
#5128=AXIS2_PLACEMENT_3D('',#7316,#6079,#6080);
#5129=AXIS2_PLACEMENT_3D('',#7317,#6081,#6082);
#5130=AXIS2_PLACEMENT_3D('',#7321,#6085,#6086);
#5131=AXIS2_PLACEMENT_3D('',#7323,#6088,#6089);
#5132=AXIS2_PLACEMENT_3D('',#7327,#6092,#6093);
#5133=AXIS2_PLACEMENT_3D('',#7331,#6096,#6097);
#5134=AXIS2_PLACEMENT_3D('',#7335,#6100,#6101);
#5135=AXIS2_PLACEMENT_3D('',#7339,#6104,#6105);
#5136=AXIS2_PLACEMENT_3D('',#7342,#6107,#6108);
#5137=AXIS2_PLACEMENT_3D('',#7343,#6109,#6110);
#5138=AXIS2_PLACEMENT_3D('',#7347,#6113,#6114);
#5139=AXIS2_PLACEMENT_3D('',#7350,#6116,#6117);
#5140=AXIS2_PLACEMENT_3D('',#7351,#6118,#6119);
#5141=AXIS2_PLACEMENT_3D('',#7355,#6122,#6123);
#5142=AXIS2_PLACEMENT_3D('',#7358,#6125,#6126);
#5143=AXIS2_PLACEMENT_3D('',#7359,#6127,#6128);
#5144=AXIS2_PLACEMENT_3D('',#7363,#6131,#6132);
#5145=AXIS2_PLACEMENT_3D('',#7367,#6135,#6136);
#5146=AXIS2_PLACEMENT_3D('',#7371,#6139,#6140);
#5147=AXIS2_PLACEMENT_3D('',#7373,#6142,#6143);
#5148=AXIS2_PLACEMENT_3D('',#7374,#6144,#6145);
#5149=AXIS2_PLACEMENT_3D('',#7379,#6148,#6149);
#5150=AXIS2_PLACEMENT_3D('',#7383,#6151,#6152);
#5151=AXIS2_PLACEMENT_3D('',#7387,#6154,#6155);
#5152=AXIS2_PLACEMENT_3D('',#7400,#6162,#6163);
#5153=AXIS2_PLACEMENT_3D('',#7404,#6165,#6166);
#5154=AXIS2_PLACEMENT_3D('',#7408,#6168,#6169);
#5155=AXIS2_PLACEMENT_3D('',#7417,#6174,#6175);
#5156=AXIS2_PLACEMENT_3D('',#7421,#6178,#6179);
#5157=AXIS2_PLACEMENT_3D('',#7425,#6182,#6183);
#5158=AXIS2_PLACEMENT_3D('',#7426,#6184,#6185);
#5159=AXIS2_PLACEMENT_3D('',#7429,#6187,#6188);
#5160=AXIS2_PLACEMENT_3D('',#7433,#6191,#6192);
#5161=AXIS2_PLACEMENT_3D('',#7434,#6193,#6194);
#5162=AXIS2_PLACEMENT_3D('',#7437,#6196,#6197);
#5163=AXIS2_PLACEMENT_3D('',#7441,#6200,#6201);
#5164=AXIS2_PLACEMENT_3D('',#7442,#6202,#6203);
#5165=AXIS2_PLACEMENT_3D('',#7445,#6205,#6206);
#5166=AXIS2_PLACEMENT_3D('',#7449,#6209,#6210);
#5167=AXIS2_PLACEMENT_3D('',#7451,#6212,#6213);
#5168=AXIS2_PLACEMENT_3D('',#7455,#6216,#6217);
#5169=AXIS2_PLACEMENT_3D('',#7459,#6220,#6221);
#5170=AXIS2_PLACEMENT_3D('',#7463,#6224,#6225);
#5171=AXIS2_PLACEMENT_3D('',#7467,#6228,#6229);
#5172=AXIS2_PLACEMENT_3D('',#7468,#6230,#6231);
#5173=AXIS2_PLACEMENT_3D('',#7471,#6233,#6234);
#5174=AXIS2_PLACEMENT_3D('',#7475,#6237,#6238);
#5175=AXIS2_PLACEMENT_3D('',#7476,#6239,#6240);
#5176=AXIS2_PLACEMENT_3D('',#7479,#6242,#6243);
#5177=AXIS2_PLACEMENT_3D('',#7483,#6246,#6247);
#5178=AXIS2_PLACEMENT_3D('',#7484,#6248,#6249);
#5179=AXIS2_PLACEMENT_3D('',#7487,#6251,#6252);
#5180=AXIS2_PLACEMENT_3D('',#7491,#6255,#6256);
#5181=AXIS2_PLACEMENT_3D('',#7495,#6259,#6260);
#5182=AXIS2_PLACEMENT_3D('',#7499,#6263,#6264);
#5183=AXIS2_PLACEMENT_3D('',#7501,#6266,#6267);
#5184=AXIS2_PLACEMENT_3D('',#7502,#6268,#6269);
#5185=AXIS2_PLACEMENT_3D('',#7503,#6270,#6271);
#5186=AXIS2_PLACEMENT_3D('',#7507,#6273,#6274);
#5187=AXIS2_PLACEMENT_3D('',#7511,#6276,#6277);
#5188=AXIS2_PLACEMENT_3D('',#7519,#6281,#6282);
#5189=AXIS2_PLACEMENT_3D('',#7520,#6283,#6284);
#5190=AXIS2_PLACEMENT_3D('',#7524,#6286,#6287);
#5191=AXIS2_PLACEMENT_3D('',#7532,#6291,#6292);
#5192=AXIS2_PLACEMENT_3D('',#7536,#6294,#6295);
#5193=AXIS2_PLACEMENT_3D('',#7537,#6296,#6297);
#5194=AXIS2_PLACEMENT_3D('',#7554,#6299,#6300);
#5195=AXIS2_PLACEMENT_3D('',#7558,#6302,#6303);
#5196=AXIS2_PLACEMENT_3D('',#7564,#6304,#6305);
#5197=AXIS2_PLACEMENT_3D('',#7575,#6306,#6307);
#5198=AXIS2_PLACEMENT_3D('',#7579,#6309,#6310);
#5199=AXIS2_PLACEMENT_3D('',#7591,#6312,#6313);
#5200=AXIS2_PLACEMENT_3D('',#7597,#6317,#6318);
#5201=AXIS2_PLACEMENT_3D('',#7603,#6322,#6323);
#5202=AXIS2_PLACEMENT_3D('',#7606,#6326,#6327);
#5203=AXIS2_PLACEMENT_3D('',#7609,#6330,#6331);
#5204=AXIS2_PLACEMENT_3D('',#7612,#6334,#6335);
#5205=AXIS2_PLACEMENT_3D('',#7613,#6336,#6337);
#5206=AXIS2_PLACEMENT_3D('',#7614,#6338,#6339);
#5207=AXIS2_PLACEMENT_3D('',#7615,#6340,#6341);
#5208=AXIS2_PLACEMENT_3D('',#7617,#6343,#6344);
#5209=AXIS2_PLACEMENT_3D('',#7619,#6346,#6347);
#5210=AXIS2_PLACEMENT_3D('',#7620,#6348,#6349);
#5211=AXIS2_PLACEMENT_3D('',#7622,#6351,#6352);
#5212=AXIS2_PLACEMENT_3D('',#7624,#6354,#6355);
#5213=AXIS2_PLACEMENT_3D('',#7625,#6356,#6357);
#5214=AXIS2_PLACEMENT_3D('',#7626,#6358,#6359);
#5215=AXIS2_PLACEMENT_3D('',#7627,#6360,#6361);
#5216=AXIS2_PLACEMENT_3D('',#7628,#6362,#6363);
#5217=DIRECTION('',(0.,0.,1.));
#5218=DIRECTION('',(1.,0.,0.));
#5219=DIRECTION('',(0.,1.,0.));
#5220=DIRECTION('',(0.,0.,1.));
#5221=DIRECTION('',(0.,-1.,0.));
#5222=DIRECTION('',(0.,0.,-1.));
#5223=DIRECTION('',(0.,-1.,0.));
#5224=DIRECTION('',(0.,0.,-1.));
#5225=DIRECTION('',(0.,-1.,0.));
#5226=DIRECTION('',(0.,0.,-1.));
#5227=DIRECTION('',(0.,0.,-1.));
#5228=DIRECTION('',(1.,0.,0.));
#5229=DIRECTION('',(0.,0.,-1.));
#5230=DIRECTION('',(1.,0.,0.));
#5231=DIRECTION('',(0.,1.,0.));
#5232=DIRECTION('',(1.,0.,0.));
#5233=DIRECTION('',(1.,0.,1.90628953404045E-16));
#5234=DIRECTION('',(0.,0.,-1.));
#5235=DIRECTION('',(1.,0.,0.));
#5236=DIRECTION('',(0.,0.,-1.));
#5237=DIRECTION('',(1.,0.,0.));
#5238=DIRECTION('',(0.,1.,0.));
#5239=DIRECTION('',(1.,0.,0.));
#5240=DIRECTION('',(1.,0.,0.));
#5241=DIRECTION('',(0.,0.,1.));
#5242=DIRECTION('',(1.,0.,0.));
#5243=DIRECTION('',(0.,1.,0.));
#5244=DIRECTION('',(1.,0.,0.));
#5245=DIRECTION('',(-1.,0.,0.));
#5246=DIRECTION('',(0.,0.,1.));
#5247=DIRECTION('',(-1.,0.,0.));
#5248=DIRECTION('',(0.,0.,1.));
#5249=DIRECTION('',(-1.,0.,-1.90628953404045E-16));
#5250=DIRECTION('',(0.,1.,0.));
#5251=DIRECTION('',(1.,0.,0.));
#5252=DIRECTION('',(1.,0.,0.));
#5253=DIRECTION('',(0.,0.,-1.));
#5254=DIRECTION('',(1.,0.,0.));
#5255=DIRECTION('',(1.,0.,0.));
#5256=DIRECTION('',(0.,0.,-1.));
#5257=DIRECTION('',(0.,1.,0.));
#5258=DIRECTION('',(0.,0.,-1.));
#5259=DIRECTION('',(0.,1.,0.));
#5260=DIRECTION('',(-1.,0.,0.));
#5261=DIRECTION('',(0.,0.,1.));
#5262=DIRECTION('',(0.,1.,0.));
#5263=DIRECTION('',(0.,1.,0.));
#5264=DIRECTION('',(0.,0.,1.));
#5265=DIRECTION('',(-1.,0.,0.));
#5266=DIRECTION('',(0.,0.,1.));
#5267=DIRECTION('',(0.,0.,-1.));
#5268=DIRECTION('',(0.,-1.,0.));
#5269=DIRECTION('',(0.,-1.,0.));
#5270=DIRECTION('',(1.,0.,0.));
#5271=DIRECTION('',(0.,0.,-1.));
#5272=DIRECTION('',(0.,-1.,0.));
#5273=DIRECTION('',(0.,0.,1.));
#5274=DIRECTION('',(0.,-1.,0.));
#5275=DIRECTION('',(0.,0.,-1.));
#5276=DIRECTION('',(-1.,0.,0.));
#5277=DIRECTION('',(0.,1.,0.));
#5278=DIRECTION('',(0.,0.,-1.));
#5279=DIRECTION('',(-1.,0.,0.));
#5280=DIRECTION('',(0.,0.,-1.));
#5281=DIRECTION('',(-1.,0.,0.));
#5282=DIRECTION('',(0.,1.,0.));
#5283=DIRECTION('',(-1.,0.,0.));
#5284=DIRECTION('',(0.,1.,0.));
#5285=DIRECTION('',(-1.,0.,0.));
#5286=DIRECTION('',(-0.5,-0.866025403784439,0.));
#5287=DIRECTION('',(-1.,0.,0.));
#5288=DIRECTION('',(-0.5,0.866025403784439,0.));
#5289=DIRECTION('',(-1.,-7.477256361969E-17,0.));
#5290=DIRECTION('',(0.,1.,0.));
#5291=DIRECTION('',(-1.,0.,0.));
#5292=DIRECTION('',(-1.,0.,0.));
#5293=DIRECTION('',(0.,0.,1.));
#5294=DIRECTION('',(0.,1.,0.));
#5295=DIRECTION('',(0.,1.,0.));
#5296=DIRECTION('',(0.,0.,-1.));
#5297=DIRECTION('',(0.,1.,0.));
#5298=DIRECTION('',(0.,0.,1.));
#5299=DIRECTION('',(0.,0.984807753012208,0.17364817766693));
#5300=DIRECTION('',(0.,1.,0.));
#5301=DIRECTION('',(0.,0.,1.));
#5302=DIRECTION('',(0.,-1.,0.));
#5303=DIRECTION('',(0.,-0.984807753012208,0.17364817766693));
#5304=DIRECTION('',(0.,0.,1.));
#5305=DIRECTION('',(0.,0.984807753012208,0.173648177666932));
#5306=DIRECTION('',(0.,1.,0.));
#5307=DIRECTION('',(0.,0.,1.));
#5308=DIRECTION('',(0.,-1.,0.));
#5309=DIRECTION('',(0.,-0.984807753012208,0.173648177666931));
#5310=DIRECTION('',(0.,0.,1.));
#5311=DIRECTION('',(0.,0.,1.));
#5312=DIRECTION('',(0.,0.,1.));
#5313=DIRECTION('',(1.,0.,0.));
#5314=DIRECTION('',(0.,0.,1.));
#5315=DIRECTION('',(1.,0.,0.));
#5316=DIRECTION('',(0.,1.,0.));
#5317=DIRECTION('',(1.,0.,0.));
#5318=DIRECTION('',(0.,1.,0.));
#5319=DIRECTION('',(-1.,-7.477256361969E-17,0.));
#5320=DIRECTION('',(-0.5,0.866025403784439,0.));
#5321=DIRECTION('',(-1.,0.,0.));
#5322=DIRECTION('',(-0.5,-0.866025403784439,0.));
#5323=DIRECTION('',(-1.,0.,0.));
#5324=DIRECTION('',(0.,1.,0.));
#5325=DIRECTION('',(1.,0.,0.));
#5326=DIRECTION('',(0.,0.,1.));
#5327=DIRECTION('',(1.,0.,0.));
#5328=DIRECTION('',(-1.,0.,0.));
#5329=DIRECTION('',(0.,0.,1.));
#5330=DIRECTION('',(0.,0.,1.));
#5331=DIRECTION('',(0.,1.,0.));
#5332=DIRECTION('',(0.,0.,1.));
#5333=DIRECTION('',(0.,0.,1.));
#5334=DIRECTION('',(1.,0.,0.));
#5335=DIRECTION('',(0.5,-0.866025403784439,0.));
#5336=DIRECTION('',(1.,7.477256361969E-17,0.));
#5337=DIRECTION('',(0.,1.,0.));
#5338=DIRECTION('',(1.,0.,0.));
#5339=DIRECTION('',(1.,0.,0.));
#5340=DIRECTION('',(0.5,0.866025403784439,0.));
#5341=DIRECTION('',(1.,0.,0.));
#5342=DIRECTION('',(1.,0.,6.19544098563145E-16));
#5343=DIRECTION('',(6.19544098563145E-16,0.,-1.));
#5344=DIRECTION('',(6.19544098563145E-16,4.63249005250163E-32,-1.));
#5345=DIRECTION('',(6.19544098563145E-16,0.,-1.));
#5346=DIRECTION('',(1.,0.,0.));
#5347=DIRECTION('',(0.,0.,-1.));
#5348=DIRECTION('',(0.,1.,0.));
#5349=DIRECTION('',(0.,0.,-1.));
#5350=DIRECTION('',(0.,1.,0.));
#5351=DIRECTION('',(0.,-1.,0.));
#5352=DIRECTION('',(0.,0.,1.));
#5353=DIRECTION('',(0.,0.,-1.));
#5354=DIRECTION('',(0.,-0.984807753012208,0.173648177666931));
#5355=DIRECTION('',(0.,-1.,0.));
#5356=DIRECTION('',(0.,0.,1.));
#5357=DIRECTION('',(0.,1.,0.));
#5358=DIRECTION('',(0.,0.984807753012208,0.173648177666932));
#5359=DIRECTION('',(0.,0.,-1.));
#5360=DIRECTION('',(0.,-0.984807753012208,0.17364817766693));
#5361=DIRECTION('',(0.,-1.,0.));
#5362=DIRECTION('',(0.,0.,1.));
#5363=DIRECTION('',(0.,1.,0.));
#5364=DIRECTION('',(0.,0.984807753012208,0.17364817766693));
#5365=DIRECTION('',(0.,0.,-1.));
#5366=DIRECTION('',(0.,0.,-1.));
#5367=DIRECTION('',(0.,-1.,0.));
#5368=DIRECTION('',(0.,1.,0.));
#5369=DIRECTION('',(0.,0.,1.));
#5370=DIRECTION('',(1.,0.,0.));
#5371=DIRECTION('',(-1.,0.,0.));
#5372=DIRECTION('',(0.,0.,-1.));
#5373=DIRECTION('',(1.,0.,0.));
#5374=DIRECTION('',(-1.,0.,0.));
#5375=DIRECTION('',(0.,0.,-1.));
#5376=DIRECTION('',(1.,0.,0.));
#5377=DIRECTION('',(0.,0.,-1.));
#5378=DIRECTION('',(-1.,0.,0.));
#5379=DIRECTION('',(0.,0.,1.));
#5380=DIRECTION('',(-1.,0.,0.));
#5381=DIRECTION('',(0.,0.,-1.));
#5382=DIRECTION('',(1.,0.,0.));
#5383=DIRECTION('',(-1.,0.,0.));
#5384=DIRECTION('',(0.,0.,-1.));
#5385=DIRECTION('',(1.,0.,0.));
#5386=DIRECTION('',(0.,0.,-1.));
#5387=DIRECTION('',(0.,0.,1.));
#5388=DIRECTION('',(0.,1.,0.));
#5389=DIRECTION('',(0.,0.,-1.));
#5390=DIRECTION('',(-1.,0.,0.));
#5391=DIRECTION('',(1.,7.477256361969E-17,0.));
#5392=DIRECTION('',(0.5,-0.866025403784439,0.));
#5393=DIRECTION('',(1.,0.,0.));
#5394=DIRECTION('',(0.5,0.866025403784439,0.));
#5395=DIRECTION('',(1.,0.,0.));
#5396=DIRECTION('',(0.,1.,0.));
#5397=DIRECTION('',(-1.,0.,0.));
#5398=DIRECTION('',(0.,0.,1.));
#5399=DIRECTION('',(0.,0.,-1.));
#5400=DIRECTION('',(1.,0.,0.));
#5401=DIRECTION('',(0.,0.,-1.));
#5402=DIRECTION('',(0.,-0.984807753012208,-0.173648177666932));
#5403=DIRECTION('',(0.,-1.,0.));
#5404=DIRECTION('',(0.,0.,-1.));
#5405=DIRECTION('',(0.,1.,0.));
#5406=DIRECTION('',(0.,0.984807753012208,-0.173648177666931));
#5407=DIRECTION('',(0.,0.173648177666931,0.984807753012208));
#5408=DIRECTION('',(0.,-0.984807753012208,0.173648177666931));
#5409=DIRECTION('',(-1.,0.,0.));
#5410=DIRECTION('',(0.,0.173648177666932,-0.984807753012208));
#5411=DIRECTION('',(0.,0.984807753012208,0.173648177666932));
#5412=DIRECTION('',(-1.,0.,0.));
#5413=DIRECTION('',(0.,0.,1.));
#5414=DIRECTION('',(1.,0.,0.));
#5415=DIRECTION('',(-1.,0.,0.));
#5416=DIRECTION('',(0.,1.,0.));
#5417=DIRECTION('',(0.,0.,1.));
#5418=DIRECTION('',(-1.,0.,0.));
#5419=DIRECTION('',(0.,0.,-1.));
#5420=DIRECTION('',(-1.,0.,0.));
#5421=DIRECTION('',(1.,0.,0.));
#5422=DIRECTION('',(0.,0.,-1.));
#5423=DIRECTION('',(0.,-0.984807753012208,-0.17364817766693));
#5424=DIRECTION('',(0.,-1.,0.));
#5425=DIRECTION('',(0.,0.,-1.));
#5426=DIRECTION('',(0.,1.,0.));
#5427=DIRECTION('',(0.,0.984807753012208,-0.17364817766693));
#5428=DIRECTION('',(0.,0.17364817766693,-0.984807753012208));
#5429=DIRECTION('',(0.,0.984807753012208,0.17364817766693));
#5430=DIRECTION('',(-1.,0.,0.));
#5431=DIRECTION('',(0.,0.,-1.));
#5432=DIRECTION('',(-1.,0.,0.));
#5433=DIRECTION('',(-1.,0.,0.));
#5434=DIRECTION('',(0.,1.,0.));
#5435=DIRECTION('',(0.,0.,1.));
#5436=DIRECTION('',(-1.,0.,0.));
#5437=DIRECTION('',(0.,0.,1.));
#5438=DIRECTION('',(1.,0.,0.));
#5439=DIRECTION('',(-1.,0.,0.));
#5440=DIRECTION('',(0.,0.17364817766693,0.984807753012208));
#5441=DIRECTION('',(0.,-0.984807753012208,0.17364817766693));
#5442=DIRECTION('',(0.,-0.173648177666931,-0.984807753012208));
#5443=DIRECTION('',(0.,0.984807753012208,-0.173648177666931));
#5444=DIRECTION('',(1.,0.,0.));
#5445=DIRECTION('',(0.,0.984807753012208,-0.173648177666931));
#5446=DIRECTION('',(0.,0.,-1.));
#5447=DIRECTION('',(-1.,0.,0.));
#5448=DIRECTION('',(1.,0.,0.));
#5449=DIRECTION('',(0.,1.,0.));
#5450=DIRECTION('',(0.,-1.,0.));
#5451=DIRECTION('',(0.,0.,-1.));
#5452=DIRECTION('',(1.,0.,0.));
#5453=DIRECTION('',(0.,0.,-1.));
#5454=DIRECTION('',(0.,0.,1.));
#5455=DIRECTION('',(1.,0.,0.));
#5456=DIRECTION('',(1.,0.,0.));
#5457=DIRECTION('',(0.,-1.,0.));
#5458=DIRECTION('',(0.,-0.173648177666932,0.984807753012208));
#5459=DIRECTION('',(0.,-0.984807753012208,-0.173648177666932));
#5460=DIRECTION('',(0.,-0.984807753012208,-0.173648177666932));
#5461=DIRECTION('',(1.,0.,0.));
#5462=DIRECTION('',(0.,0.,-1.));
#5463=DIRECTION('',(1.,0.,0.));
#5464=DIRECTION('',(0.,0.,-1.));
#5465=DIRECTION('',(0.,0.984807753012208,-0.17364817766693));
#5466=DIRECTION('',(0.,1.,0.));
#5467=DIRECTION('',(0.,0.,-1.));
#5468=DIRECTION('',(0.,-1.,0.));
#5469=DIRECTION('',(0.,-0.984807753012208,-0.17364817766693));
#5470=DIRECTION('',(0.,-0.17364817766693,0.984807753012208));
#5471=DIRECTION('',(0.,-0.984807753012208,-0.17364817766693));
#5472=DIRECTION('',(1.,0.,0.));
#5473=DIRECTION('',(0.,0.,1.));
#5474=DIRECTION('',(1.,0.,0.));
#5475=DIRECTION('',(1.,0.,0.));
#5476=DIRECTION('',(0.,-1.,0.));
#5477=DIRECTION('',(0.,0.,-1.));
#5478=DIRECTION('',(1.,0.,0.));
#5479=DIRECTION('',(0.,0.,-1.));
#5480=DIRECTION('',(-1.,0.,0.));
#5481=DIRECTION('',(1.,0.,0.));
#5482=DIRECTION('',(0.,-0.17364817766693,-0.984807753012208));
#5483=DIRECTION('',(0.,0.984807753012208,-0.17364817766693));
#5484=DIRECTION('',(7.477256361969E-17,-1.,0.));
#5485=DIRECTION('',(1.,7.477256361969E-17,0.));
#5486=DIRECTION('',(0.,0.,-1.));
#5487=DIRECTION('',(-0.866025403784439,-0.5,0.));
#5488=DIRECTION('',(0.5,-0.866025403784439,0.));
#5489=DIRECTION('',(0.,0.,-1.));
#5490=DIRECTION('',(0.,-1.,0.));
#5491=DIRECTION('',(0.,0.,-1.));
#5492=DIRECTION('',(0.,0.,-1.));
#5493=DIRECTION('',(0.866025403784439,-0.5,0.));
#5494=DIRECTION('',(0.5,0.866025403784439,0.));
#5495=DIRECTION('',(0.,0.,-1.));
#5496=DIRECTION('',(0.,-1.,0.));
#5497=DIRECTION('',(0.,0.,-1.));
#5498=DIRECTION('',(-7.477256361969E-17,1.,0.));
#5499=DIRECTION('',(-1.,-7.477256361969E-17,0.));
#5500=DIRECTION('',(0.,0.,1.));
#5501=DIRECTION('',(0.866025403784439,0.5,0.));
#5502=DIRECTION('',(-0.5,0.866025403784439,0.));
#5503=DIRECTION('',(0.,0.,1.));
#5504=DIRECTION('',(0.,1.,0.));
#5505=DIRECTION('',(0.,0.,1.));
#5506=DIRECTION('',(0.,0.,1.));
#5507=DIRECTION('',(-0.866025403784439,0.5,0.));
#5508=DIRECTION('',(-0.5,-0.866025403784439,0.));
#5509=DIRECTION('',(0.,0.,1.));
#5510=DIRECTION('',(0.,1.,0.));
#5511=DIRECTION('',(0.,0.,1.));
#5512=DIRECTION('',(0.,0.,-1.));
#5513=DIRECTION('',(-1.,0.,0.));
#5514=DIRECTION('',(0.,0.,1.));
#5515=DIRECTION('',(1.,0.,0.));
#5516=DIRECTION('',(0.,0.,-1.));
#5517=DIRECTION('',(0.,0.,1.));
#5518=DIRECTION('',(1.,0.,0.));
#5519=DIRECTION('',(0.,-1.,0.));
#5520=DIRECTION('',(-1.,0.,0.));
#5521=DIRECTION('',(0.,0.,1.));
#5522=DIRECTION('',(1.,0.,0.));
#5523=DIRECTION('',(0.,0.,1.));
#5524=DIRECTION('',(1.,0.,0.));
#5525=DIRECTION('',(-1.,0.,-1.08420217248551E-16));
#5526=DIRECTION('',(0.,-1.,0.));
#5527=DIRECTION('',(0.,0.,-1.));
#5528=DIRECTION('',(-1.,0.,0.));
#5529=DIRECTION('',(0.,0.,1.));
#5530=DIRECTION('',(0.,0.,1.));
#5531=DIRECTION('',(1.,0.,0.));
#5532=DIRECTION('',(0.,0.,1.));
#5533=DIRECTION('',(0.,0.,1.));
#5534=DIRECTION('',(1.,0.,0.));
#5535=DIRECTION('',(0.,0.,1.));
#5536=DIRECTION('',(1.,0.,0.));
#5537=DIRECTION('',(1.,0.,0.));
#5538=DIRECTION('',(0.,-1.,0.));
#5539=DIRECTION('',(0.,0.,1.));
#5540=DIRECTION('',(1.,0.,0.));
#5541=DIRECTION('',(0.,-1.,0.));
#5542=DIRECTION('',(1.,0.,1.0842021724855E-16));
#5543=DIRECTION('',(0.,0.,1.));
#5544=DIRECTION('',(1.,0.,0.));
#5545=DIRECTION('',(0.,0.,1.));
#5546=DIRECTION('',(1.,0.,0.));
#5547=DIRECTION('',(0.,0.,1.));
#5548=DIRECTION('',(0.,1.,0.));
#5549=DIRECTION('',(0.,0.,1.));
#5550=DIRECTION('',(-1.,0.,0.));
#5551=DIRECTION('',(0.,1.,0.));
#5552=DIRECTION('',(1.,0.,0.));
#5553=DIRECTION('',(0.,0.,1.));
#5554=DIRECTION('',(1.,0.,0.));
#5555=DIRECTION('',(0.,-1.,0.));
#5556=DIRECTION('',(0.,-1.,0.));
#5557=DIRECTION('',(0.,0.,-1.));
#5558=DIRECTION('',(0.,0.,-1.));
#5559=DIRECTION('',(-1.,0.,0.));
#5560=DIRECTION('',(1.,0.,0.));
#5561=DIRECTION('',(0.,-1.,0.));
#5562=DIRECTION('',(0.,-1.,0.));
#5563=DIRECTION('',(0.,0.,-1.));
#5564=DIRECTION('',(0.,1.,0.));
#5565=DIRECTION('',(1.,0.,0.));
#5566=DIRECTION('',(0.,1.,0.));
#5567=DIRECTION('',(0.,0.,1.));
#5568=DIRECTION('',(0.,1.,0.));
#5569=DIRECTION('',(0.,0.,1.));
#5570=DIRECTION('',(0.,1.,0.));
#5571=DIRECTION('',(1.,0.,0.));
#5572=DIRECTION('',(-1.,0.,-1.90628953404045E-16));
#5573=DIRECTION('',(-1.90628953404045E-16,0.,1.));
#5574=DIRECTION('',(1.,0.,1.90628953404045E-16));
#5575=DIRECTION('',(0.,-1.,0.));
#5576=DIRECTION('',(0.,-1.,0.));
#5577=DIRECTION('',(0.,0.,-1.));
#5578=DIRECTION('',(0.,-1.,0.));
#5579=DIRECTION('',(0.,0.,-1.));
#5580=DIRECTION('',(0.,1.,0.));
#5581=DIRECTION('',(1.,0.,0.));
#5582=DIRECTION('',(0.,-1.,0.));
#5583=DIRECTION('',(1.90628953404045E-16,0.,-1.));
#5584=DIRECTION('',(-1.,0.,-1.90628953404045E-16));
#5585=DIRECTION('',(1.,0.,1.90628953404045E-16));
#5586=DIRECTION('',(0.,1.,0.));
#5587=DIRECTION('',(0.,0.,1.));
#5588=DIRECTION('',(0.,-1.,0.));
#5589=DIRECTION('',(0.,0.,-1.));
#5590=DIRECTION('',(0.,-1.,0.));
#5591=DIRECTION('',(0.,0.,-1.));
#5592=DIRECTION('',(0.,-1.,0.));
#5593=DIRECTION('',(0.,0.,-1.));
#5594=DIRECTION('',(0.,-1.,0.));
#5595=DIRECTION('',(0.,0.,-1.));
#5596=DIRECTION('',(0.,-1.,0.));
#5597=DIRECTION('',(0.,0.,-1.));
#5598=DIRECTION('',(0.,-1.,0.));
#5599=DIRECTION('',(0.,0.,-1.));
#5600=DIRECTION('',(0.,-1.,0.));
#5601=DIRECTION('',(0.,0.,-1.));
#5602=DIRECTION('',(0.,-1.,0.));
#5603=DIRECTION('',(0.,0.,-1.));
#5604=DIRECTION('',(0.,-1.,0.));
#5605=DIRECTION('',(0.,0.,-1.));
#5606=DIRECTION('',(0.,-1.,0.));
#5607=DIRECTION('',(0.,0.,-1.));
#5608=DIRECTION('',(0.,-1.,0.));
#5609=DIRECTION('',(0.,0.,-1.));
#5610=DIRECTION('',(0.,-1.,0.));
#5611=DIRECTION('',(0.,0.,-1.));
#5612=DIRECTION('',(0.,-1.,0.));
#5613=DIRECTION('',(0.,0.,-1.));
#5614=DIRECTION('',(0.998048585650658,-0.0624421386622916,0.));
#5615=DIRECTION('',(0.0624421386622916,0.998048585650658,0.));
#5616=DIRECTION('',(-0.0624421386622916,-0.998048585650658,0.));
#5617=DIRECTION('',(-0.0624421386622916,-0.998048585650658,0.));
#5618=DIRECTION('',(0.,0.,1.));
#5619=DIRECTION('',(1.,0.,0.));
#5620=DIRECTION('',(0.,0.,1.));
#5621=DIRECTION('',(1.,0.,0.));
#5622=DIRECTION('',(0.,0.,1.));
#5623=DIRECTION('',(1.,0.,0.));
#5624=DIRECTION('',(1.,0.,0.));
#5625=DIRECTION('',(0.,0.,-1.));
#5626=DIRECTION('',(0.,0.,1.));
#5627=DIRECTION('',(0.,-1.,0.));
#5628=DIRECTION('',(0.,0.,1.));
#5629=DIRECTION('',(0.,-1.,0.));
#5630=DIRECTION('',(0.,-1.,0.));
#5631=DIRECTION('',(0.,0.,-1.));
#5632=DIRECTION('',(0.,1.,0.));
#5633=DIRECTION('',(1.,0.,0.));
#5634=DIRECTION('',(0.,-1.,0.));
#5635=DIRECTION('',(0.,1.,0.));
#5636=DIRECTION('',(1.,0.,0.));
#5637=DIRECTION('',(0.,0.,-1.));
#5638=DIRECTION('',(-1.,0.,0.));
#5639=DIRECTION('',(1.,0.,0.));
#5640=DIRECTION('',(0.,-1.,0.));
#5641=DIRECTION('',(1.,0.,0.));
#5642=DIRECTION('',(0.,-1.,0.));
#5643=DIRECTION('',(0.,0.,-1.));
#5644=DIRECTION('',(0.,1.,0.));
#5645=DIRECTION('',(1.,0.,0.));
#5646=DIRECTION('',(0.,-1.,0.));
#5647=DIRECTION('',(0.,1.,0.));
#5648=DIRECTION('',(1.,0.,0.));
#5649=DIRECTION('',(1.,0.,0.));
#5650=DIRECTION('',(0.,0.,-1.));
#5651=DIRECTION('',(0.,0.,1.));
#5652=DIRECTION('',(0.,-1.,0.));
#5653=DIRECTION('',(0.,0.,1.));
#5654=DIRECTION('',(0.,-1.,0.));
#5655=DIRECTION('',(0.,0.,-1.));
#5656=DIRECTION('',(0.,1.,0.));
#5657=DIRECTION('',(1.,0.,0.));
#5658=DIRECTION('',(0.,-1.,0.));
#5659=DIRECTION('',(0.,1.,0.));
#5660=DIRECTION('',(1.,0.,0.));
#5661=DIRECTION('',(0.,0.,-1.));
#5662=DIRECTION('',(-1.,0.,0.));
#5663=DIRECTION('',(1.,0.,0.));
#5664=DIRECTION('',(0.,-1.,0.));
#5665=DIRECTION('',(1.,0.,0.));
#5666=DIRECTION('',(1.,0.,0.));
#5667=DIRECTION('',(0.,0.,-1.));
#5668=DIRECTION('',(0.,0.,1.));
#5669=DIRECTION('',(0.,-1.,0.));
#5670=DIRECTION('',(0.,0.,1.));
#5671=DIRECTION('',(0.,-1.,0.));
#5672=DIRECTION('',(0.,0.,-1.));
#5673=DIRECTION('',(0.,1.,0.));
#5674=DIRECTION('',(1.,0.,0.));
#5675=DIRECTION('',(0.,-1.,0.));
#5676=DIRECTION('',(0.,1.,0.));
#5677=DIRECTION('',(1.,0.,0.));
#5678=DIRECTION('',(0.,0.,-1.));
#5679=DIRECTION('',(-1.,0.,0.));
#5680=DIRECTION('',(1.,0.,0.));
#5681=DIRECTION('',(0.,-1.,0.));
#5682=DIRECTION('',(1.,0.,0.));
#5683=DIRECTION('',(0.,-1.,0.));
#5684=DIRECTION('',(0.,0.,-1.));
#5685=DIRECTION('',(0.,1.,0.));
#5686=DIRECTION('',(1.,0.,0.));
#5687=DIRECTION('',(0.,-1.,0.));
#5688=DIRECTION('',(0.,1.,0.));
#5689=DIRECTION('',(1.,0.,0.));
#5690=DIRECTION('',(-1.,0.,0.));
#5691=DIRECTION('',(0.,0.,1.));
#5692=DIRECTION('',(0.,0.,-1.));
#5693=DIRECTION('',(0.,-1.,0.));
#5694=DIRECTION('',(0.,0.,-1.));
#5695=DIRECTION('',(0.,0.,-1.));
#5696=DIRECTION('',(-1.,0.,0.));
#5697=DIRECTION('',(1.,0.,0.));
#5698=DIRECTION('',(0.,-1.,0.));
#5699=DIRECTION('',(1.,0.,0.));
#5700=DIRECTION('',(0.,-1.,0.));
#5701=DIRECTION('',(0.,0.,-1.));
#5702=DIRECTION('',(0.,1.,0.));
#5703=DIRECTION('',(1.,0.,0.));
#5704=DIRECTION('',(0.,-1.,0.));
#5705=DIRECTION('',(0.,1.,0.));
#5706=DIRECTION('',(1.,0.,0.));
#5707=DIRECTION('',(-1.,0.,0.));
#5708=DIRECTION('',(0.,0.,1.));
#5709=DIRECTION('',(0.,0.,-1.));
#5710=DIRECTION('',(0.,-1.,0.));
#5711=DIRECTION('',(0.,0.,-1.));
#5712=DIRECTION('',(0.,-1.,0.));
#5713=DIRECTION('',(0.,0.,-1.));
#5714=DIRECTION('',(0.,1.,0.));
#5715=DIRECTION('',(1.,0.,0.));
#5716=DIRECTION('',(0.,-1.,0.));
#5717=DIRECTION('',(0.,1.,0.));
#5718=DIRECTION('',(1.,0.,0.));
#5719=DIRECTION('',(0.,0.,-1.));
#5720=DIRECTION('',(-1.,0.,0.));
#5721=DIRECTION('',(1.,0.,0.));
#5722=DIRECTION('',(0.,-1.,0.));
#5723=DIRECTION('',(1.,0.,0.));
#5724=DIRECTION('',(0.,-1.,0.));
#5725=DIRECTION('',(0.,0.,-1.));
#5726=DIRECTION('',(0.,1.,0.));
#5727=DIRECTION('',(1.,0.,0.));
#5728=DIRECTION('',(0.,-1.,0.));
#5729=DIRECTION('',(0.,1.,0.));
#5730=DIRECTION('',(1.,0.,0.));
#5731=DIRECTION('',(-1.,0.,0.));
#5732=DIRECTION('',(0.,0.,1.));
#5733=DIRECTION('',(0.,0.,-1.));
#5734=DIRECTION('',(0.,-1.,0.));
#5735=DIRECTION('',(0.,0.,-1.));
#5736=DIRECTION('',(0.,-1.,0.));
#5737=DIRECTION('',(0.,0.,-1.));
#5738=DIRECTION('',(0.,1.,0.));
#5739=DIRECTION('',(1.,0.,0.));
#5740=DIRECTION('',(0.,-1.,0.));
#5741=DIRECTION('',(0.,1.,0.));
#5742=DIRECTION('',(1.,0.,0.));
#5743=DIRECTION('',(0.,0.,1.));
#5744=DIRECTION('',(1.,0.,0.));
#5745=DIRECTION('',(-1.,0.,0.));
#5746=DIRECTION('',(0.,-1.,0.));
#5747=DIRECTION('',(-1.,0.,0.));
#5748=DIRECTION('',(0.,-1.,0.));
#5749=DIRECTION('',(0.,0.,-1.));
#5750=DIRECTION('',(0.,1.,0.));
#5751=DIRECTION('',(1.,0.,0.));
#5752=DIRECTION('',(0.,-1.,0.));
#5753=DIRECTION('',(0.,1.,0.));
#5754=DIRECTION('',(1.,0.,0.));
#5755=DIRECTION('',(-1.,0.,0.));
#5756=DIRECTION('',(0.,0.,1.));
#5757=DIRECTION('',(0.,0.,-1.));
#5758=DIRECTION('',(0.,-1.,0.));
#5759=DIRECTION('',(0.,0.,-1.));
#5760=DIRECTION('',(0.,-1.,0.));
#5761=DIRECTION('',(0.,0.,-1.));
#5762=DIRECTION('',(0.,1.,0.));
#5763=DIRECTION('',(1.,0.,0.));
#5764=DIRECTION('',(0.,-1.,0.));
#5765=DIRECTION('',(0.,1.,0.));
#5766=DIRECTION('',(1.,0.,0.));
#5767=DIRECTION('',(0.,0.,1.));
#5768=DIRECTION('',(1.,0.,0.));
#5769=DIRECTION('',(-1.,0.,0.));
#5770=DIRECTION('',(0.,-1.,0.));
#5771=DIRECTION('',(-1.,0.,0.));
#5772=DIRECTION('',(-1.,0.,0.));
#5773=DIRECTION('',(0.,0.,1.));
#5774=DIRECTION('',(0.,0.,-1.));
#5775=DIRECTION('',(0.,-1.,0.));
#5776=DIRECTION('',(0.,0.,-1.));
#5777=DIRECTION('',(0.,-1.,0.));
#5778=DIRECTION('',(0.,0.,-1.));
#5779=DIRECTION('',(0.,1.,0.));
#5780=DIRECTION('',(1.,0.,0.));
#5781=DIRECTION('',(0.,-1.,0.));
#5782=DIRECTION('',(0.,1.,0.));
#5783=DIRECTION('',(1.,0.,0.));
#5784=DIRECTION('',(0.,0.,1.));
#5785=DIRECTION('',(1.,0.,0.));
#5786=DIRECTION('',(-1.,0.,0.));
#5787=DIRECTION('',(0.,-1.,0.));
#5788=DIRECTION('',(-1.,0.,0.));
#5789=DIRECTION('',(0.,-1.,0.));
#5790=DIRECTION('',(0.,0.,-1.));
#5791=DIRECTION('',(0.,1.,0.));
#5792=DIRECTION('',(1.,0.,0.));
#5793=DIRECTION('',(0.,-1.,0.));
#5794=DIRECTION('',(0.,1.,0.));
#5795=DIRECTION('',(1.,0.,0.));
#5796=DIRECTION('',(1.,0.,0.));
#5797=DIRECTION('',(0.,0.,-1.));
#5798=DIRECTION('',(0.,0.,1.));
#5799=DIRECTION('',(0.,-1.,0.));
#5800=DIRECTION('',(0.,0.,1.));
#5801=DIRECTION('',(0.,0.,1.));
#5802=DIRECTION('',(1.,0.,0.));
#5803=DIRECTION('',(-1.,0.,0.));
#5804=DIRECTION('',(0.,-1.,0.));
#5805=DIRECTION('',(-1.,0.,0.));
#5806=DIRECTION('',(0.,-1.,0.));
#5807=DIRECTION('',(0.,0.,-1.));
#5808=DIRECTION('',(0.,1.,0.));
#5809=DIRECTION('',(1.,0.,0.));
#5810=DIRECTION('',(0.,-1.,0.));
#5811=DIRECTION('',(0.,1.,0.));
#5812=DIRECTION('',(1.,0.,0.));
#5813=DIRECTION('',(1.,0.,0.));
#5814=DIRECTION('',(0.,0.,-1.));
#5815=DIRECTION('',(0.,0.,1.));
#5816=DIRECTION('',(0.,-1.,0.));
#5817=DIRECTION('',(0.,0.,1.));
#5818=DIRECTION('',(0.,-1.,0.));
#5819=DIRECTION('',(0.,0.,-1.));
#5820=DIRECTION('',(0.,1.,0.));
#5821=DIRECTION('',(1.,0.,0.));
#5822=DIRECTION('',(0.,-1.,0.));
#5823=DIRECTION('',(0.,1.,0.));
#5824=DIRECTION('',(1.,0.,0.));
#5825=DIRECTION('',(0.,0.,1.));
#5826=DIRECTION('',(1.,0.,0.));
#5827=DIRECTION('',(-1.,0.,0.));
#5828=DIRECTION('',(0.,-1.,0.));
#5829=DIRECTION('',(-1.,0.,0.));
#5830=DIRECTION('',(0.,-1.,0.));
#5831=DIRECTION('',(0.,0.,-1.));
#5832=DIRECTION('',(0.,1.,0.));
#5833=DIRECTION('',(1.,0.,0.));
#5834=DIRECTION('',(0.,1.,0.));
#5835=DIRECTION('',(1.,0.,0.));
#5836=DIRECTION('',(0.,1.,0.));
#5837=DIRECTION('',(0.,0.,1.));
#5838=DIRECTION('',(0.,1.,0.));
#5839=DIRECTION('',(0.,0.,1.));
#5840=DIRECTION('',(0.,1.,0.));
#5841=DIRECTION('',(0.,0.,1.));
#5842=DIRECTION('',(0.,-1.,0.));
#5843=DIRECTION('',(0.,0.,-1.));
#5844=DIRECTION('',(0.,-1.,0.));
#5845=DIRECTION('',(0.,0.,-1.));
#5846=DIRECTION('',(0.,-1.,0.));
#5847=DIRECTION('',(0.,0.,-1.));
#5848=DIRECTION('',(0.,0.,1.));
#5849=DIRECTION('',(1.,0.,0.));
#5850=DIRECTION('',(-2.84380897701116E-16,0.,1.));
#5851=DIRECTION('',(1.,0.,2.84380897701116E-16));
#5852=DIRECTION('',(-1.,0.,-2.84380897701116E-16));
#5853=DIRECTION('',(0.,1.,0.));
#5854=DIRECTION('',(-1.,0.,-2.84380897701116E-16));
#5855=DIRECTION('',(0.,-1.,0.));
#5856=DIRECTION('',(2.84380897701116E-16,0.,1.));
#5857=DIRECTION('',(1.,0.,-2.84380897701116E-16));
#5858=DIRECTION('',(-1.,0.,2.84380897701116E-16));
#5859=DIRECTION('',(0.,-1.,0.));
#5860=DIRECTION('',(-1.,0.,2.84380897701116E-16));
#5861=DIRECTION('',(0.,-1.,0.));
#5862=DIRECTION('',(0.,0.,-1.));
#5863=DIRECTION('',(-1.,0.,0.));
#5864=DIRECTION('',(0.,-1.,0.));
#5865=DIRECTION('',(1.,0.,0.));
#5866=DIRECTION('',(0.,-1.,0.));
#5867=DIRECTION('',(1.,0.,0.));
#5868=DIRECTION('',(0.,0.,-1.));
#5869=DIRECTION('',(-1.,0.,0.));
#5870=DIRECTION('',(0.,1.,0.));
#5871=DIRECTION('',(1.,0.,0.));
#5872=DIRECTION('',(0.,-1.,0.));
#5873=DIRECTION('',(1.,0.,0.));
#5874=DIRECTION('',(0.,0.,-1.));
#5875=DIRECTION('',(-1.,0.,0.));
#5876=DIRECTION('',(0.,1.,0.));
#5877=DIRECTION('',(1.,0.,0.));
#5878=DIRECTION('',(0.,-1.,0.));
#5879=DIRECTION('',(1.,0.,0.));
#5880=DIRECTION('',(0.,0.,-1.));
#5881=DIRECTION('',(-1.,0.,0.));
#5882=DIRECTION('',(0.,-1.,0.));
#5883=DIRECTION('',(1.,0.,0.));
#5884=DIRECTION('',(0.,-1.,0.));
#5885=DIRECTION('',(1.,0.,0.));
#5886=DIRECTION('',(1.,0.,0.));
#5887=DIRECTION('',(0.,0.,-1.));
#5888=DIRECTION('',(0.,0.,1.));
#5889=DIRECTION('',(0.,-1.,0.));
#5890=DIRECTION('',(0.,0.,1.));
#5891=DIRECTION('',(0.,0.,-1.));
#5892=DIRECTION('',(-1.,0.,0.));
#5893=DIRECTION('',(1.,0.,0.));
#5894=DIRECTION('',(0.,-1.,0.));
#5895=DIRECTION('',(1.,0.,0.));
#5896=DIRECTION('',(1.,0.,0.));
#5897=DIRECTION('',(0.,0.,-1.));
#5898=DIRECTION('',(0.,0.,1.));
#5899=DIRECTION('',(0.,-1.,0.));
#5900=DIRECTION('',(0.,0.,1.));
#5901=DIRECTION('',(0.,0.,1.));
#5902=DIRECTION('',(1.,0.,0.));
#5903=DIRECTION('',(-1.,0.,0.));
#5904=DIRECTION('',(0.,-1.,0.));
#5905=DIRECTION('',(-1.,0.,0.));
#5906=DIRECTION('',(1.,0.,0.));
#5907=DIRECTION('',(0.,0.,-1.));
#5908=DIRECTION('',(0.,0.,1.));
#5909=DIRECTION('',(0.,-1.,0.));
#5910=DIRECTION('',(0.,0.,1.));
#5911=DIRECTION('',(0.,0.,-1.));
#5912=DIRECTION('',(-1.,0.,0.));
#5913=DIRECTION('',(1.,0.,0.));
#5914=DIRECTION('',(0.,-1.,0.));
#5915=DIRECTION('',(1.,0.,0.));
#5916=DIRECTION('',(1.,0.,0.));
#5917=DIRECTION('',(0.,0.,-1.));
#5918=DIRECTION('',(0.,0.,1.));
#5919=DIRECTION('',(0.,0.,1.));
#5920=DIRECTION('',(0.707106781186548,0.,-0.707106781186547));
#5921=DIRECTION('',(-0.707106781186547,0.,-0.707106781186548));
#5922=DIRECTION('',(0.707106781186547,0.,0.707106781186548));
#5923=DIRECTION('',(0.,-1.,0.));
#5924=DIRECTION('',(0.707106781186547,0.,0.707106781186548));
#5925=DIRECTION('',(0.,0.,-1.));
#5926=DIRECTION('',(-1.,0.,0.));
#5927=DIRECTION('',(1.,0.,0.));
#5928=DIRECTION('',(0.,-1.,0.));
#5929=DIRECTION('',(1.,0.,0.));
#5930=DIRECTION('',(-0.707106781186548,0.,-0.707106781186547));
#5931=DIRECTION('',(-0.707106781186547,0.,0.707106781186548));
#5932=DIRECTION('',(0.707106781186547,0.,-0.707106781186548));
#5933=DIRECTION('',(0.707106781186547,0.,-0.707106781186548));
#5934=DIRECTION('',(-1.,0.,0.));
#5935=DIRECTION('',(0.,0.,1.));
#5936=DIRECTION('',(0.,0.,-1.));
#5937=DIRECTION('',(0.,-1.,0.));
#5938=DIRECTION('',(0.,0.,-1.));
#5939=DIRECTION('',(0.,0.,-1.));
#5940=DIRECTION('',(-1.,0.,0.));
#5941=DIRECTION('',(1.,0.,0.));
#5942=DIRECTION('',(0.,-1.,0.));
#5943=DIRECTION('',(1.,0.,0.));
#5944=DIRECTION('',(-1.,0.,0.));
#5945=DIRECTION('',(0.,0.,1.));
#5946=DIRECTION('',(0.,0.,-1.));
#5947=DIRECTION('',(0.,-1.,0.));
#5948=DIRECTION('',(0.,0.,-1.));
#5949=DIRECTION('',(0.,0.,1.));
#5950=DIRECTION('',(1.,0.,0.));
#5951=DIRECTION('',(-1.,0.,0.));
#5952=DIRECTION('',(0.,-1.,0.));
#5953=DIRECTION('',(-1.,0.,0.));
#5954=DIRECTION('',(-1.,0.,0.));
#5955=DIRECTION('',(0.,0.,1.));
#5956=DIRECTION('',(0.,0.,-1.));
#5957=DIRECTION('',(0.,-1.,0.));
#5958=DIRECTION('',(0.,0.,-1.));
#5959=DIRECTION('',(0.,0.,-1.));
#5960=DIRECTION('',(-1.,0.,0.));
#5961=DIRECTION('',(1.,0.,0.));
#5962=DIRECTION('',(0.,-1.,0.));
#5963=DIRECTION('',(1.,0.,0.));
#5964=DIRECTION('',(-1.,0.,0.));
#5965=DIRECTION('',(0.,0.,1.));
#5966=DIRECTION('',(0.,0.,-1.));
#5967=DIRECTION('',(0.,0.,-1.));
#5968=DIRECTION('',(-2.84380897701116E-16,0.,1.));
#5969=DIRECTION('',(1.,0.,2.84380897701116E-16));
#5970=DIRECTION('',(-1.,0.,-2.84380897701116E-16));
#5971=DIRECTION('',(0.,-1.,0.));
#5972=DIRECTION('',(-1.,0.,-2.84380897701116E-16));
#5973=DIRECTION('',(0.,-1.,0.));
#5974=DIRECTION('',(-0.707106781186548,0.,0.707106781186547));
#5975=DIRECTION('',(0.707106781186547,0.,0.707106781186548));
#5976=DIRECTION('',(-0.707106781186547,0.,-0.707106781186548));
#5977=DIRECTION('',(0.,-1.,0.));
#5978=DIRECTION('',(-0.707106781186547,0.,-0.707106781186548));
#5979=DIRECTION('',(0.,0.,1.));
#5980=DIRECTION('',(1.,0.,0.));
#5981=DIRECTION('',(-1.,0.,0.));
#5982=DIRECTION('',(0.,-1.,0.));
#5983=DIRECTION('',(-1.,0.,0.));
#5984=DIRECTION('',(0.707106781186548,0.,0.707106781186547));
#5985=DIRECTION('',(0.707106781186547,0.,-0.707106781186548));
#5986=DIRECTION('',(-0.707106781186547,0.,0.707106781186548));
#5987=DIRECTION('',(0.,-1.,0.));
#5988=DIRECTION('',(-0.707106781186547,0.,0.707106781186548));
#5989=DIRECTION('',(0.,-1.,0.));
#5990=DIRECTION('',(0.,0.,-1.));
#5991=DIRECTION('',(0.,1.,0.));
#5992=DIRECTION('',(1.,0.,0.));
#5993=DIRECTION('',(0.,1.,0.));
#5994=DIRECTION('',(1.,0.,0.));
#5995=DIRECTION('',(2.84380897701116E-16,0.,1.));
#5996=DIRECTION('',(1.,0.,-2.84380897701116E-16));
#5997=DIRECTION('',(-1.,0.,2.84380897701116E-16));
#5998=DIRECTION('',(0.,1.,0.));
#5999=DIRECTION('',(-1.,0.,2.84380897701116E-16));
#6000=DIRECTION('',(0.,1.,0.));
#6001=DIRECTION('',(0.,0.,1.));
#6002=DIRECTION('',(0.,0.,-1.));
#6003=DIRECTION('',(-1.,0.,0.));
#6004=DIRECTION('',(0.,0.,-1.));
#6005=DIRECTION('',(0.,0.,-1.));
#6006=DIRECTION('',(-1.,0.,0.));
#6007=DIRECTION('',(0.,0.,-1.));
#6008=DIRECTION('',(0.,0.,1.));
#6009=DIRECTION('',(-1.,0.,0.));
#6010=DIRECTION('',(0.,0.,1.));
#6011=DIRECTION('',(0.,0.,1.));
#6012=DIRECTION('',(-1.,0.,0.));
#6013=DIRECTION('',(0.,0.,1.));
#6014=DIRECTION('',(0.,1.,0.));
#6015=DIRECTION('',(0.,0.,1.));
#6016=DIRECTION('',(-1.,0.,2.84380897701116E-16));
#6017=DIRECTION('',(-1.,0.,-2.84380897701116E-16));
#6018=DIRECTION('',(1.,0.,0.));
#6019=DIRECTION('',(1.,0.,0.));
#6020=DIRECTION('',(0.,0.,1.));
#6021=DIRECTION('',(1.,0.,0.));
#6022=DIRECTION('',(0.,-1.,0.));
#6023=DIRECTION('',(0.,1.,0.));
#6024=DIRECTION('',(-1.,0.,0.));
#6025=DIRECTION('',(0.,1.,0.));
#6026=DIRECTION('',(0.341880341880342,0.93974349257432,0.));
#6027=DIRECTION('',(0.,0.,1.));
#6028=DIRECTION('',(1.,0.,0.));
#6029=DIRECTION('',(-0.941914707685338,-0.335852174990791,0.));
#6030=DIRECTION('',(0.,0.,1.));
#6031=DIRECTION('',(1.,0.,0.));
#6032=DIRECTION('',(-0.941914707685342,0.335852174990777,0.));
#6033=DIRECTION('',(0.,0.,1.));
#6034=DIRECTION('',(1.,0.,0.));
#6035=DIRECTION('',(0.341880341880331,-0.939743492574324,0.));
#6036=DIRECTION('',(0.,-1.,0.));
#6037=DIRECTION('',(-1.,0.,0.));
#6038=DIRECTION('',(0.,-1.,0.));
#6039=DIRECTION('',(0.,1.,0.));
#6040=DIRECTION('',(0.325657048768035,0.945487962159061,0.));
#6041=DIRECTION('',(0.,0.,1.));
#6042=DIRECTION('',(1.,0.,0.));
#6043=DIRECTION('',(0.939775282027721,-0.341792947981255,0.));
#6044=DIRECTION('',(0.,0.,1.));
#6045=DIRECTION('',(1.,0.,0.));
#6046=DIRECTION('',(0.939775282027723,0.341792947981249,0.));
#6047=DIRECTION('',(0.,0.,1.));
#6048=DIRECTION('',(1.,0.,0.));
#6049=DIRECTION('',(0.325657048768042,-0.945487962159059,0.));
#6050=DIRECTION('',(1.,0.,0.));
#6051=DIRECTION('',(0.,0.,-1.));
#6052=DIRECTION('',(0.,0.,-1.));
#6053=DIRECTION('',(0.,-1.,0.));
#6054=DIRECTION('',(0.945487962159058,0.325657048768042,0.));
#6055=DIRECTION('',(-0.325657048768042,0.945487962159058,0.));
#6056=DIRECTION('',(0.,0.,-1.));
#6057=DIRECTION('',(0.325657048768042,-0.945487962159059,0.));
#6058=DIRECTION('',(0.,0.,-1.));
#6059=DIRECTION('',(-1.,0.,0.));
#6060=DIRECTION('',(0.,0.,-1.));
#6061=DIRECTION('',(0.,0.,1.));
#6062=DIRECTION('',(1.,0.,0.));
#6063=DIRECTION('',(-0.341792947981249,0.939775282027723,0.));
#6064=DIRECTION('',(-0.939775282027724,-0.341792947981249,0.));
#6065=DIRECTION('',(0.,0.,-1.));
#6066=DIRECTION('',(0.939775282027723,0.341792947981249,0.));
#6067=DIRECTION('',(0.,0.,-1.));
#6068=DIRECTION('',(-1.,0.,0.));
#6069=DIRECTION('',(0.,0.,-1.));
#6070=DIRECTION('',(0.,0.,1.));
#6071=DIRECTION('',(1.,0.,0.));
#6072=DIRECTION('',(0.341792947981255,0.939775282027721,0.));
#6073=DIRECTION('',(-0.939775282027722,0.341792947981255,0.));
#6074=DIRECTION('',(0.,0.,-1.));
#6075=DIRECTION('',(0.939775282027721,-0.341792947981255,0.));
#6076=DIRECTION('',(0.,0.,-1.));
#6077=DIRECTION('',(-1.,0.,0.));
#6078=DIRECTION('',(0.,0.,-1.));
#6079=DIRECTION('',(0.,0.,1.));
#6080=DIRECTION('',(1.,0.,0.));
#6081=DIRECTION('',(-0.945487962159061,0.325657048768035,0.));
#6082=DIRECTION('',(-0.325657048768035,-0.945487962159061,0.));
#6083=DIRECTION('',(0.,0.,-1.));
#6084=DIRECTION('',(0.325657048768035,0.945487962159061,0.));
#6085=DIRECTION('',(-1.,0.,0.));
#6086=DIRECTION('',(0.,0.,1.));
#6087=DIRECTION('',(0.,1.,0.));
#6088=DIRECTION('',(1.,0.,0.));
#6089=DIRECTION('',(0.,0.,-1.));
#6090=DIRECTION('',(0.,0.,-1.));
#6091=DIRECTION('',(0.,-1.,0.));
#6092=DIRECTION('',(0.,-1.,0.));
#6093=DIRECTION('',(0.,0.,-1.));
#6094=DIRECTION('',(0.,0.,-1.));
#6095=DIRECTION('',(-1.,0.,0.));
#6096=DIRECTION('',(1.,0.,0.));
#6097=DIRECTION('',(0.,0.,-1.));
#6098=DIRECTION('',(0.,0.,-1.));
#6099=DIRECTION('',(0.,-1.,0.));
#6100=DIRECTION('',(0.939743492574324,0.341880341880331,0.));
#6101=DIRECTION('',(-0.341880341880331,0.939743492574324,0.));
#6102=DIRECTION('',(0.,0.,-1.));
#6103=DIRECTION('',(0.341880341880331,-0.939743492574324,0.));
#6104=DIRECTION('',(0.,0.,-1.));
#6105=DIRECTION('',(-1.,0.,0.));
#6106=DIRECTION('',(0.,0.,-1.));
#6107=DIRECTION('',(0.,0.,1.));
#6108=DIRECTION('',(1.,0.,0.));
#6109=DIRECTION('',(-0.335852174990777,-0.941914707685343,0.));
#6110=DIRECTION('',(0.941914707685343,-0.335852174990777,0.));
#6111=DIRECTION('',(0.,0.,-1.));
#6112=DIRECTION('',(-0.941914707685342,0.335852174990777,0.));
#6113=DIRECTION('',(0.,0.,-1.));
#6114=DIRECTION('',(-1.,0.,0.));
#6115=DIRECTION('',(0.,0.,-1.));
#6116=DIRECTION('',(0.,0.,1.));
#6117=DIRECTION('',(1.,0.,0.));
#6118=DIRECTION('',(0.335852174990791,-0.941914707685338,0.));
#6119=DIRECTION('',(0.941914707685338,0.335852174990791,0.));
#6120=DIRECTION('',(0.,0.,-1.));
#6121=DIRECTION('',(-0.941914707685338,-0.335852174990791,0.));
#6122=DIRECTION('',(0.,0.,-1.));
#6123=DIRECTION('',(-1.,0.,0.));
#6124=DIRECTION('',(0.,0.,-1.));
#6125=DIRECTION('',(0.,0.,1.));
#6126=DIRECTION('',(1.,0.,0.));
#6127=DIRECTION('',(-0.93974349257432,0.341880341880342,0.));
#6128=DIRECTION('',(-0.341880341880342,-0.93974349257432,0.));
#6129=DIRECTION('',(0.,0.,-1.));
#6130=DIRECTION('',(0.341880341880342,0.93974349257432,0.));
#6131=DIRECTION('',(-1.,0.,0.));
#6132=DIRECTION('',(0.,0.,1.));
#6133=DIRECTION('',(0.,0.,-1.));
#6134=DIRECTION('',(0.,1.,0.));
#6135=DIRECTION('',(0.,-1.,0.));
#6136=DIRECTION('',(0.,0.,-1.));
#6137=DIRECTION('',(0.,0.,-1.));
#6138=DIRECTION('',(-1.,0.,0.));
#6139=DIRECTION('',(-1.,0.,0.));
#6140=DIRECTION('',(0.,0.,1.));
#6141=DIRECTION('',(0.,1.,0.));
#6142=DIRECTION('',(0.,0.,1.));
#6143=DIRECTION('',(1.,0.,0.));
#6144=DIRECTION('',(0.,0.,1.));
#6145=DIRECTION('',(1.,0.,0.));
#6146=DIRECTION('',(0.,-1.,0.));
#6147=DIRECTION('',(0.325657048768042,-0.945487962159059,0.));
#6148=DIRECTION('',(0.,0.,1.));
#6149=DIRECTION('',(1.,0.,0.));
#6150=DIRECTION('',(0.939775282027723,0.341792947981249,0.));
#6151=DIRECTION('',(0.,0.,1.));
#6152=DIRECTION('',(1.,0.,0.));
#6153=DIRECTION('',(0.939775282027721,-0.341792947981255,0.));
#6154=DIRECTION('',(0.,0.,1.));
#6155=DIRECTION('',(1.,0.,0.));
#6156=DIRECTION('',(0.325657048768035,0.945487962159061,0.));
#6157=DIRECTION('',(0.,1.,0.));
#6158=DIRECTION('',(0.,-1.,0.));
#6159=DIRECTION('',(-1.,0.,0.));
#6160=DIRECTION('',(0.,-1.,0.));
#6161=DIRECTION('',(0.341880341880331,-0.939743492574324,0.));
#6162=DIRECTION('',(0.,0.,1.));
#6163=DIRECTION('',(1.,0.,0.));
#6164=DIRECTION('',(-0.941914707685342,0.335852174990777,0.));
#6165=DIRECTION('',(0.,0.,1.));
#6166=DIRECTION('',(1.,0.,0.));
#6167=DIRECTION('',(-0.941914707685338,-0.335852174990791,0.));
#6168=DIRECTION('',(0.,0.,1.));
#6169=DIRECTION('',(1.,0.,0.));
#6170=DIRECTION('',(0.341880341880342,0.93974349257432,0.));
#6171=DIRECTION('',(0.,1.,0.));
#6172=DIRECTION('',(-1.,0.,0.));
#6173=DIRECTION('',(0.,1.,0.));
#6174=DIRECTION('',(-1.,0.,0.));
#6175=DIRECTION('',(0.,0.,1.));
#6176=DIRECTION('',(0.,-1.,0.));
#6177=DIRECTION('',(0.,0.,1.));
#6178=DIRECTION('',(-0.945487962159058,-0.325657048768042,0.));
#6179=DIRECTION('',(0.325657048768042,-0.945487962159058,0.));
#6180=DIRECTION('',(0.325657048768042,-0.945487962159059,0.));
#6181=DIRECTION('',(0.,0.,1.));
#6182=DIRECTION('',(0.,0.,1.));
#6183=DIRECTION('',(1.,0.,0.));
#6184=DIRECTION('',(0.,0.,1.));
#6185=DIRECTION('',(1.,0.,0.));
#6186=DIRECTION('',(0.,0.,1.));
#6187=DIRECTION('',(0.341792947981249,-0.939775282027723,0.));
#6188=DIRECTION('',(0.939775282027724,0.341792947981249,0.));
#6189=DIRECTION('',(0.939775282027723,0.341792947981249,0.));
#6190=DIRECTION('',(0.,0.,1.));
#6191=DIRECTION('',(0.,0.,1.));
#6192=DIRECTION('',(1.,0.,0.));
#6193=DIRECTION('',(0.,0.,1.));
#6194=DIRECTION('',(1.,0.,0.));
#6195=DIRECTION('',(0.,0.,1.));
#6196=DIRECTION('',(-0.341792947981255,-0.939775282027721,0.));
#6197=DIRECTION('',(0.939775282027722,-0.341792947981255,0.));
#6198=DIRECTION('',(0.939775282027721,-0.341792947981255,0.));
#6199=DIRECTION('',(0.,0.,1.));
#6200=DIRECTION('',(0.,0.,1.));
#6201=DIRECTION('',(1.,0.,0.));
#6202=DIRECTION('',(0.,0.,1.));
#6203=DIRECTION('',(1.,0.,0.));
#6204=DIRECTION('',(0.,0.,1.));
#6205=DIRECTION('',(0.945487962159061,-0.325657048768035,0.));
#6206=DIRECTION('',(0.325657048768035,0.945487962159061,0.));
#6207=DIRECTION('',(0.325657048768035,0.945487962159061,0.));
#6208=DIRECTION('',(0.,0.,1.));
#6209=DIRECTION('',(1.,0.,0.));
#6210=DIRECTION('',(0.,0.,-1.));
#6211=DIRECTION('',(0.,1.,0.));
#6212=DIRECTION('',(-1.,0.,0.));
#6213=DIRECTION('',(0.,0.,1.));
#6214=DIRECTION('',(0.,-1.,0.));
#6215=DIRECTION('',(0.,0.,1.));
#6216=DIRECTION('',(0.,1.,0.));
#6217=DIRECTION('',(0.,0.,1.));
#6218=DIRECTION('',(-1.,0.,0.));
#6219=DIRECTION('',(0.,0.,1.));
#6220=DIRECTION('',(-1.,0.,0.));
#6221=DIRECTION('',(0.,0.,1.));
#6222=DIRECTION('',(0.,-1.,0.));
#6223=DIRECTION('',(0.,0.,1.));
#6224=DIRECTION('',(-0.939743492574324,-0.341880341880331,0.));
#6225=DIRECTION('',(0.341880341880331,-0.939743492574324,0.));
#6226=DIRECTION('',(0.341880341880331,-0.939743492574324,0.));
#6227=DIRECTION('',(0.,0.,1.));
#6228=DIRECTION('',(0.,0.,1.));
#6229=DIRECTION('',(1.,0.,0.));
#6230=DIRECTION('',(0.,0.,1.));
#6231=DIRECTION('',(1.,0.,0.));
#6232=DIRECTION('',(0.,0.,1.));
#6233=DIRECTION('',(0.335852174990777,0.941914707685343,0.));
#6234=DIRECTION('',(-0.941914707685343,0.335852174990777,0.));
#6235=DIRECTION('',(-0.941914707685342,0.335852174990777,0.));
#6236=DIRECTION('',(0.,0.,1.));
#6237=DIRECTION('',(0.,0.,1.));
#6238=DIRECTION('',(1.,0.,0.));
#6239=DIRECTION('',(0.,0.,1.));
#6240=DIRECTION('',(1.,0.,0.));
#6241=DIRECTION('',(0.,0.,1.));
#6242=DIRECTION('',(-0.335852174990791,0.941914707685338,0.));
#6243=DIRECTION('',(-0.941914707685338,-0.335852174990791,0.));
#6244=DIRECTION('',(-0.941914707685338,-0.335852174990791,0.));
#6245=DIRECTION('',(0.,0.,1.));
#6246=DIRECTION('',(0.,0.,1.));
#6247=DIRECTION('',(1.,0.,0.));
#6248=DIRECTION('',(0.,0.,1.));
#6249=DIRECTION('',(1.,0.,0.));
#6250=DIRECTION('',(0.,0.,1.));
#6251=DIRECTION('',(0.93974349257432,-0.341880341880342,0.));
#6252=DIRECTION('',(0.341880341880342,0.93974349257432,0.));
#6253=DIRECTION('',(0.341880341880342,0.93974349257432,0.));
#6254=DIRECTION('',(0.,0.,1.));
#6255=DIRECTION('',(1.,0.,0.));
#6256=DIRECTION('',(0.,0.,-1.));
#6257=DIRECTION('',(0.,1.,0.));
#6258=DIRECTION('',(0.,0.,1.));
#6259=DIRECTION('',(0.,1.,0.));
#6260=DIRECTION('',(0.,0.,1.));
#6261=DIRECTION('',(-1.,0.,0.));
#6262=DIRECTION('',(0.,0.,1.));
#6263=DIRECTION('',(1.,0.,0.));
#6264=DIRECTION('',(0.,0.,-1.));
#6265=DIRECTION('',(0.,1.,0.));
#6266=DIRECTION('',(0.,0.,1.));
#6267=DIRECTION('',(1.,0.,0.));
#6268=DIRECTION('',(0.,0.,-1.));
#6269=DIRECTION('',(-1.,0.,0.));
#6270=DIRECTION('',(0.,0.,-1.));
#6271=DIRECTION('',(-1.,0.,0.));
#6272=DIRECTION('',(-0.707106781186548,0.707106781186548,0.));
#6273=DIRECTION('',(0.,0.,-1.));
#6274=DIRECTION('',(-1.,0.,0.));
#6275=DIRECTION('',(0.,1.,0.));
#6276=DIRECTION('',(0.,0.,-1.));
#6277=DIRECTION('',(-1.,0.,0.));
#6278=DIRECTION('',(0.,1.,0.));
#6279=DIRECTION('',(1.,6.12323399573677E-17,0.));
#6280=DIRECTION('',(0.,1.,0.));
#6281=DIRECTION('',(0.,0.,-1.));
#6282=DIRECTION('',(-1.,0.,0.));
#6283=DIRECTION('',(0.,0.,1.));
#6284=DIRECTION('',(1.,0.,0.));
#6285=DIRECTION('',(-0.707106781186548,0.707106781186548,0.));
#6286=DIRECTION('',(0.,0.,-1.));
#6287=DIRECTION('',(-1.,0.,0.));
#6288=DIRECTION('',(0.,1.,0.));
#6289=DIRECTION('',(-1.,-6.12323399573677E-17,0.));
#6290=DIRECTION('',(0.,-1.,0.));
#6291=DIRECTION('',(0.,0.,-1.));
#6292=DIRECTION('',(-1.,0.,0.));
#6293=DIRECTION('',(0.,1.,0.));
#6294=DIRECTION('',(0.,0.,-1.));
#6295=DIRECTION('',(-1.,0.,0.));
#6296=DIRECTION('',(0.,0.,-1.));
#6297=DIRECTION('',(-1.,0.,0.));
#6298=DIRECTION('',(0.,0.,1.));
#6299=DIRECTION('',(0.,0.,1.));
#6300=DIRECTION('',(1.,0.,0.));
#6301=DIRECTION('',(0.,0.,1.));
#6302=DIRECTION('',(0.,0.,-1.));
#6303=DIRECTION('',(-1.,0.,0.));
#6304=DIRECTION('',(0.,0.,-1.));
#6305=DIRECTION('',(-1.,0.,0.));
#6306=DIRECTION('',(0.,0.,-1.));
#6307=DIRECTION('',(-1.,0.,0.));
#6308=DIRECTION('',(0.,0.,-1.));
#6309=DIRECTION('',(0.,0.,1.));
#6310=DIRECTION('',(1.,0.,0.));
#6311=DIRECTION('',(0.,0.,-1.));
#6312=DIRECTION('',(0.0523359562429436,0.998629534754574,0.));
#6313=DIRECTION('',(-0.998629534754574,0.0523359562429436,0.));
#6314=DIRECTION('',(-0.998629534754574,0.0523359562429436,0.));
#6315=DIRECTION('',(0.998629534754574,-0.0523359562429436,0.));
#6316=DIRECTION('',(0.,0.,1.));
#6317=DIRECTION('',(-0.0523359562429436,-0.998629534754574,0.));
#6318=DIRECTION('',(0.998629534754574,-0.0523359562429436,0.));
#6319=DIRECTION('',(0.998629534754574,-0.0523359562429436,0.));
#6320=DIRECTION('',(0.,0.,-1.));
#6321=DIRECTION('',(-0.998629534754574,0.0523359562429436,0.));
#6322=DIRECTION('',(-0.998629534754574,0.0523359562429439,0.));
#6323=DIRECTION('',(-0.0523359562429439,-0.998629534754574,0.));
#6324=DIRECTION('',(-0.0523359562429439,-0.998629534754574,0.));
#6325=DIRECTION('',(0.0523359562429439,0.998629534754574,0.));
#6326=DIRECTION('',(-6.12323399573677E-17,1.,0.));
#6327=DIRECTION('',(0.,0.,1.));
#6328=DIRECTION('',(0.,0.,-1.));
#6329=DIRECTION('',(0.,0.,1.));
#6330=DIRECTION('',(0.,0.,-1.));
#6331=DIRECTION('',(-1.,0.,0.));
#6332=DIRECTION('',(0.,0.,-1.));
#6333=DIRECTION('',(0.,0.,-1.));
#6334=DIRECTION('',(-1.,0.,0.));
#6335=DIRECTION('',(0.,0.,1.));
#6336=DIRECTION('',(-1.,0.,0.));
#6337=DIRECTION('',(0.,0.,1.));
#6338=DIRECTION('',(1.,0.,0.));
#6339=DIRECTION('',(0.,0.,-1.));
#6340=DIRECTION('',(0.,0.,1.));
#6341=DIRECTION('',(1.,0.,0.));
#6342=DIRECTION('',(-0.707106781186548,0.707106781186548,0.));
#6343=DIRECTION('',(-0.707106781186548,0.707106781186548,0.));
#6344=DIRECTION('',(-0.707106781186548,-0.707106781186548,0.));
#6345=DIRECTION('',(-0.707106781186548,0.707106781186548,0.));
#6346=DIRECTION('',(-0.707106781186548,0.707106781186548,0.));
#6347=DIRECTION('',(-0.707106781186548,-0.707106781186548,0.));
#6348=DIRECTION('',(-0.707106781186548,0.707106781186548,0.));
#6349=DIRECTION('',(-0.707106781186548,-0.707106781186548,0.));
#6350=DIRECTION('',(-0.707106781186548,0.707106781186548,0.));
#6351=DIRECTION('',(-0.707106781186548,0.707106781186548,0.));
#6352=DIRECTION('',(-0.707106781186548,-0.707106781186548,0.));
#6353=DIRECTION('',(-0.707106781186548,0.707106781186548,0.));
#6354=DIRECTION('',(0.,0.,-1.));
#6355=DIRECTION('',(-1.,0.,0.));
#6356=DIRECTION('',(0.,0.,1.));
#6357=DIRECTION('',(1.,0.,0.));
#6358=DIRECTION('',(0.,0.,1.));
#6359=DIRECTION('',(1.,0.,0.));
#6360=DIRECTION('',(0.,0.,-1.));
#6361=DIRECTION('',(-1.,0.,0.));
#6362=DIRECTION('',(0.,0.,-1.));
#6363=DIRECTION('',(-1.,0.,0.));
#6364=CARTESIAN_POINT('',(0.,0.,0.));
#6365=CARTESIAN_POINT('',(0.,-1.9,0.));
#6366=CARTESIAN_POINT('',(0.,-1.9,0.));
#6367=CARTESIAN_POINT('',(0.,-1.9,-0.75));
#6368=CARTESIAN_POINT('',(-2.,-1.9,0.));
#6369=CARTESIAN_POINT('',(-2.,-1.9,-0.915));
#6370=CARTESIAN_POINT('',(2.,-1.9,0.));
#6371=CARTESIAN_POINT('',(2.,-1.9,-0.765));
#6372=CARTESIAN_POINT('',(3.05,-1.9,0.5));
#6373=CARTESIAN_POINT('',(3.05,-1.9,0.5));
#6374=CARTESIAN_POINT('',(3.05,-1.9,-0.5));
#6375=CARTESIAN_POINT('',(3.05,-1.9,0.5));
#6376=CARTESIAN_POINT('',(3.15,-1.9,0.5));
#6377=CARTESIAN_POINT('',(3.15,-1.9,2.8));
#6378=CARTESIAN_POINT('',(3.15,-1.9,1.435));
#6379=CARTESIAN_POINT('',(0.,-1.9,1.435));
#6380=CARTESIAN_POINT('',(1.725,-1.9,1.435));
#6381=CARTESIAN_POINT('',(1.725,-1.9,1.975));
#6382=CARTESIAN_POINT('',(1.725,-1.9,2.515));
#6383=CARTESIAN_POINT('',(1.725,-1.9,2.515));
#6384=CARTESIAN_POINT('',(2.55,-1.9,2.515));
#6385=CARTESIAN_POINT('',(2.55,-1.9,3.435));
#6386=CARTESIAN_POINT('',(2.55,-1.9,2.8));
#6387=CARTESIAN_POINT('',(-3.15,-1.9,2.8));
#6388=CARTESIAN_POINT('',(-2.55,-1.9,2.8));
#6389=CARTESIAN_POINT('',(-2.55,-1.9,3.435));
#6390=CARTESIAN_POINT('',(-2.55,-1.9,2.515));
#6391=CARTESIAN_POINT('',(-4.,-1.9,2.515));
#6392=CARTESIAN_POINT('',(-1.725,-1.9,2.515));
#6393=CARTESIAN_POINT('',(-1.725,-1.9,1.975));
#6394=CARTESIAN_POINT('',(-1.725,-1.9,1.435));
#6395=CARTESIAN_POINT('',(0.,-1.9,1.435));
#6396=CARTESIAN_POINT('',(-3.15,-1.9,1.435));
#6397=CARTESIAN_POINT('',(-3.15,-1.9,-2.8));
#6398=CARTESIAN_POINT('',(-3.15,-1.9,-1.435));
#6399=CARTESIAN_POINT('',(0.,-1.9,-1.435));
#6400=CARTESIAN_POINT('',(-1.725,-1.9,-1.435));
#6401=CARTESIAN_POINT('',(-1.725,-1.9,-1.975));
#6402=CARTESIAN_POINT('',(-1.725,-1.9,-2.515));
#6403=CARTESIAN_POINT('',(-1.725,-1.9,-2.515));
#6404=CARTESIAN_POINT('',(-2.55,-1.9,-2.515));
#6405=CARTESIAN_POINT('',(-2.55,-1.9,-3.435));
#6406=CARTESIAN_POINT('',(-2.55,-1.9,-2.8));
#6407=CARTESIAN_POINT('',(-1.8,-1.9,-2.8));
#6408=CARTESIAN_POINT('',(2.55,-1.9,-2.8));
#6409=CARTESIAN_POINT('',(2.55,-1.9,-3.435));
#6410=CARTESIAN_POINT('',(2.55,-1.9,-2.515));
#6411=CARTESIAN_POINT('',(4.,-1.9,-2.515));
#6412=CARTESIAN_POINT('',(1.725,-1.9,-2.515));
#6413=CARTESIAN_POINT('',(1.725,-1.9,-1.975));
#6414=CARTESIAN_POINT('',(1.725,-1.9,-1.435));
#6415=CARTESIAN_POINT('',(0.,-1.9,-1.435));
#6416=CARTESIAN_POINT('',(3.15,-1.9,-1.435));
#6417=CARTESIAN_POINT('',(3.15,-1.9,2.8));
#6418=CARTESIAN_POINT('',(3.15,-1.9,-0.5));
#6419=CARTESIAN_POINT('',(3.05,-1.9,-0.5));
#6420=CARTESIAN_POINT('',(2.55,-1.7,3.435));
#6421=CARTESIAN_POINT('',(2.55,-1.7,2.515));
#6422=CARTESIAN_POINT('',(2.55,-1.7,2.515));
#6423=CARTESIAN_POINT('',(2.55,-1.7,3.435));
#6424=CARTESIAN_POINT('',(2.55,-1.7,2.8));
#6425=CARTESIAN_POINT('',(2.55,-1.9,2.8));
#6426=CARTESIAN_POINT('',(2.55,-1.7,-3.435));
#6427=CARTESIAN_POINT('',(2.55,-1.7,-2.515));
#6428=CARTESIAN_POINT('',(2.55,-1.7,-2.515));
#6429=CARTESIAN_POINT('',(2.55,-1.9,-2.8));
#6430=CARTESIAN_POINT('',(2.55,-1.7,-2.8));
#6431=CARTESIAN_POINT('',(2.55,-1.7,-3.435));
#6432=CARTESIAN_POINT('',(-2.55,-1.9,3.435));
#6433=CARTESIAN_POINT('',(-2.55,-1.7,3.435));
#6434=CARTESIAN_POINT('',(-2.55,-1.7,2.8));
#6435=CARTESIAN_POINT('',(-2.55,-1.7,2.515));
#6436=CARTESIAN_POINT('',(-2.55,-1.9,2.515));
#6437=CARTESIAN_POINT('',(-2.55,-1.9,2.8));
#6438=CARTESIAN_POINT('',(-2.55,-1.9,-3.435));
#6439=CARTESIAN_POINT('',(-2.55,-1.9,-2.515));
#6440=CARTESIAN_POINT('',(-2.55,-1.7,-2.515));
#6441=CARTESIAN_POINT('',(-2.55,-1.7,-3.435));
#6442=CARTESIAN_POINT('',(-2.55,-1.7,-2.8));
#6443=CARTESIAN_POINT('',(-2.55,-1.9,-2.8));
#6444=CARTESIAN_POINT('',(3.15,-1.9,-2.8));
#6445=CARTESIAN_POINT('',(3.15,-1.9,-2.8));
#6446=CARTESIAN_POINT('',(3.15,-1.1,-2.8));
#6447=CARTESIAN_POINT('',(3.15,0.,-2.8));
#6448=CARTESIAN_POINT('',(2.55,-1.1,-2.8));
#6449=CARTESIAN_POINT('',(-2.55,-1.1,-2.8));
#6450=CARTESIAN_POINT('',(-3.15,-1.1,-2.8));
#6451=CARTESIAN_POINT('',(-3.15,-1.9,-2.8));
#6452=CARTESIAN_POINT('',(-3.15,0.,-2.8));
#6453=CARTESIAN_POINT('',(-1.8,0.,-2.8));
#6454=CARTESIAN_POINT('',(-1.8,0.,-2.8));
#6455=CARTESIAN_POINT('',(-1.8,-1.9,-2.8));
#6456=CARTESIAN_POINT('',(-1.8,-1.05,-2.8));
#6457=CARTESIAN_POINT('',(-1.1,-1.05,-2.8));
#6458=CARTESIAN_POINT('',(-1.1,-1.05,-2.8));
#6459=CARTESIAN_POINT('',(-0.641583886263437,-0.256,-2.8));
#6460=CARTESIAN_POINT('',(-0.641583886263437,-0.256,-2.8));
#6461=CARTESIAN_POINT('',(0.641583886263437,-0.256,-2.8));
#6462=CARTESIAN_POINT('',(0.641583886263437,-0.256,-2.8));
#6463=CARTESIAN_POINT('',(1.1,-1.05,-2.8));
#6464=CARTESIAN_POINT('',(1.1,-1.05,-2.8));
#6465=CARTESIAN_POINT('',(4.,-1.05,-2.8));
#6466=CARTESIAN_POINT('',(1.8,-1.05,-2.8));
#6467=CARTESIAN_POINT('',(1.8,-1.9,-2.8));
#6468=CARTESIAN_POINT('',(1.8,0.,-2.8));
#6469=CARTESIAN_POINT('',(3.15,0.,-2.8));
#6470=CARTESIAN_POINT('',(-3.15,-1.9,-2.8));
#6471=CARTESIAN_POINT('',(-3.15,-1.9,-1.435));
#6472=CARTESIAN_POINT('',(-3.15,-1.1,-1.435));
#6473=CARTESIAN_POINT('',(-3.15,-1.9,1.435));
#6474=CARTESIAN_POINT('',(-3.15,-1.1,1.435));
#6475=CARTESIAN_POINT('',(-3.15,-1.1,3.435));
#6476=CARTESIAN_POINT('',(-3.15,-1.1,2.8));
#6477=CARTESIAN_POINT('',(-3.15,-1.9,2.8));
#6478=CARTESIAN_POINT('',(-3.15,0.,2.8));
#6479=CARTESIAN_POINT('',(-3.15,0.,-2.8));
#6480=CARTESIAN_POINT('',(-3.15,0.,2.50089746422585));
#6481=CARTESIAN_POINT('',(-3.15,-2.74921484498121,2.01613671129142));
#6482=CARTESIAN_POINT('',(-3.15,-0.714000000000001,2.375));
#6483=CARTESIAN_POINT('',(-3.15,-1.9,2.375));
#6484=CARTESIAN_POINT('',(-3.15,-0.964,2.375));
#6485=CARTESIAN_POINT('',(-3.15,-0.964,-2.8));
#6486=CARTESIAN_POINT('',(-3.15,-0.964,1.625));
#6487=CARTESIAN_POINT('',(-3.15,-1.9,1.625));
#6488=CARTESIAN_POINT('',(-3.15,-0.714,1.625));
#6489=CARTESIAN_POINT('',(-3.15,-1.107518157018,1.69438786848094));
#6490=CARTESIAN_POINT('',(-3.15,3.25260651745651E-16,1.49910253577416));
#6491=CARTESIAN_POINT('',(-3.15,0.,-2.8));
#6492=CARTESIAN_POINT('',(-3.15,4.33680868994202E-16,-1.49910253577416));
#6493=CARTESIAN_POINT('',(-3.15,-2.06517455832988,-1.86324853028041));
#6494=CARTESIAN_POINT('',(-3.15,-0.713999999999983,-1.625));
#6495=CARTESIAN_POINT('',(-3.15,-1.9,-1.625));
#6496=CARTESIAN_POINT('',(-3.15,-0.963999999999983,-1.625));
#6497=CARTESIAN_POINT('',(-3.15,-0.963999999999983,-2.8));
#6498=CARTESIAN_POINT('',(-3.15,-0.963999999999983,-2.375));
#6499=CARTESIAN_POINT('',(-3.15,-1.9,-2.375));
#6500=CARTESIAN_POINT('',(-3.15,-0.713999999999983,-2.375));
#6501=CARTESIAN_POINT('',(-3.15,-1.79155844366934,-2.18499737309087));
#6502=CARTESIAN_POINT('',(-3.15,0.,-2.50089746422584));
#6503=CARTESIAN_POINT('',(-3.15,0.,-2.8));
#6504=CARTESIAN_POINT('',(-3.15,-1.1,-3.435));
#6505=CARTESIAN_POINT('',(1.8,-1.9,2.8));
#6506=CARTESIAN_POINT('',(2.55,-1.1,2.8));
#6507=CARTESIAN_POINT('',(3.15,-1.1,2.8));
#6508=CARTESIAN_POINT('',(3.15,-1.9,2.8));
#6509=CARTESIAN_POINT('',(3.15,0.,2.8));
#6510=CARTESIAN_POINT('',(1.8,0.,2.8));
#6511=CARTESIAN_POINT('',(1.8,0.,2.8));
#6512=CARTESIAN_POINT('',(1.8,-1.9,2.8));
#6513=CARTESIAN_POINT('',(1.8,-1.05,2.8));
#6514=CARTESIAN_POINT('',(4.,-1.05,2.8));
#6515=CARTESIAN_POINT('',(1.1,-1.05,2.8));
#6516=CARTESIAN_POINT('',(1.1,-1.05,2.8));
#6517=CARTESIAN_POINT('',(0.641583886263437,-0.256,2.8));
#6518=CARTESIAN_POINT('',(0.641583886263437,-0.256,2.8));
#6519=CARTESIAN_POINT('',(-0.641583886263437,-0.256,2.8));
#6520=CARTESIAN_POINT('',(-0.641583886263437,-0.256,2.8));
#6521=CARTESIAN_POINT('',(-1.1,-1.05,2.8));
#6522=CARTESIAN_POINT('',(-1.1,-1.05,2.8));
#6523=CARTESIAN_POINT('',(-1.8,-1.05,2.8));
#6524=CARTESIAN_POINT('',(-1.8,-1.9,2.8));
#6525=CARTESIAN_POINT('',(-1.8,0.,2.8));
#6526=CARTESIAN_POINT('',(-3.15,0.,2.8));
#6527=CARTESIAN_POINT('',(-2.55,-1.1,2.8));
#6528=CARTESIAN_POINT('',(-1.8,-1.9,2.8));
#6529=CARTESIAN_POINT('',(-1.8,-1.05,2.8));
#6530=CARTESIAN_POINT('',(-1.8,-1.05,3.15));
#6531=CARTESIAN_POINT('',(-1.8,-1.9,3.15));
#6532=CARTESIAN_POINT('',(-1.8,0.,3.15));
#6533=CARTESIAN_POINT('',(-1.8,0.,2.8));
#6534=CARTESIAN_POINT('',(-1.8,-1.9,3.15));
#6535=CARTESIAN_POINT('',(0.743060796608387,-0.431763164512564,3.15));
#6536=CARTESIAN_POINT('',(0.641583886263437,-0.256,3.15));
#6537=CARTESIAN_POINT('',(1.1,-1.05,3.15));
#6538=CARTESIAN_POINT('',(-1.8,-1.05,3.15));
#6539=CARTESIAN_POINT('',(1.8,-1.05,3.15));
#6540=CARTESIAN_POINT('',(1.8,-1.9,3.15));
#6541=CARTESIAN_POINT('',(1.8,0.,3.15));
#6542=CARTESIAN_POINT('',(-1.8,0.,3.15));
#6543=CARTESIAN_POINT('',(-1.8,-1.05,3.15));
#6544=CARTESIAN_POINT('',(-1.1,-1.05,3.15));
#6545=CARTESIAN_POINT('',(-1.64306079660839,-1.99060889132455,3.15));
#6546=CARTESIAN_POINT('',(-0.641583886263437,-0.256,3.15));
#6547=CARTESIAN_POINT('',(-1.8,-0.256,3.15));
#6548=CARTESIAN_POINT('',(1.8,-1.9,3.15));
#6549=CARTESIAN_POINT('',(1.8,-1.05,3.15));
#6550=CARTESIAN_POINT('',(1.8,0.,3.15));
#6551=CARTESIAN_POINT('',(3.15,-1.9,2.8));
#6552=CARTESIAN_POINT('',(3.15,-1.9,0.5));
#6553=CARTESIAN_POINT('',(3.15,-0.301642533340428,0.5));
#6554=CARTESIAN_POINT('',(3.15,-0.301642533340428,0.5));
#6555=CARTESIAN_POINT('',(3.15,-0.301642533340428,-0.5));
#6556=CARTESIAN_POINT('',(3.15,-1.9,-0.5));
#6557=CARTESIAN_POINT('',(3.15,-1.9,-1.435));
#6558=CARTESIAN_POINT('',(3.15,-1.1,-1.435));
#6559=CARTESIAN_POINT('',(3.15,-1.1,-3.435));
#6560=CARTESIAN_POINT('',(3.15,0.,2.8));
#6561=CARTESIAN_POINT('',(3.15,0.,-2.50089746422584));
#6562=CARTESIAN_POINT('',(3.15,-2.74921484498122,-2.01613671129141));
#6563=CARTESIAN_POINT('',(3.15,-0.713999999999983,-2.375));
#6564=CARTESIAN_POINT('',(3.15,-1.9,-2.375));
#6565=CARTESIAN_POINT('',(3.15,-0.963999999999983,-2.375));
#6566=CARTESIAN_POINT('',(3.15,-0.963999999999983,2.8));
#6567=CARTESIAN_POINT('',(3.15,-0.963999999999983,-1.625));
#6568=CARTESIAN_POINT('',(3.15,-1.9,-1.625));
#6569=CARTESIAN_POINT('',(3.15,-0.713999999999983,-1.625));
#6570=CARTESIAN_POINT('',(3.15,-1.10751815701799,-1.69438786848095));
#6571=CARTESIAN_POINT('',(3.15,0.,-1.49910253577416));
#6572=CARTESIAN_POINT('',(3.15,0.,2.8));
#6573=CARTESIAN_POINT('',(3.15,0.,1.49910253577416));
#6574=CARTESIAN_POINT('',(3.15,-2.06517455832987,1.8632485302804));
#6575=CARTESIAN_POINT('',(3.15,-0.714,1.625));
#6576=CARTESIAN_POINT('',(3.15,-1.9,1.625));
#6577=CARTESIAN_POINT('',(3.15,-0.964,1.625));
#6578=CARTESIAN_POINT('',(3.15,-0.964,2.8));
#6579=CARTESIAN_POINT('',(3.15,-0.964,2.375));
#6580=CARTESIAN_POINT('',(3.15,-1.9,2.375));
#6581=CARTESIAN_POINT('',(3.15,-0.714000000000001,2.375));
#6582=CARTESIAN_POINT('',(3.15,-1.79155844366934,2.18499737309087));
#6583=CARTESIAN_POINT('',(3.15,0.,2.50089746422584));
#6584=CARTESIAN_POINT('',(3.15,0.,2.8));
#6585=CARTESIAN_POINT('',(3.15,-1.1,3.435));
#6586=CARTESIAN_POINT('',(3.15,-1.1,1.435));
#6587=CARTESIAN_POINT('',(3.15,-1.9,1.435));
#6588=CARTESIAN_POINT('',(0.,0.,0.));
#6589=CARTESIAN_POINT('',(0.,0.,2.50089746422584));
#6590=CARTESIAN_POINT('',(-3.1,0.,2.50089746422584));
#6591=CARTESIAN_POINT('',(0.,0.,2.50089746422584));
#6592=CARTESIAN_POINT('',(3.1,0.,2.50089746422584));
#6593=CARTESIAN_POINT('',(3.1,0.,0.));
#6594=CARTESIAN_POINT('',(3.1,-5.42101086242752E-17,1.49910253577416));
#6595=CARTESIAN_POINT('',(0.,0.,1.49910253577416));
#6596=CARTESIAN_POINT('',(0.,0.,-1.49910253577416));
#6597=CARTESIAN_POINT('',(3.1,0.,-1.49910253577416));
#6598=CARTESIAN_POINT('',(3.1,0.,0.));
#6599=CARTESIAN_POINT('',(3.1,0.,-2.50089746422584));
#6600=CARTESIAN_POINT('',(0.,0.,-2.50089746422584));
#6601=CARTESIAN_POINT('',(1.8,0.,-2.8));
#6602=CARTESIAN_POINT('',(1.8,0.,-3.15));
#6603=CARTESIAN_POINT('',(1.8,0.,-3.15));
#6604=CARTESIAN_POINT('',(-1.8,0.,-3.15));
#6605=CARTESIAN_POINT('',(-1.8,0.,-3.15));
#6606=CARTESIAN_POINT('',(0.,0.,-2.50089746422584));
#6607=CARTESIAN_POINT('',(-3.1,0.,-2.50089746422584));
#6608=CARTESIAN_POINT('',(-3.1,0.,0.));
#6609=CARTESIAN_POINT('',(-3.1,0.,-1.49910253577416));
#6610=CARTESIAN_POINT('',(0.,0.,-1.49910253577416));
#6611=CARTESIAN_POINT('',(0.,0.,1.49910253577416));
#6612=CARTESIAN_POINT('',(-3.1,-5.42101086242752E-17,1.49910253577416));
#6613=CARTESIAN_POINT('',(-3.1,0.,0.));
#6614=CARTESIAN_POINT('',(1.8,-1.9,-2.8));
#6615=CARTESIAN_POINT('',(1.8,-1.05,-2.8));
#6616=CARTESIAN_POINT('',(1.8,-1.05,-3.15));
#6617=CARTESIAN_POINT('',(1.8,-1.9,-3.15));
#6618=CARTESIAN_POINT('',(1.8,-1.9,-3.15));
#6619=CARTESIAN_POINT('',(1.8,-1.05,-3.15));
#6620=CARTESIAN_POINT('',(1.1,-1.05,-3.15));
#6621=CARTESIAN_POINT('',(1.64306079660839,-1.99060889132455,-3.15));
#6622=CARTESIAN_POINT('',(0.641583886263437,-0.256,-3.15));
#6623=CARTESIAN_POINT('',(1.8,-0.256,-3.15));
#6624=CARTESIAN_POINT('',(-0.641583886263437,-0.256,-3.15));
#6625=CARTESIAN_POINT('',(-0.743060796608387,-0.431763164512565,-3.15));
#6626=CARTESIAN_POINT('',(-1.1,-1.05,-3.15));
#6627=CARTESIAN_POINT('',(1.8,-1.05,-3.15));
#6628=CARTESIAN_POINT('',(-1.8,-1.05,-3.15));
#6629=CARTESIAN_POINT('',(-1.8,-1.9,-3.15));
#6630=CARTESIAN_POINT('',(-1.8,-1.9,-3.15));
#6631=CARTESIAN_POINT('',(-1.8,-1.05,-3.15));
#6632=CARTESIAN_POINT('',(3.1,0.,0.));
#6633=CARTESIAN_POINT('',(3.1,1.,-1.32277555506569));
#6634=CARTESIAN_POINT('',(3.1,-0.713999999999983,-1.625));
#6635=CARTESIAN_POINT('',(3.1,-0.713999999999983,-1.625));
#6636=CARTESIAN_POINT('',(3.1,-0.963999999999983,-1.625));
#6637=CARTESIAN_POINT('',(3.1,-0.963999999999983,-1.625));
#6638=CARTESIAN_POINT('',(3.1,-0.963999999999983,-2.375));
#6639=CARTESIAN_POINT('',(3.1,-0.963999999999983,-2.375));
#6640=CARTESIAN_POINT('',(3.1,-0.713999999999983,-2.375));
#6641=CARTESIAN_POINT('',(3.1,-0.713999999999983,-2.375));
#6642=CARTESIAN_POINT('',(5.1,-0.713999999999983,-2.375));
#6643=CARTESIAN_POINT('',(5.1,-0.713999999999983,-2.375));
#6644=CARTESIAN_POINT('',(5.1,1.,-1.32277555506569));
#6645=CARTESIAN_POINT('',(5.1,-0.713999999999983,-1.625));
#6646=CARTESIAN_POINT('',(5.1,-0.963999999999983,-2.375));
#6647=CARTESIAN_POINT('',(5.1,-0.963999999999983,-2.375));
#6648=CARTESIAN_POINT('',(5.1,-0.963999999999983,-1.625));
#6649=CARTESIAN_POINT('',(5.1,-0.963999999999983,-1.625));
#6650=CARTESIAN_POINT('',(5.1,-0.713999999999983,-1.625));
#6651=CARTESIAN_POINT('',(3.1,0.,0.));
#6652=CARTESIAN_POINT('',(3.1,2.,2.85355142564277));
#6653=CARTESIAN_POINT('',(3.1,-0.714000000000001,2.375));
#6654=CARTESIAN_POINT('',(3.1,-0.714,2.375));
#6655=CARTESIAN_POINT('',(3.1,-0.964,2.375));
#6656=CARTESIAN_POINT('',(3.1,-0.964,2.375));
#6657=CARTESIAN_POINT('',(3.1,-0.964,1.625));
#6658=CARTESIAN_POINT('',(3.1,-0.964,1.625));
#6659=CARTESIAN_POINT('',(3.1,-0.714,1.625));
#6660=CARTESIAN_POINT('',(3.1,-0.714,1.625));
#6661=CARTESIAN_POINT('',(5.1,2.,2.85355142564277));
#6662=CARTESIAN_POINT('',(5.1,-0.714000000000001,2.375));
#6663=CARTESIAN_POINT('',(5.1,-0.714,2.375));
#6664=CARTESIAN_POINT('',(5.1,-0.964,2.375));
#6665=CARTESIAN_POINT('',(5.1,-0.964,2.375));
#6666=CARTESIAN_POINT('',(5.1,-0.964,1.625));
#6667=CARTESIAN_POINT('',(5.1,-0.964,1.625));
#6668=CARTESIAN_POINT('',(5.1,-0.714,1.625));
#6669=CARTESIAN_POINT('',(5.1,-0.714,1.625));
#6670=CARTESIAN_POINT('',(-5.1,-0.713999999999983,-2.375));
#6671=CARTESIAN_POINT('',(-5.1,-0.713999999999983,-2.375));
#6672=CARTESIAN_POINT('',(-3.1,-0.713999999999983,-2.375));
#6673=CARTESIAN_POINT('',(-3.1,-0.713999999999983,-2.375));
#6674=CARTESIAN_POINT('',(-5.1,-0.963999999999983,-2.375));
#6675=CARTESIAN_POINT('',(-5.1,-0.963999999999983,-2.375));
#6676=CARTESIAN_POINT('',(-3.1,-0.963999999999983,-2.375));
#6677=CARTESIAN_POINT('',(-3.1,-0.963999999999983,-2.375));
#6678=CARTESIAN_POINT('',(-5.1,-0.963999999999983,-1.625));
#6679=CARTESIAN_POINT('',(-5.1,-0.963999999999983,-1.625));
#6680=CARTESIAN_POINT('',(-3.1,-0.963999999999983,-1.625));
#6681=CARTESIAN_POINT('',(-3.1,-0.963999999999983,-1.625));
#6682=CARTESIAN_POINT('',(-5.1,-0.713999999999983,-1.625));
#6683=CARTESIAN_POINT('',(-5.1,-0.713999999999983,-1.625));
#6684=CARTESIAN_POINT('',(-3.1,-0.713999999999983,-1.625));
#6685=CARTESIAN_POINT('',(-3.1,-0.713999999999983,-1.625));
#6686=CARTESIAN_POINT('',(-5.1,1.,-1.32277555506569));
#6687=CARTESIAN_POINT('',(-3.1,1.,-1.32277555506569));
#6688=CARTESIAN_POINT('',(-3.1,0.,0.));
#6689=CARTESIAN_POINT('',(-3.1,0.,0.));
#6690=CARTESIAN_POINT('',(-3.1,-0.714,1.625));
#6691=CARTESIAN_POINT('',(-3.1,-0.714,1.625));
#6692=CARTESIAN_POINT('',(-3.1,-0.964,1.625));
#6693=CARTESIAN_POINT('',(-3.1,-0.964,1.625));
#6694=CARTESIAN_POINT('',(-3.1,-0.964,2.375));
#6695=CARTESIAN_POINT('',(-3.1,-0.964,2.375));
#6696=CARTESIAN_POINT('',(-3.1,-0.714,2.375));
#6697=CARTESIAN_POINT('',(-3.1,-0.714000000000001,2.375));
#6698=CARTESIAN_POINT('',(-3.1,2.,2.85355142564277));
#6699=CARTESIAN_POINT('',(-5.1,2.,2.85355142564277));
#6700=CARTESIAN_POINT('',(-5.1,-0.714000000000001,2.375));
#6701=CARTESIAN_POINT('',(-5.1,-0.714,2.375));
#6702=CARTESIAN_POINT('',(-5.1,-0.964,2.375));
#6703=CARTESIAN_POINT('',(-5.1,-0.964,2.375));
#6704=CARTESIAN_POINT('',(-5.1,-0.964,1.625));
#6705=CARTESIAN_POINT('',(-5.1,-0.964,1.625));
#6706=CARTESIAN_POINT('',(-5.1,-0.714,1.625));
#6707=CARTESIAN_POINT('',(-5.1,-0.714,1.625));
#6708=CARTESIAN_POINT('',(4.,-1.05,4.8));
#6709=CARTESIAN_POINT('',(1.1,-1.05,4.8));
#6710=CARTESIAN_POINT('',(1.1,-1.05,4.8));
#6711=CARTESIAN_POINT('',(0.641583886263437,-0.256,4.8));
#6712=CARTESIAN_POINT('',(0.641583886263437,-0.256,4.8));
#6713=CARTESIAN_POINT('',(-0.641583886263437,-0.256,4.8));
#6714=CARTESIAN_POINT('',(-0.641583886263437,-0.256,4.8));
#6715=CARTESIAN_POINT('',(-1.1,-1.05,4.8));
#6716=CARTESIAN_POINT('',(-1.1,-1.05,4.8));
#6717=CARTESIAN_POINT('',(4.,-1.05,-4.8));
#6718=CARTESIAN_POINT('',(1.1,-1.05,-4.8));
#6719=CARTESIAN_POINT('',(1.1,-1.05,-4.8));
#6720=CARTESIAN_POINT('',(0.641583886263437,-0.256,-4.8));
#6721=CARTESIAN_POINT('',(0.641583886263437,-0.256,-4.8));
#6722=CARTESIAN_POINT('',(-0.641583886263437,-0.256,-4.8));
#6723=CARTESIAN_POINT('',(-0.641583886263437,-0.256,-4.8));
#6724=CARTESIAN_POINT('',(-1.1,-1.05,-4.8));
#6725=CARTESIAN_POINT('',(-1.1,-1.05,-4.8));
#6726=CARTESIAN_POINT('',(-2.55,-1.1,3.435));
#6727=CARTESIAN_POINT('',(-2.55,-1.1,1.435));
#6728=CARTESIAN_POINT('',(-2.55,-1.7,1.435));
#6729=CARTESIAN_POINT('',(-2.55,-1.7,3.435));
#6730=CARTESIAN_POINT('',(2.55,-1.1,1.435));
#6731=CARTESIAN_POINT('',(-1.725,-1.7,1.435));
#6732=CARTESIAN_POINT('',(-1.725,-1.7,1.435));
#6733=CARTESIAN_POINT('',(-1.725,-1.7,1.435));
#6734=CARTESIAN_POINT('',(2.55,-1.1,1.435));
#6735=CARTESIAN_POINT('',(2.55,-1.1,1.435));
#6736=CARTESIAN_POINT('',(2.55,-1.7,1.435));
#6737=CARTESIAN_POINT('',(3.725,-1.7,1.435));
#6738=CARTESIAN_POINT('',(1.725,-1.7,1.435));
#6739=CARTESIAN_POINT('',(1.725,-1.7,1.435));
#6740=CARTESIAN_POINT('',(2.55,-1.1,3.435));
#6741=CARTESIAN_POINT('',(2.55,-1.7,3.435));
#6742=CARTESIAN_POINT('',(-2.55,-1.1,-3.435));
#6743=CARTESIAN_POINT('',(-2.55,-1.7,-3.435));
#6744=CARTESIAN_POINT('',(-2.55,-1.7,-1.435));
#6745=CARTESIAN_POINT('',(-2.55,-1.1,-1.435));
#6746=CARTESIAN_POINT('',(2.55,-1.1,-1.435));
#6747=CARTESIAN_POINT('',(-3.725,-1.7,-1.435));
#6748=CARTESIAN_POINT('',(-1.725,-1.7,-1.435));
#6749=CARTESIAN_POINT('',(-1.725,-1.7,-1.435));
#6750=CARTESIAN_POINT('',(2.55,-1.1,-1.435));
#6751=CARTESIAN_POINT('',(1.725,-1.7,-1.435));
#6752=CARTESIAN_POINT('',(1.725,-1.7,-1.435));
#6753=CARTESIAN_POINT('',(1.725,-1.7,-1.435));
#6754=CARTESIAN_POINT('',(2.55,-1.7,-1.435));
#6755=CARTESIAN_POINT('',(2.55,-1.1,-1.435));
#6756=CARTESIAN_POINT('',(2.55,-1.1,-3.435));
#6757=CARTESIAN_POINT('',(2.55,-1.7,-3.435));
#6758=CARTESIAN_POINT('',(-1.725,-1.7,1.975));
#6759=CARTESIAN_POINT('',(-1.725,-1.7,-2.515));
#6760=CARTESIAN_POINT('',(-1.725,-1.7,-2.515));
#6761=CARTESIAN_POINT('',(-1.725,-1.7,-1.975));
#6762=CARTESIAN_POINT('',(-1.725,-1.7,-2.515));
#6763=CARTESIAN_POINT('',(-1.725,-1.7,-2.515));
#6764=CARTESIAN_POINT('',(-1.725,-1.7,-1.975));
#6765=CARTESIAN_POINT('',(-4.,-1.7,2.515));
#6766=CARTESIAN_POINT('',(-4.,-1.7,2.515));
#6767=CARTESIAN_POINT('',(-1.725,-1.7,2.515));
#6768=CARTESIAN_POINT('',(-1.725,-1.7,2.515));
#6769=CARTESIAN_POINT('',(-1.725,-1.7,1.975));
#6770=CARTESIAN_POINT('',(-1.725,-1.7,1.975));
#6771=CARTESIAN_POINT('',(-1.725,-1.7,1.975));
#6772=CARTESIAN_POINT('',(1.725,-1.7,-1.975));
#6773=CARTESIAN_POINT('',(1.725,-1.7,-1.975));
#6774=CARTESIAN_POINT('',(1.725,-1.7,-2.515));
#6775=CARTESIAN_POINT('',(4.,-1.7,-2.515));
#6776=CARTESIAN_POINT('',(4.,-1.7,-2.515));
#6777=CARTESIAN_POINT('',(1.725,-1.7,-2.515));
#6778=CARTESIAN_POINT('',(1.725,-1.7,-1.975));
#6779=CARTESIAN_POINT('',(1.725,-1.7,1.975));
#6780=CARTESIAN_POINT('',(1.725,-1.7,1.975));
#6781=CARTESIAN_POINT('',(1.725,-1.7,2.515));
#6782=CARTESIAN_POINT('',(1.725,-1.7,2.515));
#6783=CARTESIAN_POINT('',(1.725,-1.7,2.515));
#6784=CARTESIAN_POINT('',(1.725,-1.7,2.515));
#6785=CARTESIAN_POINT('',(1.725,-1.7,-1.975));
#6786=CARTESIAN_POINT('',(2.,-1.3,0.));
#6787=CARTESIAN_POINT('',(2.,-1.3,0.));
#6788=CARTESIAN_POINT('',(2.,-1.3,-0.355));
#6789=CARTESIAN_POINT('',(2.,-1.3,0.));
#6790=CARTESIAN_POINT('',(2.,-1.7,0.));
#6791=CARTESIAN_POINT('',(2.,-1.7,-0.5));
#6792=CARTESIAN_POINT('',(2.5,-1.7,0.));
#6793=CARTESIAN_POINT('',(2.,-1.7,0.));
#6794=CARTESIAN_POINT('',(2.,-1.7,-0.65));
#6795=CARTESIAN_POINT('',(2.,-1.7,0.));
#6796=CARTESIAN_POINT('',(-2.,-1.7,0.));
#6797=CARTESIAN_POINT('',(-2.,-1.7,0.));
#6798=CARTESIAN_POINT('',(-2.,-1.7,-0.8));
#6799=CARTESIAN_POINT('',(-2.,-1.7,0.));
#6800=CARTESIAN_POINT('',(0.,-1.7,0.));
#6801=CARTESIAN_POINT('',(0.,-1.7,0.));
#6802=CARTESIAN_POINT('',(0.,-1.7,-0.75));
#6803=CARTESIAN_POINT('',(0.,-1.9,0.));
#6804=CARTESIAN_POINT('',(3.15,-0.301642533340428,0.5));
#6805=CARTESIAN_POINT('',(3.15,-0.301642533340428,-0.5));
#6806=CARTESIAN_POINT('',(3.15,-0.301642533340428,0.5));
#6807=CARTESIAN_POINT('',(0.,0.,0.5));
#6808=CARTESIAN_POINT('',(0.,0.,-0.5));
#6809=CARTESIAN_POINT('',(0.,0.,0.));
#6810=CARTESIAN_POINT('',(-3.125,0.4,-1.95));
#6811=CARTESIAN_POINT('',(-3.125,0.,-1.95));
#6812=CARTESIAN_POINT('',(-3.125,0.,-1.95));
#6813=CARTESIAN_POINT('',(-3.125,0.,1.95));
#6814=CARTESIAN_POINT('',(-3.125,0.4,1.95));
#6815=CARTESIAN_POINT('',(-3.125,0.4,1.95));
#6816=CARTESIAN_POINT('',(-3.125,0.4,-1.95));
#6817=CARTESIAN_POINT('',(-3.125,0.4,-1.95));
#6818=CARTESIAN_POINT('',(-3.125,0.4,-1.95));
#6819=CARTESIAN_POINT('',(-2.975,0.4,1.95));
#6820=CARTESIAN_POINT('',(-2.975,0.,1.95));
#6821=CARTESIAN_POINT('',(-2.975,0.,2.1));
#6822=CARTESIAN_POINT('',(-2.975,0.4,2.1));
#6823=CARTESIAN_POINT('',(-2.975,0.4,2.1));
#6824=CARTESIAN_POINT('',(-2.975,0.4,1.95));
#6825=CARTESIAN_POINT('',(-2.975,0.4,2.1));
#6826=CARTESIAN_POINT('',(-2.975,0.,2.1));
#6827=CARTESIAN_POINT('',(-2.95,0.,2.1));
#6828=CARTESIAN_POINT('',(-2.95,0.4,2.1));
#6829=CARTESIAN_POINT('',(-2.95,0.4,2.1));
#6830=CARTESIAN_POINT('',(-2.975,0.4,2.1));
#6831=CARTESIAN_POINT('',(-2.95,0.4,2.25));
#6832=CARTESIAN_POINT('',(-2.95,0.,2.25));
#6833=CARTESIAN_POINT('',(-2.8,0.,2.25));
#6834=CARTESIAN_POINT('',(-2.8,0.4,2.25));
#6835=CARTESIAN_POINT('',(-2.8,0.4,2.25));
#6836=CARTESIAN_POINT('',(-2.95,0.4,2.25));
#6837=CARTESIAN_POINT('',(-2.8,0.4,2.25));
#6838=CARTESIAN_POINT('',(-2.8,0.,2.25));
#6839=CARTESIAN_POINT('',(-2.8,0.,2.65));
#6840=CARTESIAN_POINT('',(-2.8,0.4,2.65));
#6841=CARTESIAN_POINT('',(-2.8,0.4,2.65));
#6842=CARTESIAN_POINT('',(-2.8,0.4,2.25));
#6843=CARTESIAN_POINT('',(-2.65,0.4,2.65));
#6844=CARTESIAN_POINT('',(-2.65,0.,2.65));
#6845=CARTESIAN_POINT('',(-2.65,0.,2.8));
#6846=CARTESIAN_POINT('',(-2.65,0.4,2.8));
#6847=CARTESIAN_POINT('',(-2.65,0.4,2.8));
#6848=CARTESIAN_POINT('',(-2.65,0.4,2.65));
#6849=CARTESIAN_POINT('',(-2.65,0.4,2.8));
#6850=CARTESIAN_POINT('',(-2.65,0.,2.8));
#6851=CARTESIAN_POINT('',(-2.05,0.,2.8));
#6852=CARTESIAN_POINT('',(-2.05,0.4,2.8));
#6853=CARTESIAN_POINT('',(-2.05,0.4,2.8));
#6854=CARTESIAN_POINT('',(-2.65,0.4,2.8));
#6855=CARTESIAN_POINT('',(-2.05,0.4,2.8));
#6856=CARTESIAN_POINT('',(-2.05,0.,2.8));
#6857=CARTESIAN_POINT('',(-2.05,0.,2.9725));
#6858=CARTESIAN_POINT('',(-2.05,0.4,2.9725));
#6859=CARTESIAN_POINT('',(-2.05,0.4,2.9725));
#6860=CARTESIAN_POINT('',(-2.05,0.4,2.8));
#6861=CARTESIAN_POINT('',(-1.9,0.4,2.9725));
#6862=CARTESIAN_POINT('',(-1.9,0.,2.9725));
#6863=CARTESIAN_POINT('',(-1.9,0.,3.1225));
#6864=CARTESIAN_POINT('',(-1.9,0.4,3.1225));
#6865=CARTESIAN_POINT('',(-1.9,0.4,3.1225));
#6866=CARTESIAN_POINT('',(-1.9,0.4,2.9725));
#6867=CARTESIAN_POINT('',(-1.9,0.4,3.1225));
#6868=CARTESIAN_POINT('',(-1.9,0.,3.1225));
#6869=CARTESIAN_POINT('',(1.9,0.,3.1225));
#6870=CARTESIAN_POINT('',(1.9,0.4,3.1225));
#6871=CARTESIAN_POINT('',(1.9,0.4,3.1225));
#6872=CARTESIAN_POINT('',(-1.9,0.4,3.1225));
#6873=CARTESIAN_POINT('',(1.9,0.4,2.9725));
#6874=CARTESIAN_POINT('',(1.9,0.,2.9725));
#6875=CARTESIAN_POINT('',(2.05,0.,2.9725));
#6876=CARTESIAN_POINT('',(2.05,0.4,2.9725));
#6877=CARTESIAN_POINT('',(2.05,0.4,2.9725));
#6878=CARTESIAN_POINT('',(1.9,0.4,2.9725));
#6879=CARTESIAN_POINT('',(2.05,0.4,2.9725));
#6880=CARTESIAN_POINT('',(2.05,0.,2.9725));
#6881=CARTESIAN_POINT('',(2.05,0.,2.8));
#6882=CARTESIAN_POINT('',(2.05,0.4,2.8));
#6883=CARTESIAN_POINT('',(2.05,0.4,2.8));
#6884=CARTESIAN_POINT('',(2.05,0.4,2.9725));
#6885=CARTESIAN_POINT('',(2.05,0.4,2.8));
#6886=CARTESIAN_POINT('',(2.05,0.,2.8));
#6887=CARTESIAN_POINT('',(2.65,0.,2.8));
#6888=CARTESIAN_POINT('',(2.65,0.4,2.8));
#6889=CARTESIAN_POINT('',(2.65,0.4,2.8));
#6890=CARTESIAN_POINT('',(2.05,0.4,2.8));
#6891=CARTESIAN_POINT('',(2.65,0.4,2.65));
#6892=CARTESIAN_POINT('',(2.65,0.,2.65));
#6893=CARTESIAN_POINT('',(2.8,0.,2.65));
#6894=CARTESIAN_POINT('',(2.8,0.4,2.65));
#6895=CARTESIAN_POINT('',(2.8,0.4,2.65));
#6896=CARTESIAN_POINT('',(2.65,0.4,2.65));
#6897=CARTESIAN_POINT('',(2.8,0.4,2.65));
#6898=CARTESIAN_POINT('',(2.8,0.,2.65));
#6899=CARTESIAN_POINT('',(2.8,0.,2.25));
#6900=CARTESIAN_POINT('',(2.8,0.4,2.25));
#6901=CARTESIAN_POINT('',(2.8,0.4,2.25));
#6902=CARTESIAN_POINT('',(2.8,0.4,2.65));
#6903=CARTESIAN_POINT('',(2.95,0.4,2.25));
#6904=CARTESIAN_POINT('',(2.95,0.,2.25));
#6905=CARTESIAN_POINT('',(2.95,0.,2.1));
#6906=CARTESIAN_POINT('',(2.95,0.4,2.1));
#6907=CARTESIAN_POINT('',(2.95,0.4,2.1));
#6908=CARTESIAN_POINT('',(2.95,0.4,2.25));
#6909=CARTESIAN_POINT('',(2.95,0.4,2.1));
#6910=CARTESIAN_POINT('',(2.95,0.,2.1));
#6911=CARTESIAN_POINT('',(2.975,0.,2.1));
#6912=CARTESIAN_POINT('',(2.975,0.4,2.1));
#6913=CARTESIAN_POINT('',(2.975,0.4,2.1));
#6914=CARTESIAN_POINT('',(2.95,0.4,2.1));
#6915=CARTESIAN_POINT('',(2.975,0.4,1.95));
#6916=CARTESIAN_POINT('',(2.975,0.,1.95));
#6917=CARTESIAN_POINT('',(3.125,0.,1.95));
#6918=CARTESIAN_POINT('',(3.125,0.4,1.95));
#6919=CARTESIAN_POINT('',(3.125,0.4,1.95));
#6920=CARTESIAN_POINT('',(2.975,0.4,1.95));
#6921=CARTESIAN_POINT('',(3.125,0.4,1.95));
#6922=CARTESIAN_POINT('',(3.125,0.,1.95));
#6923=CARTESIAN_POINT('',(3.125,0.,-1.95));
#6924=CARTESIAN_POINT('',(3.125,0.4,-1.95));
#6925=CARTESIAN_POINT('',(3.125,0.4,-1.95));
#6926=CARTESIAN_POINT('',(3.125,0.4,1.95));
#6927=CARTESIAN_POINT('',(2.975,0.4,-1.95));
#6928=CARTESIAN_POINT('',(2.975,0.,-1.95));
#6929=CARTESIAN_POINT('',(2.975,0.,-2.1));
#6930=CARTESIAN_POINT('',(2.975,0.4,-2.1));
#6931=CARTESIAN_POINT('',(2.975,0.4,-2.1));
#6932=CARTESIAN_POINT('',(2.975,0.4,-1.95));
#6933=CARTESIAN_POINT('',(2.975,0.4,-2.1));
#6934=CARTESIAN_POINT('',(2.975,0.,-2.1));
#6935=CARTESIAN_POINT('',(2.95,0.,-2.1));
#6936=CARTESIAN_POINT('',(2.95,0.4,-2.1));
#6937=CARTESIAN_POINT('',(2.95,0.4,-2.1));
#6938=CARTESIAN_POINT('',(2.975,0.4,-2.1));
#6939=CARTESIAN_POINT('',(2.95,0.4,-2.25));
#6940=CARTESIAN_POINT('',(2.95,0.,-2.25));
#6941=CARTESIAN_POINT('',(2.8,0.,-2.25));
#6942=CARTESIAN_POINT('',(2.8,0.4,-2.25));
#6943=CARTESIAN_POINT('',(2.8,0.4,-2.25));
#6944=CARTESIAN_POINT('',(2.95,0.4,-2.25));
#6945=CARTESIAN_POINT('',(2.8,0.4,-2.25));
#6946=CARTESIAN_POINT('',(2.8,0.,-2.25));
#6947=CARTESIAN_POINT('',(2.8,0.,-2.65));
#6948=CARTESIAN_POINT('',(2.8,0.4,-2.65));
#6949=CARTESIAN_POINT('',(2.8,0.4,-2.65));
#6950=CARTESIAN_POINT('',(2.8,0.4,-2.25));
#6951=CARTESIAN_POINT('',(2.65,0.4,-2.65));
#6952=CARTESIAN_POINT('',(2.65,0.,-2.65));
#6953=CARTESIAN_POINT('',(2.65,0.,-2.8));
#6954=CARTESIAN_POINT('',(2.65,0.4,-2.8));
#6955=CARTESIAN_POINT('',(2.65,0.4,-2.8));
#6956=CARTESIAN_POINT('',(2.65,0.4,-2.65));
#6957=CARTESIAN_POINT('',(2.65,0.4,-2.8));
#6958=CARTESIAN_POINT('',(2.65,0.,-2.8));
#6959=CARTESIAN_POINT('',(2.05,0.,-2.8));
#6960=CARTESIAN_POINT('',(2.05,0.4,-2.8));
#6961=CARTESIAN_POINT('',(2.05,0.4,-2.8));
#6962=CARTESIAN_POINT('',(2.65,0.4,-2.8));
#6963=CARTESIAN_POINT('',(2.05,0.4,-2.8));
#6964=CARTESIAN_POINT('',(2.05,0.,-2.8));
#6965=CARTESIAN_POINT('',(2.05,0.,-2.9725));
#6966=CARTESIAN_POINT('',(2.05,0.4,-2.9725));
#6967=CARTESIAN_POINT('',(2.05,0.4,-2.9725));
#6968=CARTESIAN_POINT('',(2.05,0.4,-2.8));
#6969=CARTESIAN_POINT('',(1.9,0.4,-2.9725));
#6970=CARTESIAN_POINT('',(1.9,0.,-2.9725));
#6971=CARTESIAN_POINT('',(1.9,0.,-3.1225));
#6972=CARTESIAN_POINT('',(1.9,0.4,-3.1225));
#6973=CARTESIAN_POINT('',(1.9,0.4,-3.1225));
#6974=CARTESIAN_POINT('',(1.9,0.4,-2.9725));
#6975=CARTESIAN_POINT('',(1.9,0.4,-3.1225));
#6976=CARTESIAN_POINT('',(1.9,0.,-3.1225));
#6977=CARTESIAN_POINT('',(-1.9,0.,-3.1225));
#6978=CARTESIAN_POINT('',(-1.9,0.4,-3.1225));
#6979=CARTESIAN_POINT('',(-1.9,0.4,-3.1225));
#6980=CARTESIAN_POINT('',(1.9,0.4,-3.1225));
#6981=CARTESIAN_POINT('',(-1.9,0.4,-2.9725));
#6982=CARTESIAN_POINT('',(-1.9,0.,-2.9725));
#6983=CARTESIAN_POINT('',(-2.05,0.,-2.9725));
#6984=CARTESIAN_POINT('',(-2.05,0.4,-2.9725));
#6985=CARTESIAN_POINT('',(-2.05,0.4,-2.9725));
#6986=CARTESIAN_POINT('',(-1.9,0.4,-2.9725));
#6987=CARTESIAN_POINT('',(-2.05,0.4,-2.9725));
#6988=CARTESIAN_POINT('',(-2.05,0.,-2.9725));
#6989=CARTESIAN_POINT('',(-2.05,0.,-2.8));
#6990=CARTESIAN_POINT('',(-2.05,0.4,-2.8));
#6991=CARTESIAN_POINT('',(-2.05,0.4,-2.8));
#6992=CARTESIAN_POINT('',(-2.05,0.4,-2.9725));
#6993=CARTESIAN_POINT('',(-2.05,0.4,-2.8));
#6994=CARTESIAN_POINT('',(-2.05,0.,-2.8));
#6995=CARTESIAN_POINT('',(-2.65,0.,-2.8));
#6996=CARTESIAN_POINT('',(-2.65,0.4,-2.8));
#6997=CARTESIAN_POINT('',(-2.65,0.4,-2.8));
#6998=CARTESIAN_POINT('',(-2.05,0.4,-2.8));
#6999=CARTESIAN_POINT('',(-2.65,0.4,-2.65));
#7000=CARTESIAN_POINT('',(-2.65,0.,-2.65));
#7001=CARTESIAN_POINT('',(-2.8,0.,-2.65));
#7002=CARTESIAN_POINT('',(-2.8,0.4,-2.65));
#7003=CARTESIAN_POINT('',(-2.8,0.4,-2.65));
#7004=CARTESIAN_POINT('',(-2.65,0.4,-2.65));
#7005=CARTESIAN_POINT('',(-2.8,0.4,-2.65));
#7006=CARTESIAN_POINT('',(-2.8,0.,-2.65));
#7007=CARTESIAN_POINT('',(-2.8,0.,-2.25));
#7008=CARTESIAN_POINT('',(-2.8,0.4,-2.25));
#7009=CARTESIAN_POINT('',(-2.8,0.4,-2.25));
#7010=CARTESIAN_POINT('',(-2.8,0.4,-2.65));
#7011=CARTESIAN_POINT('',(-2.95,0.4,-2.25));
#7012=CARTESIAN_POINT('',(-2.95,0.,-2.25));
#7013=CARTESIAN_POINT('',(-2.95,0.,-2.1));
#7014=CARTESIAN_POINT('',(-2.95,0.4,-2.1));
#7015=CARTESIAN_POINT('',(-2.95,0.4,-2.1));
#7016=CARTESIAN_POINT('',(-2.95,0.4,-2.25));
#7017=CARTESIAN_POINT('',(-2.95,0.4,-2.1));
#7018=CARTESIAN_POINT('',(-2.95,0.,-2.1));
#7019=CARTESIAN_POINT('',(-2.975,0.,-2.1));
#7020=CARTESIAN_POINT('',(-2.975,0.4,-2.1));
#7021=CARTESIAN_POINT('',(-2.975,0.4,-2.1));
#7022=CARTESIAN_POINT('',(-2.95,0.4,-2.1));
#7023=CARTESIAN_POINT('',(-2.975,0.4,-1.95));
#7024=CARTESIAN_POINT('',(-2.975,0.,-1.95));
#7025=CARTESIAN_POINT('',(-2.975,0.4,-1.95));
#7026=CARTESIAN_POINT('',(-2.975,0.4,1.95));
#7027=CARTESIAN_POINT('',(0.,0.4,0.));
#7028=CARTESIAN_POINT('',(0.,0.4,1.5048415389835));
#7029=CARTESIAN_POINT('',(-2.975,0.,1.95));
#7030=CARTESIAN_POINT('',(0.,2.4,0.));
#7031=CARTESIAN_POINT('',(0.,2.4,0.));
#7032=CARTESIAN_POINT('',(0.,2.4,-1.435));
#7033=CARTESIAN_POINT('',(0.,2.4,0.));
#7034=CARTESIAN_POINT('',(0.,0.,0.));
#7035=CARTESIAN_POINT('',(3.125,0.2,-2.8125));
#7036=CARTESIAN_POINT('',(3.125,0.,-2.8125));
#7037=CARTESIAN_POINT('',(3.125,0.,-2.8125));
#7038=CARTESIAN_POINT('',(2.705,0.,-2.8125));
#7039=CARTESIAN_POINT('',(2.705,-0.713999999999983,-2.8125));
#7040=CARTESIAN_POINT('',(2.705,0.2,-2.8125));
#7041=CARTESIAN_POINT('',(3.125,0.2,-2.8125));
#7042=CARTESIAN_POINT('',(3.125,0.2,-2.8125));
#7043=CARTESIAN_POINT('',(3.125,0.2,-2.8125));
#7044=CARTESIAN_POINT('',(-1.6,0.2,-2.8125));
#7045=CARTESIAN_POINT('',(-1.6,0.2,-2.8125));
#7046=CARTESIAN_POINT('',(-2.705,0.2,-2.8125));
#7047=CARTESIAN_POINT('',(-3.125,0.2,-2.8125));
#7048=CARTESIAN_POINT('',(-2.705,0.2,-2.8125));
#7049=CARTESIAN_POINT('',(-2.705,0.,-2.8125));
#7050=CARTESIAN_POINT('',(-1.6,0.,-2.8125));
#7051=CARTESIAN_POINT('',(-3.125,0.,-2.8125));
#7052=CARTESIAN_POINT('',(-3.125,0.2,-2.8125));
#7053=CARTESIAN_POINT('',(-3.025,0.2,2.8125));
#7054=CARTESIAN_POINT('',(-2.705,0.2,2.8125));
#7055=CARTESIAN_POINT('',(-2.705,0.2,2.8125));
#7056=CARTESIAN_POINT('',(-2.705,0.,2.8125));
#7057=CARTESIAN_POINT('',(-3.025,0.2,2.8125));
#7058=CARTESIAN_POINT('',(-3.025,0.2,2.8125));
#7059=CARTESIAN_POINT('',(-3.025,0.2,2.8125));
#7060=CARTESIAN_POINT('',(-3.025,0.,2.8125));
#7061=CARTESIAN_POINT('',(-3.025,0.,2.8125));
#7062=CARTESIAN_POINT('',(-3.025,0.2,2.8125));
#7063=CARTESIAN_POINT('',(-2.05,-0.714,2.8125));
#7064=CARTESIAN_POINT('',(-2.05,0.,2.8125));
#7065=CARTESIAN_POINT('',(-2.05,0.2,2.8125));
#7066=CARTESIAN_POINT('',(-3.025,0.,2.8125));
#7067=CARTESIAN_POINT('',(-1.6,0.,2.8125));
#7068=CARTESIAN_POINT('',(-1.6,0.2,2.8125));
#7069=CARTESIAN_POINT('',(-1.6,0.2,2.8125));
#7070=CARTESIAN_POINT('',(-3.025,0.2,2.8125));
#7071=CARTESIAN_POINT('',(1.6,0.2,2.8125));
#7072=CARTESIAN_POINT('',(2.705,-0.713999999999983,2.8125));
#7073=CARTESIAN_POINT('',(2.705,0.,2.8125));
#7074=CARTESIAN_POINT('',(2.705,0.2,2.8125));
#7075=CARTESIAN_POINT('',(1.6,0.,2.8125));
#7076=CARTESIAN_POINT('',(3.025,0.,2.8125));
#7077=CARTESIAN_POINT('',(3.025,0.2,2.8125));
#7078=CARTESIAN_POINT('',(3.025,0.2,2.8125));
#7079=CARTESIAN_POINT('',(1.6,0.2,2.8125));
#7080=CARTESIAN_POINT('',(1.6,0.2,2.8125));
#7081=CARTESIAN_POINT('',(2.05,0.200000000000006,2.8125));
#7082=CARTESIAN_POINT('',(2.05,0.2,2.8125));
#7083=CARTESIAN_POINT('',(2.05,0.,2.8125));
#7084=CARTESIAN_POINT('',(1.6,0.2,2.8125));
#7085=CARTESIAN_POINT('',(1.6,0.2,2.8125));
#7086=CARTESIAN_POINT('',(1.6,0.2,2.8125));
#7087=CARTESIAN_POINT('',(1.6,0.,2.8125));
#7088=CARTESIAN_POINT('',(1.6,0.,2.8125));
#7089=CARTESIAN_POINT('',(-3.125,0.2,-2.8125));
#7090=CARTESIAN_POINT('',(-3.125,0.,-2.8125));
#7091=CARTESIAN_POINT('',(-3.125,0.,1.2125));
#7092=CARTESIAN_POINT('',(-3.125,0.2,1.2125));
#7093=CARTESIAN_POINT('',(-3.125,0.2,1.2125));
#7094=CARTESIAN_POINT('',(-3.125,0.2,-2.8125));
#7095=CARTESIAN_POINT('',(-3.125,0.2,1.2125));
#7096=CARTESIAN_POINT('',(-3.125,0.,1.2125));
#7097=CARTESIAN_POINT('',(-3.025,0.,1.2125));
#7098=CARTESIAN_POINT('',(-3.025,0.2,1.2125));
#7099=CARTESIAN_POINT('',(-3.025,0.2,1.2125));
#7100=CARTESIAN_POINT('',(-3.125,0.2,1.2125));
#7101=CARTESIAN_POINT('',(-3.025,0.2,1.2125));
#7102=CARTESIAN_POINT('',(-3.025,0.,1.2125));
#7103=CARTESIAN_POINT('',(-3.025,0.,2.2125));
#7104=CARTESIAN_POINT('',(-3.025,0.2,2.2125));
#7105=CARTESIAN_POINT('',(-3.025,0.2,2.2125));
#7106=CARTESIAN_POINT('',(-3.025,0.2,1.2125));
#7107=CARTESIAN_POINT('',(-3.025,0.2,2.2125));
#7108=CARTESIAN_POINT('',(-3.025,0.,2.2125));
#7109=CARTESIAN_POINT('',(-3.1,0.,2.2125));
#7110=CARTESIAN_POINT('',(-3.1,0.2,2.2125));
#7111=CARTESIAN_POINT('',(-3.1,0.2,2.2125));
#7112=CARTESIAN_POINT('',(-3.025,0.2,2.2125));
#7113=CARTESIAN_POINT('',(-3.1,0.2,2.2125));
#7114=CARTESIAN_POINT('',(-3.1,0.,2.2125));
#7115=CARTESIAN_POINT('',(-3.1,0.,2.6625));
#7116=CARTESIAN_POINT('',(-3.1,0.2,2.6625));
#7117=CARTESIAN_POINT('',(-3.1,0.2,2.6625));
#7118=CARTESIAN_POINT('',(-3.1,0.2,2.2125));
#7119=CARTESIAN_POINT('',(-3.1,0.2,2.6625));
#7120=CARTESIAN_POINT('',(-3.1,0.,2.6625));
#7121=CARTESIAN_POINT('',(-3.025,0.,2.6625));
#7122=CARTESIAN_POINT('',(-3.025,0.2,2.6625));
#7123=CARTESIAN_POINT('',(-3.025,0.2,2.6625));
#7124=CARTESIAN_POINT('',(-3.1,0.2,2.6625));
#7125=CARTESIAN_POINT('',(-3.025,0.2,2.6625));
#7126=CARTESIAN_POINT('',(-3.025,0.,2.6625));
#7127=CARTESIAN_POINT('',(-3.025,0.2,2.6625));
#7128=CARTESIAN_POINT('',(-1.6,0.2,2.8125));
#7129=CARTESIAN_POINT('',(-1.6,0.,2.8125));
#7130=CARTESIAN_POINT('',(-1.2875,0.,3.125));
#7131=CARTESIAN_POINT('',(-1.2875,0.2,3.125));
#7132=CARTESIAN_POINT('',(-1.2875,0.2,3.125));
#7133=CARTESIAN_POINT('',(-1.6,0.2,2.8125));
#7134=CARTESIAN_POINT('',(-1.2875,0.2,3.125));
#7135=CARTESIAN_POINT('',(-1.2875,0.,3.125));
#7136=CARTESIAN_POINT('',(1.2875,0.,3.125));
#7137=CARTESIAN_POINT('',(1.2875,0.2,3.125));
#7138=CARTESIAN_POINT('',(1.2875,0.2,3.125));
#7139=CARTESIAN_POINT('',(-1.2875,0.2,3.125));
#7140=CARTESIAN_POINT('',(1.2875,0.2,3.125));
#7141=CARTESIAN_POINT('',(1.2875,0.,3.125));
#7142=CARTESIAN_POINT('',(1.2875,0.2,3.125));
#7143=CARTESIAN_POINT('',(3.025,0.2,2.8125));
#7144=CARTESIAN_POINT('',(3.025,0.,2.8125));
#7145=CARTESIAN_POINT('',(3.025,0.,2.6625));
#7146=CARTESIAN_POINT('',(3.025,0.2,2.6625));
#7147=CARTESIAN_POINT('',(3.025,0.2,2.6625));
#7148=CARTESIAN_POINT('',(3.025,0.2,2.8125));
#7149=CARTESIAN_POINT('',(3.025,0.2,2.6625));
#7150=CARTESIAN_POINT('',(3.025,0.,2.6625));
#7151=CARTESIAN_POINT('',(3.1,0.,2.6625));
#7152=CARTESIAN_POINT('',(3.1,0.2,2.6625));
#7153=CARTESIAN_POINT('',(3.1,0.2,2.6625));
#7154=CARTESIAN_POINT('',(3.025,0.2,2.6625));
#7155=CARTESIAN_POINT('',(3.1,0.2,2.6625));
#7156=CARTESIAN_POINT('',(3.1,0.,2.6625));
#7157=CARTESIAN_POINT('',(3.1,0.,2.2125));
#7158=CARTESIAN_POINT('',(3.1,0.2,2.2125));
#7159=CARTESIAN_POINT('',(3.1,0.2,2.2125));
#7160=CARTESIAN_POINT('',(3.1,0.2,2.6625));
#7161=CARTESIAN_POINT('',(3.1,0.2,2.2125));
#7162=CARTESIAN_POINT('',(3.1,0.,2.2125));
#7163=CARTESIAN_POINT('',(3.025,0.,2.2125));
#7164=CARTESIAN_POINT('',(3.025,0.2,2.2125));
#7165=CARTESIAN_POINT('',(3.025,0.2,2.2125));
#7166=CARTESIAN_POINT('',(3.1,0.2,2.2125));
#7167=CARTESIAN_POINT('',(3.025,0.2,2.2125));
#7168=CARTESIAN_POINT('',(3.025,0.,2.2125));
#7169=CARTESIAN_POINT('',(3.025,0.,1.2125));
#7170=CARTESIAN_POINT('',(3.025,0.2,1.2125));
#7171=CARTESIAN_POINT('',(3.025,0.2,1.2125));
#7172=CARTESIAN_POINT('',(3.025,0.2,2.2125));
#7173=CARTESIAN_POINT('',(3.025,0.2,1.2125));
#7174=CARTESIAN_POINT('',(3.025,0.,1.2125));
#7175=CARTESIAN_POINT('',(3.125,0.,1.2125));
#7176=CARTESIAN_POINT('',(3.125,0.2,1.2125));
#7177=CARTESIAN_POINT('',(3.125,0.2,1.2125));
#7178=CARTESIAN_POINT('',(3.025,0.2,1.2125));
#7179=CARTESIAN_POINT('',(3.125,0.2,1.2125));
#7180=CARTESIAN_POINT('',(3.125,0.,1.2125));
#7181=CARTESIAN_POINT('',(3.125,0.2,1.2125));
#7182=CARTESIAN_POINT('',(3.125,0.2,-2.8125));
#7183=CARTESIAN_POINT('',(3.125,0.2,-2.8125));
#7184=CARTESIAN_POINT('',(2.05,0.2,-2.8125));
#7185=CARTESIAN_POINT('',(1.6,0.2,-2.8125));
#7186=CARTESIAN_POINT('',(2.05,0.200000000000006,-2.8125));
#7187=CARTESIAN_POINT('',(2.05,0.,-2.8125));
#7188=CARTESIAN_POINT('',(3.125,0.,-2.8125));
#7189=CARTESIAN_POINT('',(1.6,0.,-2.8125));
#7190=CARTESIAN_POINT('',(1.6,0.2,-2.8125));
#7191=CARTESIAN_POINT('',(1.6,0.2,-2.8125));
#7192=CARTESIAN_POINT('',(1.6,0.,-2.8125));
#7193=CARTESIAN_POINT('',(1.2875,0.,-3.125));
#7194=CARTESIAN_POINT('',(1.2875,0.2,-3.125));
#7195=CARTESIAN_POINT('',(1.2875,0.2,-3.125));
#7196=CARTESIAN_POINT('',(1.6,0.2,-2.8125));
#7197=CARTESIAN_POINT('',(1.2875,0.2,-3.125));
#7198=CARTESIAN_POINT('',(1.2875,0.,-3.125));
#7199=CARTESIAN_POINT('',(-1.2875,0.,-3.125));
#7200=CARTESIAN_POINT('',(-1.2875,0.2,-3.125));
#7201=CARTESIAN_POINT('',(-1.2875,0.2,-3.125));
#7202=CARTESIAN_POINT('',(1.2875,0.2,-3.125));
#7203=CARTESIAN_POINT('',(-1.2875,0.2,-3.125));
#7204=CARTESIAN_POINT('',(-1.2875,0.,-3.125));
#7205=CARTESIAN_POINT('',(-1.6,0.,-2.8125));
#7206=CARTESIAN_POINT('',(-1.6,0.2,-2.8125));
#7207=CARTESIAN_POINT('',(-1.6,0.2,-2.8125));
#7208=CARTESIAN_POINT('',(-1.2875,0.2,-3.125));
#7209=CARTESIAN_POINT('',(0.,0.2,0.));
#7210=CARTESIAN_POINT('',(0.,0.2,0.));
#7211=CARTESIAN_POINT('',(1.64,0.2,0.));
#7212=CARTESIAN_POINT('',(0.,0.,0.));
#7213=CARTESIAN_POINT('',(1.64,0.,0.));
#7214=CARTESIAN_POINT('',(-1.6,0.2,-2.8125));
#7215=CARTESIAN_POINT('',(-1.6,0.,-2.8125));
#7216=CARTESIAN_POINT('',(-2.05,0.,-2.8125));
#7217=CARTESIAN_POINT('',(-2.05,-0.714,-2.8125));
#7218=CARTESIAN_POINT('',(-2.05,0.2,-2.8125));
#7219=CARTESIAN_POINT('',(-1.6,0.2,-2.8125));
#7220=CARTESIAN_POINT('',(0.,0.2,0.));
#7221=CARTESIAN_POINT('',(-2.705,0.2,3.0125));
#7222=CARTESIAN_POINT('',(-2.705,0.2,3.0125));
#7223=CARTESIAN_POINT('',(-2.05,0.2,3.0125));
#7224=CARTESIAN_POINT('',(-2.05,0.2,3.0125));
#7225=CARTESIAN_POINT('',(-2.05,0.2,3.0125));
#7226=CARTESIAN_POINT('',(2.05,0.200000000000006,3.0125));
#7227=CARTESIAN_POINT('',(2.05,0.200000000000006,3.0125));
#7228=CARTESIAN_POINT('',(2.705,0.200000000000006,3.0125));
#7229=CARTESIAN_POINT('',(2.705,0.200000000000006,3.0125));
#7230=CARTESIAN_POINT('',(2.705,0.200000000000006,3.0125));
#7231=CARTESIAN_POINT('',(2.705,0.200000000000006,-3.0125));
#7232=CARTESIAN_POINT('',(2.705,0.200000000000006,-3.0125));
#7233=CARTESIAN_POINT('',(2.705,0.200000000000006,-3.0125));
#7234=CARTESIAN_POINT('',(2.05,0.200000000000006,-3.0125));
#7235=CARTESIAN_POINT('',(2.05,0.200000000000006,-3.0125));
#7236=CARTESIAN_POINT('',(-2.05,0.2,-3.0125));
#7237=CARTESIAN_POINT('',(-2.05,0.2,-3.0125));
#7238=CARTESIAN_POINT('',(-2.05,0.2,-3.0125));
#7239=CARTESIAN_POINT('',(-2.705,0.2,-3.0125));
#7240=CARTESIAN_POINT('',(-2.705,0.2,-3.0125));
#7241=CARTESIAN_POINT('',(0.,0.,0.));
#7242=CARTESIAN_POINT('',(-1.6,0.,-2.8125));
#7243=CARTESIAN_POINT('',(3.125,0.,-2.8125));
#7244=CARTESIAN_POINT('',(1.6,0.,2.8125));
#7245=CARTESIAN_POINT('',(-3.025,0.,2.8125));
#7246=CARTESIAN_POINT('',(-1.8475,-1.484,2.8125));
#7247=CARTESIAN_POINT('',(-2.705,0.2,2.8125));
#7248=CARTESIAN_POINT('',(-2.705,-0.714,2.8125));
#7249=CARTESIAN_POINT('',(-2.05,-0.714,2.8125));
#7250=CARTESIAN_POINT('',(-2.05,-0.714,2.8125));
#7251=CARTESIAN_POINT('',(-1.8475,-0.714,2.8125));
#7252=CARTESIAN_POINT('',(-1.8475,-0.714,2.8125));
#7253=CARTESIAN_POINT('',(-1.8475,-0.899000000000001,2.8125));
#7254=CARTESIAN_POINT('',(-1.8475,-0.899000000000001,2.8125));
#7255=CARTESIAN_POINT('',(-2.03544869851486,-1.41562393162393,2.8125));
#7256=CARTESIAN_POINT('',(-2.03544869851486,-1.41562393162393,2.8125));
#7257=CARTESIAN_POINT('',(-1.8475,-1.484,2.8125));
#7258=CARTESIAN_POINT('',(-1.78032956500184,-1.67238294153707,2.8125));
#7259=CARTESIAN_POINT('',(-0.285474348742172,-1.13937249846746,2.8125));
#7260=CARTESIAN_POINT('',(-0.285474348742172,-1.13937249846746,2.8125));
#7261=CARTESIAN_POINT('',(-9.26992857475106E-15,-1.94000000000001,2.8125));
#7262=CARTESIAN_POINT('',(0.285474348742159,-1.13937249846746,2.8125));
#7263=CARTESIAN_POINT('',(1.78032956500186,-1.67238294153706,2.8125));
#7264=CARTESIAN_POINT('',(1.78032956500186,-1.67238294153705,2.8125));
#7265=CARTESIAN_POINT('',(1.84749999999999,-1.48399999999998,2.8125));
#7266=CARTESIAN_POINT('',(2.03544869851487,-1.41562393162395,2.8125));
#7267=CARTESIAN_POINT('',(1.8475,-0.898999999999987,2.8125));
#7268=CARTESIAN_POINT('',(1.8475,-0.898999999999987,2.8125));
#7269=CARTESIAN_POINT('',(1.8475,-0.713999999999983,2.8125));
#7270=CARTESIAN_POINT('',(1.8475,-0.713999999999983,2.8125));
#7271=CARTESIAN_POINT('',(2.05,-0.713999999999983,2.8125));
#7272=CARTESIAN_POINT('',(2.05,-0.713999999999983,2.8125));
#7273=CARTESIAN_POINT('',(2.05,0.200000000000006,2.8125));
#7274=CARTESIAN_POINT('',(2.705,-0.713999999999983,2.8125));
#7275=CARTESIAN_POINT('',(2.705,-0.713999999999983,2.8125));
#7276=CARTESIAN_POINT('',(2.37697325880907,-1.66636794731012,2.8125));
#7277=CARTESIAN_POINT('',(2.37697325880907,-1.66636794731012,2.8125));
#7278=CARTESIAN_POINT('',(1.8475,-1.484,2.8125));
#7279=CARTESIAN_POINT('',(1.6560959491305,-2.01027415793553,2.8125));
#7280=CARTESIAN_POINT('',(0.170896473990629,-1.47011235898613,2.8125));
#7281=CARTESIAN_POINT('',(0.170896473990629,-1.47011235898613,2.8125));
#7282=CARTESIAN_POINT('',(8.22638398373376E-15,-1.93999999999999,2.8125));
#7283=CARTESIAN_POINT('',(-0.170896473990625,-1.47011235898614,2.8125));
#7284=CARTESIAN_POINT('',(-1.6560959491305,-2.01027415793552,2.8125));
#7285=CARTESIAN_POINT('',(-1.6560959491305,-2.01027415793552,2.8125));
#7286=CARTESIAN_POINT('',(-1.8475,-1.484,2.8125));
#7287=CARTESIAN_POINT('',(-2.37697325880907,-1.6663679473101,2.8125));
#7288=CARTESIAN_POINT('',(-2.705,-0.714,2.8125));
#7289=CARTESIAN_POINT('',(-2.705,0.2,3.0125));
#7290=CARTESIAN_POINT('',(-2.705,-0.714,3.0125));
#7291=CARTESIAN_POINT('',(-2.705,-0.714,3.0125));
#7292=CARTESIAN_POINT('',(-2.705,0.2,3.0125));
#7293=CARTESIAN_POINT('',(-2.705,-0.714,3.0125));
#7294=CARTESIAN_POINT('',(-2.37697325880907,-1.6663679473101,3.0125));
#7295=CARTESIAN_POINT('',(-2.37697325880907,-1.6663679473101,3.0125));
#7296=CARTESIAN_POINT('',(-2.705,-0.714,3.0125));
#7297=CARTESIAN_POINT('',(-1.8475,-1.484,3.0125));
#7298=CARTESIAN_POINT('',(-1.6560959491305,-2.01027415793552,3.0125));
#7299=CARTESIAN_POINT('',(-1.6560959491305,-2.01027415793552,3.0125));
#7300=CARTESIAN_POINT('',(-1.8475,-1.484,3.0125));
#7301=CARTESIAN_POINT('',(-1.6560959491305,-2.01027415793552,3.0125));
#7302=CARTESIAN_POINT('',(-0.170896473990625,-1.47011235898614,3.0125));
#7303=CARTESIAN_POINT('',(-0.170896473990625,-1.47011235898614,3.0125));
#7304=CARTESIAN_POINT('',(-1.6560959491305,-2.01027415793552,3.0125));
#7305=CARTESIAN_POINT('',(8.22638398373376E-15,-1.93999999999999,3.0125));
#7306=CARTESIAN_POINT('',(0.170896473990629,-1.47011235898613,3.0125));
#7307=CARTESIAN_POINT('',(0.170896473990629,-1.47011235898613,3.0125));
#7308=CARTESIAN_POINT('',(8.22638398373376E-15,-1.93999999999999,3.0125));
#7309=CARTESIAN_POINT('',(0.170896473990629,-1.47011235898613,3.0125));
#7310=CARTESIAN_POINT('',(1.6560959491305,-2.01027415793553,3.0125));
#7311=CARTESIAN_POINT('',(1.6560959491305,-2.01027415793553,3.0125));
#7312=CARTESIAN_POINT('',(0.170896473990629,-1.47011235898613,3.0125));
#7313=CARTESIAN_POINT('',(1.8475,-1.484,3.0125));
#7314=CARTESIAN_POINT('',(2.37697325880907,-1.66636794731012,3.0125));
#7315=CARTESIAN_POINT('',(2.37697325880907,-1.66636794731012,3.0125));
#7316=CARTESIAN_POINT('',(1.8475,-1.484,3.0125));
#7317=CARTESIAN_POINT('',(2.37697325880907,-1.66636794731012,3.0125));
#7318=CARTESIAN_POINT('',(2.705,-0.713999999999983,3.0125));
#7319=CARTESIAN_POINT('',(2.705,-0.713999999999983,3.0125));
#7320=CARTESIAN_POINT('',(2.37697325880907,-1.66636794731012,3.0125));
#7321=CARTESIAN_POINT('',(2.705,-0.713999999999983,3.0125));
#7322=CARTESIAN_POINT('',(2.705,-0.713999999999983,3.0125));
#7323=CARTESIAN_POINT('',(2.05,0.200000000000006,3.0125));
#7324=CARTESIAN_POINT('',(2.05,-0.713999999999983,3.0125));
#7325=CARTESIAN_POINT('',(2.05,-0.713999999999983,3.0125));
#7326=CARTESIAN_POINT('',(2.05,0.200000000000006,3.0125));
#7327=CARTESIAN_POINT('',(2.05,-0.713999999999983,3.0125));
#7328=CARTESIAN_POINT('',(1.8475,-0.713999999999983,3.0125));
#7329=CARTESIAN_POINT('',(1.8475,-0.713999999999983,3.0125));
#7330=CARTESIAN_POINT('',(2.05,-0.713999999999983,3.0125));
#7331=CARTESIAN_POINT('',(1.8475,-0.713999999999983,3.0125));
#7332=CARTESIAN_POINT('',(1.8475,-0.898999999999987,3.0125));
#7333=CARTESIAN_POINT('',(1.8475,-0.898999999999987,3.0125));
#7334=CARTESIAN_POINT('',(1.8475,-0.713999999999983,3.0125));
#7335=CARTESIAN_POINT('',(1.8475,-0.898999999999987,3.0125));
#7336=CARTESIAN_POINT('',(2.03544869851487,-1.41562393162395,3.0125));
#7337=CARTESIAN_POINT('',(2.03544869851487,-1.41562393162395,3.0125));
#7338=CARTESIAN_POINT('',(1.8475,-0.898999999999987,3.0125));
#7339=CARTESIAN_POINT('',(1.84749999999999,-1.48399999999998,3.0125));
#7340=CARTESIAN_POINT('',(1.78032956500186,-1.67238294153705,3.0125));
#7341=CARTESIAN_POINT('',(1.78032956500186,-1.67238294153705,3.0125));
#7342=CARTESIAN_POINT('',(1.84749999999999,-1.48399999999998,3.0125));
#7343=CARTESIAN_POINT('',(1.78032956500186,-1.67238294153706,3.0125));
#7344=CARTESIAN_POINT('',(0.285474348742159,-1.13937249846746,3.0125));
#7345=CARTESIAN_POINT('',(0.285474348742159,-1.13937249846746,3.0125));
#7346=CARTESIAN_POINT('',(1.78032956500186,-1.67238294153706,3.0125));
#7347=CARTESIAN_POINT('',(-9.26992857475106E-15,-1.94000000000001,3.0125));
#7348=CARTESIAN_POINT('',(-0.285474348742172,-1.13937249846746,3.0125));
#7349=CARTESIAN_POINT('',(-0.285474348742172,-1.13937249846746,3.0125));
#7350=CARTESIAN_POINT('',(-9.26992857475106E-15,-1.94000000000001,3.0125));
#7351=CARTESIAN_POINT('',(-0.285474348742172,-1.13937249846746,3.0125));
#7352=CARTESIAN_POINT('',(-1.78032956500184,-1.67238294153707,3.0125));
#7353=CARTESIAN_POINT('',(-1.78032956500184,-1.67238294153707,3.0125));
#7354=CARTESIAN_POINT('',(-0.285474348742172,-1.13937249846746,3.0125));
#7355=CARTESIAN_POINT('',(-1.8475,-1.484,3.0125));
#7356=CARTESIAN_POINT('',(-2.03544869851486,-1.41562393162393,3.0125));
#7357=CARTESIAN_POINT('',(-2.03544869851486,-1.41562393162393,3.0125));
#7358=CARTESIAN_POINT('',(-1.8475,-1.484,3.0125));
#7359=CARTESIAN_POINT('',(-2.03544869851486,-1.41562393162393,3.0125));
#7360=CARTESIAN_POINT('',(-1.8475,-0.899000000000001,3.0125));
#7361=CARTESIAN_POINT('',(-1.8475,-0.899000000000001,3.0125));
#7362=CARTESIAN_POINT('',(-2.03544869851486,-1.41562393162393,3.0125));
#7363=CARTESIAN_POINT('',(-1.8475,-0.899000000000001,3.0125));
#7364=CARTESIAN_POINT('',(-1.8475,-0.714,3.0125));
#7365=CARTESIAN_POINT('',(-1.8475,-0.714,3.0125));
#7366=CARTESIAN_POINT('',(-1.8475,-0.899000000000001,3.0125));
#7367=CARTESIAN_POINT('',(-1.8475,-0.714,3.0125));
#7368=CARTESIAN_POINT('',(-2.05,-0.714,3.0125));
#7369=CARTESIAN_POINT('',(-2.05,-0.714,3.0125));
#7370=CARTESIAN_POINT('',(-1.8475,-0.714,3.0125));
#7371=CARTESIAN_POINT('',(-2.05,-0.714,3.0125));
#7372=CARTESIAN_POINT('',(-2.05,-0.714,3.0125));
#7373=CARTESIAN_POINT('',(-1.8475,-1.484,3.0125));
#7374=CARTESIAN_POINT('',(-1.8475,-1.484,-2.8125));
#7375=CARTESIAN_POINT('',(-2.705,0.2,-2.8125));
#7376=CARTESIAN_POINT('',(-2.705,-0.714,-2.8125));
#7377=CARTESIAN_POINT('',(-2.705,-0.714,-2.8125));
#7378=CARTESIAN_POINT('',(-2.37697325880907,-1.6663679473101,-2.8125));
#7379=CARTESIAN_POINT('',(-1.8475,-1.484,-2.8125));
#7380=CARTESIAN_POINT('',(-1.6560959491305,-2.01027415793552,-2.8125));
#7381=CARTESIAN_POINT('',(-1.6560959491305,-2.01027415793552,-2.8125));
#7382=CARTESIAN_POINT('',(-0.170896473990625,-1.47011235898614,-2.8125));
#7383=CARTESIAN_POINT('',(8.22638398373376E-15,-1.93999999999999,-2.8125));
#7384=CARTESIAN_POINT('',(0.170896473990629,-1.47011235898613,-2.8125));
#7385=CARTESIAN_POINT('',(0.170896473990629,-1.47011235898613,-2.8125));
#7386=CARTESIAN_POINT('',(1.6560959491305,-2.01027415793553,-2.8125));
#7387=CARTESIAN_POINT('',(1.8475,-1.484,-2.8125));
#7388=CARTESIAN_POINT('',(2.37697325880907,-1.66636794731012,-2.8125));
#7389=CARTESIAN_POINT('',(2.37697325880907,-1.66636794731012,-2.8125));
#7390=CARTESIAN_POINT('',(2.705,-0.713999999999983,-2.8125));
#7391=CARTESIAN_POINT('',(2.705,-0.713999999999983,-2.8125));
#7392=CARTESIAN_POINT('',(2.05,0.200000000000006,-2.8125));
#7393=CARTESIAN_POINT('',(2.05,-0.713999999999983,-2.8125));
#7394=CARTESIAN_POINT('',(2.05,-0.713999999999983,-2.8125));
#7395=CARTESIAN_POINT('',(1.8475,-0.713999999999983,-2.8125));
#7396=CARTESIAN_POINT('',(1.8475,-0.713999999999983,-2.8125));
#7397=CARTESIAN_POINT('',(1.8475,-0.898999999999987,-2.8125));
#7398=CARTESIAN_POINT('',(1.8475,-0.898999999999987,-2.8125));
#7399=CARTESIAN_POINT('',(2.03544869851487,-1.41562393162395,-2.8125));
#7400=CARTESIAN_POINT('',(1.84749999999999,-1.48399999999998,-2.8125));
#7401=CARTESIAN_POINT('',(1.78032956500186,-1.67238294153705,-2.8125));
#7402=CARTESIAN_POINT('',(1.78032956500186,-1.67238294153706,-2.8125));
#7403=CARTESIAN_POINT('',(0.285474348742159,-1.13937249846746,-2.8125));
#7404=CARTESIAN_POINT('',(-9.26992857475106E-15,-1.94000000000001,-2.8125));
#7405=CARTESIAN_POINT('',(-0.285474348742172,-1.13937249846746,-2.8125));
#7406=CARTESIAN_POINT('',(-0.285474348742172,-1.13937249846746,-2.8125));
#7407=CARTESIAN_POINT('',(-1.78032956500184,-1.67238294153707,-2.8125));
#7408=CARTESIAN_POINT('',(-1.8475,-1.484,-2.8125));
#7409=CARTESIAN_POINT('',(-2.03544869851486,-1.41562393162393,-2.8125));
#7410=CARTESIAN_POINT('',(-2.03544869851486,-1.41562393162393,-2.8125));
#7411=CARTESIAN_POINT('',(-1.8475,-0.899000000000001,-2.8125));
#7412=CARTESIAN_POINT('',(-1.8475,-0.899000000000001,-2.8125));
#7413=CARTESIAN_POINT('',(-1.8475,-0.714,-2.8125));
#7414=CARTESIAN_POINT('',(-1.8475,-0.714,-2.8125));
#7415=CARTESIAN_POINT('',(-2.05,-0.714,-2.8125));
#7416=CARTESIAN_POINT('',(-2.05,-0.714,-2.8125));
#7417=CARTESIAN_POINT('',(-2.705,0.2,-3.0125));
#7418=CARTESIAN_POINT('',(-2.705,0.2,-3.0125));
#7419=CARTESIAN_POINT('',(-2.705,-0.714,-3.0125));
#7420=CARTESIAN_POINT('',(-2.705,-0.714,-3.0125));
#7421=CARTESIAN_POINT('',(-2.705,-0.714,-3.0125));
#7422=CARTESIAN_POINT('',(-2.705,-0.714,-3.0125));
#7423=CARTESIAN_POINT('',(-2.37697325880907,-1.6663679473101,-3.0125));
#7424=CARTESIAN_POINT('',(-2.37697325880907,-1.6663679473101,-3.0125));
#7425=CARTESIAN_POINT('',(-1.8475,-1.484,-3.0125));
#7426=CARTESIAN_POINT('',(-1.8475,-1.484,-3.0125));
#7427=CARTESIAN_POINT('',(-1.6560959491305,-2.01027415793552,-3.0125));
#7428=CARTESIAN_POINT('',(-1.6560959491305,-2.01027415793552,-3.0125));
#7429=CARTESIAN_POINT('',(-1.6560959491305,-2.01027415793552,-3.0125));
#7430=CARTESIAN_POINT('',(-1.6560959491305,-2.01027415793552,-3.0125));
#7431=CARTESIAN_POINT('',(-0.170896473990625,-1.47011235898614,-3.0125));
#7432=CARTESIAN_POINT('',(-0.170896473990625,-1.47011235898614,-3.0125));
#7433=CARTESIAN_POINT('',(8.22638398373376E-15,-1.93999999999999,-3.0125));
#7434=CARTESIAN_POINT('',(8.22638398373376E-15,-1.93999999999999,-3.0125));
#7435=CARTESIAN_POINT('',(0.170896473990629,-1.47011235898613,-3.0125));
#7436=CARTESIAN_POINT('',(0.170896473990629,-1.47011235898613,-3.0125));
#7437=CARTESIAN_POINT('',(0.170896473990629,-1.47011235898613,-3.0125));
#7438=CARTESIAN_POINT('',(0.170896473990629,-1.47011235898613,-3.0125));
#7439=CARTESIAN_POINT('',(1.6560959491305,-2.01027415793553,-3.0125));
#7440=CARTESIAN_POINT('',(1.6560959491305,-2.01027415793553,-3.0125));
#7441=CARTESIAN_POINT('',(1.8475,-1.484,-3.0125));
#7442=CARTESIAN_POINT('',(1.8475,-1.484,-3.0125));
#7443=CARTESIAN_POINT('',(2.37697325880907,-1.66636794731012,-3.0125));
#7444=CARTESIAN_POINT('',(2.37697325880907,-1.66636794731012,-3.0125));
#7445=CARTESIAN_POINT('',(2.37697325880907,-1.66636794731012,-3.0125));
#7446=CARTESIAN_POINT('',(2.37697325880907,-1.66636794731012,-3.0125));
#7447=CARTESIAN_POINT('',(2.705,-0.713999999999983,-3.0125));
#7448=CARTESIAN_POINT('',(2.705,-0.713999999999983,-3.0125));
#7449=CARTESIAN_POINT('',(2.705,-0.713999999999983,-3.0125));
#7450=CARTESIAN_POINT('',(2.705,-0.713999999999983,-3.0125));
#7451=CARTESIAN_POINT('',(2.05,0.200000000000006,-3.0125));
#7452=CARTESIAN_POINT('',(2.05,0.200000000000006,-3.0125));
#7453=CARTESIAN_POINT('',(2.05,-0.713999999999983,-3.0125));
#7454=CARTESIAN_POINT('',(2.05,-0.713999999999983,-3.0125));
#7455=CARTESIAN_POINT('',(2.05,-0.713999999999983,-3.0125));
#7456=CARTESIAN_POINT('',(2.05,-0.713999999999983,-3.0125));
#7457=CARTESIAN_POINT('',(1.8475,-0.713999999999983,-3.0125));
#7458=CARTESIAN_POINT('',(1.8475,-0.713999999999983,-3.0125));
#7459=CARTESIAN_POINT('',(1.8475,-0.713999999999983,-3.0125));
#7460=CARTESIAN_POINT('',(1.8475,-0.713999999999983,-3.0125));
#7461=CARTESIAN_POINT('',(1.8475,-0.898999999999987,-3.0125));
#7462=CARTESIAN_POINT('',(1.8475,-0.898999999999987,-3.0125));
#7463=CARTESIAN_POINT('',(1.8475,-0.898999999999987,-3.0125));
#7464=CARTESIAN_POINT('',(1.8475,-0.898999999999987,-3.0125));
#7465=CARTESIAN_POINT('',(2.03544869851487,-1.41562393162395,-3.0125));
#7466=CARTESIAN_POINT('',(2.03544869851487,-1.41562393162395,-3.0125));
#7467=CARTESIAN_POINT('',(1.84749999999999,-1.48399999999998,-3.0125));
#7468=CARTESIAN_POINT('',(1.84749999999999,-1.48399999999998,-3.0125));
#7469=CARTESIAN_POINT('',(1.78032956500186,-1.67238294153705,-3.0125));
#7470=CARTESIAN_POINT('',(1.78032956500186,-1.67238294153705,-3.0125));
#7471=CARTESIAN_POINT('',(1.78032956500186,-1.67238294153706,-3.0125));
#7472=CARTESIAN_POINT('',(1.78032956500186,-1.67238294153706,-3.0125));
#7473=CARTESIAN_POINT('',(0.285474348742159,-1.13937249846746,-3.0125));
#7474=CARTESIAN_POINT('',(0.285474348742159,-1.13937249846746,-3.0125));
#7475=CARTESIAN_POINT('',(-9.26992857475106E-15,-1.94000000000001,-3.0125));
#7476=CARTESIAN_POINT('',(-9.26992857475106E-15,-1.94000000000001,-3.0125));
#7477=CARTESIAN_POINT('',(-0.285474348742172,-1.13937249846746,-3.0125));
#7478=CARTESIAN_POINT('',(-0.285474348742172,-1.13937249846746,-3.0125));
#7479=CARTESIAN_POINT('',(-0.285474348742172,-1.13937249846746,-3.0125));
#7480=CARTESIAN_POINT('',(-0.285474348742172,-1.13937249846746,-3.0125));
#7481=CARTESIAN_POINT('',(-1.78032956500184,-1.67238294153707,-3.0125));
#7482=CARTESIAN_POINT('',(-1.78032956500184,-1.67238294153707,-3.0125));
#7483=CARTESIAN_POINT('',(-1.8475,-1.484,-3.0125));
#7484=CARTESIAN_POINT('',(-1.8475,-1.484,-3.0125));
#7485=CARTESIAN_POINT('',(-2.03544869851486,-1.41562393162393,-3.0125));
#7486=CARTESIAN_POINT('',(-2.03544869851486,-1.41562393162393,-3.0125));
#7487=CARTESIAN_POINT('',(-2.03544869851486,-1.41562393162393,-3.0125));
#7488=CARTESIAN_POINT('',(-2.03544869851486,-1.41562393162393,-3.0125));
#7489=CARTESIAN_POINT('',(-1.8475,-0.899000000000001,-3.0125));
#7490=CARTESIAN_POINT('',(-1.8475,-0.899000000000001,-3.0125));
#7491=CARTESIAN_POINT('',(-1.8475,-0.899000000000001,-3.0125));
#7492=CARTESIAN_POINT('',(-1.8475,-0.899000000000001,-3.0125));
#7493=CARTESIAN_POINT('',(-1.8475,-0.714,-3.0125));
#7494=CARTESIAN_POINT('',(-1.8475,-0.714,-3.0125));
#7495=CARTESIAN_POINT('',(-1.8475,-0.714,-3.0125));
#7496=CARTESIAN_POINT('',(-1.8475,-0.714,-3.0125));
#7497=CARTESIAN_POINT('',(-2.05,-0.714,-3.0125));
#7498=CARTESIAN_POINT('',(-2.05,-0.714,-3.0125));
#7499=CARTESIAN_POINT('',(-2.05,-0.714,-3.0125));
#7500=CARTESIAN_POINT('',(-2.05,-0.714,-3.0125));
#7501=CARTESIAN_POINT('',(-1.8475,-1.484,-3.0125));
#7502=CARTESIAN_POINT('',(0.,0.4,0.));
#7503=CARTESIAN_POINT('',(0.,0.,0.375));
#7504=CARTESIAN_POINT('',(3.15153390593274,-3.92153390593274,0.375));
#7505=CARTESIAN_POINT('',(0.0923049096188722,-0.862304909618872,0.375));
#7506=CARTESIAN_POINT('',(-0.0846686344027639,-0.685331365597236,0.375));
#7507=CARTESIAN_POINT('',(-0.35,-0.386,0.375));
#7508=CARTESIAN_POINT('',(0.3,-0.386,0.375));
#7509=CARTESIAN_POINT('',(0.3,-0.386,0.375));
#7510=CARTESIAN_POINT('',(0.3,1.83697019872103E-17,0.375));
#7511=CARTESIAN_POINT('',(0.,0.,0.375));
#7512=CARTESIAN_POINT('',(0.,0.3,0.375));
#7513=CARTESIAN_POINT('',(0.,0.,0.375));
#7514=CARTESIAN_POINT('',(0.,0.,0.375));
#7515=CARTESIAN_POINT('',(0.,0.,0.375));
#7516=CARTESIAN_POINT('',(0.05,3.06161699786838E-18,0.375));
#7517=CARTESIAN_POINT('',(0.05,-0.386,0.375));
#7518=CARTESIAN_POINT('',(0.05,-0.386,0.375));
#7519=CARTESIAN_POINT('',(-0.35,-0.386,0.375));
#7520=CARTESIAN_POINT('',(0.,0.3,-0.375));
#7521=CARTESIAN_POINT('',(3.15153390593274,-3.92153390593274,-0.375));
#7522=CARTESIAN_POINT('',(0.0923049096188722,-0.862304909618872,-0.375));
#7523=CARTESIAN_POINT('',(-0.0846686344027639,-0.685331365597236,-0.375));
#7524=CARTESIAN_POINT('',(-0.35,-0.386,-0.375));
#7525=CARTESIAN_POINT('',(0.0499999999999999,-0.386,-0.375));
#7526=CARTESIAN_POINT('',(0.05,-0.386,-0.375));
#7527=CARTESIAN_POINT('',(0.05,1.83697019872103E-17,-0.375));
#7528=CARTESIAN_POINT('',(0.3,1.83697019872103E-17,-0.375));
#7529=CARTESIAN_POINT('',(0.,0.,-0.375));
#7530=CARTESIAN_POINT('',(0.,0.3,-0.375));
#7531=CARTESIAN_POINT('',(0.,0.3,-0.375));
#7532=CARTESIAN_POINT('',(0.,0.,-0.375));
#7533=CARTESIAN_POINT('',(0.3,1.83697019872103E-17,-0.375));
#7534=CARTESIAN_POINT('',(0.3,-0.386,-0.375));
#7535=CARTESIAN_POINT('',(0.3,-0.386,-0.375));
#7536=CARTESIAN_POINT('',(-0.35,-0.386,-0.375));
#7537=CARTESIAN_POINT('',(-0.35,-0.386,-49.625));
#7538=CARTESIAN_POINT('',(0.0923049096188722,-0.862304909618872,-0.375));
#7539=CARTESIAN_POINT('',(0.0774708368363685,-0.876080084068775,-0.375));
#7540=CARTESIAN_POINT('',(0.0623273878526212,-0.888758720210909,-0.368878207665226));
#7541=CARTESIAN_POINT('',(0.0491152306876073,-0.899037067505453,-0.357500000004054));
#7542=CARTESIAN_POINT('',(0.0491152306880221,-0.899037067503751,-0.3575));
#7543=CARTESIAN_POINT('',(0.3,-0.386,-0.375));
#7544=CARTESIAN_POINT('',(0.0491152306880212,-0.89903706750375,0.3575));
#7545=CARTESIAN_POINT('',(0.0623267811162337,-0.888759192217743,0.368877685144406));
#7546=CARTESIAN_POINT('',(0.0774714821690711,-0.876079484803039,0.375000000006371));
#7547=CARTESIAN_POINT('',(0.092304909618185,-0.862304909620871,0.375000000006755));
#7548=CARTESIAN_POINT('',(0.0491152306880221,-0.899037067503751,0.3575));
#7549=CARTESIAN_POINT('',(0.0491152306880217,-0.89903706750375,0.3575));
#7550=CARTESIAN_POINT('',(0.0357665286688035,-0.909421639347084,0.346004200965177));
#7551=CARTESIAN_POINT('',(0.0195415424313162,-0.921123350621595,0.339999999997937));
#7552=CARTESIAN_POINT('',(0.00236221314483114,-0.932205886775616,0.339999999997842));
#7553=CARTESIAN_POINT('',(0.0023622131440546,-0.932205886775512,0.34));
#7554=CARTESIAN_POINT('',(-0.35,-0.386,0.34));
#7555=CARTESIAN_POINT('',(-0.384018371557914,-1.03510919759047,0.34));
#7556=CARTESIAN_POINT('',(-0.384018371557913,-1.03510919759047,-0.375));
#7557=CARTESIAN_POINT('',(-0.384018371557914,-1.03510919759047,-0.34));
#7558=CARTESIAN_POINT('',(-0.35,-0.386,-0.34));
#7559=CARTESIAN_POINT('',(0.00236221314405487,-0.932205886775512,-0.34));
#7560=CARTESIAN_POINT('',(0.00236221314405455,-0.932205886775513,-0.34));
#7561=CARTESIAN_POINT('',(0.0195399026558937,-0.921124408454535,-0.34));
#7562=CARTESIAN_POINT('',(0.0357671268953139,-0.909421173959051,-0.346004716153225));
#7563=CARTESIAN_POINT('',(0.0491152306880215,-0.89903706750375,-0.3575));
#7564=CARTESIAN_POINT('',(-0.35,-0.386,-49.625));
#7565=CARTESIAN_POINT('',(-0.129913172028053,-0.720008664787677,-0.3575));
#7566=CARTESIAN_POINT('',(-0.115808760335474,-0.710714908196651,-0.368833482347571));
#7567=CARTESIAN_POINT('',(-0.0998971582505478,-0.698830134830792,-0.375));
#7568=CARTESIAN_POINT('',(-0.0846686344027642,-0.685331365597236,-0.375));
#7569=CARTESIAN_POINT('',(-0.129913172028052,-0.720008664787677,-0.3575));
#7570=CARTESIAN_POINT('',(-0.129913172028052,-0.720008664787677,-0.3575));
#7571=CARTESIAN_POINT('',(-0.144422090794779,-0.729568961406633,-0.345841479367654));
#7572=CARTESIAN_POINT('',(-0.162247453057123,-0.739816579020088,-0.33999999999993));
#7573=CARTESIAN_POINT('',(-0.181203644837147,-0.748640028794436,-0.339999999999948));
#7574=CARTESIAN_POINT('',(-0.181203644837337,-0.74864002879412,-0.34));
#7575=CARTESIAN_POINT('',(-0.35,-0.386,-0.34));
#7576=CARTESIAN_POINT('',(-0.370934382497178,-0.78545181390183,-0.34));
#7577=CARTESIAN_POINT('',(-0.370934382497178,-0.78545181390183,0.375));
#7578=CARTESIAN_POINT('',(-0.370934382497178,-0.78545181390183,0.34));
#7579=CARTESIAN_POINT('',(-0.35,-0.386,0.34));
#7580=CARTESIAN_POINT('',(-0.181203644837338,-0.74864002879412,0.34));
#7581=CARTESIAN_POINT('',(-0.181203644837338,-0.74864002879412,0.34));
#7582=CARTESIAN_POINT('',(-0.162251682104214,-0.73981854749442,0.34));
#7583=CARTESIAN_POINT('',(-0.144420600712914,-0.729567979553687,0.345842676710505));
#7584=CARTESIAN_POINT('',(-0.129913172028052,-0.720008664787676,0.3575));
#7585=CARTESIAN_POINT('',(-0.129913172028052,-0.720008664787677,0.3575));
#7586=CARTESIAN_POINT('',(-0.0846686344027639,-0.685331365597236,0.375));
#7587=CARTESIAN_POINT('',(-0.0998987887584319,-0.698831580135005,0.375));
#7588=CARTESIAN_POINT('',(-0.11580714298435,-0.710713842484392,0.368834781959156));
#7589=CARTESIAN_POINT('',(-0.129913172028044,-0.720008664789273,0.357500000002766));
#7590=CARTESIAN_POINT('',(0.05,-0.386,0.375));
#7591=CARTESIAN_POINT('',(-1.41460405142463,-0.981098490747756,-0.375));
#7592=CARTESIAN_POINT('',(-1.41460405142463,-0.981098490747756,-0.34));
#7593=CARTESIAN_POINT('',(-1.41460405142463,-0.981098490747756,-0.34));
#7594=CARTESIAN_POINT('',(-1.41460405142463,-0.981098490747756,0.34));
#7595=CARTESIAN_POINT('',(-1.41460405142463,-0.981098490747756,0.34));
#7596=CARTESIAN_POINT('',(-1.41460405142463,-0.981098490747756,-0.375));
#7597=CARTESIAN_POINT('',(-1.4015200623639,-0.731441107059112,0.375));
#7598=CARTESIAN_POINT('',(-1.4015200623639,-0.731441107059112,-0.34));
#7599=CARTESIAN_POINT('',(-1.4015200623639,-0.731441107059112,-0.34));
#7600=CARTESIAN_POINT('',(-1.4015200623639,-0.731441107059112,0.375));
#7601=CARTESIAN_POINT('',(-1.4015200623639,-0.731441107059112,0.34));
#7602=CARTESIAN_POINT('',(-1.4015200623639,-0.731441107059112,0.34));
#7603=CARTESIAN_POINT('',(-1.35945301814551,0.071245913720634,0.));
#7604=CARTESIAN_POINT('',(-1.35945301814551,0.071245913720634,-0.34));
#7605=CARTESIAN_POINT('',(-1.35945301814551,0.071245913720634,0.34));
#7606=CARTESIAN_POINT('',(0.,0.,0.));
#7607=CARTESIAN_POINT('',(0.05,1.83697019872103E-17,0.375));
#7608=CARTESIAN_POINT('',(0.,0.,-0.375));
#7609=CARTESIAN_POINT('',(0.,0.,-0.375));
#7610=CARTESIAN_POINT('',(0.,0.3,0.375));
#7611=CARTESIAN_POINT('',(0.3,1.83697019872103E-17,0.375));
#7612=CARTESIAN_POINT('',(0.,0.,0.));
#7613=CARTESIAN_POINT('',(0.3,-0.386,-0.375));
#7614=CARTESIAN_POINT('',(0.05,-0.386,0.375));
#7615=CARTESIAN_POINT('',(1.73732034355964,-5.33574746830583,0.34));
#7616=CARTESIAN_POINT('',(3.07161206911701,-4.00145574274847,0.34));
#7617=CARTESIAN_POINT('',(3.15153390593274,-3.92153390593274,0.274999999999999));
#7618=CARTESIAN_POINT('',(3.11157298752487,-3.9614948243406,0.3575));
#7619=CARTESIAN_POINT('',(3.07161206911701,-4.00145574274847,0.44));
#7620=CARTESIAN_POINT('',(3.15153390593274,-3.92153390593274,-0.274999999999998));
#7621=CARTESIAN_POINT('',(3.11157298752487,-3.9614948243406,-0.3575));
#7622=CARTESIAN_POINT('',(3.07161206911701,-4.00145574274847,-0.440000000000001));
#7623=CARTESIAN_POINT('',(3.07161206911701,-4.00145574274847,-0.34));
#7624=CARTESIAN_POINT('',(3.07161206911701,-4.00145574274847,-0.34));
#7625=CARTESIAN_POINT('',(3.1,-0.964,2.));
#7626=CARTESIAN_POINT('',(3.1,-0.964,-2.));
#7627=CARTESIAN_POINT('',(-3.1,-0.964,2.));
#7628=CARTESIAN_POINT('',(-3.1,-0.964,-2.));
#7629=MECHANICAL_DESIGN_GEOMETRIC_PRESENTATION_REPRESENTATION('',(#4307,
#4308,#4309,#4310,#4311,#4312,#4313,#4314,#4315,#4316,#4317,#4318,#4319,
#4320,#4321,#4322,#4323,#4324,#4325,#4326,#4327,#4328,#4329,#4330,#4331,
#4332,#4333,#4334,#4335,#4336,#4337,#4338,#4339,#4340,#4341,#4342,#4343,
#4344,#4345,#4346,#4347,#4348,#4349,#4350,#4351,#4352,#4353,#4354,#4355,
#4356,#4357,#4358,#4359,#4360,#4361,#4362,#4363,#4364,#4365,#4366,#4367,
#4368,#4369,#4370,#4371,#4372,#4373,#4374,#4375,#4376,#4377,#4378,#4379,
#4380,#4381,#4382,#4383,#4384,#4385,#4386,#4387,#4388),#7630);
#7630=(
GEOMETRIC_REPRESENTATION_CONTEXT(3)
GLOBAL_UNCERTAINTY_ASSIGNED_CONTEXT((#7635))
GLOBAL_UNIT_ASSIGNED_CONTEXT((#7642,#7641,#7640))
REPRESENTATION_CONTEXT('KSC721JLFS','TOP_LEVEL_ASSEMBLY_PART')
);
#7631=(
GEOMETRIC_REPRESENTATION_CONTEXT(3)
GLOBAL_UNCERTAINTY_ASSIGNED_CONTEXT((#7636))
GLOBAL_UNIT_ASSIGNED_CONTEXT((#7642,#7641,#7640))
REPRESENTATION_CONTEXT('KSC7_body','COMPONENT_PART')
);
#7632=(
GEOMETRIC_REPRESENTATION_CONTEXT(3)
GLOBAL_UNCERTAINTY_ASSIGNED_CONTEXT((#7637))
GLOBAL_UNIT_ASSIGNED_CONTEXT((#7642,#7641,#7640))
REPRESENTATION_CONTEXT('KSC7_button','COMPONENT_PART')
);
#7633=(
GEOMETRIC_REPRESENTATION_CONTEXT(3)
GLOBAL_UNCERTAINTY_ASSIGNED_CONTEXT((#7638))
GLOBAL_UNIT_ASSIGNED_CONTEXT((#7642,#7641,#7640))
REPRESENTATION_CONTEXT('KSC7_cover','COMPONENT_PART')
);
#7634=(
GEOMETRIC_REPRESENTATION_CONTEXT(3)
GLOBAL_UNCERTAINTY_ASSIGNED_CONTEXT((#7639))
GLOBAL_UNIT_ASSIGNED_CONTEXT((#7642,#7641,#7640))
REPRESENTATION_CONTEXT('KSC71J_pin','COMPONENT_PART')
);
#7635=UNCERTAINTY_MEASURE_WITH_UNIT(LENGTH_MEASURE(0.005),#7642,
'DISTANCE_ACCURACY_VALUE','Maximum Tolerance applied to model');
#7636=UNCERTAINTY_MEASURE_WITH_UNIT(LENGTH_MEASURE(0.005),#7642,
'DISTANCE_ACCURACY_VALUE','Maximum Tolerance applied to model');
#7637=UNCERTAINTY_MEASURE_WITH_UNIT(LENGTH_MEASURE(0.005),#7642,
'DISTANCE_ACCURACY_VALUE','Maximum Tolerance applied to model');
#7638=UNCERTAINTY_MEASURE_WITH_UNIT(LENGTH_MEASURE(0.005),#7642,
'DISTANCE_ACCURACY_VALUE','Maximum Tolerance applied to model');
#7639=UNCERTAINTY_MEASURE_WITH_UNIT(LENGTH_MEASURE(0.005),#7642,
'DISTANCE_ACCURACY_VALUE','Maximum Tolerance applied to model');
#7640=(
NAMED_UNIT(*)
SI_UNIT($,.STERADIAN.)
SOLID_ANGLE_UNIT()
);
#7641=(
NAMED_UNIT(*)
PLANE_ANGLE_UNIT()
SI_UNIT($,.RADIAN.)
);
#7642=(
LENGTH_UNIT()
NAMED_UNIT(*)
SI_UNIT(.MILLI.,.METRE.)
);
#7643=PRODUCT_DEFINITION_SHAPE('','',#7655);
#7644=PRODUCT_DEFINITION_SHAPE('','',#7656);
#7645=PRODUCT_DEFINITION_SHAPE(' ','NAUO PRDDFN',#35);
#7646=PRODUCT_DEFINITION_SHAPE('','',#7657);
#7647=PRODUCT_DEFINITION_SHAPE(' ','NAUO PRDDFN',#36);
#7648=PRODUCT_DEFINITION_SHAPE('','',#7658);
#7649=PRODUCT_DEFINITION_SHAPE(' ','NAUO PRDDFN',#37);
#7650=PRODUCT_DEFINITION_SHAPE('','',#7659);
#7651=PRODUCT_DEFINITION_SHAPE(' ','NAUO PRDDFN',#38);
#7652=PRODUCT_DEFINITION_SHAPE(' ','NAUO PRDDFN',#39);
#7653=PRODUCT_DEFINITION_SHAPE(' ','NAUO PRDDFN',#40);
#7654=PRODUCT_DEFINITION_SHAPE(' ','NAUO PRDDFN',#41);
#7655=PRODUCT_DEFINITION('','',#7665,#7660);
#7656=PRODUCT_DEFINITION('','',#7666,#7661);
#7657=PRODUCT_DEFINITION('','',#7667,#7662);
#7658=PRODUCT_DEFINITION('','',#7668,#7663);
#7659=PRODUCT_DEFINITION('','',#7669,#7664);
#7660=PRODUCT_DEFINITION_CONTEXT('',#7691,'design');
#7661=PRODUCT_DEFINITION_CONTEXT('',#7691,'design');
#7662=PRODUCT_DEFINITION_CONTEXT('',#7691,'design');
#7663=PRODUCT_DEFINITION_CONTEXT('',#7691,'design');
#7664=PRODUCT_DEFINITION_CONTEXT('',#7691,'design');
#7665=PRODUCT_DEFINITION_FORMATION_WITH_SPECIFIED_SOURCE('','',#7675,
 .NOT_KNOWN.);
#7666=PRODUCT_DEFINITION_FORMATION_WITH_SPECIFIED_SOURCE('','',#7676,
 .NOT_KNOWN.);
#7667=PRODUCT_DEFINITION_FORMATION_WITH_SPECIFIED_SOURCE('','',#7677,
 .NOT_KNOWN.);
#7668=PRODUCT_DEFINITION_FORMATION_WITH_SPECIFIED_SOURCE('','',#7678,
 .NOT_KNOWN.);
#7669=PRODUCT_DEFINITION_FORMATION_WITH_SPECIFIED_SOURCE('','',#7679,
 .NOT_KNOWN.);
#7670=PRODUCT_RELATED_PRODUCT_CATEGORY('','',(#7675));
#7671=PRODUCT_RELATED_PRODUCT_CATEGORY('','',(#7676));
#7672=PRODUCT_RELATED_PRODUCT_CATEGORY('','',(#7677));
#7673=PRODUCT_RELATED_PRODUCT_CATEGORY('','',(#7678));
#7674=PRODUCT_RELATED_PRODUCT_CATEGORY('','',(#7679));
#7675=PRODUCT('KSC721JLFS','KSC721JLFS','KSC721JLFS',(#7685));
#7676=PRODUCT('KSC7_body','KSC7_body','KSC7_body',(#7686));
#7677=PRODUCT('KSC7_button','KSC7_button','KSC7_button',(#7687));
#7678=PRODUCT('KSC7_cover','KSC7_cover','KSC7_cover',(#7688));
#7679=PRODUCT('KSC71J_pin','KSC71J_pin','KSC71J_pin',(#7689));
#7680=PRODUCT_CATEGORY('','');
#7681=PRODUCT_CATEGORY('','');
#7682=PRODUCT_CATEGORY('','');
#7683=PRODUCT_CATEGORY('','');
#7684=PRODUCT_CATEGORY('','');
#7685=PRODUCT_CONTEXT('',#7691,'mechanical');
#7686=PRODUCT_CONTEXT('',#7691,'mechanical');
#7687=PRODUCT_CONTEXT('',#7691,'mechanical');
#7688=PRODUCT_CONTEXT('',#7691,'mechanical');
#7689=PRODUCT_CONTEXT('',#7691,'mechanical');
#7690=APPLICATION_PROTOCOL_DEFINITION('international standard',
'automotive_design',2010,#7691);
#7691=APPLICATION_CONTEXT(
'core data for automotive mechanical design processes');
ENDSEC;
END-ISO-10303-21;
