ISO-10303-21;
HEADER;
FILE_DESCRIPTION (( 'STEP AP214' ),
    '1' );
FILE_NAME ('KG EELP41.22-PHRH-35-A8J8-20-R18.STEP',
    '2025-01-17T02:43:21',
    ( '' ),
    ( '' ),
    'SwSTEP 2.0',
    'SolidWorks 2023',
    '' );
FILE_SCHEMA (( 'AUTOMOTIVE_DESIGN' ));
ENDSEC;

DATA;
#1 = DIRECTION ( 'NONE',  ( 0.000000000000000000, -0.08715574274766013652, -0.9961946980917453232 ) ) ;
#2 = PLANE ( 'NONE',  #1060 ) ;
#3 = ORIENTED_EDGE ( 'NONE', *, *, #678, .F. ) ;
#4 = EDGE_CURVE ( 'NONE', #1705, #1915, #1589, .T. ) ;
#5 = SURFACE_STYLE_FILL_AREA ( #1617 ) ;
#6 = VERTEX_POINT ( 'NONE', #284 ) ;
#7 = FACE_OUTER_BOUND ( 'NONE', #699, .T. ) ;
#8 = DIRECTION ( 'NONE',  ( -0.000000000000000000, 1.000000000000000000, 0.000000000000000000 ) ) ;
#9 = CARTESIAN_POINT ( 'NONE',  ( 0.4000000000000000222, -0.5332625588037740449, 0.000000000000000000 ) ) ;
#10 = CARTESIAN_POINT ( 'NONE',  ( -0.4000000000000000222, -0.8000000000000000444, -0.2200000000000000011 ) ) ;
#11 = CARTESIAN_POINT ( 'NONE',  ( 0.1401540889749760266, 0.8000000000000000444, -0.2200000000000000011 ) ) ;
#12 = VERTEX_POINT ( 'NONE', #844 ) ;
#13 = CARTESIAN_POINT ( 'NONE',  ( -0.1401540889749761098, 0.8000000000000001554, -0.3300000000000000155 ) ) ;
#14 = ORIENTED_EDGE ( 'NONE', *, *, #631, .T. ) ;
#15 = FACE_OUTER_BOUND ( 'NONE', #639, .T. ) ;
#16 = SURFACE_STYLE_FILL_AREA ( #873 ) ;
#17 = CARTESIAN_POINT ( 'NONE',  ( -0.2531704738462740578, -0.8000000000000000444, -0.2200000000000000011 ) ) ;
#18 = VECTOR ( 'NONE', #740, 1000.000000000000000 ) ;
#19 = PRESENTATION_STYLE_ASSIGNMENT (( #748 ) ) ;
#20 = MECHANICAL_DESIGN_GEOMETRIC_PRESENTATION_REPRESENTATION (  '', ( #1359 ), #271 ) ;
#21 = CARTESIAN_POINT ( 'NONE',  ( -0.4000000000000000222, -0.8000000000000000444, -0.2200000000000000011 ) ) ;
#22 = PRESENTATION_LAYER_ASSIGNMENT (  '', '', ( #1345 ) ) ;
#23 = PLANE ( 'NONE',  #133 ) ;
#24 = AXIS2_PLACEMENT_3D ( 'NONE', #1842, #494, #1085 ) ;
#25 = PLANE ( 'NONE',  #917 ) ;
#26 = PRESENTATION_LAYER_ASSIGNMENT (  '', '', ( #52 ) ) ;
#27 = FACE_OUTER_BOUND ( 'NONE', #364, .T. ) ;
#28 = ADVANCED_FACE ( 'NONE', ( #1431 ), #315, .F. ) ;
#29 = FACE_OUTER_BOUND ( 'NONE', #1298, .T. ) ;
#30 = FACE_OUTER_BOUND ( 'NONE', #1258, .T. ) ;
#31 =( NAMED_UNIT ( * ) PLANE_ANGLE_UNIT ( ) SI_UNIT ( $, .RADIAN. ) );
#32 = ADVANCED_FACE ( 'NONE', ( #1236 ), #2, .F. ) ;
#33 = LINE ( 'NONE', #318, #1163 ) ;
#34 = ORIENTED_EDGE ( 'NONE', *, *, #476, .F. ) ;
#35 = EDGE_CURVE ( 'NONE', #804, #703, #1790, .T. ) ;
#36 = FILL_AREA_STYLE ('',( #1814 ) ) ;
#37 = CARTESIAN_POINT ( 'NONE',  ( -0.2300000000000001210, 0.7500000000000000000, -0.3300000000000000155 ) ) ;
#38 = DIRECTION ( 'NONE',  ( -1.000000000000000000, -0.000000000000000000, 0.000000000000000000 ) ) ;
#39 = ORIENTED_EDGE ( 'NONE', *, *, #1798, .F. ) ;
#40 = CARTESIAN_POINT ( 'NONE',  ( -0.4000000000000000222, 0.5799999999999999600, -0.2200000000000000011 ) ) ;
#41 =( NAMED_UNIT ( * ) PLANE_ANGLE_UNIT ( ) SI_UNIT ( $, .RADIAN. ) );
#42 = AXIS2_PLACEMENT_3D ( 'NONE', #496, #1557, #801 ) ;
#43 = VECTOR ( 'NONE', #1326, 1000.000000000000000 ) ;
#44 = AXIS2_PLACEMENT_3D ( 'NONE', #322, #1027, #1054 ) ;
#45 = AXIS2_PLACEMENT_3D ( 'NONE', #1670, #189, #633 ) ;
#46 = VECTOR ( 'NONE', #798, 1000.000000000000000 ) ;
#47 = EDGE_CURVE ( 'NONE', #676, #144, #590, .T. ) ;
#48 = STYLED_ITEM ( 'NONE', ( #1765 ), #1493 ) ;
#49 = CARTESIAN_POINT ( 'NONE',  ( -0.2401540889749760599, 0.8000000000000001554, -0.3300000000000000155 ) ) ;
#50 = CARTESIAN_POINT ( 'NONE',  ( -0.3499999999999999778, 0.3499999999999999778, -0.3599999999999999867 ) ) ;
#51 = DIRECTION ( 'NONE',  ( 0.000000000000000000, 1.000000000000000000, 0.000000000000000000 ) ) ;
#52 = STYLED_ITEM ( 'NONE', ( #644 ), #1914 ) ;
#53 = CARTESIAN_POINT ( 'NONE',  ( 0.2300000000000001210, 0.7500000000000000000, -0.3599999999999999867 ) ) ;
#54 = LINE ( 'NONE', #378, #780 ) ;
#55 = VERTEX_POINT ( 'NONE', #1481 ) ;
#56 = ADVANCED_FACE ( 'NONE', ( #29 ), #1896, .F. ) ;
#57 = CARTESIAN_POINT ( 'NONE',  ( -0.4000000000000000222, -0.2000000000000000111, -0.3599999999999999867 ) ) ;
#58 = ORIENTED_EDGE ( 'NONE', *, *, #1849, .F. ) ;
#59 = SURFACE_SIDE_STYLE ('',( #1229 ) ) ;
#60 = UNCERTAINTY_MEASURE_WITH_UNIT (LENGTH_MEASURE( 1.000000000000000082E-05 ), #681, 'distance_accuracy_value', 'NONE');
#61 = ORIENTED_EDGE ( 'NONE', *, *, #1040, .F. ) ;
#62 = ORIENTED_EDGE ( 'NONE', *, *, #1580, .F. ) ;
#63 =( NAMED_UNIT ( * ) SI_UNIT ( $, .STERADIAN. ) SOLID_ANGLE_UNIT ( ) );
#64 = FILL_AREA_STYLE ('',( #662 ) ) ;
#65 = ORIENTED_EDGE ( 'NONE', *, *, #1330, .T. ) ;
#66 = FILL_AREA_STYLE_COLOUR ( '', #230 ) ;
#67 = EDGE_CURVE ( 'NONE', #546, #92, #1394, .T. ) ;
#68 = CARTESIAN_POINT ( 'NONE',  ( -0.1401540889749759711, 0.8000000000000001554, -0.2200000000000000011 ) ) ;
#69 = EDGE_LOOP ( 'NONE', ( #309, #404, #568, #1883 ) ) ;
#70 = PRESENTATION_LAYER_ASSIGNMENT (  '', '', ( #1766 ) ) ;
#71 = ORIENTED_EDGE ( 'NONE', *, *, #1738, .F. ) ;
#72 = MECHANICAL_DESIGN_GEOMETRIC_PRESENTATION_REPRESENTATION (  '', ( #1216 ), #1429 ) ;
#73 = UNCERTAINTY_MEASURE_WITH_UNIT (LENGTH_MEASURE( 1.000000000000000082E-05 ), #831, 'distance_accuracy_value', 'NONE');
#74 = SURFACE_STYLE_USAGE ( .BOTH. , #1370 ) ;
#75 = ORIENTED_EDGE ( 'NONE', *, *, #1933, .T. ) ;
#76 =( LENGTH_UNIT ( ) NAMED_UNIT ( * ) SI_UNIT ( .MILLI., .METRE. ) );
#77 = CARTESIAN_POINT ( 'NONE',  ( 0.000000000000000000, -0.5631483997465264180, -0.02738532771757014664 ) ) ;
#78 = VECTOR ( 'NONE', #1581, 1000.000000000000000 ) ;
#79 =( NAMED_UNIT ( * ) PLANE_ANGLE_UNIT ( ) SI_UNIT ( $, .RADIAN. ) );
#80 = LINE ( 'NONE', #391, #717 ) ;
#81 = EDGE_CURVE ( 'NONE', #1354, #495, #1440, .T. ) ;
#82 = UNCERTAINTY_MEASURE_WITH_UNIT (LENGTH_MEASURE( 1.000000000000000082E-05 ), #857, 'distance_accuracy_value', 'NONE');
#83 = CARTESIAN_POINT ( 'NONE',  ( 0.000000000000000000, -0.8869528882754701415, -0.3599999999999999867 ) ) ;
#84 = VERTEX_POINT ( 'NONE', #872 ) ;
#85 = DIRECTION ( 'NONE',  ( -1.000000000000000000, -0.000000000000000000, 0.000000000000000000 ) ) ;
#86 = CARTESIAN_POINT ( 'NONE',  ( 0.4000000000000000222, 0.8000000000000000444, -0.2200000000000000011 ) ) ;
#87 = DIRECTION ( 'NONE',  ( -1.000000000000000000, 0.000000000000000000, 0.000000000000000000 ) ) ;
#88 = DIRECTION ( 'NONE',  ( 1.000000000000000000, -0.000000000000000000, 0.000000000000000000 ) ) ;
#89 = EDGE_CURVE ( 'NONE', #1521, #1354, #854, .T. ) ;
#90 = PRESENTATION_STYLE_ASSIGNMENT (( #1303 ) ) ;
#91 = ORIENTED_EDGE ( 'NONE', *, *, #736, .T. ) ;
#92 = VERTEX_POINT ( 'NONE', #1178 ) ;
#93 = CARTESIAN_POINT ( 'NONE',  ( 0.4000000000000000222, 0.5332625588037740449, -0.03000000000000000236 ) ) ;
#94 = EDGE_LOOP ( 'NONE', ( #1628, #1420, #464, #1327 ) ) ;
#95 = PRESENTATION_STYLE_ASSIGNMENT (( #827 ) ) ;
#96 = FILL_AREA_STYLE_COLOUR ( '', #1603 ) ;
#97 =( NAMED_UNIT ( * ) PLANE_ANGLE_UNIT ( ) SI_UNIT ( $, .RADIAN. ) );
#98 = PRESENTATION_LAYER_ASSIGNMENT (  '', '', ( #1799 ) ) ;
#99 =( GEOMETRIC_REPRESENTATION_CONTEXT ( 3 ) GLOBAL_UNCERTAINTY_ASSIGNED_CONTEXT ( ( #1919 ) ) GLOBAL_UNIT_ASSIGNED_CONTEXT ( ( #1288, #1861, #360 ) ) REPRESENTATION_CONTEXT ( 'NONE', 'WORKASPACE' ) );
#100 = ORIENTED_EDGE ( 'NONE', *, *, #1731, .T. ) ;
#101 = DIRECTION ( 'NONE',  ( -4.065758146820640148E-16, 1.000000000000000000, 0.000000000000000000 ) ) ;
#102 = ORIENTED_EDGE ( 'NONE', *, *, #1887, .F. ) ;
#103 = EDGE_CURVE ( 'NONE', #792, #688, #1923, .T. ) ;
#104 = COLOUR_RGB ( '',0.8627450980392157298, 0.5882352941176470784, 0.06274509803921568540 ) ;
#105 = CARTESIAN_POINT ( 'NONE',  ( 0.4000000000000000222, 0.5631483997465261959, -0.02738532771757019174 ) ) ;
#106 = PRODUCT_CONTEXT ( 'NONE', #768, 'mechanical' ) ;
#107 = SURFACE_SIDE_STYLE ('',( #673 ) ) ;
#108 = LINE ( 'NONE', #1404, #477 ) ;
#109 = VECTOR ( 'NONE', #38, 1000.000000000000000 ) ;
#110 = FACE_OUTER_BOUND ( 'NONE', #1787, .T. ) ;
#111 = SURFACE_STYLE_USAGE ( .BOTH. , #1900 ) ;
#112 =( NAMED_UNIT ( * ) PLANE_ANGLE_UNIT ( ) SI_UNIT ( $, .RADIAN. ) );
#113 = ORIENTED_EDGE ( 'NONE', *, *, #922, .T. ) ;
#114 = PRESENTATION_STYLE_ASSIGNMENT (( #384 ) ) ;
#115 = FACE_OUTER_BOUND ( 'NONE', #143, .T. ) ;
#116 = CARTESIAN_POINT ( 'NONE',  ( -0.4000000000000000222, 0.5799999999999999600, -0.2200000000000000011 ) ) ;
#117 = EDGE_CURVE ( 'NONE', #297, #1369, #1598, .T. ) ;
#118 = ORIENTED_EDGE ( 'NONE', *, *, #1255, .F. ) ;
#119 = CARTESIAN_POINT ( 'NONE',  ( 0.2300000000000001210, 0.7500000000000000000, -0.3599999999999999867 ) ) ;
#120 = LINE ( 'NONE', #710, #1367 ) ;
#121 = DIRECTION ( 'NONE',  ( -0.000000000000000000, 0.000000000000000000, -1.000000000000000000 ) ) ;
#122 = ORIENTED_EDGE ( 'NONE', *, *, #706, .F. ) ;
#123 = FILL_AREA_STYLE ('',( #701 ) ) ;
#124 = DIRECTION ( 'NONE',  ( 1.000000000000000000, -0.000000000000000000, 0.000000000000000000 ) ) ;
#125 = EDGE_LOOP ( 'NONE', ( #122, #826, #1003, #217, #850, #669, #509, #1408, #1000, #1145 ) ) ;
#126 = FACE_OUTER_BOUND ( 'NONE', #816, .T. ) ;
#127 = EDGE_CURVE ( 'NONE', #1592, #147, #1478, .T. ) ;
#128 = FACE_OUTER_BOUND ( 'NONE', #1012, .T. ) ;
#129 = ORIENTED_EDGE ( 'NONE', *, *, #951, .F. ) ;
#130 = ORIENTED_EDGE ( 'NONE', *, *, #1459, .F. ) ;
#131 = VECTOR ( 'NONE', #674, 1000.000000000000000 ) ;
#132 = DIRECTION ( 'NONE',  ( 1.000000000000000000, 0.000000000000000000, -0.000000000000000000 ) ) ;
#133 = AXIS2_PLACEMENT_3D ( 'NONE', #170, #180, #767 ) ;
#134 = ORIENTED_EDGE ( 'NONE', *, *, #528, .F. ) ;
#135 = MECHANICAL_DESIGN_GEOMETRIC_PRESENTATION_REPRESENTATION (  '', ( #1518 ), #99 ) ;
#136 = AXIS2_PLACEMENT_3D ( 'NONE', #577, #1516, #1839 ) ;
#137 = AXIS2_PLACEMENT_3D ( 'NONE', #1114, #696, #1751 ) ;
#138 = CARTESIAN_POINT ( 'NONE',  ( 0.2300000000000002598, -0.7500000000000000000, -0.3599999999999999867 ) ) ;
#139 = AXIS2_PLACEMENT_3D ( 'NONE', #142, #502, #1083 ) ;
#140 = DIRECTION ( 'NONE',  ( 0.000000000000000000, -1.000000000000000000, 0.000000000000000000 ) ) ;
#141 = COLOUR_RGB ( '',0.8627450980392157298, 0.5882352941176470784, 0.06274509803921568540 ) ;
#142 = CARTESIAN_POINT ( 'NONE',  ( 0.000000000000000000, -0.8869528882754701415, -0.3300000000000000155 ) ) ;
#143 = EDGE_LOOP ( 'NONE', ( #517, #1381, #1393, #1130 ) ) ;
#144 = VERTEX_POINT ( 'NONE', #1612 ) ;
#145 = SURFACE_SIDE_STYLE ('',( #1195 ) ) ;
#146 = LINE ( 'NONE', #1786, #732 ) ;
#147 = VERTEX_POINT ( 'NONE', #1470 ) ;
#148 = FACE_OUTER_BOUND ( 'NONE', #1321, .T. ) ;
#149 = DIRECTION ( 'NONE',  ( -1.000000000000000000, 0.000000000000000000, 0.000000000000000000 ) ) ;
#150 = CARTESIAN_POINT ( 'NONE',  ( 0.4000000000000000222, 0.8000000000000000444, -0.3300000000000000155 ) ) ;
#151 = CARTESIAN_POINT ( 'NONE',  ( 0.3499999999999999778, 0.8227398645140071576, -0.3599999999999999867 ) ) ;
#152 = DIRECTION ( 'NONE',  ( -1.000000000000000000, 0.000000000000000000, 0.000000000000000000 ) ) ;
#153 = EDGE_CURVE ( 'NONE', #1582, #406, #1780, .T. ) ;
#154 =( LENGTH_UNIT ( ) NAMED_UNIT ( * ) SI_UNIT ( .MILLI., .METRE. ) );
#155 = ORIENTED_EDGE ( 'NONE', *, *, #223, .F. ) ;
#156 = DIRECTION ( 'NONE',  ( 1.000000000000000000, 0.000000000000000000, 0.000000000000000000 ) ) ;
#157 = LINE ( 'NONE', #745, #425 ) ;
#158 = CARTESIAN_POINT ( 'NONE',  ( 0.000000000000000000, -0.8869528882754701415, -0.3300000000000000155 ) ) ;
#159 = LINE ( 'NONE', #1502, #300 ) ;
#160 = SURFACE_SIDE_STYLE ('',( #457 ) ) ;
#161 = DIRECTION ( 'NONE',  ( 0.000000000000000000, -0.08715574274765836016, 0.9961946980917455452 ) ) ;
#162 = DIRECTION ( 'NONE',  ( 0.000000000000000000, -0.000000000000000000, -1.000000000000000000 ) ) ;
#163 = ORIENTED_EDGE ( 'NONE', *, *, #1116, .F. ) ;
#164 = ADVANCED_FACE ( 'NONE', ( #1147 ), #1004, .T. ) ;
#165 = ORIENTED_EDGE ( 'NONE', *, *, #1817, .F. ) ;
#167 = EDGE_CURVE ( 'NONE', #1728, #92, #1643, .T. ) ;
#166 = STYLED_ITEM ( 'NONE', ( #942 ), #975 ) ;
#168 = STYLED_ITEM ( 'NONE', ( #1281 ), #304 ) ;
#169 = DIRECTION ( 'NONE',  ( 0.000000000000000000, 1.000000000000000000, 0.000000000000000000 ) ) ;
#170 = CARTESIAN_POINT ( 'NONE',  ( -0.1000000000000000056, 0.2000000000000000111, -0.3599999999999999867 ) ) ;
#171 = PRESENTATION_STYLE_ASSIGNMENT (( #1499 ) ) ;
#172 = COLOUR_RGB ( '',0.000000000000000000, 0.5019607843137254832, 0.000000000000000000 ) ;
#173 = SURFACE_STYLE_FILL_AREA ( #330 ) ;
#174 = EDGE_CURVE ( 'NONE', #1318, #1619, #381, .T. ) ;
#175 = CARTESIAN_POINT ( 'NONE',  ( 0.000000000000000000, 0.5631483997465264180, -0.02738532771757016746 ) ) ;
#176 = CARTESIAN_POINT ( 'NONE',  ( -0.3499999999999999778, 0.7500000000000000000, -0.3599999999999999867 ) ) ;
#177 =( LENGTH_UNIT ( ) NAMED_UNIT ( * ) SI_UNIT ( .MILLI., .METRE. ) );
#178 = ORIENTED_EDGE ( 'NONE', *, *, #1618, .T. ) ;
#179 = SURFACE_STYLE_FILL_AREA ( #211 ) ;
#180 = DIRECTION ( 'NONE',  ( 1.000000000000000000, -1.355252715606880049E-16, 0.000000000000000000 ) ) ;
#181 = FACE_OUTER_BOUND ( 'NONE', #1093, .T. ) ;
#182 = FILL_AREA_STYLE ('',( #1845 ) ) ;
#183 = LINE ( 'NONE', #771, #1601 ) ;
#184 = ADVANCED_FACE ( 'NONE', ( #148 ), #1620, .T. ) ;
#185 = FILL_AREA_STYLE_COLOUR ( '', #465 ) ;
#186 =( NAMED_UNIT ( * ) PLANE_ANGLE_UNIT ( ) SI_UNIT ( $, .RADIAN. ) );
#187 = LINE ( 'NONE', #1554, #1458 ) ;
#188 = VERTEX_POINT ( 'NONE', #1349 ) ;
#189 = DIRECTION ( 'NONE',  ( -1.355252715606880049E-16, -1.000000000000000000, 0.000000000000000000 ) ) ;
#190 = CARTESIAN_POINT ( 'NONE',  ( 0.2300000000000002875, -0.7500000000000000000, -0.3300000000000000155 ) ) ;
#191 = PRESENTATION_STYLE_ASSIGNMENT (( #1660 ) ) ;
#192 = PLANE ( 'NONE',  #626 ) ;
#193 = LINE ( 'NONE', #797, #1730 ) ;
#194 = DIRECTION ( 'NONE',  ( -1.000000000000000000, 1.355252715606880049E-16, 0.000000000000000000 ) ) ;
#195 = PRESENTATION_LAYER_ASSIGNMENT (  '', '', ( #879 ) ) ;
#196 = AXIS2_PLACEMENT_3D ( 'NONE', #10, #1490, #1042 ) ;
#197 = CARTESIAN_POINT ( 'NONE',  ( 0.4000000000000000222, -0.8000000000000000444, -0.2200000000000000011 ) ) ;
#198 = UNCERTAINTY_MEASURE_WITH_UNIT (LENGTH_MEASURE( 1.000000000000000082E-05 ), #1295, 'distance_accuracy_value', 'NONE');
#199 = VECTOR ( 'NONE', #1227, 1000.000000000000000 ) ;
#200 = PRESENTATION_LAYER_ASSIGNMENT (  '', '', ( #754 ) ) ;
#201 = ADVANCED_FACE ( 'NONE', ( #599 ), #471, .F. ) ;
#202 = MECHANICAL_DESIGN_GEOMETRIC_PRESENTATION_REPRESENTATION (  '', ( #1804 ), #849 ) ;
#203 =( NAMED_UNIT ( * ) SI_UNIT ( $, .STERADIAN. ) SOLID_ANGLE_UNIT ( ) );
#204 = AXIS2_PLACEMENT_3D ( 'NONE', #846, #263, #1009 ) ;
#205 = ORIENTED_EDGE ( 'NONE', *, *, #117, .F. ) ;
#206 = FILL_AREA_STYLE_COLOUR ( '', #1921 ) ;
#207 = ORIENTED_EDGE ( 'NONE', *, *, #715, .T. ) ;
#208 = AXIS2_PLACEMENT_3D ( 'NONE', #57, #672, #1847 ) ;
#209 = FACE_OUTER_BOUND ( 'NONE', #1534, .T. ) ;
#210 = DIRECTION ( 'NONE',  ( 0.000000000000000000, 0.000000000000000000, -1.000000000000000000 ) ) ;
#211 = FILL_AREA_STYLE ('',( #357 ) ) ;
#212 = EDGE_LOOP ( 'NONE', ( #1651, #1456, #1918, #366 ) ) ;
#213 = ORIENTED_EDGE ( 'NONE', *, *, #1537, .T. ) ;
#214 = DIRECTION ( 'NONE',  ( -1.000000000000000000, 0.000000000000000000, 0.000000000000000000 ) ) ;
#215 = MANIFOLD_SOLID_BREP ( 'Split1[1]', #1632 ) ;
#216 = CARTESIAN_POINT ( 'NONE',  ( -0.4000000000000000222, -0.8000000000000000444, -0.2200000000000000011 ) ) ;
#217 = ORIENTED_EDGE ( 'NONE', *, *, #708, .T. ) ;
#218 = FACE_OUTER_BOUND ( 'NONE', #1843, .T. ) ;
#219 = UNCERTAINTY_MEASURE_WITH_UNIT (LENGTH_MEASURE( 1.000000000000000082E-05 ), #225, 'distance_accuracy_value', 'NONE');
#220 = ORIENTED_EDGE ( 'NONE', *, *, #943, .F. ) ;
#221 = ORIENTED_EDGE ( 'NONE', *, *, #174, .F. ) ;
#222 =( NAMED_UNIT ( * ) PLANE_ANGLE_UNIT ( ) SI_UNIT ( $, .RADIAN. ) );
#223 = EDGE_CURVE ( 'NONE', #799, #55, #521, .T. ) ;
#224 = DIRECTION ( 'NONE',  ( 1.000000000000000000, -7.339090358823389544E-16, 0.000000000000000000 ) ) ;
#225 =( LENGTH_UNIT ( ) NAMED_UNIT ( * ) SI_UNIT ( .MILLI., .METRE. ) );
#226 = LINE ( 'NONE', #68, #1463 ) ;
#227 = PRESENTATION_LAYER_ASSIGNMENT (  '', '', ( #1216 ) ) ;
#228 = VECTOR ( 'NONE', #169, 1000.000000000000000 ) ;
#229 =( NAMED_UNIT ( * ) PLANE_ANGLE_UNIT ( ) SI_UNIT ( $, .RADIAN. ) );
#230 = COLOUR_RGB ( '',0.000000000000000000, 0.5019607843137254832, 0.000000000000000000 ) ;
#231 = SURFACE_SIDE_STYLE ('',( #985 ) ) ;
#232 = COLOUR_RGB ( '',0.8627450980392157298, 0.5882352941176470784, 0.06274509803921568540 ) ;
#233 = ORIENTED_EDGE ( 'NONE', *, *, #1646, .F. ) ;
#234 = ORIENTED_EDGE ( 'NONE', *, *, #1531, .F. ) ;
#235 = CARTESIAN_POINT ( 'NONE',  ( 0.3499999999999999778, -0.3499999999999999778, -0.3599999999999999867 ) ) ;
#236 =( LENGTH_UNIT ( ) NAMED_UNIT ( * ) SI_UNIT ( .MILLI., .METRE. ) );
#237 = CARTESIAN_POINT ( 'NONE',  ( 0.1000000000000000056, 0.000000000000000000, -0.3300000000000000155 ) ) ;
#238 = DIRECTION ( 'NONE',  ( 0.000000000000000000, 0.000000000000000000, -1.000000000000000000 ) ) ;
#239 = ORIENTED_EDGE ( 'NONE', *, *, #642, .T. ) ;
#240 = PRESENTATION_LAYER_ASSIGNMENT (  '', '', ( #1862 ) ) ;
#241 = DIRECTION ( 'NONE',  ( -1.000000000000000000, 0.000000000000000000, 0.000000000000000000 ) ) ;
#242 = CARTESIAN_POINT ( 'NONE',  ( 0.2300000000000002875, -0.7500000000000000000, -0.3599999999999999867 ) ) ;
#243 = DIRECTION ( 'NONE',  ( 1.000000000000000000, 0.000000000000000000, -0.000000000000000000 ) ) ;
#244 = FILL_AREA_STYLE ('',( #1291 ) ) ;
#245 = ORIENTED_EDGE ( 'NONE', *, *, #1510, .F. ) ;
#246 = EDGE_LOOP ( 'NONE', ( #561, #1756, #1832, #129 ) ) ;
#247 = LINE ( 'NONE', #1002, #497 ) ;
#248 = DIRECTION ( 'NONE',  ( 0.000000000000000000, -1.000000000000000000, -0.000000000000000000 ) ) ;
#249 = ORIENTED_EDGE ( 'NONE', *, *, #1633, .T. ) ;
#250 = LINE ( 'NONE', #1884, #1034 ) ;
#251 =( LENGTH_UNIT ( ) NAMED_UNIT ( * ) SI_UNIT ( .MILLI., .METRE. ) );
#252 = ADVANCED_FACE ( 'NONE', ( #110 ), #1263, .T. ) ;
#253 = DIRECTION ( 'NONE',  ( 0.000000000000000000, 1.000000000000000000, -0.000000000000000000 ) ) ;
#254 = VERTEX_POINT ( 'NONE', #1579 ) ;
#255 = ADVANCED_BREP_SHAPE_REPRESENTATION ( 'KG EELP41.22-PHRH-35-A8J8-20-R18', ( #215, #1493, #1507, #1505, #540 ), #1610 ) ;
#256 = ORIENTED_EDGE ( 'NONE', *, *, #1421, .F. ) ;
#257 = LINE ( 'NONE', #824, #1065 ) ;
#258 = DIRECTION ( 'NONE',  ( 0.000000000000000000, -1.000000000000000000, -0.000000000000000000 ) ) ;
#259 = PRESENTATION_STYLE_ASSIGNMENT (( #990 ) ) ;
#260 = DIRECTION ( 'NONE',  ( -1.000000000000000000, 7.635932840975333122E-16, 0.000000000000000000 ) ) ;
#261 = DIRECTION ( 'NONE',  ( -1.000000000000000000, -0.000000000000000000, -0.000000000000000000 ) ) ;
#262 = CARTESIAN_POINT ( 'NONE',  ( 0.2531704738462740023, -0.8000000000000000444, -0.2200000000000000011 ) ) ;
#263 = DIRECTION ( 'NONE',  ( -1.000000000000000000, -1.355252715606880049E-16, 0.000000000000000000 ) ) ;
#264 = ADVANCED_FACE ( 'NONE', ( #409 ), #275, .F. ) ;
#265 = VECTOR ( 'NONE', #958, 1000.000000000000000 ) ;
#266 =( NAMED_UNIT ( * ) SI_UNIT ( $, .STERADIAN. ) SOLID_ANGLE_UNIT ( ) );
#267 = ORIENTED_EDGE ( 'NONE', *, *, #974, .T. ) ;
#268 = VERTEX_POINT ( 'NONE', #877 ) ;
#269 = MECHANICAL_DESIGN_GEOMETRIC_PRESENTATION_REPRESENTATION (  '', ( #1823 ), #380 ) ;
#270 =( NAMED_UNIT ( * ) PLANE_ANGLE_UNIT ( ) SI_UNIT ( $, .RADIAN. ) );
#271 =( GEOMETRIC_REPRESENTATION_CONTEXT ( 3 ) GLOBAL_UNCERTAINTY_ASSIGNED_CONTEXT ( ( #60 ) ) GLOBAL_UNIT_ASSIGNED_CONTEXT ( ( #681, #401, #1906 ) ) REPRESENTATION_CONTEXT ( 'NONE', 'WORKASPACE' ) );
#272 = AXIS2_PLACEMENT_3D ( 'NONE', #1471, #1500, #1355 ) ;
#273 =( LENGTH_UNIT ( ) NAMED_UNIT ( * ) SI_UNIT ( .MILLI., .METRE. ) );
#274 = LINE ( 'NONE', #967, #883 ) ;
#275 = PLANE ( 'NONE',  #724 ) ;
#276 = CARTESIAN_POINT ( 'NONE',  ( 0.1401540889749761654, 0.8000000000000001554, -0.3300000000000000155 ) ) ;
#277 = ORIENTED_EDGE ( 'NONE', *, *, #678, .T. ) ;
#278 = ORIENTED_EDGE ( 'NONE', *, *, #706, .T. ) ;
#279 = DIRECTION ( 'NONE',  ( 0.000000000000000000, 1.000000000000000000, 0.000000000000000000 ) ) ;
#280 = ORIENTED_EDGE ( 'NONE', *, *, #47, .T. ) ;
#281 = SURFACE_SIDE_STYLE ('',( #1140 ) ) ;
#282 = FACE_OUTER_BOUND ( 'NONE', #738, .T. ) ;
#283 = UNCERTAINTY_MEASURE_WITH_UNIT (LENGTH_MEASURE( 1.000000000000000082E-05 ), #580, 'distance_accuracy_value', 'NONE');
#284 = CARTESIAN_POINT ( 'NONE',  ( 0.3499999999999999778, 0.3499999999999999778, -0.3599999999999999312 ) ) ;
#285 =( LENGTH_UNIT ( ) NAMED_UNIT ( * ) SI_UNIT ( .MILLI., .METRE. ) );
#286 = ORIENTED_EDGE ( 'NONE', *, *, #791, .T. ) ;
#287 = EDGE_LOOP ( 'NONE', ( #277, #344, #1784, #1021 ) ) ;
#288 = DIRECTION ( 'NONE',  ( 0.000000000000000000, -0.000000000000000000, -1.000000000000000000 ) ) ;
#289 = ORIENTED_EDGE ( 'NONE', *, *, #1750, .F. ) ;
#290 =( NAMED_UNIT ( * ) PLANE_ANGLE_UNIT ( ) SI_UNIT ( $, .RADIAN. ) );
#291 = FILL_AREA_STYLE_COLOUR ( '', #172 ) ;
#292 = EDGE_CURVE ( 'NONE', #1747, #945, #1199, .T. ) ;
#293 = DIRECTION ( 'NONE',  ( -1.000000000000000000, 0.000000000000000000, -0.000000000000000000 ) ) ;
#294 = VERTEX_POINT ( 'NONE', #1070 ) ;
#295 = PLANE ( 'NONE',  #1556 ) ;
#296 = CARTESIAN_POINT ( 'NONE',  ( -0.4000000000000000222, -0.5799999999999999600, -0.2200000000000000011 ) ) ;
#297 = VERTEX_POINT ( 'NONE', #37 ) ;
#298 = DIRECTION ( 'NONE',  ( 0.000000000000000000, 0.000000000000000000, -1.000000000000000000 ) ) ;
#299 = LINE ( 'NONE', #520, #941 ) ;
#300 = VECTOR ( 'NONE', #1645, 1000.000000000000000 ) ;
#301 = CARTESIAN_POINT ( 'NONE',  ( -0.3499999999999999778, 0.7500000000000001110, -0.3599999999999999312 ) ) ;
#302 = AXIS2_PLACEMENT_3D ( 'NONE', #83, #210, #1719 ) ;
#303 = AXIS2_PLACEMENT_3D ( 'NONE', #1782, #1623, #1462 ) ;
#304 = ADVANCED_FACE ( 'NONE', ( #1503 ), #765, .F. ) ;
#305 =( GEOMETRIC_REPRESENTATION_CONTEXT ( 3 ) GLOBAL_UNCERTAINTY_ASSIGNED_CONTEXT ( ( #504 ) ) GLOBAL_UNIT_ASSIGNED_CONTEXT ( ( #285, #1452, #1143 ) ) REPRESENTATION_CONTEXT ( 'NONE', 'WORKASPACE' ) );
#306 = CARTESIAN_POINT ( 'NONE',  ( 0.3499999999999999778, -0.3499999999999999778, -0.3599999999999999312 ) ) ;
#307 = EDGE_CURVE ( 'NONE', #383, #1910, #560, .T. ) ;
#308 = CARTESIAN_POINT ( 'NONE',  ( 0.000000000000000000, 0.8227398645140071576, -0.3599999999999999867 ) ) ;
#309 = ORIENTED_EDGE ( 'NONE', *, *, #736, .F. ) ;
#310 = FILL_AREA_STYLE_COLOUR ( '', #411 ) ;
#311 = CARTESIAN_POINT ( 'NONE',  ( 0.4000000000000000222, 0.5631483997465259739, -0.02738532771757019868 ) ) ;
#312 = DIRECTION ( 'NONE',  ( 0.000000000000000000, 0.000000000000000000, -1.000000000000000000 ) ) ;
#313 = DIRECTION ( 'NONE',  ( 0.000000000000000000, -0.000000000000000000, -1.000000000000000000 ) ) ;
#314 = FACE_OUTER_BOUND ( 'NONE', #691, .T. ) ;
#315 = PLANE ( 'NONE',  #196 ) ;
#316 =( NAMED_UNIT ( * ) SI_UNIT ( $, .STERADIAN. ) SOLID_ANGLE_UNIT ( ) );
#317 = EDGE_CURVE ( 'NONE', #1691, #1533, #851, .T. ) ;
#318 = CARTESIAN_POINT ( 'NONE',  ( 0.4000000000000000222, 0.8000000000000000444, -0.3300000000000000155 ) ) ;
#319 = CARTESIAN_POINT ( 'NONE',  ( -0.3499999999999999778, -0.3499999999999999778, -0.3599999999999999867 ) ) ;
#320 = ADVANCED_FACE ( 'NONE', ( #1744 ), #670, .F. ) ;
#321 = DIRECTION ( 'NONE',  ( 1.000000000000000000, -1.355252715606880049E-16, 0.000000000000000000 ) ) ;
#322 = CARTESIAN_POINT ( 'NONE',  ( -0.4000000000000000222, -0.5799999999999999600, -0.2200000000000000011 ) ) ;
#323 = LINE ( 'NONE', #907, #1090 ) ;
#324 =( LENGTH_UNIT ( ) NAMED_UNIT ( * ) SI_UNIT ( .MILLI., .METRE. ) );
#325 = PLANE ( 'NONE',  #892 ) ;
#326 =( NAMED_UNIT ( * ) PLANE_ANGLE_UNIT ( ) SI_UNIT ( $, .RADIAN. ) );
#327 = ORIENTED_EDGE ( 'NONE', *, *, #479, .F. ) ;
#328 = ADVANCED_FACE ( 'NONE', ( #772 ), #1682, .F. ) ;
#329 = SURFACE_STYLE_FILL_AREA ( #1658 ) ;
#330 = FILL_AREA_STYLE ('',( #466 ) ) ;
#331 = VECTOR ( 'NONE', #346, 1000.000000000000000 ) ;
#332 = CIRCLE ( 'NONE', #1246, 0.1419868659225949903 ) ;
#333 = PRESENTATION_LAYER_ASSIGNMENT (  '', '', ( #1802 ) ) ;
#334 =( NAMED_UNIT ( * ) PLANE_ANGLE_UNIT ( ) SI_UNIT ( $, .RADIAN. ) );
#335 = CIRCLE ( 'NONE', #567, 0.03000000000000000236 ) ;
#336 = VECTOR ( 'NONE', #679, 1000.000000000000000 ) ;
#337 = SURFACE_STYLE_FILL_AREA ( #1325 ) ;
#338 = ORIENTED_EDGE ( 'NONE', *, *, #587, .F. ) ;
#339 = PRESENTATION_LAYER_ASSIGNMENT (  '', '', ( #1005 ) ) ;
#340 = EDGE_CURVE ( 'NONE', #743, #1705, #1826, .T. ) ;
#341 = LINE ( 'NONE', #488, #46 ) ;
#342 = UNCERTAINTY_MEASURE_WITH_UNIT (LENGTH_MEASURE( 1.000000000000000082E-05 ), #76, 'distance_accuracy_value', 'NONE');
#343 = DIRECTION ( 'NONE',  ( -0.000000000000000000, -1.000000000000000000, 0.000000000000000000 ) ) ;
#344 = ORIENTED_EDGE ( 'NONE', *, *, #1484, .F. ) ;
#345 = SURFACE_STYLE_FILL_AREA ( #1063 ) ;
#346 = DIRECTION ( 'NONE',  ( 1.000000000000000000, 0.000000000000000000, 0.000000000000000000 ) ) ;
#347 = APPLICATION_CONTEXT ( 'automotive_design' ) ;
#348 = EDGE_CURVE ( 'NONE', #1705, #55, #341, .T. ) ;
#349 = DIRECTION ( 'NONE',  ( 0.000000000000000000, -1.000000000000000000, -0.000000000000000000 ) ) ;
#350 = CARTESIAN_POINT ( 'NONE',  ( -0.3499999999999999778, 0.3499999999999999778, -0.3300000000000000155 ) ) ;
#351 = AXIS2_PLACEMENT_3D ( 'NONE', #1382, #367, #224 ) ;
#352 = SURFACE_STYLE_USAGE ( .BOTH. , #817 ) ;
#353 = CIRCLE ( 'NONE', #1425, 0.2412282899858889940 ) ;
#354 = AXIS2_PLACEMENT_3D ( 'NONE', #1435, #121, #397 ) ;
#355 = UNCERTAINTY_MEASURE_WITH_UNIT (LENGTH_MEASURE( 1.000000000000000082E-05 ), #1223, 'distance_accuracy_value', 'NONE');
#356 = AXIS2_PLACEMENT_3D ( 'NONE', #50, #640, #806 ) ;
#357 = FILL_AREA_STYLE_COLOUR ( '', #1553 ) ;
#358 = CARTESIAN_POINT ( 'NONE',  ( -0.4000000000000000222, 0.8000000000000000444, -0.2200000000000000011 ) ) ;
#359 = FACE_OUTER_BOUND ( 'NONE', #1774, .T. ) ;
#360 =( NAMED_UNIT ( * ) SI_UNIT ( $, .STERADIAN. ) SOLID_ANGLE_UNIT ( ) );
#361 = CARTESIAN_POINT ( 'NONE',  ( 0.000000000000000000, 0.7500000000000000000, -0.3300000000000000155 ) ) ;
#362 = ADVANCED_FACE ( 'NONE', ( #30 ), #1675, .F. ) ;
#363 = CARTESIAN_POINT ( 'NONE',  ( -0.4000000000000000222, 0.5800000000000000711, -0.2200000000000000011 ) ) ;
#364 = EDGE_LOOP ( 'NONE', ( #1526, #1023, #835, #1594 ) ) ;
#365 = DIRECTION ( 'NONE',  ( 1.000000000000000000, 0.000000000000000000, -0.000000000000000000 ) ) ;
#366 = ORIENTED_EDGE ( 'NONE', *, *, #1771, .F. ) ;
#367 = DIRECTION ( 'NONE',  ( -7.339090358823389544E-16, -1.000000000000000000, 0.000000000000000000 ) ) ;
#368 = DIRECTION ( 'NONE',  ( -0.000000000000000000, -0.000000000000000000, -1.000000000000000000 ) ) ;
#369 = CARTESIAN_POINT ( 'NONE',  ( -0.1401540889749761098, 0.8000000000000001554, -0.3599999999999999867 ) ) ;
#370 = EDGE_LOOP ( 'NONE', ( #1151, #1572, #859, #1857 ) ) ;
#371 = ADVANCED_FACE ( 'NONE', ( #209 ), #1365, .F. ) ;
#372 = ORIENTED_EDGE ( 'NONE', *, *, #487, .F. ) ;
#373 = LINE ( 'NONE', #775, #1423 ) ;
#374 = ORIENTED_EDGE ( 'NONE', *, *, #1380, .F. ) ;
#375 = CARTESIAN_POINT ( 'NONE',  ( 0.3499999999999999778, 0.3499999999999999778, -0.3599999999999999867 ) ) ;
#376 = DIRECTION ( 'NONE',  ( 0.000000000000000000, 0.000000000000000000, -1.000000000000000000 ) ) ;
#377 = COLOUR_RGB ( '',0.8627450980392157298, 0.5882352941176470784, 0.06274509803921568540 ) ;
#378 = CARTESIAN_POINT ( 'NONE',  ( 0.000000000000000000, 0.7500000000000000000, -0.3300000000000000155 ) ) ;
#379 = VECTOR ( 'NONE', #349, 1000.000000000000000 ) ;
#380 =( GEOMETRIC_REPRESENTATION_CONTEXT ( 3 ) GLOBAL_UNCERTAINTY_ASSIGNED_CONTEXT ( ( #219 ) ) GLOBAL_UNIT_ASSIGNED_CONTEXT ( ( #225, #1551, #1599 ) ) REPRESENTATION_CONTEXT ( 'NONE', 'WORKASPACE' ) );
#381 = CIRCLE ( 'NONE', #1800, 0.2676865585101230183 ) ;
#382 = VECTOR ( 'NONE', #603, 1000.000000000000000 ) ;
#383 = VERTEX_POINT ( 'NONE', #1511 ) ;
#384 = SURFACE_STYLE_USAGE ( .BOTH. , #1722 ) ;
#385 = DIRECTION ( 'NONE',  ( 0.000000000000000000, -1.000000000000000000, -0.000000000000000000 ) ) ;
#386 = EDGE_LOOP ( 'NONE', ( #944, #1260, #508, #58 ) ) ;
#387 = VECTOR ( 'NONE', #162, 1000.000000000000000 ) ;
#388 = EDGE_CURVE ( 'NONE', #804, #254, #183, .T. ) ;
#389 = MECHANICAL_DESIGN_GEOMETRIC_PRESENTATION_REPRESENTATION (  '', ( #1345 ), #815 ) ;
#390 = CARTESIAN_POINT ( 'NONE',  ( 0.000000000000000000, 0.5332625588037740449, -0.03000000000000000236 ) ) ;
#391 = CARTESIAN_POINT ( 'NONE',  ( -0.3499999999999999778, -0.7500000000000000000, -0.3599999999999999867 ) ) ;
#392 = UNCERTAINTY_MEASURE_WITH_UNIT (LENGTH_MEASURE( 1.000000000000000082E-05 ), #573, 'distance_accuracy_value', 'NONE');
#393 = MECHANICAL_DESIGN_GEOMETRIC_PRESENTATION_REPRESENTATION (  '', ( #1866 ), #634 ) ;
#394 = LINE ( 'NONE', #976, #1519 ) ;
#395 = MECHANICAL_DESIGN_GEOMETRIC_PRESENTATION_REPRESENTATION (  '', ( #52 ), #1904 ) ;
#396 = EDGE_LOOP ( 'NONE', ( #1785, #979, #62, #1368 ) ) ;
#397 = DIRECTION ( 'NONE',  ( -1.000000000000000000, 0.000000000000000000, 0.000000000000000000 ) ) ;
#398 = DIRECTION ( 'NONE',  ( -1.000000000000000000, 0.000000000000000000, 0.000000000000000000 ) ) ;
#399 = CARTESIAN_POINT ( 'NONE',  ( 0.000000000000000000, -6.456461622496839826E-17, -0.3300000000000000155 ) ) ;
#400 =( NAMED_UNIT ( * ) SI_UNIT ( $, .STERADIAN. ) SOLID_ANGLE_UNIT ( ) );
#401 =( NAMED_UNIT ( * ) PLANE_ANGLE_UNIT ( ) SI_UNIT ( $, .RADIAN. ) );
#402 =( NAMED_UNIT ( * ) SI_UNIT ( $, .STERADIAN. ) SOLID_ANGLE_UNIT ( ) );
#403 = EDGE_CURVE ( 'NONE', #688, #1129, #1078, .T. ) ;
#404 = ORIENTED_EDGE ( 'NONE', *, *, #694, .T. ) ;
#405 = DIRECTION ( 'NONE',  ( 1.000000000000000000, 0.000000000000000000, -0.000000000000000000 ) ) ;
#406 = VERTEX_POINT ( 'NONE', #53 ) ;
#407 = APPLICATION_PROTOCOL_DEFINITION ( 'draft international standard', 'automotive_design', 1998, #347 ) ;
#408 = SURFACE_STYLE_USAGE ( .BOTH. , #281 ) ;
#409 = FACE_OUTER_BOUND ( 'NONE', #396, .T. ) ;
#410 =( NAMED_UNIT ( * ) SI_UNIT ( $, .STERADIAN. ) SOLID_ANGLE_UNIT ( ) );
#411 = COLOUR_RGB ( '',0.8627450980392157298, 0.5882352941176470784, 0.06274509803921568540 ) ;
#412 = DIRECTION ( 'NONE',  ( 9.380168357402309666E-16, -1.000000000000000000, 0.000000000000000000 ) ) ;
#413 = EDGE_LOOP ( 'NONE', ( #970, #1773, #800, #426 ) ) ;
#414 = EDGE_CURVE ( 'NONE', #987, #1690, #683, .T. ) ;
#415 =( LENGTH_UNIT ( ) NAMED_UNIT ( * ) SI_UNIT ( .MILLI., .METRE. ) );
#416 = ORIENTED_EDGE ( 'NONE', *, *, #1192, .F. ) ;
#417 = MECHANICAL_DESIGN_GEOMETRIC_PRESENTATION_REPRESENTATION (  '', ( #1212 ), #597 ) ;
#418 = CARTESIAN_POINT ( 'NONE',  ( -0.4000000000000000222, -0.5799999999999999600, -0.2200000000000000011 ) ) ;
#419 = STYLED_ITEM ( 'NONE', ( #114 ), #320 ) ;
#420 = VECTOR ( 'NONE', #149, 1000.000000000000000 ) ;
#421 = LINE ( 'NONE', #1132, #1565 ) ;
#422 = FILL_AREA_STYLE_COLOUR ( '', #1391 ) ;
#423 =( GEOMETRIC_REPRESENTATION_CONTEXT ( 3 ) GLOBAL_UNCERTAINTY_ASSIGNED_CONTEXT ( ( #932 ) ) GLOBAL_UNIT_ASSIGNED_CONTEXT ( ( #1885, #1749, #434 ) ) REPRESENTATION_CONTEXT ( 'NONE', 'WORKASPACE' ) );
#424 = CARTESIAN_POINT ( 'NONE',  ( -0.4000000000000000222, -0.5332625588037740449, -0.03000000000000000236 ) ) ;
#425 = VECTOR ( 'NONE', #1652, 1000.000000000000000 ) ;
#426 = ORIENTED_EDGE ( 'NONE', *, *, #1284, .T. ) ;
#427 = CARTESIAN_POINT ( 'NONE',  ( 0.4000000000000000222, -0.8000000000000000444, -0.2200000000000000011 ) ) ;
#428 = UNCERTAINTY_MEASURE_WITH_UNIT (LENGTH_MEASURE( 1.000000000000000082E-05 ), #1203, 'distance_accuracy_value', 'NONE');
#429 = EDGE_CURVE ( 'NONE', #1910, #1761, #1385, .T. ) ;
#430 = PRESENTATION_STYLE_ASSIGNMENT (( #726 ) ) ;
#431 = CARTESIAN_POINT ( 'NONE',  ( 0.2300000000000001210, 0.7500000000000000000, -0.3300000000000000155 ) ) ;
#432 = EDGE_LOOP ( 'NONE', ( #1642, #134, #34, #1434 ) ) ;
#433 = DIRECTION ( 'NONE',  ( 1.000000000000000000, 0.000000000000000000, 0.000000000000000000 ) ) ;
#434 =( NAMED_UNIT ( * ) SI_UNIT ( $, .STERADIAN. ) SOLID_ANGLE_UNIT ( ) );
#435 = CARTESIAN_POINT ( 'NONE',  ( 0.4000000000000000222, -0.5799999999999999600, -0.2200000000000000011 ) ) ;
#436 = LINE ( 'NONE', #1733, #1032 ) ;
#437 = VERTEX_POINT ( 'NONE', #1629 ) ;
#438 =( NAMED_UNIT ( * ) SI_UNIT ( $, .STERADIAN. ) SOLID_ANGLE_UNIT ( ) );
#439 = CARTESIAN_POINT ( 'NONE',  ( -0.2300000000000001488, -0.7500000000000000000, -0.3300000000000000155 ) ) ;
#440 = DIRECTION ( 'NONE',  ( -1.000000000000000000, -0.000000000000000000, -0.000000000000000000 ) ) ;
#441 = CARTESIAN_POINT ( 'NONE',  ( 0.1000000000000000056, 0.2000000000000000111, -0.3599999999999999867 ) ) ;
#442 = CARTESIAN_POINT ( 'NONE',  ( 0.4000000000000000222, 0.000000000000000000, 0.000000000000000000 ) ) ;
#443 = CARTESIAN_POINT ( 'NONE',  ( 0.4000000000000000222, -0.8000000000000000444, -0.2200000000000000011 ) ) ;
#444 = DIRECTION ( 'NONE',  ( -0.000000000000000000, 0.9961946980917455452, 0.08715574274765836016 ) ) ;
#445 = CIRCLE ( 'NONE', #42, 0.2676865585101230183 ) ;
#446 = CLOSED_SHELL ( 'NONE', ( #536, #1684, #830, #1224, #575, #252, #1233, #619, #961, #28, #362, #164 ) ) ;
#447 = CARTESIAN_POINT ( 'NONE',  ( -0.4000000000000000222, 2.168404344971008868E-16, -0.2200000000000000011 ) ) ;
#448 = AXIS2_PLACEMENT_3D ( 'NONE', #1587, #1279, #1613 ) ;
#449 = DIRECTION ( 'NONE',  ( -1.000000000000000000, -0.000000000000000000, -0.000000000000000000 ) ) ;
#450 = PRESENTATION_STYLE_ASSIGNMENT (( #485 ) ) ;
#451 = EDGE_CURVE ( 'NONE', #1373, #743, #1025, .T. ) ;
#452 = MECHANICAL_DESIGN_GEOMETRIC_PRESENTATION_REPRESENTATION (  '', ( #725 ), #1215 ) ;
#453 = MECHANICAL_DESIGN_GEOMETRIC_PRESENTATION_REPRESENTATION (  '', ( #754 ), #1688 ) ;
#454 = CARTESIAN_POINT ( 'NONE',  ( -0.2531704738462742799, -0.8000000000000000444, -0.3599999999999999867 ) ) ;
#455 = STYLED_ITEM ( 'NONE', ( #259 ), #1505 ) ;
#456 = EDGE_CURVE ( 'NONE', #495, #1158, #1576, .T. ) ;
#457 = SURFACE_STYLE_FILL_AREA ( #1655 ) ;
#458 = DIRECTION ( 'NONE',  ( 1.000000000000000000, -7.339090358823389544E-16, 0.000000000000000000 ) ) ;
#459 =( NAMED_UNIT ( * ) SI_UNIT ( $, .STERADIAN. ) SOLID_ANGLE_UNIT ( ) );
#460 = SURFACE_STYLE_FILL_AREA ( #468 ) ;
#461 = EDGE_CURVE ( 'NONE', #973, #1497, #1586, .T. ) ;
#462 = CARTESIAN_POINT ( 'NONE',  ( 0.4000000000000000222, -0.8000000000000000444, -0.3599999999999999867 ) ) ;
#463 = ORIENTED_EDGE ( 'NONE', *, *, #469, .T. ) ;
#464 = ORIENTED_EDGE ( 'NONE', *, *, #1357, .F. ) ;
#465 = COLOUR_RGB ( '',0.8627450980392157298, 0.5882352941176470784, 0.06274509803921568540 ) ;
#466 = FILL_AREA_STYLE_COLOUR ( '', #1340 ) ;
#467 = LINE ( 'NONE', #1472, #1891 ) ;
#468 = FILL_AREA_STYLE ('',( #1815 ) ) ;
#469 = EDGE_CURVE ( 'NONE', #1413, #945, #1153, .T. ) ;
#470 = ORIENTED_EDGE ( 'NONE', *, *, #1107, .F. ) ;
#471 = PLANE ( 'NONE',  #45 ) ;
#472 = UNCERTAINTY_MEASURE_WITH_UNIT (LENGTH_MEASURE( 1.000000000000000082E-05 ), #600, 'distance_accuracy_value', 'NONE');
#473 = FILL_AREA_STYLE_COLOUR ( '', #855 ) ;
#474 = CARTESIAN_POINT ( 'NONE',  ( -0.2401540889749760044, 0.8000000000000001554, -0.2200000000000000011 ) ) ;
#475 = FACE_OUTER_BOUND ( 'NONE', #94, .T. ) ;
#476 = EDGE_CURVE ( 'NONE', #871, #1469, #839, .T. ) ;
#477 = VECTOR ( 'NONE', #1124, 1000.000000000000000 ) ;
#479 = EDGE_CURVE ( 'NONE', #294, #1164, #108, .T. ) ;
#478 = MECHANICAL_DESIGN_GEOMETRIC_PRESENTATION_REPRESENTATION (  '', ( #621 ), #1244 ) ;
#480 = VECTOR ( 'NONE', #1415, 1000.000000000000000 ) ;
#481 = STYLED_ITEM ( 'NONE', ( #867 ), #1700 ) ;
#482 = MECHANICAL_DESIGN_GEOMETRIC_PRESENTATION_REPRESENTATION (  '', ( #1862 ), #632 ) ;
#483 = CARTESIAN_POINT ( 'NONE',  ( 0.3499999999999999778, -0.7500000000000001110, -0.3599999999999999312 ) ) ;
#484 = EDGE_CURVE ( 'NONE', #1413, #1608, #226, .T. ) ;
#485 = SURFACE_STYLE_USAGE ( .BOTH. , #901 ) ;
#486 =( NAMED_UNIT ( * ) SI_UNIT ( $, .STERADIAN. ) SOLID_ANGLE_UNIT ( ) );
#487 = EDGE_CURVE ( 'NONE', #1870, #1691, #80, .T. ) ;
#488 = CARTESIAN_POINT ( 'NONE',  ( 0.4000000000000000222, -0.8000000000000000444, -0.3300000000000000155 ) ) ;
#489 = ORIENTED_EDGE ( 'NONE', *, *, #1405, .F. ) ;
#490 = DIRECTION ( 'NONE',  ( -0.000000000000000000, 0.000000000000000000, -1.000000000000000000 ) ) ;
#491 = EDGE_CURVE ( 'NONE', #1558, #254, #1290, .T. ) ;
#492 =( LENGTH_UNIT ( ) NAMED_UNIT ( * ) SI_UNIT ( .MILLI., .METRE. ) );
#493 = DIRECTION ( 'NONE',  ( 1.000000000000000000, -1.355252715606880049E-16, 0.000000000000000000 ) ) ;
#494 = DIRECTION ( 'NONE',  ( 0.000000000000000000, 0.000000000000000000, -1.000000000000000000 ) ) ;
#495 = VERTEX_POINT ( 'NONE', #1268 ) ;
#496 = CARTESIAN_POINT ( 'NONE',  ( 0.000000000000000000, -0.8869528882754701415, -0.3599999999999999867 ) ) ;
#497 = VECTOR ( 'NONE', #279, 1000.000000000000000 ) ;
#498 = SURFACE_SIDE_STYLE ('',( #1356 ) ) ;
#499 = DIRECTION ( 'NONE',  ( 0.000000000000000000, -0.000000000000000000, 1.000000000000000000 ) ) ;
#500 =( GEOMETRIC_REPRESENTATION_CONTEXT ( 3 ) GLOBAL_UNCERTAINTY_ASSIGNED_CONTEXT ( ( #1529 ) ) GLOBAL_UNIT_ASSIGNED_CONTEXT ( ( #1292, #112, #522 ) ) REPRESENTATION_CONTEXT ( 'NONE', 'WORKASPACE' ) );
#501 = VECTOR ( 'NONE', #1590, 1000.000000000000000 ) ;
#502 = DIRECTION ( 'NONE',  ( 0.000000000000000000, 0.000000000000000000, -1.000000000000000000 ) ) ;
#503 = EDGE_CURVE ( 'NONE', #92, #1160, #335, .T. ) ;
#504 = UNCERTAINTY_MEASURE_WITH_UNIT (LENGTH_MEASURE( 1.000000000000000082E-05 ), #285, 'distance_accuracy_value', 'NONE');
#505 = AXIS2_PLACEMENT_3D ( 'NONE', #611, #1323, #1654 ) ;
#506 = STYLED_ITEM ( 'NONE', ( #450 ), #563 ) ;
#507 = EDGE_CURVE ( 'NONE', #1915, #799, #299, .T. ) ;
#508 = ORIENTED_EDGE ( 'NONE', *, *, #1633, .F. ) ;
#509 = ORIENTED_EDGE ( 'NONE', *, *, #982, .F. ) ;
#510 =( NAMED_UNIT ( * ) SI_UNIT ( $, .STERADIAN. ) SOLID_ANGLE_UNIT ( ) );
#511 = ORIENTED_EDGE ( 'NONE', *, *, #1512, .T. ) ;
#512 = FILL_AREA_STYLE ('',( #1717 ) ) ;
#513 = DIRECTION ( 'NONE',  ( -0.000000000000000000, -0.000000000000000000, 1.000000000000000000 ) ) ;
#514 = CARTESIAN_POINT ( 'NONE',  ( 0.1000000000000000056, 0.000000000000000000, -0.3599999999999999867 ) ) ;
#515 =( NAMED_UNIT ( * ) SI_UNIT ( $, .STERADIAN. ) SOLID_ANGLE_UNIT ( ) );
#516 = FILL_AREA_STYLE ('',( #541 ) ) ;
#517 = ORIENTED_EDGE ( 'NONE', *, *, #1084, .F. ) ;
#518 = VERTEX_POINT ( 'NONE', #1566 ) ;
#519 = SURFACE_STYLE_FILL_AREA ( #692 ) ;
#520 = CARTESIAN_POINT ( 'NONE',  ( 0.4000000000000000222, -0.8000000000000000444, -0.3599999999999999867 ) ) ;
#521 = LINE ( 'NONE', #1605, #501 ) ;
#522 =( NAMED_UNIT ( * ) SI_UNIT ( $, .STERADIAN. ) SOLID_ANGLE_UNIT ( ) );
#523 = SURFACE_STYLE_FILL_AREA ( #1879 ) ;
#524 = CARTESIAN_POINT ( 'NONE',  ( 0.4000000000000000222, 0.8000000000000000444, -0.3599999999999999867 ) ) ;
#525 = CARTESIAN_POINT ( 'NONE',  ( -0.4000000000000000222, -0.8000000000000000444, -0.2200000000000000011 ) ) ;
#526 =( NAMED_UNIT ( * ) SI_UNIT ( $, .STERADIAN. ) SOLID_ANGLE_UNIT ( ) );
#527 = VERTEX_POINT ( 'NONE', #242 ) ;
#528 = EDGE_CURVE ( 'NONE', #1469, #909, #818, .T. ) ;
#529 = DIRECTION ( 'NONE',  ( -1.355252715606880049E-16, -1.000000000000000000, 0.000000000000000000 ) ) ;
#530 = VECTOR ( 'NONE', #1476, 1000.000000000000000 ) ;
#531 =( GEOMETRIC_REPRESENTATION_CONTEXT ( 3 ) GLOBAL_UNCERTAINTY_ASSIGNED_CONTEXT ( ( #1006 ) ) GLOBAL_UNIT_ASSIGNED_CONTEXT ( ( #1104, #79, #1077 ) ) REPRESENTATION_CONTEXT ( 'NONE', 'WORKASPACE' ) );
#532 = AXIS2_PLACEMENT_3D ( 'NONE', #86, #1593, #1438 ) ;
#533 = CARTESIAN_POINT ( 'NONE',  ( -0.4000000000000000222, 0.5800000000000000711, -0.2200000000000000011 ) ) ;
#534 = PRESENTATION_LAYER_ASSIGNMENT (  '', '', ( #627 ) ) ;
#535 = MECHANICAL_DESIGN_GEOMETRIC_PRESENTATION_REPRESENTATION (  '', ( #656 ), #1640 ) ;
#536 = ADVANCED_FACE ( 'NONE', ( #1886 ), #1105, .F. ) ;
#537 = ORIENTED_EDGE ( 'NONE', *, *, #1374, .T. ) ;
#538 = SURFACE_SIDE_STYLE ('',( #1715 ) ) ;
#539 = VECTOR ( 'NONE', #1532, 1000.000000000000000 ) ;
#540 = AXIS2_PLACEMENT_3D ( 'NONE', #938, #1777, #1297 ) ;
#541 = FILL_AREA_STYLE_COLOUR ( '', #1209 ) ;
#542 = ORIENTED_EDGE ( 'NONE', *, *, #1284, .F. ) ;
#543 = ORIENTED_EDGE ( 'NONE', *, *, #974, .F. ) ;
#544 = DIRECTION ( 'NONE',  ( -0.000000000000000000, 0.000000000000000000, -1.000000000000000000 ) ) ;
#545 = DIRECTION ( 'NONE',  ( 0.000000000000000000, 0.000000000000000000, 1.000000000000000000 ) ) ;
#546 = VERTEX_POINT ( 'NONE', #1653 ) ;
#547 =( LENGTH_UNIT ( ) NAMED_UNIT ( * ) SI_UNIT ( .MILLI., .METRE. ) );
#548 = PLANE ( 'NONE',  #1071 ) ;
#549 = DIRECTION ( 'NONE',  ( -1.000000000000000000, 0.000000000000000000, 0.000000000000000000 ) ) ;
#550 = ORIENTED_EDGE ( 'NONE', *, *, #403, .F. ) ;
#551 = CYLINDRICAL_SURFACE ( 'NONE', #1306, 0.2412282899858889940 ) ;
#552 = CYLINDRICAL_SURFACE ( 'NONE', #845, 0.03000000000000000236 ) ;
#553 = UNCERTAINTY_MEASURE_WITH_UNIT (LENGTH_MEASURE( 1.000000000000000082E-05 ), #776, 'distance_accuracy_value', 'NONE');
#554 = ADVANCED_FACE ( 'NONE', ( #7 ), #890, .F. ) ;
#555 = EDGE_LOOP ( 'NONE', ( #1165, #1912, #578, #511 ) ) ;
#556 = CARTESIAN_POINT ( 'NONE',  ( 0.2531704738462742243, -0.8000000000000000444, -0.3300000000000000155 ) ) ;
#557 = PRESENTATION_LAYER_ASSIGNMENT (  '', '', ( #621 ) ) ;
#558 = CARTESIAN_POINT ( 'NONE',  ( 0.3499999999999999778, 0.3499999999999999778, -0.3599999999999999867 ) ) ;
#559 = ORIENTED_EDGE ( 'NONE', *, *, #1827, .T. ) ;
#560 = LINE ( 'NONE', #1419, #1213 ) ;
#561 = ORIENTED_EDGE ( 'NONE', *, *, #292, .T. ) ;
#563 = ADVANCED_FACE ( 'NONE', ( #921 ), #25, .F. ) ;
#562 = MECHANICAL_DESIGN_GEOMETRIC_PRESENTATION_REPRESENTATION (  '', ( #166 ), #531 ) ;
#564 = SURFACE_STYLE_USAGE ( .BOTH. , #1889 ) ;
#565 = COLOUR_RGB ( '',0.8627450980392157298, 0.5882352941176470784, 0.06274509803921568540 ) ;
#566 = VECTOR ( 'NONE', #1905, 1000.000000000000000 ) ;
#567 = AXIS2_PLACEMENT_3D ( 'NONE', #1788, #440, #376 ) ;
#568 = ORIENTED_EDGE ( 'NONE', *, *, #1309, .F. ) ;
#569 = CARTESIAN_POINT ( 'NONE',  ( 0.4000000000000000222, -0.8000000000000000444, -0.2200000000000000011 ) ) ;
#570 = VECTOR ( 'NONE', #385, 1000.000000000000000 ) ;
#571 = FACE_OUTER_BOUND ( 'NONE', #1062, .T. ) ;
#572 = LINE ( 'NONE', #1759, #336 ) ;
#573 =( LENGTH_UNIT ( ) NAMED_UNIT ( * ) SI_UNIT ( .MILLI., .METRE. ) );
#574 = DIRECTION ( 'NONE',  ( 0.000000000000000000, 0.000000000000000000, 1.000000000000000000 ) ) ;
#575 = ADVANCED_FACE ( 'NONE', ( #181 ), #1813, .F. ) ;
#576 = VECTOR ( 'NONE', #903, 1000.000000000000000 ) ;
#577 = CARTESIAN_POINT ( 'NONE',  ( 0.4000000000000000222, -0.8000000000000000444, -0.2200000000000000011 ) ) ;
#578 = ORIENTED_EDGE ( 'NONE', *, *, #1262, .F. ) ;
#579 = PRESENTATION_STYLE_ASSIGNMENT (( #564 ) ) ;
#580 =( LENGTH_UNIT ( ) NAMED_UNIT ( * ) SI_UNIT ( .MILLI., .METRE. ) );
#581 =( NAMED_UNIT ( * ) PLANE_ANGLE_UNIT ( ) SI_UNIT ( $, .RADIAN. ) );
#582 = CARTESIAN_POINT ( 'NONE',  ( 0.4000000000000000222, -0.8000000000000000444, -0.3300000000000000155 ) ) ;
#583 = VERTEX_POINT ( 'NONE', #770 ) ;
#584 = PLANE ( 'NONE',  #1148 ) ;
#585 = LINE ( 'NONE', #319, #1432 ) ;
#586 = ORIENTED_EDGE ( 'NONE', *, *, #1330, .F. ) ;
#587 = EDGE_CURVE ( 'NONE', #1558, #904, #622, .T. ) ;
#588 =( NAMED_UNIT ( * ) PLANE_ANGLE_UNIT ( ) SI_UNIT ( $, .RADIAN. ) );
#589 = LINE ( 'NONE', #1661, #1250 ) ;
#590 = LINE ( 'NONE', #1183, #1307 ) ;
#591 =( LENGTH_UNIT ( ) NAMED_UNIT ( * ) SI_UNIT ( .MILLI., .METRE. ) );
#592 = ORIENTED_EDGE ( 'NONE', *, *, #1618, .F. ) ;
#593 = DIRECTION ( 'NONE',  ( -1.000000000000000000, 0.000000000000000000, 0.000000000000000000 ) ) ;
#594 = AXIS2_PLACEMENT_3D ( 'NONE', #93, #593, #1045 ) ;
#595 =( NAMED_UNIT ( * ) PLANE_ANGLE_UNIT ( ) SI_UNIT ( $, .RADIAN. ) );
#596 = CARTESIAN_POINT ( 'NONE',  ( -0.3499999999999999778, 0.7500000000000000000, -0.3599999999999999867 ) ) ;
#597 =( GEOMETRIC_REPRESENTATION_CONTEXT ( 3 ) GLOBAL_UNCERTAINTY_ASSIGNED_CONTEXT ( ( #392 ) ) GLOBAL_UNIT_ASSIGNED_CONTEXT ( ( #573, #1180, #1622 ) ) REPRESENTATION_CONTEXT ( 'NONE', 'WORKASPACE' ) );
#598 = COLOUR_RGB ( '',0.000000000000000000, 0.5019607843137254832, 0.000000000000000000 ) ;
#599 = FACE_OUTER_BOUND ( 'NONE', #1243, .T. ) ;
#600 =( LENGTH_UNIT ( ) NAMED_UNIT ( * ) SI_UNIT ( .MILLI., .METRE. ) );
#601 = COLOUR_RGB ( '',0.8627450980392157298, 0.5882352941176470784, 0.06274509803921568540 ) ;
#602 = VECTOR ( 'NONE', #828, 1000.000000000000000 ) ;
#603 = DIRECTION ( 'NONE',  ( 0.000000000000000000, -0.000000000000000000, 1.000000000000000000 ) ) ;
#604 = MECHANICAL_DESIGN_GEOMETRIC_PRESENTATION_REPRESENTATION (  '', ( #48 ), #756 ) ;
#605 = AXIS2_PLACEMENT_3D ( 'NONE', #1614, #1916, #405 ) ;
#606 = UNCERTAINTY_MEASURE_WITH_UNIT (LENGTH_MEASURE( 1.000000000000000082E-05 ), #620, 'distance_accuracy_value', 'NONE');
#607 = DIRECTION ( 'NONE',  ( -1.000000000000000000, 0.000000000000000000, -0.000000000000000000 ) ) ;
#608 = PRESENTATION_LAYER_ASSIGNMENT (  '', '', ( #1866 ) ) ;
#609 = FILL_AREA_STYLE ('',( #310 ) ) ;
#610 = CARTESIAN_POINT ( 'NONE',  ( 0.000000000000000000, 0.000000000000000000, -0.2200000000000000011 ) ) ;
#611 = CARTESIAN_POINT ( 'NONE',  ( -0.3499999999999999778, -0.7500000000000000000, -0.3599999999999999867 ) ) ;
#612 = SURFACE_STYLE_FILL_AREA ( #1656 ) ;
#613 = DIRECTION ( 'NONE',  ( -1.000000000000000000, 0.000000000000000000, 0.000000000000000000 ) ) ;
#614 = DIRECTION ( 'NONE',  ( 0.000000000000000000, 0.000000000000000000, -1.000000000000000000 ) ) ;
#615 = CARTESIAN_POINT ( 'NONE',  ( 0.4000000000000000222, 0.5332625588037740449, 0.000000000000000000 ) ) ;
#616 = DIRECTION ( 'NONE',  ( 0.000000000000000000, 0.000000000000000000, 1.000000000000000000 ) ) ;
#617 = FILL_AREA_STYLE ('',( #1352 ) ) ;
#618 = FACE_OUTER_BOUND ( 'NONE', #882, .T. ) ;
#619 = ADVANCED_FACE ( 'NONE', ( #15 ), #1659, .T. ) ;
#620 =( LENGTH_UNIT ( ) NAMED_UNIT ( * ) SI_UNIT ( .MILLI., .METRE. ) );
#621 = STYLED_ITEM ( 'NONE', ( #657 ), #856 ) ;
#622 = LINE ( 'NONE', #1053, #1210 ) ;
#623 = CIRCLE ( 'NONE', #1061, 0.2676865585101230183 ) ;
#624 = DIRECTION ( 'NONE',  ( 0.000000000000000000, 1.000000000000000000, 0.000000000000000000 ) ) ;
#625 = VECTOR ( 'NONE', #665, 1000.000000000000000 ) ;
#626 = AXIS2_PLACEMENT_3D ( 'NONE', #49, #1536, #998 ) ;
#627 = STYLED_ITEM ( 'NONE', ( #864 ), #184 ) ;
#628 = CARTESIAN_POINT ( 'NONE',  ( 0.000000000000000000, 0.8227398645140071576, -0.3300000000000000155 ) ) ;
#629 = COLOUR_RGB ( '',0.8627450980392157298, 0.5882352941176470784, 0.06274509803921568540 ) ;
#630 = MECHANICAL_DESIGN_GEOMETRIC_PRESENTATION_REPRESENTATION (  '', ( #1066 ), #1094 ) ;
#631 = EDGE_CURVE ( 'NONE', #12, #983, #1679, .T. ) ;
#632 =( GEOMETRIC_REPRESENTATION_CONTEXT ( 3 ) GLOBAL_UNCERTAINTY_ASSIGNED_CONTEXT ( ( #1699 ) ) GLOBAL_UNIT_ASSIGNED_CONTEXT ( ( #591, #31, #316 ) ) REPRESENTATION_CONTEXT ( 'NONE', 'WORKASPACE' ) );
#633 = DIRECTION ( 'NONE',  ( 1.000000000000000000, -1.355252715606880049E-16, 0.000000000000000000 ) ) ;
#634 =( GEOMETRIC_REPRESENTATION_CONTEXT ( 3 ) GLOBAL_UNCERTAINTY_ASSIGNED_CONTEXT ( ( #553 ) ) GLOBAL_UNIT_ASSIGNED_CONTEXT ( ( #776, #1361, #1834 ) ) REPRESENTATION_CONTEXT ( 'NONE', 'WORKASPACE' ) );
#635 = CARTESIAN_POINT ( 'NONE',  ( 0.4000000000000000222, -0.8000000000000000444, -0.3300000000000000155 ) ) ;
#636 = DIRECTION ( 'NONE',  ( 0.000000000000000000, 0.000000000000000000, -1.000000000000000000 ) ) ;
#637 = PLANE ( 'NONE',  #1428 ) ;
#638 = ORIENTED_EDGE ( 'NONE', *, *, #1545, .F. ) ;
#639 = EDGE_LOOP ( 'NONE', ( #1293, #1878, #1498, #645 ) ) ;
#640 = DIRECTION ( 'NONE',  ( 1.000000000000000000, 1.355252715606880049E-16, -0.000000000000000000 ) ) ;
#641 = FACE_OUTER_BOUND ( 'NONE', #1466, .T. ) ;
#642 = EDGE_CURVE ( 'NONE', #1033, #55, #1088, .T. ) ;
#643 = PRESENTATION_STYLE_ASSIGNMENT (( #1698 ) ) ;
#644 = PRESENTATION_STYLE_ASSIGNMENT (( #1714 ) ) ;
#645 = ORIENTED_EDGE ( 'NONE', *, *, #675, .T. ) ;
#646 = FILL_AREA_STYLE ('',( #1585 ) ) ;
#647 = MECHANICAL_DESIGN_GEOMETRIC_PRESENTATION_REPRESENTATION (  '', ( #778 ), #1389 ) ;
#648 = FILL_AREA_STYLE ('',( #1362 ) ) ;
#649 = CARTESIAN_POINT ( 'NONE',  ( 0.4000000000000000222, -0.1999999999999999833, -0.3599999999999999312 ) ) ;
#650 = COLOUR_RGB ( '',0.8627450980392157298, 0.5882352941176470784, 0.06274509803921568540 ) ;
#651 = DIRECTION ( 'NONE',  ( -1.000000000000000000, -0.000000000000000000, -0.000000000000000000 ) ) ;
#652 = UNCERTAINTY_MEASURE_WITH_UNIT (LENGTH_MEASURE( 1.000000000000000082E-05 ), #154, 'distance_accuracy_value', 'NONE');
#653 = VECTOR ( 'NONE', #624, 1000.000000000000000 ) ;
#654 =( GEOMETRIC_REPRESENTATION_CONTEXT ( 3 ) GLOBAL_UNCERTAINTY_ASSIGNED_CONTEXT ( ( #1334 ) ) GLOBAL_UNIT_ASSIGNED_CONTEXT ( ( #1312, #186, #515 ) ) REPRESENTATION_CONTEXT ( 'NONE', 'WORKASPACE' ) );
#655 = SURFACE_SIDE_STYLE ('',( #179 ) ) ;
#656 = STYLED_ITEM ( 'NONE', ( #1289 ), #1507 ) ;
#657 = PRESENTATION_STYLE_ASSIGNMENT (( #1807 ) ) ;
#658 = LINE ( 'NONE', #363, #684 ) ;
#659 = ORIENTED_EDGE ( 'NONE', *, *, #1316, .T. ) ;
#660 = ORIENTED_EDGE ( 'NONE', *, *, #1588, .T. ) ;
#661 = LINE ( 'NONE', #1226, #1182 ) ;
#662 = FILL_AREA_STYLE_COLOUR ( '', #1701 ) ;
#663 = CIRCLE ( 'NONE', #1830, 0.03000000000000000236 ) ;
#664 = ORIENTED_EDGE ( 'NONE', *, *, #1588, .F. ) ;
#665 = DIRECTION ( 'NONE',  ( 1.000000000000000000, 0.000000000000000000, 0.000000000000000000 ) ) ;
#666 = FILL_AREA_STYLE ('',( #929 ) ) ;
#667 = DIRECTION ( 'NONE',  ( -1.000000000000000000, -0.000000000000000000, -0.000000000000000000 ) ) ;
#668 =( NAMED_UNIT ( * ) PLANE_ANGLE_UNIT ( ) SI_UNIT ( $, .RADIAN. ) );
#669 = ORIENTED_EDGE ( 'NONE', *, *, #1405, .T. ) ;
#670 = PLANE ( 'NONE',  #810 ) ;
#671 = CARTESIAN_POINT ( 'NONE',  ( -0.4000000000000000222, -0.8000000000000000444, -0.3300000000000000155 ) ) ;
#672 = DIRECTION ( 'NONE',  ( -0.000000000000000000, 1.000000000000000000, 0.000000000000000000 ) ) ;
#673 = SURFACE_STYLE_FILL_AREA ( #875 ) ;
#674 = DIRECTION ( 'NONE',  ( -1.000000000000000000, 0.000000000000000000, -0.000000000000000000 ) ) ;
#675 = EDGE_CURVE ( 'NONE', #784, #1592, #1101, .T. ) ;
#676 = VERTEX_POINT ( 'NONE', #1259 ) ;
#677 = EDGE_LOOP ( 'NONE', ( #178, #852, #729, #1703 ) ) ;
#678 = EDGE_CURVE ( 'NONE', #1115, #12, #373, .T. ) ;
#679 = DIRECTION ( 'NONE',  ( 0.000000000000000000, -0.000000000000000000, -1.000000000000000000 ) ) ;
#680 = ORIENTED_EDGE ( 'NONE', *, *, #1026, .T. ) ;
#681 =( LENGTH_UNIT ( ) NAMED_UNIT ( * ) SI_UNIT ( .MILLI., .METRE. ) );
#682 = FILL_AREA_STYLE ('',( #96 ) ) ;
#683 = LINE ( 'NONE', #1112, #1057 ) ;
#684 = VECTOR ( 'NONE', #1543, 1000.000000000000000 ) ;
#685 = VECTOR ( 'NONE', #293, 1000.000000000000000 ) ;
#686 = PRESENTATION_LAYER_ASSIGNMENT (  '', '', ( #1856 ) ) ;
#687 = AXIS2_PLACEMENT_3D ( 'NONE', #1037, #298, #1457 ) ;
#688 = VERTEX_POINT ( 'NONE', #671 ) ;
#689 = ORIENTED_EDGE ( 'NONE', *, *, #292, .F. ) ;
#690 = UNCERTAINTY_MEASURE_WITH_UNIT (LENGTH_MEASURE( 1.000000000000000082E-05 ), #939, 'distance_accuracy_value', 'NONE');
#691 = EDGE_LOOP ( 'NONE', ( #1737, #1121, #1232, #1676 ) ) ;
#692 = FILL_AREA_STYLE ('',( #1746 ) ) ;
#693 = COLOUR_RGB ( '',0.8627450980392157298, 0.5882352941176470784, 0.06274509803921568540 ) ;
#694 = EDGE_CURVE ( 'NONE', #1033, #1318, #1535, .T. ) ;
#695 = CARTESIAN_POINT ( 'NONE',  ( 0.4000000000000000222, -0.1999999999999999833, -0.2200000000000000011 ) ) ;
#696 = DIRECTION ( 'NONE',  ( 1.000000000000000000, 0.000000000000000000, 0.000000000000000000 ) ) ;
#697 = DIRECTION ( 'NONE',  ( -0.000000000000000000, 0.000000000000000000, -1.000000000000000000 ) ) ;
#698 = CYLINDRICAL_SURFACE ( 'NONE', #993, 0.1419868659225949903 ) ;
#699 = EDGE_LOOP ( 'NONE', ( #813, #1611, #1242, #1453 ) ) ;
#700 = ORIENTED_EDGE ( 'NONE', *, *, #47, .F. ) ;
#701 = FILL_AREA_STYLE_COLOUR ( '', #377 ) ;
#702 = CARTESIAN_POINT ( 'NONE',  ( 0.3499999999999999778, -0.7500000000000001110, -0.3300000000000000155 ) ) ;
#703 = VERTEX_POINT ( 'NONE', #1231 ) ;
#704 = CARTESIAN_POINT ( 'NONE',  ( 0.4000000000000000222, -0.8000000000000000444, -0.2200000000000000011 ) ) ;
#705 = CARTESIAN_POINT ( 'NONE',  ( 0.3500000000000000333, 0.7500000000000000000, -0.3599999999999999867 ) ) ;
#706 = EDGE_CURVE ( 'NONE', #1870, #1235, #445, .T. ) ;
#707 = DIRECTION ( 'NONE',  ( 1.000000000000000000, -0.000000000000000000, -0.000000000000000000 ) ) ;
#708 = EDGE_CURVE ( 'NONE', #1533, #1469, #1833, .T. ) ;
#709 = FILL_AREA_STYLE_COLOUR ( '', #1035 ) ;
#710 = CARTESIAN_POINT ( 'NONE',  ( -0.4000000000000000222, -0.8000000000000000444, -0.3599999999999999867 ) ) ;
#711 = ORIENTED_EDGE ( 'NONE', *, *, #388, .F. ) ;
#712 = ORIENTED_EDGE ( 'NONE', *, *, #1272, .T. ) ;
#713 = CARTESIAN_POINT ( 'NONE',  ( -0.2401540889749760599, 0.8000000000000001554, -0.3300000000000000155 ) ) ;
#714 = SURFACE_SIDE_STYLE ('',( #837 ) ) ;
#715 = EDGE_CURVE ( 'NONE', #945, #987, #935, .T. ) ;
#716 = UNCERTAINTY_MEASURE_WITH_UNIT (LENGTH_MEASURE( 1.000000000000000082E-05 ), #1641, 'distance_accuracy_value', 'NONE');
#717 = VECTOR ( 'NONE', #667, 1000.000000000000000 ) ;
#718 = SURFACE_SIDE_STYLE ('',( #822 ) ) ;
#719 = COLOUR_RGB ( '',0.000000000000000000, 0.5019607843137254832, 0.000000000000000000 ) ;
#720 = PRESENTATION_LAYER_ASSIGNMENT (  '', '', ( #778 ) ) ;
#721 = DIRECTION ( 'NONE',  ( 0.000000000000000000, 0.000000000000000000, -1.000000000000000000 ) ) ;
#722 = ORIENTED_EDGE ( 'NONE', *, *, #1449, .T. ) ;
#723 = VECTOR ( 'NONE', #1673, 1000.000000000000000 ) ;
#724 = AXIS2_PLACEMENT_3D ( 'NONE', #1451, #1016, #1335 ) ;
#725 = STYLED_ITEM ( 'NONE', ( #960 ), #1397 ) ;
#726 = SURFACE_STYLE_USAGE ( .BOTH. , #145 ) ;
#727 = STYLED_ITEM ( 'NONE', ( #789 ), #328 ) ;
#728 = DIRECTION ( 'NONE',  ( -1.000000000000000000, -6.292309420128530675E-15, 0.000000000000000000 ) ) ;
#729 = ORIENTED_EDGE ( 'NONE', *, *, #403, .T. ) ;
#730 =( NAMED_UNIT ( * ) SI_UNIT ( $, .STERADIAN. ) SOLID_ANGLE_UNIT ( ) );
#731 = DIRECTION ( 'NONE',  ( -0.000000000000000000, -0.000000000000000000, 1.000000000000000000 ) ) ;
#732 = VECTOR ( 'NONE', #132, 1000.000000000000000 ) ;
#733 = VECTOR ( 'NONE', #1797, 1000.000000000000000 ) ;
#734 =( NAMED_UNIT ( * ) PLANE_ANGLE_UNIT ( ) SI_UNIT ( $, .RADIAN. ) );
#735 =( NAMED_UNIT ( * ) SI_UNIT ( $, .STERADIAN. ) SOLID_ANGLE_UNIT ( ) );
#736 = EDGE_CURVE ( 'NONE', #1033, #188, #661, .T. ) ;
#737 = VERTEX_POINT ( 'NONE', #1523 ) ;
#738 = EDGE_LOOP ( 'NONE', ( #1571, #372, #795, #1657 ) ) ;
#739 = CARTESIAN_POINT ( 'NONE',  ( 0.000000000000000000, -0.8869528882754701415, -0.3599999999999999867 ) ) ;
#740 = DIRECTION ( 'NONE',  ( 0.000000000000000000, 0.08715574274766070551, -0.9961946980917453232 ) ) ;
#741 = LINE ( 'NONE', #17, #382 ) ;
#742 = DIRECTION ( 'NONE',  ( 0.000000000000000000, 0.000000000000000000, 1.000000000000000000 ) ) ;
#743 = VERTEX_POINT ( 'NONE', #190 ) ;
#744 = EDGE_CURVE ( 'NONE', #833, #871, #1871, .T. ) ;
#745 = CARTESIAN_POINT ( 'NONE',  ( -0.1000000000000000056, 0.000000000000000000, -0.3300000000000000155 ) ) ;
#746 = DIRECTION ( 'NONE',  ( -1.000000000000000000, 0.000000000000000000, 0.000000000000000000 ) ) ;
#747 = DIRECTION ( 'NONE',  ( 0.000000000000000000, -0.000000000000000000, -1.000000000000000000 ) ) ;
#748 = SURFACE_STYLE_USAGE ( .BOTH. , #160 ) ;
#749 = CARTESIAN_POINT ( 'NONE',  ( -0.3499999999999999778, 0.7500000000000001110, -0.3300000000000000155 ) ) ;
#750 = FACE_OUTER_BOUND ( 'NONE', #1156, .T. ) ;
#751 = STYLED_ITEM ( 'NONE', ( #1402 ), #757 ) ;
#752 = CARTESIAN_POINT ( 'NONE',  ( -0.4000000000000000222, -0.8000000000000000444, -0.2200000000000000011 ) ) ;
#753 = VECTOR ( 'NONE', #574, 1000.000000000000000 ) ;
#754 = STYLED_ITEM ( 'NONE', ( #90 ), #264 ) ;
#755 =( GEOMETRIC_REPRESENTATION_CONTEXT ( 3 ) GLOBAL_UNCERTAINTY_ASSIGNED_CONTEXT ( ( #606 ) ) GLOBAL_UNIT_ASSIGNED_CONTEXT ( ( #620, #229, #866 ) ) REPRESENTATION_CONTEXT ( 'NONE', 'WORKASPACE' ) );
#756 =( GEOMETRIC_REPRESENTATION_CONTEXT ( 3 ) GLOBAL_UNCERTAINTY_ASSIGNED_CONTEXT ( ( #1602 ) ) GLOBAL_UNIT_ASSIGNED_CONTEXT ( ( #251, #1414, #402 ) ) REPRESENTATION_CONTEXT ( 'NONE', 'WORKASPACE' ) );
#757 = ADVANCED_FACE ( 'NONE', ( #928 ), #785, .F. ) ;
#758 = DIRECTION ( 'NONE',  ( 0.000000000000000000, 0.000000000000000000, -1.000000000000000000 ) ) ;
#759 = MECHANICAL_DESIGN_GEOMETRIC_PRESENTATION_REPRESENTATION (  '', ( #1005 ), #1672 ) ;
#760 =( GEOMETRIC_REPRESENTATION_CONTEXT ( 3 ) GLOBAL_UNCERTAINTY_ASSIGNED_CONTEXT ( ( #652 ) ) GLOBAL_UNIT_ASSIGNED_CONTEXT ( ( #154, #326, #1549 ) ) REPRESENTATION_CONTEXT ( 'NONE', 'WORKASPACE' ) );
#761 = ORIENTED_EDGE ( 'NONE', *, *, #81, .F. ) ;
#762 = DIRECTION ( 'NONE',  ( -1.000000000000000000, 4.065758146820640148E-16, 0.000000000000000000 ) ) ;
#763 = ADVANCED_FACE ( 'NONE', ( #115 ), #551, .T. ) ;
#764 = DIRECTION ( 'NONE',  ( 1.000000000000000000, -9.035018104045870941E-16, 0.000000000000000000 ) ) ;
#765 = PLANE ( 'NONE',  #354 ) ;
#766 = SURFACE_SIDE_STYLE ('',( #1186 ) ) ;
#767 = DIRECTION ( 'NONE',  ( 1.355252715606880049E-16, 1.000000000000000000, 0.000000000000000000 ) ) ;
#768 = APPLICATION_CONTEXT ( 'automotive_design' ) ;
#769 =( NAMED_UNIT ( * ) SI_UNIT ( $, .STERADIAN. ) SOLID_ANGLE_UNIT ( ) );
#770 = CARTESIAN_POINT ( 'NONE',  ( -0.2401540889749760599, 0.8000000000000001554, -0.3599999999999999867 ) ) ;
#771 = CARTESIAN_POINT ( 'NONE',  ( -0.4000000000000000222, -0.2000000000000000111, -0.3300000000000000155 ) ) ;
#772 = FACE_OUTER_BOUND ( 'NONE', #1202, .T. ) ;
#773 =( LENGTH_UNIT ( ) NAMED_UNIT ( * ) SI_UNIT ( .MILLI., .METRE. ) );
#774 = VECTOR ( 'NONE', #365, 1000.000000000000000 ) ;
#775 = CARTESIAN_POINT ( 'NONE',  ( -0.1000000000000000056, 0.2000000000000000111, -0.3599999999999999867 ) ) ;
#776 =( LENGTH_UNIT ( ) NAMED_UNIT ( * ) SI_UNIT ( .MILLI., .METRE. ) );
#777 = VECTOR ( 'NONE', #493, 1000.000000000000000 ) ;
#778 = STYLED_ITEM ( 'NONE', ( #1050 ), #32 ) ;
#779 = MECHANICAL_DESIGN_GEOMETRIC_PRESENTATION_REPRESENTATION (  '', ( #1802 ), #1277 ) ;
#780 = VECTOR ( 'NONE', #243, 1000.000000000000000 ) ;
#781 = MECHANICAL_DESIGN_GEOMETRIC_PRESENTATION_REPRESENTATION (  '', ( #481 ), #305 ) ;
#782 =( NAMED_UNIT ( * ) SI_UNIT ( $, .STERADIAN. ) SOLID_ANGLE_UNIT ( ) );
#783 = ORIENTED_EDGE ( 'NONE', *, *, #1669, .F. ) ;
#784 = VERTEX_POINT ( 'NONE', #418 ) ;
#785 = PLANE ( 'NONE',  #934 ) ;
#786 = ORIENTED_EDGE ( 'NONE', *, *, #675, .F. ) ;
#787 = SURFACE_SIDE_STYLE ('',( #612 ) ) ;
#788 = UNCERTAINTY_MEASURE_WITH_UNIT (LENGTH_MEASURE( 1.000000000000000082E-05 ), #1515, 'distance_accuracy_value', 'NONE');
#789 = PRESENTATION_STYLE_ASSIGNMENT (( #1868 ) ) ;
#790 = ORIENTED_EDGE ( 'NONE', *, *, #1198, .F. ) ;
#791 = EDGE_CURVE ( 'NONE', #737, #294, #247, .T. ) ;
#792 = VERTEX_POINT ( 'NONE', #1616 ) ;
#793 = DIRECTION ( 'NONE',  ( 0.000000000000000000, -0.000000000000000000, -1.000000000000000000 ) ) ;
#794 = SURFACE_STYLE_FILL_AREA ( #182 ) ;
#795 = ORIENTED_EDGE ( 'NONE', *, *, #1052, .F. ) ;
#796 =( NAMED_UNIT ( * ) PLANE_ANGLE_UNIT ( ) SI_UNIT ( $, .RADIAN. ) );
#797 = CARTESIAN_POINT ( 'NONE',  ( -0.1000000000000000056, 0.000000000000000000, -0.3599999999999999867 ) ) ;
#798 = DIRECTION ( 'NONE',  ( -1.000000000000000000, 0.000000000000000000, 0.000000000000000000 ) ) ;
#799 = VERTEX_POINT ( 'NONE', #1454 ) ;
#800 = ORIENTED_EDGE ( 'NONE', *, *, #808, .T. ) ;
#801 = DIRECTION ( 'NONE',  ( -1.000000000000000000, 1.255582930055100561E-14, 0.000000000000000000 ) ) ;
#802 = ORIENTED_EDGE ( 'NONE', *, *, #1512, .F. ) ;
#803 = COLOUR_RGB ( '',0.8627450980392157298, 0.5882352941176470784, 0.06274509803921568540 ) ;
#804 = VERTEX_POINT ( 'NONE', #1410 ) ;
#805 = VECTOR ( 'NONE', #1860, 1000.000000000000000 ) ;
#806 = DIRECTION ( 'NONE',  ( -1.355252715606880049E-16, 1.000000000000000000, 0.000000000000000000 ) ) ;
#807 = CARTESIAN_POINT ( 'NONE',  ( 0.4000000000000000222, 0.8000000000000000444, -0.3300000000000000155 ) ) ;
#808 = EDGE_CURVE ( 'NONE', #1164, #1521, #1664, .T. ) ;
#809 = MECHANICAL_DESIGN_GEOMETRIC_PRESENTATION_REPRESENTATION (  '', ( #627 ), #1726 ) ;
#810 = AXIS2_PLACEMENT_3D ( 'NONE', #1825, #1542, #1257 ) ;
#811 = CIRCLE ( 'NONE', #1188, 0.2412282899858889940 ) ;
#812 =( NAMED_UNIT ( * ) SI_UNIT ( $, .STERADIAN. ) SOLID_ANGLE_UNIT ( ) );
#813 = ORIENTED_EDGE ( 'NONE', *, *, #1817, .T. ) ;
#814 = SURFACE_STYLE_FILL_AREA ( #1118 ) ;
#815 =( GEOMETRIC_REPRESENTATION_CONTEXT ( 3 ) GLOBAL_UNCERTAINTY_ASSIGNED_CONTEXT ( ( #1301 ) ) GLOBAL_UNIT_ASSIGNED_CONTEXT ( ( #547, #97, #410 ) ) REPRESENTATION_CONTEXT ( 'NONE', 'WORKASPACE' ) );
#816 = EDGE_LOOP ( 'NONE', ( #1546, #712, #659, #1607, #1735, #957, #463, #207, #638, #722 ) ) ;
#817 = SURFACE_SIDE_STYLE ('',( #1082 ) ) ;
#818 = LINE ( 'NONE', #1864, #602 ) ;
#819 = EDGE_CURVE ( 'NONE', #1690, #1582, #1358, .T. ) ;
#820 = LINE ( 'NONE', #1841, #918 ) ;
#821 = FILL_AREA_STYLE ('',( #709 ) ) ;
#822 = SURFACE_STYLE_FILL_AREA ( #244 ) ;
#823 = DIRECTION ( 'NONE',  ( -0.000000000000000000, 1.000000000000000000, 0.000000000000000000 ) ) ;
#824 = CARTESIAN_POINT ( 'NONE',  ( 0.4000000000000000222, 0.8000000000000000444, -0.3599999999999999867 ) ) ;
#825 = CARTESIAN_POINT ( 'NONE',  ( 0.000000000000000000, 0.8227398645140071576, -0.3599999999999999867 ) ) ;
#826 = ORIENTED_EDGE ( 'NONE', *, *, #487, .T. ) ;
#827 = SURFACE_STYLE_USAGE ( .BOTH. , #714 ) ;
#828 = DIRECTION ( 'NONE',  ( -4.065758146820640148E-16, -1.000000000000000000, 0.000000000000000000 ) ) ;
#829 = CARTESIAN_POINT ( 'NONE',  ( 0.000000000000000000, 0.8227398645140071576, -0.3599999999999999867 ) ) ;
#830 = ADVANCED_FACE ( 'NONE', ( #750 ), #584, .T. ) ;
#831 =( LENGTH_UNIT ( ) NAMED_UNIT ( * ) SI_UNIT ( .MILLI., .METRE. ) );
#832 = FACE_OUTER_BOUND ( 'NONE', #246, .T. ) ;
#833 = VERTEX_POINT ( 'NONE', #1626 ) ;
#834 = CARTESIAN_POINT ( 'NONE',  ( -0.3499999999999999778, -0.3499999999999999778, -0.3599999999999999867 ) ) ;
#835 = ORIENTED_EDGE ( 'NONE', *, *, #167, .T. ) ;
#836 = EDGE_LOOP ( 'NONE', ( #338, #1806, #1544, #1139 ) ) ;
#837 = SURFACE_STYLE_FILL_AREA ( #1716 ) ;
#838 = LINE ( 'NONE', #237, #570 ) ;
#839 = LINE ( 'NONE', #1907, #1396 ) ;
#840 = STYLED_ITEM ( 'NONE', ( #579 ), #763 ) ;
#841 = VECTOR ( 'NONE', #1024, 1000.000000000000000 ) ;
#842 = LINE ( 'NONE', #695, #753 ) ;
#843 = VECTOR ( 'NONE', #893, 1000.000000000000000 ) ;
#844 = CARTESIAN_POINT ( 'NONE',  ( -0.1000000000000000056, 0.2000000000000000111, -0.3599999999999999312 ) ) ;
#845 = AXIS2_PLACEMENT_3D ( 'NONE', #390, #241, #1300 ) ;
#846 = CARTESIAN_POINT ( 'NONE',  ( 0.1000000000000000056, 0.2000000000000000111, -0.3599999999999999867 ) ) ;
#847 = FILL_AREA_STYLE_COLOUR ( '', #1460 ) ;
#848 = PRESENTATION_STYLE_ASSIGNMENT (( #1743 ) ) ;
#849 =( GEOMETRIC_REPRESENTATION_CONTEXT ( 3 ) GLOBAL_UNCERTAINTY_ASSIGNED_CONTEXT ( ( #1450 ) ) GLOBAL_UNIT_ASSIGNED_CONTEXT ( ( #887, #581, #1175 ) ) REPRESENTATION_CONTEXT ( 'NONE', 'WORKASPACE' ) );
#850 = ORIENTED_EDGE ( 'NONE', *, *, #528, .T. ) ;
#851 = LINE ( 'NONE', #834, #1426 ) ;
#852 = ORIENTED_EDGE ( 'NONE', *, *, #103, .T. ) ;
#853 = ORIENTED_EDGE ( 'NONE', *, *, #451, .T. ) ;
#854 = LINE ( 'NONE', #311, #18 ) ;
#855 = COLOUR_RGB ( '',0.000000000000000000, 0.5019607843137254832, 0.000000000000000000 ) ;
#856 = ADVANCED_FACE ( 'NONE', ( #475 ), #295, .F. ) ;
#857 =( LENGTH_UNIT ( ) NAMED_UNIT ( * ) SI_UNIT ( .MILLI., .METRE. ) );
#858 = SURFACE_STYLE_FILL_AREA ( #821 ) ;
#859 = ORIENTED_EDGE ( 'NONE', *, *, #340, .T. ) ;
#860 = ORIENTED_EDGE ( 'NONE', *, *, #1081, .T. ) ;
#861 = DIRECTION ( 'NONE',  ( -0.000000000000000000, -0.000000000000000000, -1.000000000000000000 ) ) ;
#862 =( NAMED_UNIT ( * ) PLANE_ANGLE_UNIT ( ) SI_UNIT ( $, .RADIAN. ) );
#863 = ORIENTED_EDGE ( 'NONE', *, *, #1344, .T. ) ;
#864 = PRESENTATION_STYLE_ASSIGNMENT (( #408 ) ) ;
#865 = FILL_AREA_STYLE_COLOUR ( '', #601 ) ;
#866 =( NAMED_UNIT ( * ) SI_UNIT ( $, .STERADIAN. ) SOLID_ANGLE_UNIT ( ) );
#867 = PRESENTATION_STYLE_ASSIGNMENT (( #111 ) ) ;
#868 = ORIENTED_EDGE ( 'NONE', *, *, #988, .F. ) ;
#869 =( NAMED_UNIT ( * ) SI_UNIT ( $, .STERADIAN. ) SOLID_ANGLE_UNIT ( ) );
#870 = PLANE ( 'NONE',  #605 ) ;
#871 = VERTEX_POINT ( 'NONE', #1098 ) ;
#872 = CARTESIAN_POINT ( 'NONE',  ( -0.1000000000000000056, 1.434495309088671146E-16, -0.3300000000000000155 ) ) ;
#873 = FILL_AREA_STYLE ('',( #291 ) ) ;
#874 = LINE ( 'NONE', #138, #1495 ) ;
#875 = FILL_AREA_STYLE ('',( #1095 ) ) ;
#876 = AXIS2_PLACEMENT_3D ( 'NONE', #1245, #1713, #214 ) ;
#877 = CARTESIAN_POINT ( 'NONE',  ( -0.3499999999999999778, -0.7500000000000001110, -0.3300000000000000155 ) ) ;
#878 = DIRECTION ( 'NONE',  ( 1.000000000000000000, 0.000000000000000000, 0.000000000000000000 ) ) ;
#880 = EDGE_CURVE ( 'NONE', #792, #147, #1793, .T. ) ;
#879 = STYLED_ITEM ( 'NONE', ( #1876 ), #1058 ) ;
#881 = CLOSED_SHELL ( 'NONE', ( #1046, #1332, #763, #201, #931, #184, #1757, #554, #975, #328, #1166, #371 ) ) ;
#882 = EDGE_LOOP ( 'NONE', ( #1913, #489, #71, #853 ) ) ;
#883 = VECTOR ( 'NONE', #258, 1000.000000000000000 ) ;
#884 = AXIS2_PLACEMENT_3D ( 'NONE', #920, #1508, #1048 ) ;
#885 = VECTOR ( 'NONE', #1517, 1000.000000000000000 ) ;
#886 = VECTOR ( 'NONE', #930, 1000.000000000000000 ) ;
#887 =( LENGTH_UNIT ( ) NAMED_UNIT ( * ) SI_UNIT ( .MILLI., .METRE. ) );
#888 = ORIENTED_EDGE ( 'NONE', *, *, #1081, .F. ) ;
#889 = DIRECTION ( 'NONE',  ( 1.000000000000000000, 0.000000000000000000, 0.000000000000000000 ) ) ;
#890 = PLANE ( 'NONE',  #272 ) ;
#891 = MECHANICAL_DESIGN_GEOMETRIC_PRESENTATION_REPRESENTATION (  '', ( #455 ), #423 ) ;
#892 = AXIS2_PLACEMENT_3D ( 'NONE', #21, #878, #758 ) ;
#893 = DIRECTION ( 'NONE',  ( -0.000000000000000000, 1.000000000000000000, 0.000000000000000000 ) ) ;
#894 = LINE ( 'NONE', #151, #1126 ) ;
#895 = EDGE_CURVE ( 'NONE', #784, #1728, #1775, .T. ) ;
#896 = CARTESIAN_POINT ( 'NONE',  ( 0.000000000000000000, 0.8000000000000000444, -0.2200000000000000011 ) ) ;
#897 = MECHANICAL_DESIGN_GEOMETRIC_PRESENTATION_REPRESENTATION (  '', ( #1778 ), #760 ) ;
#898 = ADVANCED_FACE ( 'NONE', ( #1485 ), #23, .F. ) ;
#899 = DIRECTION ( 'NONE',  ( -0.000000000000000000, -0.000000000000000000, 1.000000000000000000 ) ) ;
#900 = DIRECTION ( 'NONE',  ( -1.000000000000000000, 0.000000000000000000, 0.000000000000000000 ) ) ;
#901 = SURFACE_SIDE_STYLE ('',( #173 ) ) ;
#902 = CARTESIAN_POINT ( 'NONE',  ( -0.4000000000000000222, 0.8000000000000000444, -0.3300000000000000155 ) ) ;
#903 = DIRECTION ( 'NONE',  ( 0.000000000000000000, -0.000000000000000000, -1.000000000000000000 ) ) ;
#904 = VERTEX_POINT ( 'NONE', #1677 ) ;
#905 = LINE ( 'NONE', #596, #387 ) ;
#906 = SURFACE_STYLE_USAGE ( .BOTH. , #1671 ) ;
#907 = CARTESIAN_POINT ( 'NONE',  ( -0.1000000000000000056, -3.332276267600729809E-18, -0.3599999999999999867 ) ) ;
#908 = SURFACE_SIDE_STYLE ('',( #1184 ) ) ;
#909 = VERTEX_POINT ( 'NONE', #483 ) ;
#910 = CARTESIAN_POINT ( 'NONE',  ( 0.000000000000000000, 0.8227398645140071576, -0.3300000000000000155 ) ) ;
#911 = STYLED_ITEM ( 'NONE', ( #430 ), #898 ) ;
#912 = ORIENTED_EDGE ( 'NONE', *, *, #880, .T. ) ;
#913 = MECHANICAL_DESIGN_GEOMETRIC_PRESENTATION_REPRESENTATION (  '', ( #419 ), #654 ) ;
#914 = EDGE_CURVE ( 'NONE', #1910, #1781, #187, .T. ) ;
#915 = SURFACE_SIDE_STYLE ('',( #329 ) ) ;
#916 = PRESENTATION_LAYER_ASSIGNMENT (  '', '', ( #1854 ) ) ;
#917 = AXIS2_PLACEMENT_3D ( 'NONE', #1488, #762, #1796 ) ;
#918 = VECTOR ( 'NONE', #1350, 1000.000000000000000 ) ;
#919 = LINE ( 'NONE', #1789, #843 ) ;
#920 = CARTESIAN_POINT ( 'NONE',  ( 0.000000000000000000, 0.8227398645140071576, -0.3599999999999999867 ) ) ;
#921 = FACE_OUTER_BOUND ( 'NONE', #432, .T. ) ;
#922 = EDGE_CURVE ( 'NONE', #1734, #1779, #658, .T. ) ;
#923 = LINE ( 'NONE', #216, #199 ) ;
#924 = LINE ( 'NONE', #442, #1341 ) ;
#925 = LINE ( 'NONE', #474, #576 ) ;
#926 = EDGE_LOOP ( 'NONE', ( #91, #39, #950, #1371 ) ) ;
#927 = FILL_AREA_STYLE_COLOUR ( '', #1638 ) ;
#928 = FACE_OUTER_BOUND ( 'NONE', #69, .T. ) ;
#929 = FILL_AREA_STYLE_COLOUR ( '', #940 ) ;
#930 = DIRECTION ( 'NONE',  ( -0.000000000000000000, 1.000000000000000000, 0.000000000000000000 ) ) ;
#931 = ADVANCED_FACE ( 'NONE', ( #832 ), #698, .F. ) ;
#932 = UNCERTAINTY_MEASURE_WITH_UNIT (LENGTH_MEASURE( 1.000000000000000082E-05 ), #1885, 'distance_accuracy_value', 'NONE');
#933 = ORIENTED_EDGE ( 'NONE', *, *, #307, .F. ) ;
#934 = AXIS2_PLACEMENT_3D ( 'NONE', #1089, #823, #1271 ) ;
#935 = LINE ( 'NONE', #524, #1630 ) ;
#936 = AXIS2_PLACEMENT_3D ( 'NONE', #375, #194, #1528 ) ;
#937 = AXIS2_PLACEMENT_3D ( 'NONE', #713, #544, #900 ) ;
#938 = CARTESIAN_POINT ( 'NONE',  ( 0.000000000000000000, 0.000000000000000000, 0.000000000000000000 ) ) ;
#939 =( LENGTH_UNIT ( ) NAMED_UNIT ( * ) SI_UNIT ( .MILLI., .METRE. ) );
#940 = COLOUR_RGB ( '',0.8627450980392157298, 0.5882352941176470784, 0.06274509803921568540 ) ;
#941 = VECTOR ( 'NONE', #651, 1000.000000000000000 ) ;
#942 = PRESENTATION_STYLE_ASSIGNMENT (( #352 ) ) ;
#943 = EDGE_CURVE ( 'NONE', #383, #6, #1144, .T. ) ;
#944 = ORIENTED_EDGE ( 'NONE', *, *, #1933, .F. ) ;
#945 = VERTEX_POINT ( 'NONE', #1205 ) ;
#946 = FACE_OUTER_BOUND ( 'NONE', #1539, .T. ) ;
#947 = ORIENTED_EDGE ( 'NONE', *, *, #484, .F. ) ;
#948 = LINE ( 'NONE', #1541, #1763 ) ;
#949 = UNCERTAINTY_MEASURE_WITH_UNIT (LENGTH_MEASURE( 1.000000000000000082E-05 ), #1692, 'distance_accuracy_value', 'NONE');
#950 = ORIENTED_EDGE ( 'NONE', *, *, #223, .T. ) ;
#951 = EDGE_CURVE ( 'NONE', #1747, #1608, #332, .T. ) ;
#952 = VERTEX_POINT ( 'NONE', #1754 ) ;
#953 = CARTESIAN_POINT ( 'NONE',  ( 0.3499999999999999778, -0.7500000000000000000, -0.3599999999999999867 ) ) ;
#954 = SURFACE_SIDE_STYLE ('',( #1875 ) ) ;
#955 = CARTESIAN_POINT ( 'NONE',  ( 0.000000000000000000, -0.7500000000000000000, -0.3300000000000000155 ) ) ;
#956 = ORIENTED_EDGE ( 'NONE', *, *, #503, .F. ) ;
#957 = ORIENTED_EDGE ( 'NONE', *, *, #1380, .T. ) ;
#958 = DIRECTION ( 'NONE',  ( -1.000000000000000000, 0.000000000000000000, 0.000000000000000000 ) ) ;
#959 = ORIENTED_EDGE ( 'NONE', *, *, #808, .F. ) ;
#960 = PRESENTATION_STYLE_ASSIGNMENT (( #1725 ) ) ;
#961 = ADVANCED_FACE ( 'NONE', ( #1155 ), #1011, .F. ) ;
#962 = CARTESIAN_POINT ( 'NONE',  ( 0.2531704738462742243, -0.8000000000000000444, -0.3599999999999999867 ) ) ;
#963 = VECTOR ( 'NONE', #1169, 1000.000000000000000 ) ;
#964 = ORIENTED_EDGE ( 'NONE', *, *, #1771, .T. ) ;
#965 = PRESENTATION_LAYER_ASSIGNMENT (  '', '', ( #751 ) ) ;
#966 = COLOUR_RGB ( '',0.000000000000000000, 0.5019607843137254832, 0.000000000000000000 ) ;
#967 = CARTESIAN_POINT ( 'NONE',  ( 0.3499999999999999778, 0.000000000000000000, -0.3300000000000000155 ) ) ;
#968 = MECHANICAL_DESIGN_GEOMETRIC_PRESENTATION_REPRESENTATION (  '', ( #727 ), #755 ) ;
#969 = VECTOR ( 'NONE', #899, 1000.000000000000000 ) ;
#970 = ORIENTED_EDGE ( 'NONE', *, *, #1198, .T. ) ;
#971 = APPLICATION_PROTOCOL_DEFINITION ( 'draft international standard', 'automotive_design', 1998, #768 ) ;
#972 = AXIS2_PLACEMENT_3D ( 'NONE', #953, #8, #1441 ) ;
#973 = VERTEX_POINT ( 'NONE', #649 ) ;
#974 = EDGE_CURVE ( 'NONE', #1369, #1608, #1680, .T. ) ;
#975 = ADVANCED_FACE ( 'NONE', ( #641 ), #1237, .F. ) ;
#976 = CARTESIAN_POINT ( 'NONE',  ( 0.4000000000000000222, -0.8000000000000000444, -0.3599999999999999867 ) ) ;
#977 = ORIENTED_EDGE ( 'NONE', *, *, #880, .F. ) ;
#978 = ORIENTED_EDGE ( 'NONE', *, *, #4, .F. ) ;
#979 = ORIENTED_EDGE ( 'NONE', *, *, #708, .F. ) ;
#980 = PLANE ( 'NONE',  #505 ) ;
#981 = UNCERTAINTY_MEASURE_WITH_UNIT (LENGTH_MEASURE( 1.000000000000000082E-05 ), #236, 'distance_accuracy_value', 'NONE');
#982 = EDGE_CURVE ( 'NONE', #1915, #527, #623, .T. ) ;
#983 = VERTEX_POINT ( 'NONE', #1096 ) ;
#984 = FILL_AREA_STYLE ('',( #1929 ) ) ;
#985 = SURFACE_STYLE_FILL_AREA ( #516 ) ;
#986 = FILL_AREA_STYLE_COLOUR ( '', #598 ) ;
#987 = VERTEX_POINT ( 'NONE', #1697 ) ;
#988 = EDGE_CURVE ( 'NONE', #1319, #904, #948, .T. ) ;
#989 = ORIENTED_EDGE ( 'NONE', *, *, #1849, .T. ) ;
#990 = SURFACE_STYLE_USAGE ( .BOTH. , #1275 ) ;
#991 =( GEOMETRIC_REPRESENTATION_CONTEXT ( 3 ) GLOBAL_UNCERTAINTY_ASSIGNED_CONTEXT ( ( #198 ) ) GLOBAL_UNIT_ASSIGNED_CONTEXT ( ( #1295, #270, #869 ) ) REPRESENTATION_CONTEXT ( 'NONE', 'WORKASPACE' ) );
#992 = LINE ( 'NONE', #1015, #685 ) ;
#993 = AXIS2_PLACEMENT_3D ( 'NONE', #1264, #1570, #549 ) ;
#994 = COLOUR_RGB ( '',0.000000000000000000, 0.5019607843137254832, 0.000000000000000000 ) ;
#995 = AXIS2_PLACEMENT_3D ( 'NONE', #1563, #707, #545 ) ;
#996 = CARTESIAN_POINT ( 'NONE',  ( -0.3499999999999998668, -0.7500000000000001110, -0.3599999999999999312 ) ) ;
#997 = AXIS2_PLACEMENT_3D ( 'NONE', #1254, #513, #260 ) ;
#998 = DIRECTION ( 'NONE',  ( -1.000000000000000000, 0.000000000000000000, 0.000000000000000000 ) ) ;
#999 = DIRECTION ( 'NONE',  ( 1.000000000000000000, 9.380168357402309666E-16, 0.000000000000000000 ) ) ;
#1000 = ORIENTED_EDGE ( 'NONE', *, *, #1798, .T. ) ;
#1001 = ORIENTED_EDGE ( 'NONE', *, *, #819, .F. ) ;
#1002 = CARTESIAN_POINT ( 'NONE',  ( -0.4000000000000000222, 0.000000000000000000, 0.000000000000000000 ) ) ;
#1003 = ORIENTED_EDGE ( 'NONE', *, *, #317, .T. ) ;
#1004 = PLANE ( 'NONE',  #937 ) ;
#1005 = STYLED_ITEM ( 'NONE', ( #1010 ), #1840 ) ;
#1006 = UNCERTAINTY_MEASURE_WITH_UNIT (LENGTH_MEASURE( 1.000000000000000082E-05 ), #1104, 'distance_accuracy_value', 'NONE');
#1007 = PRODUCT_DEFINITION_SHAPE ( 'NONE', 'NONE',  #1346 ) ;
#1008 = ORIENTED_EDGE ( 'NONE', *, *, #503, .T. ) ;
#1009 = DIRECTION ( 'NONE',  ( 1.355252715606880049E-16, -1.000000000000000000, 0.000000000000000000 ) ) ;
#1010 = PRESENTATION_STYLE_ASSIGNMENT (( #1742 ) ) ;
#1011 = PLANE ( 'NONE',  #136 ) ;
#1012 = EDGE_LOOP ( 'NONE', ( #1869, #868, #245, #537 ) ) ;
#1013 = PLANE ( 'NONE',  #24 ) ;
#1014 = ADVANCED_FACE ( 'NONE', ( #218 ), #1384, .F. ) ;
#1015 = CARTESIAN_POINT ( 'NONE',  ( 0.000000000000000000, -0.5332625588037740449, 0.000000000000000000 ) ) ;
#1016 = DIRECTION ( 'NONE',  ( 0.000000000000000000, -1.000000000000000000, 0.000000000000000000 ) ) ;
#1017 = PRESENTATION_STYLE_ASSIGNMENT (( #1491 ) ) ;
#1018 = PLANE ( 'NONE',  #448 ) ;
#1019 = SURFACE_STYLE_FILL_AREA ( #1154 ) ;
#1020 = ORIENTED_EDGE ( 'NONE', *, *, #1537, .F. ) ;
#1021 = ORIENTED_EDGE ( 'NONE', *, *, #1646, .T. ) ;
#1022 = LINE ( 'NONE', #447, #969 ) ;
#1023 = ORIENTED_EDGE ( 'NONE', *, *, #895, .T. ) ;
#1024 = DIRECTION ( 'NONE',  ( 0.000000000000000000, 1.000000000000000000, -0.000000000000000000 ) ) ;
#1025 = LINE ( 'NONE', #955, #480 ) ;
#1026 = EDGE_CURVE ( 'NONE', #1109, #383, #1193, .T. ) ;
#1027 = DIRECTION ( 'NONE',  ( 0.000000000000000000, -0.9961946980917455452, 0.08715574274765836016 ) ) ;
#1028 = EDGE_CURVE ( 'NONE', #144, #84, #323, .T. ) ;
#1029 = PRESENTATION_LAYER_ASSIGNMENT (  '', '', ( #911 ) ) ;
#1030 = FILL_AREA_STYLE_COLOUR ( '', #1595 ) ;
#1031 =( NAMED_UNIT ( * ) PLANE_ANGLE_UNIT ( ) SI_UNIT ( $, .RADIAN. ) );
#1032 = VECTOR ( 'NONE', #1772, 1000.000000000000000 ) ;
#1033 = VERTEX_POINT ( 'NONE', #1663 ) ;
#1034 = VECTOR ( 'NONE', #1764, 1000.000000000000000 ) ;
#1035 = COLOUR_RGB ( '',0.8627450980392157298, 0.5882352941176470784, 0.06274509803921568540 ) ;
#1036 = PRESENTATION_LAYER_ASSIGNMENT (  '', '', ( #1804 ) ) ;
#1037 = CARTESIAN_POINT ( 'NONE',  ( 0.000000000000000000, 0.8227398645140071576, -0.3300000000000000155 ) ) ;
#1038 = CARTESIAN_POINT ( 'NONE',  ( 0.000000000000000000, 0.000000000000000000, 0.000000000000000000 ) ) ;
#1039 = VECTOR ( 'NONE', #697, 1000.000000000000000 ) ;
#1040 = EDGE_CURVE ( 'NONE', #1582, #1109, #1076, .T. ) ;
#1041 = LINE ( 'NONE', #1635, #1687 ) ;
#1042 = DIRECTION ( 'NONE',  ( 0.000000000000000000, 0.000000000000000000, -1.000000000000000000 ) ) ;
#1043 = FACE_OUTER_BOUND ( 'NONE', #386, .T. ) ;
#1044 = ORIENTED_EDGE ( 'NONE', *, *, #744, .F. ) ;
#1045 = DIRECTION ( 'NONE',  ( 0.000000000000000000, 0.000000000000000000, 1.000000000000000000 ) ) ;
#1046 = ADVANCED_FACE ( 'NONE', ( #1850 ), #192, .F. ) ;
#1047 = DIRECTION ( 'NONE',  ( -1.000000000000000000, 0.000000000000000000, 0.000000000000000000 ) ) ;
#1048 = DIRECTION ( 'NONE',  ( -1.000000000000000000, 0.000000000000000000, 0.000000000000000000 ) ) ;
#1049 =( NAMED_UNIT ( * ) SI_UNIT ( $, .STERADIAN. ) SOLID_ANGLE_UNIT ( ) );
#1050 = PRESENTATION_STYLE_ASSIGNMENT (( #1683 ) ) ;
#1051 = UNCERTAINTY_MEASURE_WITH_UNIT (LENGTH_MEASURE( 1.000000000000000082E-05 ), #1238, 'distance_accuracy_value', 'NONE');
#1052 = EDGE_CURVE ( 'NONE', #1619, #1870, #436, .T. ) ;
#1053 = CARTESIAN_POINT ( 'NONE',  ( 0.4000000000000000222, 2.168404344971008868E-16, -0.2200000000000000011 ) ) ;
#1054 = DIRECTION ( 'NONE',  ( 0.000000000000000000, -0.08715574274765836016, -0.9961946980917455452 ) ) ;
#1055 = DIRECTION ( 'NONE',  ( -0.000000000000000000, 0.000000000000000000, 1.000000000000000000 ) ) ;
#1056 = LINE ( 'NONE', #896, #109 ) ;
#1057 = VECTOR ( 'NONE', #1135, 1000.000000000000000 ) ;
#1058 = ADVANCED_FACE ( 'NONE', ( #1753 ), #1018, .T. ) ;
#1059 = AXIS2_PLACEMENT_3D ( 'NONE', #610, #1074, #1190 ) ;
#1060 = AXIS2_PLACEMENT_3D ( 'NONE', #443, #1171, #742 ) ;
#1061 = AXIS2_PLACEMENT_3D ( 'NONE', #1564, #1375, #1851 ) ;
#1062 = EDGE_LOOP ( 'NONE', ( #989, #280, #1125, #14, #1848, #1732, #1721, #1578 ) ) ;
#1063 = FILL_AREA_STYLE ('',( #927 ) ) ;
#1064 =( LENGTH_UNIT ( ) NAMED_UNIT ( * ) SI_UNIT ( .MILLI., .METRE. ) );
#1065 = VECTOR ( 'NONE', #1296, 1000.000000000000000 ) ;
#1066 = STYLED_ITEM ( 'NONE', ( #1479 ), #554 ) ;
#1067 = COLOUR_RGB ( '',0.000000000000000000, 0.5019607843137254832, 0.000000000000000000 ) ;
#1068 =( NAMED_UNIT ( * ) PLANE_ANGLE_UNIT ( ) SI_UNIT ( $, .RADIAN. ) );
#1069 = CIRCLE ( 'NONE', #1695, 0.1761306300384420098 ) ;
#1070 = CARTESIAN_POINT ( 'NONE',  ( -0.4000000000000000222, 0.5332625588037740449, 0.000000000000000000 ) ) ;
#1071 = AXIS2_PLACEMENT_3D ( 'NONE', #1443, #412, #999 ) ;
#1072 = EDGE_CURVE ( 'NONE', #188, #1235, #394, .T. ) ;
#1073 = SURFACE_SIDE_STYLE ('',( #345 ) ) ;
#1074 = DIRECTION ( 'NONE',  ( 0.000000000000000000, 0.000000000000000000, 1.000000000000000000 ) ) ;
#1075 = EDGE_CURVE ( 'NONE', #973, #254, #842, .T. ) ;
#1076 = LINE ( 'NONE', #361, #723 ) ;
#1077 =( NAMED_UNIT ( * ) SI_UNIT ( $, .STERADIAN. ) SOLID_ANGLE_UNIT ( ) );
#1078 = LINE ( 'NONE', #1681, #886 ) ;
#1079 = CARTESIAN_POINT ( 'NONE',  ( -0.2531704738462742799, -0.8000000000000000444, -0.3300000000000000155 ) ) ;
#1080 =( LENGTH_UNIT ( ) NAMED_UNIT ( * ) SI_UNIT ( .MILLI., .METRE. ) );
#1081 = EDGE_CURVE ( 'NONE', #1160, #737, #992, .T. ) ;
#1082 = SURFACE_STYLE_FILL_AREA ( #1863 ) ;
#1083 = DIRECTION ( 'NONE',  ( -1.000000000000000000, 0.000000000000000000, 0.000000000000000000 ) ) ;
#1084 = EDGE_CURVE ( 'NONE', #518, #583, #353, .T. ) ;
#1085 = DIRECTION ( 'NONE',  ( -1.000000000000000000, 0.000000000000000000, -0.000000000000000000 ) ) ;
#1086 = EDGE_LOOP ( 'NONE', ( #1387, #550, #586, #786, #118, #1560, #286, #790, #1102, #1020 ) ) ;
#1087 = ORIENTED_EDGE ( 'NONE', *, *, #1309, .T. ) ;
#1088 = CIRCLE ( 'NONE', #876, 0.1761306300384420098 ) ;
#1089 = CARTESIAN_POINT ( 'NONE',  ( 0.4000000000000000222, -0.8000000000000000444, -0.2200000000000000011 ) ) ;
#1090 = VECTOR ( 'NONE', #1055, 1000.000000000000000 ) ;
#1091 = CARTESIAN_POINT ( 'NONE',  ( 0.1000000000000000056, -6.456461622496839826E-17, -0.3599999999999999312 ) ) ;
#1092 = CARTESIAN_POINT ( 'NONE',  ( -0.4000000000000000222, -0.1999999999999999833, -0.2200000000000000011 ) ) ;
#1093 = EDGE_LOOP ( 'NONE', ( #888, #130, #327, #1436 ) ) ;
#1094 =( GEOMETRIC_REPRESENTATION_CONTEXT ( 3 ) GLOBAL_UNCERTAINTY_ASSIGNED_CONTEXT ( ( #472 ) ) GLOBAL_UNIT_ASSIGNED_CONTEXT ( ( #600, #1818, #1049 ) ) REPRESENTATION_CONTEXT ( 'NONE', 'WORKASPACE' ) );
#1095 = FILL_AREA_STYLE_COLOUR ( '', #1524 ) ;
#1096 = CARTESIAN_POINT ( 'NONE',  ( 0.1000000000000000056, 0.2000000000000000111, -0.3599999999999999312 ) ) ;
#1097 = COLOUR_RGB ( '',0.8627450980392157298, 0.5882352941176470784, 0.06274509803921568540 ) ;
#1098 = CARTESIAN_POINT ( 'NONE',  ( 0.3499999999999999778, -0.3499999999999999778, -0.3300000000000000155 ) ) ;
#1099 = COLOUR_RGB ( '',0.000000000000000000, 0.5019607843137254832, 0.000000000000000000 ) ;
#1100 = EDGE_LOOP ( 'NONE', ( #1146, #912, #1439, #65 ) ) ;
#1101 = LINE ( 'NONE', #1880, #379 ) ;
#1102 = ORIENTED_EDGE ( 'NONE', *, *, #922, .F. ) ;
#1103 = SURFACE_STYLE_USAGE ( .BOTH. , #498 ) ;
#1104 =( LENGTH_UNIT ( ) NAMED_UNIT ( * ) SI_UNIT ( .MILLI., .METRE. ) );
#1105 = PLANE ( 'NONE',  #1927 ) ;
#1106 = DIRECTION ( 'NONE',  ( -0.000000000000000000, -1.000000000000000000, -0.000000000000000000 ) ) ;
#1107 = EDGE_CURVE ( 'NONE', #518, #297, #1041, .T. ) ;
#1108 = ORIENTED_EDGE ( 'NONE', *, *, #715, .F. ) ;
#1109 = VERTEX_POINT ( 'NONE', #1315 ) ;
#1110 = PRESENTATION_STYLE_ASSIGNMENT (( #1874 ) ) ;
#1111 = PRESENTATION_STYLE_ASSIGNMENT (( #1219 ) ) ;
#1112 = CARTESIAN_POINT ( 'NONE',  ( 0.2401540889749760044, 0.8000000000000000444, -0.2200000000000000011 ) ) ;
#1113 = CYLINDRICAL_SURFACE ( 'NONE', #302, 0.2676865585101230183 ) ;
#1114 = CARTESIAN_POINT ( 'NONE',  ( 0.000000000000000000, -0.5332625588037740449, -0.03000000000000000236 ) ) ;
#1115 = VERTEX_POINT ( 'NONE', #1674 ) ;
#1116 = EDGE_CURVE ( 'NONE', #268, #833, #919, .T. ) ;
#1117 = ORIENTED_EDGE ( 'NONE', *, *, #1887, .T. ) ;
#1118 = FILL_AREA_STYLE ('',( #206 ) ) ;
#1119 = LINE ( 'NONE', #1092, #1811 ) ;
#1120 = PRESENTATION_LAYER_ASSIGNMENT (  '', '', ( #840 ) ) ;
#1121 = ORIENTED_EDGE ( 'NONE', *, *, #1316, .F. ) ;
#1122 = MECHANICAL_DESIGN_GEOMETRIC_PRESENTATION_REPRESENTATION (  '', ( #1854 ), #1339 ) ;
#1123 = VECTOR ( 'NONE', #889, 1000.000000000000000 ) ;
#1124 = DIRECTION ( 'NONE',  ( 1.000000000000000000, -0.000000000000000000, 0.000000000000000000 ) ) ;
#1125 = ORIENTED_EDGE ( 'NONE', *, *, #1484, .T. ) ;
#1126 = VECTOR ( 'NONE', #1696, 1000.000000000000000 ) ;
#1127 = CARTESIAN_POINT ( 'NONE',  ( 0.000000000000000000, -0.7500000000000000000, -0.3300000000000000155 ) ) ;
#1128 = VECTOR ( 'NONE', #1189, 1000.000000000000000 ) ;
#1129 = VERTEX_POINT ( 'NONE', #902 ) ;
#1130 = ORIENTED_EDGE ( 'NONE', *, *, #1881, .T. ) ;
#1131 = COLOUR_RGB ( '',0.8627450980392157298, 0.5882352941176470784, 0.06274509803921568540 ) ;
#1132 = CARTESIAN_POINT ( 'NONE',  ( 0.000000000000000000, 0.7500000000000000000, -0.3599999999999999867 ) ) ;
#1133 = ORIENTED_EDGE ( 'NONE', *, *, #914, .F. ) ;
#1134 = PRESENTATION_STYLE_ASSIGNMENT (( #1694 ) ) ;
#1135 = DIRECTION ( 'NONE',  ( -0.000000000000000000, 0.000000000000000000, 1.000000000000000000 ) ) ;
#1136 = FACE_OUTER_BOUND ( 'NONE', #555, .T. ) ;
#1137 = DIRECTION ( 'NONE',  ( -0.000000000000000000, 1.000000000000000000, 0.000000000000000000 ) ) ;
#1138 = UNCERTAINTY_MEASURE_WITH_UNIT (LENGTH_MEASURE( 1.000000000000000082E-05 ), #773, 'distance_accuracy_value', 'NONE');
#1139 = ORIENTED_EDGE ( 'NONE', *, *, #1877, .F. ) ;
#1140 = SURFACE_STYLE_FILL_AREA ( #1596 ) ;
#1141 = LINE ( 'NONE', #705, #733 ) ;
#1142 = ORIENTED_EDGE ( 'NONE', *, *, #307, .T. ) ;
#1143 =( NAMED_UNIT ( * ) SI_UNIT ( $, .STERADIAN. ) SOLID_ANGLE_UNIT ( ) );
#1144 = LINE ( 'NONE', #558, #43 ) ;
#1145 = ORIENTED_EDGE ( 'NONE', *, *, #1072, .T. ) ;
#1146 = ORIENTED_EDGE ( 'NONE', *, *, #103, .F. ) ;
#1147 = FACE_OUTER_BOUND ( 'NONE', #677, .T. ) ;
#1148 = AXIS2_PLACEMENT_3D ( 'NONE', #40, #444, #161 ) ;
#1149 =( NAMED_UNIT ( * ) SI_UNIT ( $, .STERADIAN. ) SOLID_ANGLE_UNIT ( ) );
#1150 = MECHANICAL_DESIGN_GEOMETRIC_PRESENTATION_REPRESENTATION (  '', ( #1924 ), #1855 ) ;
#1151 = ORIENTED_EDGE ( 'NONE', *, *, #982, .T. ) ;
#1152 = MECHANICAL_DESIGN_GEOMETRIC_PRESENTATION_REPRESENTATION (  '', ( #1766 ), #1561 ) ;
#1153 = CIRCLE ( 'NONE', #997, 0.1419868659225949903 ) ;
#1154 = FILL_AREA_STYLE ('',( #1902 ) ) ;
#1155 = FACE_OUTER_BOUND ( 'NONE', #1100, .T. ) ;
#1156 = EDGE_LOOP ( 'NONE', ( #1211, #863, #113, #542 ) ) ;
#1157 = UNCERTAINTY_MEASURE_WITH_UNIT (LENGTH_MEASURE( 1.000000000000000082E-05 ), #273, 'distance_accuracy_value', 'NONE');
#1158 = VERTEX_POINT ( 'NONE', #150 ) ;
#1159 = CARTESIAN_POINT ( 'NONE',  ( -0.3499999999999999778, -0.3499999999999999778, -0.3599999999999999312 ) ) ;
#1160 = VERTEX_POINT ( 'NONE', #9 ) ;
#1161 = CARTESIAN_POINT ( 'NONE',  ( -0.4000000000000000222, 0.8000000000000000444, -0.2200000000000000011 ) ) ;
#1162 = SURFACE_STYLE_FILL_AREA ( #682 ) ;
#1163 = VECTOR ( 'NONE', #1513, 1000.000000000000000 ) ;
#1164 = VERTEX_POINT ( 'NONE', #615 ) ;
#1165 = ORIENTED_EDGE ( 'NONE', *, *, #1510, .T. ) ;
#1166 = ADVANCED_FACE ( 'NONE', ( #314 ), #1197, .F. ) ;
#1167 = ORIENTED_EDGE ( 'NONE', *, *, #174, .T. ) ;
#1168 = DIRECTION ( 'NONE',  ( 0.000000000000000000, 0.08715574274766009488, 0.9961946980917453232 ) ) ;
#1169 = DIRECTION ( 'NONE',  ( 0.000000000000000000, -1.000000000000000000, 0.000000000000000000 ) ) ;
#1170 = ADVANCED_FACE ( 'NONE', ( #1540 ), #637, .F. ) ;
#1171 = DIRECTION ( 'NONE',  ( -1.000000000000000000, 0.000000000000000000, 0.000000000000000000 ) ) ;
#1172 = DIRECTION ( 'NONE',  ( 0.000000000000000000, 0.000000000000000000, -1.000000000000000000 ) ) ;
#1173 =( NAMED_UNIT ( * ) PLANE_ANGLE_UNIT ( ) SI_UNIT ( $, .RADIAN. ) );
#1174 = ORIENTED_EDGE ( 'NONE', *, *, #1731, .F. ) ;
#1175 =( NAMED_UNIT ( * ) SI_UNIT ( $, .STERADIAN. ) SOLID_ANGLE_UNIT ( ) );
#1176 = EDGE_CURVE ( 'NONE', #1129, #1158, #250, .T. ) ;
#1177 = ORIENTED_EDGE ( 'NONE', *, *, #153, .T. ) ;
#1178 = CARTESIAN_POINT ( 'NONE',  ( 0.4000000000000000222, -0.5631483997465261959, -0.02738532771757018827 ) ) ;
#1179 = PRODUCT ( 'KG EELP41.22-PHRH-35-A8J8-20-R18', 'KG EELP41.22-PHRH-35-A8J8-20-R18', '', ( #106 ) ) ;
#1180 =( NAMED_UNIT ( * ) PLANE_ANGLE_UNIT ( ) SI_UNIT ( $, .RADIAN. ) );
#1181 = FILL_AREA_STYLE_COLOUR ( '', #1337 ) ;
#1182 = VECTOR ( 'NONE', #490, 1000.000000000000000 ) ;
#1183 = CARTESIAN_POINT ( 'NONE',  ( -0.1000000000000000056, -3.332276267600729809E-18, -0.3599999999999999867 ) ) ;
#1184 = SURFACE_STYLE_FILL_AREA ( #1648 ) ;
#1185 =( GEOMETRIC_REPRESENTATION_CONTEXT ( 3 ) GLOBAL_UNCERTAINTY_ASSIGNED_CONTEXT ( ( #1591 ) ) GLOBAL_UNIT_ASSIGNED_CONTEXT ( ( #415, #1445, #812 ) ) REPRESENTATION_CONTEXT ( 'NONE', 'WORKASPACE' ) );
#1186 = SURFACE_STYLE_FILL_AREA ( #609 ) ;
#1187 = PRESENTATION_LAYER_ASSIGNMENT (  '', '', ( #1066 ) ) ;
#1188 = AXIS2_PLACEMENT_3D ( 'NONE', #825, #1411, #728 ) ;
#1189 = DIRECTION ( 'NONE',  ( -0.000000000000000000, -1.000000000000000000, 0.000000000000000000 ) ) ;
#1190 = DIRECTION ( 'NONE',  ( 1.000000000000000000, 0.000000000000000000, -0.000000000000000000 ) ) ;
#1191 = LINE ( 'NONE', #1204, #653 ) ;
#1192 = EDGE_CURVE ( 'NONE', #871, #1373, #274, .T. ) ;
#1193 = LINE ( 'NONE', #1634, #1559 ) ;
#1194 = PRODUCT_DEFINITION_FORMATION_WITH_SPECIFIED_SOURCE ( 'ANY', '', #1179, .NOT_KNOWN. ) ;
#1195 = SURFACE_STYLE_FILL_AREA ( #1446 ) ;
#1196 = PLANE ( 'NONE',  #44 ) ;
#1197 = PLANE ( 'NONE',  #356 ) ;
#1198 = EDGE_CURVE ( 'NONE', #1779, #294, #1520, .T. ) ;
#1199 = LINE ( 'NONE', #11, #1522 ) ;
#1200 = PLANE ( 'NONE',  #972 ) ;
#1201 = PRODUCT_RELATED_PRODUCT_CATEGORY ( 'part', '', ( #1179 ) ) ;
#1202 = EDGE_LOOP ( 'NONE', ( #1745, #1267, #220, #1142 ) ) ;
#1203 =( LENGTH_UNIT ( ) NAMED_UNIT ( * ) SI_UNIT ( .MILLI., .METRE. ) );
#1204 = CARTESIAN_POINT ( 'NONE',  ( -0.3499999999999999778, 0.8227398645140071576, -0.3599999999999999867 ) ) ;
#1205 = CARTESIAN_POINT ( 'NONE',  ( 0.1401540889749761654, 0.8000000000000001554, -0.3599999999999999867 ) ) ;
#1206 = DIRECTION ( 'NONE',  ( -9.035018104045870941E-16, -1.000000000000000000, 0.000000000000000000 ) ) ;
#1207 = SURFACE_STYLE_FILL_AREA ( #617 ) ;
#1208 = SURFACE_SIDE_STYLE ('',( #460 ) ) ;
#1209 = COLOUR_RGB ( '',0.8627450980392157298, 0.5882352941176470784, 0.06274509803921568540 ) ;
#1210 = VECTOR ( 'NONE', #1331, 1000.000000000000000 ) ;
#1211 = ORIENTED_EDGE ( 'NONE', *, *, #89, .T. ) ;
#1212 = STYLED_ITEM ( 'NONE', ( #1111 ), #1014 ) ;
#1213 = VECTOR ( 'NONE', #85, 1000.000000000000000 ) ;
#1214 = FILL_AREA_STYLE_COLOUR ( '', #104 ) ;
#1215 =( GEOMETRIC_REPRESENTATION_CONTEXT ( 3 ) GLOBAL_UNCERTAINTY_ASSIGNED_CONTEXT ( ( #981 ) ) GLOBAL_UNIT_ASSIGNED_CONTEXT ( ( #236, #668, #782 ) ) REPRESENTATION_CONTEXT ( 'NONE', 'WORKASPACE' ) );
#1216 = STYLED_ITEM ( 'NONE', ( #643 ), #371 ) ;
#1217 = PRESENTATION_LAYER_ASSIGNMENT (  '', '', ( #656 ) ) ;
#1218 = DIRECTION ( 'NONE',  ( -0.000000000000000000, 1.000000000000000000, 0.000000000000000000 ) ) ;
#1219 = SURFACE_STYLE_USAGE ( .BOTH. , #954 ) ;
#1220 = VECTOR ( 'NONE', #253, 1000.000000000000000 ) ;
#1221 = PRESENTATION_STYLE_ASSIGNMENT (( #1353 ) ) ;
#1222 = PRESENTATION_LAYER_ASSIGNMENT (  '', '', ( #1568 ) ) ;
#1223 =( LENGTH_UNIT ( ) NAMED_UNIT ( * ) SI_UNIT ( .MILLI., .METRE. ) );
#1224 = ADVANCED_FACE ( 'NONE', ( #1739 ), #552, .T. ) ;
#1225 = FILL_AREA_STYLE_COLOUR ( '', #994 ) ;
#1226 = CARTESIAN_POINT ( 'NONE',  ( -0.1531704738462740245, -0.8000000000000000444, -0.2200000000000000011 ) ) ;
#1227 = DIRECTION ( 'NONE',  ( 0.000000000000000000, 0.000000000000000000, -1.000000000000000000 ) ) ;
#1228 = ADVANCED_FACE ( 'NONE', ( #282 ), #980, .F. ) ;
#1229 = SURFACE_STYLE_FILL_AREA ( #36 ) ;
#1230 = ORIENTED_EDGE ( 'NONE', *, *, #943, .T. ) ;
#1231 = CARTESIAN_POINT ( 'NONE',  ( -0.4000000000000000222, 2.168404344971009361E-16, -0.3300000000000000155 ) ) ;
#1232 = ORIENTED_EDGE ( 'NONE', *, *, #429, .F. ) ;
#1233 = ADVANCED_FACE ( 'NONE', ( #27 ), #1196, .T. ) ;
#1234 = CARTESIAN_POINT ( 'NONE',  ( 0.000000000000000000, -0.8869528882754701415, -0.3599999999999999867 ) ) ;
#1235 = VERTEX_POINT ( 'NONE', #454 ) ;
#1236 = FACE_OUTER_BOUND ( 'NONE', #836, .T. ) ;
#1237 = PLANE ( 'NONE',  #936 ) ;
#1238 =( LENGTH_UNIT ( ) NAMED_UNIT ( * ) SI_UNIT ( .MILLI., .METRE. ) );
#1239 = UNCERTAINTY_MEASURE_WITH_UNIT (LENGTH_MEASURE( 1.000000000000000082E-05 ), #1846, 'distance_accuracy_value', 'NONE');
#1240 = LINE ( 'NONE', #1867, #885 ) ;
#1241 = DIRECTION ( 'NONE',  ( 1.000000000000000000, 4.065758146820640148E-16, -0.000000000000000000 ) ) ;
#1242 = ORIENTED_EDGE ( 'NONE', *, *, #153, .F. ) ;
#1243 = EDGE_LOOP ( 'NONE', ( #689, #1117, #1273, #1108 ) ) ;
#1244 =( GEOMETRIC_REPRESENTATION_CONTEXT ( 3 ) GLOBAL_UNCERTAINTY_ASSIGNED_CONTEXT ( ( #355 ) ) GLOBAL_UNIT_ASSIGNED_CONTEXT ( ( #1223, #1376, #203 ) ) REPRESENTATION_CONTEXT ( 'NONE', 'WORKASPACE' ) );
#1245 = CARTESIAN_POINT ( 'NONE',  ( 0.000000000000000000, -0.8869528882754701415, -0.3300000000000000155 ) ) ;
#1246 = AXIS2_PLACEMENT_3D ( 'NONE', #628, #721, #1465 ) ;
#1247 = PRESENTATION_STYLE_ASSIGNMENT (( #1372 ) ) ;
#1248 = MECHANICAL_DESIGN_GEOMETRIC_PRESENTATION_REPRESENTATION (  '', ( #168 ), #1185 ) ;
#1249 = VERTEX_POINT ( 'NONE', #301 ) ;
#1250 = VECTOR ( 'NONE', #747, 1000.000000000000000 ) ;
#1251 =( NAMED_UNIT ( * ) SI_UNIT ( $, .STERADIAN. ) SOLID_ANGLE_UNIT ( ) );
#1252 = FILL_AREA_STYLE_COLOUR ( '', #1390 ) ;
#1253 = PRESENTATION_LAYER_ASSIGNMENT (  '', '', ( #455 ) ) ;
#1254 = CARTESIAN_POINT ( 'NONE',  ( 0.000000000000000000, 0.8227398645140071576, -0.3599999999999999867 ) ) ;
#1255 = EDGE_CURVE ( 'NONE', #546, #784, #467, .T. ) ;
#1256 = SURFACE_STYLE_USAGE ( .BOTH. , #1649 ) ;
#1257 = DIRECTION ( 'NONE',  ( -1.000000000000000000, 0.000000000000000000, 0.000000000000000000 ) ) ;
#1258 = EDGE_LOOP ( 'NONE', ( #977, #592, #1407, #761, #1378, #959, #1280, #956, #1625, #289 ) ) ;
#1259 = CARTESIAN_POINT ( 'NONE',  ( -0.4000000000000000222, 2.168404344971009361E-16, -0.3599999999999999312 ) ) ;
#1260 = ORIENTED_EDGE ( 'NONE', *, *, #35, .T. ) ;
#1261 = SURFACE_STYLE_FILL_AREA ( #666 ) ;
#1262 = EDGE_CURVE ( 'NONE', #952, #983, #589, .T. ) ;
#1263 = CYLINDRICAL_SURFACE ( 'NONE', #137, 0.03000000000000000236 ) ;
#1264 = CARTESIAN_POINT ( 'NONE',  ( 0.000000000000000000, 0.8227398645140071576, -0.3599999999999999867 ) ) ;
#1265 = ORIENTED_EDGE ( 'NONE', *, *, #348, .F. ) ;
#1266 = ORIENTED_EDGE ( 'NONE', *, *, #951, .T. ) ;
#1267 = ORIENTED_EDGE ( 'NONE', *, *, #1272, .F. ) ;
#1268 = CARTESIAN_POINT ( 'NONE',  ( 0.4000000000000000222, 0.8000000000000000444, -0.2200000000000000011 ) ) ;
#1269 =( NAMED_UNIT ( * ) PLANE_ANGLE_UNIT ( ) SI_UNIT ( $, .RADIAN. ) );
#1270 = LINE ( 'NONE', #427, #1220 ) ;
#1271 = DIRECTION ( 'NONE',  ( 0.000000000000000000, -0.000000000000000000, 1.000000000000000000 ) ) ;
#1272 = EDGE_CURVE ( 'NONE', #6, #1761, #159, .T. ) ;
#1273 = ORIENTED_EDGE ( 'NONE', *, *, #414, .F. ) ;
#1274 = MECHANICAL_DESIGN_GEOMETRIC_PRESENTATION_REPRESENTATION (  '', ( #879 ), #1631 ) ;
#1275 = SURFACE_SIDE_STYLE ('',( #1162 ) ) ;
#1276 = PRESENTATION_LAYER_ASSIGNMENT (  '', '', ( #725 ) ) ;
#1277 =( GEOMETRIC_REPRESENTATION_CONTEXT ( 3 ) GLOBAL_UNCERTAINTY_ASSIGNED_CONTEXT ( ( #1138 ) ) GLOBAL_UNIT_ASSIGNED_CONTEXT ( ( #773, #1809, #769 ) ) REPRESENTATION_CONTEXT ( 'NONE', 'WORKASPACE' ) );
#1278 = PRESENTATION_LAYER_ASSIGNMENT (  '', '', ( #48 ) ) ;
#1279 = DIRECTION ( 'NONE',  ( 0.000000000000000000, 0.000000000000000000, -1.000000000000000000 ) ) ;
#1280 = ORIENTED_EDGE ( 'NONE', *, *, #1459, .T. ) ;
#1281 = PRESENTATION_STYLE_ASSIGNMENT (( #1401 ) ) ;
#1282 = ORIENTED_EDGE ( 'NONE', *, *, #67, .T. ) ;
#1283 = SURFACE_SIDE_STYLE ('',( #519 ) ) ;
#1284 = EDGE_CURVE ( 'NONE', #1521, #1779, #1621, .T. ) ;
#1285 = SHAPE_DEFINITION_REPRESENTATION ( #1007, #255 ) ;
#1286 = AXIS2_PLACEMENT_3D ( 'NONE', #1234, #238, #87 ) ;
#1287 = ORIENTED_EDGE ( 'NONE', *, *, #1075, .T. ) ;
#1288 =( LENGTH_UNIT ( ) NAMED_UNIT ( * ) SI_UNIT ( .MILLI., .METRE. ) );
#1289 = PRESENTATION_STYLE_ASSIGNMENT (( #1427 ) ) ;
#1290 = LINE ( 'NONE', #582, #963 ) ;
#1291 = FILL_AREA_STYLE_COLOUR ( '', #693 ) ;
#1292 =( LENGTH_UNIT ( ) NAMED_UNIT ( * ) SI_UNIT ( .MILLI., .METRE. ) );
#1293 = ORIENTED_EDGE ( 'NONE', *, *, #127, .T. ) ;
#1294 = VERTEX_POINT ( 'NONE', #1161 ) ;
#1295 =( LENGTH_UNIT ( ) NAMED_UNIT ( * ) SI_UNIT ( .MILLI., .METRE. ) );
#1296 = DIRECTION ( 'NONE',  ( 1.000000000000000000, -1.355252715606880049E-16, 0.000000000000000000 ) ) ;
#1297 = DIRECTION ( 'NONE',  ( 1.000000000000000000, 0.000000000000000000, 0.000000000000000000 ) ) ;
#1298 = EDGE_LOOP ( 'NONE', ( #1377, #700, #249, #100 ) ) ;
#1299 = DIRECTION ( 'NONE',  ( 0.000000000000000000, 0.000000000000000000, -1.000000000000000000 ) ) ;
#1300 = DIRECTION ( 'NONE',  ( 0.000000000000000000, 0.000000000000000000, 1.000000000000000000 ) ) ;
#1301 = UNCERTAINTY_MEASURE_WITH_UNIT (LENGTH_MEASURE( 1.000000000000000082E-05 ), #547, 'distance_accuracy_value', 'NONE');
#1302 = EDGE_CURVE ( 'NONE', #527, #743, #874, .T. ) ;
#1303 = SURFACE_STYLE_USAGE ( .BOTH. , #1417 ) ;
#1304 = PLANE ( 'NONE',  #204 ) ;
#1305 = VECTOR ( 'NONE', #368, 1000.000000000000000 ) ;
#1306 = AXIS2_PLACEMENT_3D ( 'NONE', #1758, #1573, #398 ) ;
#1307 = VECTOR ( 'NONE', #458, 1000.000000000000000 ) ;
#1308 = PRESENTATION_LAYER_ASSIGNMENT (  '', '', ( #1212 ) ) ;
#1309 = EDGE_CURVE ( 'NONE', #1235, #1318, #741, .T. ) ;
#1310 = PRESENTATION_STYLE_ASSIGNMENT (( #1406 ) ) ;
#1311 = AXIS2_PLACEMENT_3D ( 'NONE', #1038, #312, #1829 ) ;
#1312 =( LENGTH_UNIT ( ) NAMED_UNIT ( * ) SI_UNIT ( .MILLI., .METRE. ) );
#1313 = CARTESIAN_POINT ( 'NONE',  ( 0.4000000000000000222, 1.230387509230777753E-16, -0.3300000000000000155 ) ) ;
#1314 = ORIENTED_EDGE ( 'NONE', *, *, #414, .T. ) ;
#1315 = CARTESIAN_POINT ( 'NONE',  ( 0.3500000000000000333, 0.7500000000000001110, -0.3300000000000000155 ) ) ;
#1316 = EDGE_CURVE ( 'NONE', #1761, #1249, #1191, .T. ) ;
#1317 = FILL_AREA_STYLE ('',( #847 ) ) ;
#1318 = VERTEX_POINT ( 'NONE', #1079 ) ;
#1319 = VERTEX_POINT ( 'NONE', #1091 ) ;
#1320 = SURFACE_STYLE_USAGE ( .BOTH. , #1468 ) ;
#1321 = EDGE_LOOP ( 'NONE', ( #1550, #1314, #1338, #1177 ) ) ;
#1322 = SURFACE_STYLE_FILL_AREA ( #1644 ) ;
#1323 = DIRECTION ( 'NONE',  ( -0.000000000000000000, 1.000000000000000000, 0.000000000000000000 ) ) ;
#1324 = CARTESIAN_POINT ( 'NONE',  ( 0.000000000000000000, -0.8869528882754701415, -0.3599999999999999867 ) ) ;
#1325 = FILL_AREA_STYLE ('',( #185 ) ) ;
#1326 = DIRECTION ( 'NONE',  ( -0.000000000000000000, 0.000000000000000000, -1.000000000000000000 ) ) ;
#1327 = ORIENTED_EDGE ( 'NONE', *, *, #1116, .T. ) ;
#1328 = FILL_AREA_STYLE_COLOUR ( '', #719 ) ;
#1329 = FACE_OUTER_BOUND ( 'NONE', #926, .T. ) ;
#1330 = EDGE_CURVE ( 'NONE', #1592, #688, #923, .T. ) ;
#1331 = DIRECTION ( 'NONE',  ( -0.000000000000000000, -0.000000000000000000, -1.000000000000000000 ) ) ;
#1332 = ADVANCED_FACE ( 'NONE', ( #359 ), #1548, .F. ) ;
#1333 = MECHANICAL_DESIGN_GEOMETRIC_PRESENTATION_REPRESENTATION (  '', ( #751 ), #1760 ) ;
#1334 = UNCERTAINTY_MEASURE_WITH_UNIT (LENGTH_MEASURE( 1.000000000000000082E-05 ), #1312, 'distance_accuracy_value', 'NONE');
#1335 = DIRECTION ( 'NONE',  ( 0.000000000000000000, -0.000000000000000000, -1.000000000000000000 ) ) ;
#1336 = DIRECTION ( 'NONE',  ( -0.000000000000000000, -0.000000000000000000, 1.000000000000000000 ) ) ;
#1337 = COLOUR_RGB ( '',0.8627450980392157298, 0.5882352941176470784, 0.06274509803921568540 ) ;
#1338 = ORIENTED_EDGE ( 'NONE', *, *, #819, .T. ) ;
#1339 =( GEOMETRIC_REPRESENTATION_CONTEXT ( 3 ) GLOBAL_UNCERTAINTY_ASSIGNED_CONTEXT ( ( #1366 ) ) GLOBAL_UNIT_ASSIGNED_CONTEXT ( ( #324, #334, #1251 ) ) REPRESENTATION_CONTEXT ( 'NONE', 'WORKASPACE' ) );
#1340 = COLOUR_RGB ( '',0.8627450980392157298, 0.5882352941176470784, 0.06274509803921568540 ) ;
#1341 = VECTOR ( 'NONE', #1636, 1000.000000000000000 ) ;
#1342 = CARTESIAN_POINT ( 'NONE',  ( 0.4000000000000000222, -0.8000000000000000444, -0.3300000000000000155 ) ) ;
#1343 = SURFACE_SIDE_STYLE ('',( #16 ) ) ;
#1344 = EDGE_CURVE ( 'NONE', #1354, #1734, #1892, .T. ) ;
#1345 = STYLED_ITEM ( 'NONE', ( #1310 ), #1757 ) ;
#1346 = PRODUCT_DEFINITION ( 'UNKNOWN', '', #1194, #1865 ) ;
#1347 = PRESENTATION_LAYER_ASSIGNMENT (  '', '', ( #1778 ) ) ;
#1348 = CARTESIAN_POINT ( 'NONE',  ( -0.2300000000000001488, -0.7500000000000000000, -0.3599999999999999867 ) ) ;
#1349 = CARTESIAN_POINT ( 'NONE',  ( -0.1531704738462740800, -0.8000000000000000444, -0.3599999999999999867 ) ) ;
#1350 = DIRECTION ( 'NONE',  ( 1.000000000000000000, -0.000000000000000000, 0.000000000000000000 ) ) ;
#1351 = UNCERTAINTY_MEASURE_WITH_UNIT (LENGTH_MEASURE( 1.000000000000000082E-05 ), #1064, 'distance_accuracy_value', 'NONE');
#1352 = FILL_AREA_STYLE_COLOUR ( '', #565 ) ;
#1353 = SURFACE_STYLE_USAGE ( .BOTH. , #1506 ) ;
#1354 = VERTEX_POINT ( 'NONE', #1872 ) ;
#1355 = DIRECTION ( 'NONE',  ( 1.000000000000000000, 9.035018104045870941E-16, 0.000000000000000000 ) ) ;
#1356 = SURFACE_STYLE_FILL_AREA ( #648 ) ;
#1357 = EDGE_CURVE ( 'NONE', #268, #1691, #1882, .T. ) ;
#1358 = CIRCLE ( 'NONE', #1685, 0.2412282899858889940 ) ;
#1359 = STYLED_ITEM ( 'NONE', ( #95 ), #1228 ) ;
#1360 = VECTOR ( 'NONE', #1299, 1000.000000000000000 ) ;
#1361 =( NAMED_UNIT ( * ) PLANE_ANGLE_UNIT ( ) SI_UNIT ( $, .RADIAN. ) );
#1362 = FILL_AREA_STYLE_COLOUR ( '', #650 ) ;
#1363 = PRESENTATION_LAYER_ASSIGNMENT (  '', '', ( #481 ) ) ;
#1364 = CARTESIAN_POINT ( 'NONE',  ( 0.4000000000000000222, -0.8000000000000000444, -0.2200000000000000011 ) ) ;
#1365 = PLANE ( 'NONE',  #1729 ) ;
#1366 = UNCERTAINTY_MEASURE_WITH_UNIT (LENGTH_MEASURE( 1.000000000000000082E-05 ), #324, 'distance_accuracy_value', 'NONE');
#1367 = VECTOR ( 'NONE', #1917, 1000.000000000000000 ) ;
#1368 = ORIENTED_EDGE ( 'NONE', *, *, #744, .T. ) ;
#1369 = VERTEX_POINT ( 'NONE', #1736 ) ;
#1370 = SURFACE_SIDE_STYLE ('',( #814 ) ) ;
#1371 = ORIENTED_EDGE ( 'NONE', *, *, #642, .F. ) ;
#1372 = SURFACE_STYLE_USAGE ( .BOTH. , #1379 ) ;
#1373 = VERTEX_POINT ( 'NONE', #702 ) ;
#1374 = EDGE_CURVE ( 'NONE', #437, #1558, #1574, .T. ) ;
#1375 = DIRECTION ( 'NONE',  ( -0.000000000000000000, -0.000000000000000000, 1.000000000000000000 ) ) ;
#1376 =( NAMED_UNIT ( * ) PLANE_ANGLE_UNIT ( ) SI_UNIT ( $, .RADIAN. ) );
#1377 = ORIENTED_EDGE ( 'NONE', *, *, #1028, .F. ) ;
#1378 = ORIENTED_EDGE ( 'NONE', *, *, #89, .F. ) ;
#1379 = SURFACE_SIDE_STYLE ('',( #794 ) ) ;
#1380 = EDGE_CURVE ( 'NONE', #583, #1413, #257, .T. ) ;
#1381 = ORIENTED_EDGE ( 'NONE', *, *, #1107, .T. ) ;
#1382 = CARTESIAN_POINT ( 'NONE',  ( -0.1000000000000000056, -3.332276267600729809E-18, -0.3599999999999999867 ) ) ;
#1383 =( NAMED_UNIT ( * ) SI_UNIT ( $, .STERADIAN. ) SOLID_ANGLE_UNIT ( ) );
#1384 = PLANE ( 'NONE',  #1888 ) ;
#1385 = LINE ( 'NONE', #1898, #1858 ) ;
#1386 = UNCERTAINTY_MEASURE_WITH_UNIT (LENGTH_MEASURE( 1.000000000000000082E-05 ), #177, 'distance_accuracy_value', 'NONE');
#1387 = ORIENTED_EDGE ( 'NONE', *, *, #1836, .F. ) ;
#1388 = MECHANICAL_DESIGN_GEOMETRIC_PRESENTATION_REPRESENTATION (  '', ( #840 ), #991 ) ;
#1389 =( GEOMETRIC_REPRESENTATION_CONTEXT ( 3 ) GLOBAL_UNCERTAINTY_ASSIGNED_CONTEXT ( ( #690 ) ) GLOBAL_UNIT_ASSIGNED_CONTEXT ( ( #939, #734, #1803 ) ) REPRESENTATION_CONTEXT ( 'NONE', 'WORKASPACE' ) );
#1390 = COLOUR_RGB ( '',0.8627450980392157298, 0.5882352941176470784, 0.06274509803921568540 ) ;
#1391 = COLOUR_RGB ( '',0.8627450980392157298, 0.5882352941176470784, 0.06274509803921568540 ) ;
#1392 = CARTESIAN_POINT ( 'NONE',  ( 0.3500000000000000333, 0.7500000000000001110, -0.3599999999999999312 ) ) ;
#1393 = ORIENTED_EDGE ( 'NONE', *, *, #117, .T. ) ;
#1394 = LINE ( 'NONE', #77, #625 ) ;
#1395 = MECHANICAL_DESIGN_GEOMETRIC_PRESENTATION_REPRESENTATION (  '', ( #1856 ), #1637 ) ;
#1396 = VECTOR ( 'NONE', #1430, 1000.000000000000000 ) ;
#1397 = ADVANCED_FACE ( 'NONE', ( #1422 ), #1113, .T. ) ;
#1398 = SURFACE_STYLE_FILL_AREA ( #512 ) ;
#1399 = VECTOR ( 'NONE', #1106, 1000.000000000000000 ) ;
#1400 = CARTESIAN_POINT ( 'NONE',  ( 0.4000000000000000222, 0.8000000000000000444, -0.2200000000000000011 ) ) ;
#1401 = SURFACE_STYLE_USAGE ( .BOTH. , #1911 ) ;
#1402 = PRESENTATION_STYLE_ASSIGNMENT (( #74 ) ) ;
#1403 = CYLINDRICAL_SURFACE ( 'NONE', #1286, 0.2676865585101230183 ) ;
#1404 = CARTESIAN_POINT ( 'NONE',  ( 0.000000000000000000, 0.5332625588037740449, 0.000000000000000000 ) ) ;
#1405 = EDGE_CURVE ( 'NONE', #909, #527, #1240, .T. ) ;
#1406 = SURFACE_STYLE_USAGE ( .BOTH. , #718 ) ;
#1407 = ORIENTED_EDGE ( 'NONE', *, *, #456, .F. ) ;
#1408 = ORIENTED_EDGE ( 'NONE', *, *, #507, .T. ) ;
#1409 = EDGE_CURVE ( 'NONE', #983, #1319, #1852, .T. ) ;
#1410 = CARTESIAN_POINT ( 'NONE',  ( -0.4000000000000000222, -0.1999999999999999833, -0.3300000000000000155 ) ) ;
#1411 = DIRECTION ( 'NONE',  ( -0.000000000000000000, -0.000000000000000000, 1.000000000000000000 ) ) ;
#1412 =( NAMED_UNIT ( * ) PLANE_ANGLE_UNIT ( ) SI_UNIT ( $, .RADIAN. ) );
#1413 = VERTEX_POINT ( 'NONE', #369 ) ;
#1414 =( NAMED_UNIT ( * ) PLANE_ANGLE_UNIT ( ) SI_UNIT ( $, .RADIAN. ) );
#1415 = DIRECTION ( 'NONE',  ( -1.000000000000000000, -0.000000000000000000, 0.000000000000000000 ) ) ;
#1416 = EDGE_LOOP ( 'NONE', ( #233, #1174, #1723, #1711, #1555, #1447, #802, #664 ) ) ;
#1417 = SURFACE_SIDE_STYLE ('',( #858 ) ) ;
#1418 = SURFACE_STYLE_FILL_AREA ( #984 ) ;
#1419 = CARTESIAN_POINT ( 'NONE',  ( 0.000000000000000000, 0.3499999999999999778, -0.3300000000000000155 ) ) ;
#1420 = ORIENTED_EDGE ( 'NONE', *, *, #317, .F. ) ;
#1421 = EDGE_CURVE ( 'NONE', #1781, #297, #54, .T. ) ;
#1422 = FACE_OUTER_BOUND ( 'NONE', #370, .T. ) ;
#1423 = VECTOR ( 'NONE', #793, 1000.000000000000000 ) ;
#1424 = ORIENTED_EDGE ( 'NONE', *, *, #1344, .F. ) ;
#1425 = AXIS2_PLACEMENT_3D ( 'NONE', #829, #1899, #1604 ) ;
#1426 = VECTOR ( 'NONE', #101, 1000.000000000000000 ) ;
#1427 = SURFACE_STYLE_USAGE ( .BOTH. , #107 ) ;
#1428 = AXIS2_PLACEMENT_3D ( 'NONE', #1364, #1218, #499 ) ;
#1429 =( GEOMETRIC_REPRESENTATION_CONTEXT ( 3 ) GLOBAL_UNCERTAINTY_ASSIGNED_CONTEXT ( ( #1051 ) ) GLOBAL_UNIT_ASSIGNED_CONTEXT ( ( #1238, #1068, #1665 ) ) REPRESENTATION_CONTEXT ( 'NONE', 'WORKASPACE' ) );
#1430 = DIRECTION ( 'NONE',  ( -0.000000000000000000, -0.000000000000000000, -1.000000000000000000 ) ) ;
#1431 = FACE_OUTER_BOUND ( 'NONE', #1086, .T. ) ;
#1432 = VECTOR ( 'NONE', #288, 1000.000000000000000 ) ;
#1433 = CARTESIAN_POINT ( 'NONE',  ( 0.3499999999999999778, -0.7500000000000000000, -0.3599999999999999867 ) ) ;
#1434 = ORIENTED_EDGE ( 'NONE', *, *, #1192, .T. ) ;
#1435 = CARTESIAN_POINT ( 'NONE',  ( -0.2401540889749760599, 0.8000000000000001554, -0.3300000000000000155 ) ) ;
#1436 = ORIENTED_EDGE ( 'NONE', *, *, #791, .F. ) ;
#1437 =( GEOMETRIC_REPRESENTATION_CONTEXT ( 3 ) GLOBAL_UNCERTAINTY_ASSIGNED_CONTEXT ( ( #1386 ) ) GLOBAL_UNIT_ASSIGNED_CONTEXT ( ( #177, #1822, #735 ) ) REPRESENTATION_CONTEXT ( 'NONE', 'WORKASPACE' ) );
#1438 = DIRECTION ( 'NONE',  ( 1.000000000000000000, -1.355252715606880049E-16, 0.000000000000000000 ) ) ;
#1439 = ORIENTED_EDGE ( 'NONE', *, *, #127, .F. ) ;
#1440 = LINE ( 'NONE', #569, #841 ) ;
#1441 = DIRECTION ( 'NONE',  ( 0.000000000000000000, -0.000000000000000000, 1.000000000000000000 ) ) ;
#1442 = LINE ( 'NONE', #1433, #1039 ) ;
#1443 = CARTESIAN_POINT ( 'NONE',  ( 0.1000000000000000056, -6.456461622496839826E-17, -0.3599999999999999867 ) ) ;
#1444 = EDGE_LOOP ( 'NONE', ( #278, #1087, #1167, #1569 ) ) ;
#1445 =( NAMED_UNIT ( * ) PLANE_ANGLE_UNIT ( ) SI_UNIT ( $, .RADIAN. ) );
#1446 = FILL_AREA_STYLE ('',( #1328 ) ) ;
#1447 = ORIENTED_EDGE ( 'NONE', *, *, #1374, .F. ) ;
#1448 = DIRECTION ( 'NONE',  ( 0.000000000000000000, 0.000000000000000000, -1.000000000000000000 ) ) ;
#1449 = EDGE_CURVE ( 'NONE', #406, #1934, #820, .T. ) ;
#1450 = UNCERTAINTY_MEASURE_WITH_UNIT (LENGTH_MEASURE( 1.000000000000000082E-05 ), #887, 'distance_accuracy_value', 'NONE');
#1451 = CARTESIAN_POINT ( 'NONE',  ( 0.3499999999999999778, -0.3499999999999999778, -0.3599999999999999867 ) ) ;
#1452 =( NAMED_UNIT ( * ) PLANE_ANGLE_UNIT ( ) SI_UNIT ( $, .RADIAN. ) );
#1453 = ORIENTED_EDGE ( 'NONE', *, *, #1040, .T. ) ;
#1454 = CARTESIAN_POINT ( 'NONE',  ( 0.1531704738462740800, -0.8000000000000000444, -0.3599999999999999867 ) ) ;
#1455 = LINE ( 'NONE', #1342, #1128 ) ;
#1456 = ORIENTED_EDGE ( 'NONE', *, *, #1176, .F. ) ;
#1457 = DIRECTION ( 'NONE',  ( -1.000000000000000000, 0.000000000000000000, 0.000000000000000000 ) ) ;
#1458 = VECTOR ( 'NONE', #1137, 1000.000000000000000 ) ;
#1459 = EDGE_CURVE ( 'NONE', #1164, #1160, #924, .T. ) ;
#1460 = COLOUR_RGB ( '',0.8627450980392157298, 0.5882352941176470784, 0.06274509803921568540 ) ;
#1461 = MECHANICAL_DESIGN_GEOMETRIC_PRESENTATION_REPRESENTATION (  '', ( #1799 ), #500 ) ;
#1462 = DIRECTION ( 'NONE',  ( 0.000000000000000000, -0.000000000000000000, 1.000000000000000000 ) ) ;
#1463 = VECTOR ( 'NONE', #1718, 1000.000000000000000 ) ;
#1464 = SURFACE_SIDE_STYLE ('',( #1019 ) ) ;
#1465 = DIRECTION ( 'NONE',  ( -1.000000000000000000, 0.000000000000000000, 0.000000000000000000 ) ) ;
#1466 = EDGE_LOOP ( 'NONE', ( #1230, #1627, #165, #680 ) ) ;
#1467 = ORIENTED_EDGE ( 'NONE', *, *, #1727, .F. ) ;
#1468 = SURFACE_SIDE_STYLE ('',( #5 ) ) ;
#1469 = VERTEX_POINT ( 'NONE', #306 ) ;
#1470 = CARTESIAN_POINT ( 'NONE',  ( 0.4000000000000000222, -0.8000000000000000444, -0.2200000000000000011 ) ) ;
#1471 = CARTESIAN_POINT ( 'NONE',  ( 0.3499999999999999778, 0.7500000000000000000, -0.3599999999999999867 ) ) ;
#1472 = CARTESIAN_POINT ( 'NONE',  ( -0.4000000000000000222, -0.5631483997465259739, -0.02738532771757019868 ) ) ;
#1473 = CARTESIAN_POINT ( 'NONE',  ( -0.4000000000000000222, 0.5631483997465261959, -0.02738532771757019174 ) ) ;
#1474 = EDGE_CURVE ( 'NONE', #1934, #6, #894, .T. ) ;
#1475 = EDGE_LOOP ( 'NONE', ( #1133, #933, #1792, #61, #1001, #102, #1266, #543, #205, #256 ) ) ;
#1476 = DIRECTION ( 'NONE',  ( 0.000000000000000000, 0.000000000000000000, 1.000000000000000000 ) ) ;
#1477 = DIRECTION ( 'NONE',  ( 0.000000000000000000, 0.000000000000000000, -1.000000000000000000 ) ) ;
#1478 = LINE ( 'NONE', #704, #1123 ) ;
#1479 = PRESENTATION_STYLE_ASSIGNMENT (( #906 ) ) ;
#1480 = DIRECTION ( 'NONE',  ( -0.000000000000000000, -0.000000000000000000, 1.000000000000000000 ) ) ;
#1481 = CARTESIAN_POINT ( 'NONE',  ( 0.1531704738462740800, -0.8000000000000000444, -0.3300000000000000155 ) ) ;
#1482 = FACE_OUTER_BOUND ( 'NONE', #1444, .T. ) ;
#1483 = DIRECTION ( 'NONE',  ( -1.000000000000000000, 0.000000000000000000, 0.000000000000000000 ) ) ;
#1484 = EDGE_CURVE ( 'NONE', #144, #12, #193, .T. ) ;
#1485 = FACE_OUTER_BOUND ( 'NONE', #287, .T. ) ;
#1486 = CYLINDRICAL_SURFACE ( 'NONE', #1501, 0.1761306300384420098 ) ;
#1487 = SURFACE_STYLE_USAGE ( .BOTH. , #1073 ) ;
#1488 = CARTESIAN_POINT ( 'NONE',  ( 0.3499999999999999778, -0.3499999999999999778, -0.3599999999999999867 ) ) ;
#1489 = VECTOR ( 'NONE', #156, 1000.000000000000000 ) ;
#1490 = DIRECTION ( 'NONE',  ( 1.000000000000000000, 0.000000000000000000, 0.000000000000000000 ) ) ;
#1491 = SURFACE_STYLE_USAGE ( .BOTH. , #908 ) ;
#1492 = PRESENTATION_LAYER_ASSIGNMENT (  '', '', ( #166 ) ) ;
#1493 = MANIFOLD_SOLID_BREP ( 'Split1[2]', #881 ) ;
#1494 = PRESENTATION_LAYER_ASSIGNMENT (  '', '', ( #419 ) ) ;
#1495 = VECTOR ( 'NONE', #731, 1000.000000000000000 ) ;
#1496 =( GEOMETRIC_REPRESENTATION_CONTEXT ( 3 ) GLOBAL_UNCERTAINTY_ASSIGNED_CONTEXT ( ( #1351 ) ) GLOBAL_UNIT_ASSIGNED_CONTEXT ( ( #1064, #588, #1509 ) ) REPRESENTATION_CONTEXT ( 'NONE', 'WORKASPACE' ) );
#1497 = VERTEX_POINT ( 'NONE', #1925 ) ;
#1498 = ORIENTED_EDGE ( 'NONE', *, *, #895, .F. ) ;
#1499 = SURFACE_STYLE_USAGE ( .BOTH. , #915 ) ;
#1500 = DIRECTION ( 'NONE',  ( 9.035018104045870941E-16, -1.000000000000000000, 0.000000000000000000 ) ) ;
#1501 = AXIS2_PLACEMENT_3D ( 'NONE', #739, #1477, #1047 ) ;
#1502 = CARTESIAN_POINT ( 'NONE',  ( 0.000000000000000000, 0.3499999999999999778, -0.3599999999999999867 ) ) ;
#1503 = FACE_OUTER_BOUND ( 'NONE', #1615, .T. ) ;
#1504 = SURFACE_STYLE_USAGE ( .BOTH. , #1208 ) ;
#1505 = MANIFOLD_SOLID_BREP ( 'Split1[4]', #446 ) ;
#1506 = SURFACE_SIDE_STYLE ('',( #337 ) ) ;
#1507 = MANIFOLD_SOLID_BREP ( 'Split1[3]', #1686 ) ;
#1508 = DIRECTION ( 'NONE',  ( 0.000000000000000000, 0.000000000000000000, -1.000000000000000000 ) ) ;
#1509 =( NAMED_UNIT ( * ) SI_UNIT ( $, .STERADIAN. ) SOLID_ANGLE_UNIT ( ) );
#1510 = EDGE_CURVE ( 'NONE', #437, #1319, #572, .T. ) ;
#1511 = CARTESIAN_POINT ( 'NONE',  ( 0.3499999999999999778, 0.3499999999999999778, -0.3300000000000000155 ) ) ;
#1512 = EDGE_CURVE ( 'NONE', #952, #437, #838, .T. ) ;
#1513 = DIRECTION ( 'NONE',  ( 1.000000000000000000, -1.355252715606880049E-16, 0.000000000000000000 ) ) ;
#1514 = PRESENTATION_STYLE_ASSIGNMENT (( #1487 ) ) ;
#1515 =( LENGTH_UNIT ( ) NAMED_UNIT ( * ) SI_UNIT ( .MILLI., .METRE. ) );
#1516 = DIRECTION ( 'NONE',  ( -0.000000000000000000, 1.000000000000000000, 0.000000000000000000 ) ) ;
#1517 = DIRECTION ( 'NONE',  ( -1.000000000000000000, -0.000000000000000000, -0.000000000000000000 ) ) ;
#1518 = STYLED_ITEM ( 'NONE', ( #1134 ), #56 ) ;
#1519 = VECTOR ( 'NONE', #261, 1000.000000000000000 ) ;
#1520 = CIRCLE ( 'NONE', #995, 0.03000000000000000236 ) ;
#1521 = VERTEX_POINT ( 'NONE', #105 ) ;
#1522 = VECTOR ( 'NONE', #1647, 1000.000000000000000 ) ;
#1523 = CARTESIAN_POINT ( 'NONE',  ( -0.4000000000000000222, -0.5332625588037740449, 0.000000000000000000 ) ) ;
#1524 = COLOUR_RGB ( '',0.8627450980392157298, 0.5882352941176470784, 0.06274509803921568540 ) ;
#1525 = PLANE ( 'NONE',  #208 ) ;
#1526 = ORIENTED_EDGE ( 'NONE', *, *, #1255, .T. ) ;
#1527 = SURFACE_SIDE_STYLE ('',( #1261 ) ) ;
#1528 = DIRECTION ( 'NONE',  ( -1.355252715606880049E-16, -1.000000000000000000, 0.000000000000000000 ) ) ;
#1529 = UNCERTAINTY_MEASURE_WITH_UNIT (LENGTH_MEASURE( 1.000000000000000082E-05 ), #1292, 'distance_accuracy_value', 'NONE');
#1530 = VECTOR ( 'NONE', #343, 1000.000000000000000 ) ;
#1531 = EDGE_CURVE ( 'NONE', #1249, #518, #421, .T. ) ;
#1532 = DIRECTION ( 'NONE',  ( -0.000000000000000000, -0.000000000000000000, 1.000000000000000000 ) ) ;
#1533 = VERTEX_POINT ( 'NONE', #1159 ) ;
#1534 = EDGE_LOOP ( 'NONE', ( #470, #234, #783, #1859 ) ) ;
#1535 = LINE ( 'NONE', #635, #265 ) ;
#1536 = DIRECTION ( 'NONE',  ( -0.000000000000000000, 0.000000000000000000, -1.000000000000000000 ) ) ;
#1537 = EDGE_CURVE ( 'NONE', #1294, #1734, #1894, .T. ) ;
#1538 = SURFACE_SIDE_STYLE ('',( #1706 ) ) ;
#1539 = EDGE_LOOP ( 'NONE', ( #75, #1624, #1287, #711 ) ) ;
#1540 = FACE_OUTER_BOUND ( 'NONE', #1583, .T. ) ;
#1541 = CARTESIAN_POINT ( 'NONE',  ( 0.000000000000000000, -6.456461622496839826E-17, -0.3599999999999999867 ) ) ;
#1542 = DIRECTION ( 'NONE',  ( -0.000000000000000000, 0.000000000000000000, -1.000000000000000000 ) ) ;
#1543 = DIRECTION ( 'NONE',  ( 0.000000000000000000, -0.08715574274766070551, 0.9961946980917453232 ) ) ;
#1544 = ORIENTED_EDGE ( 'NONE', *, *, #1075, .F. ) ;
#1545 = EDGE_CURVE ( 'NONE', #406, #987, #811, .T. ) ;
#1546 = ORIENTED_EDGE ( 'NONE', *, *, #1474, .T. ) ;
#1547 =( NAMED_UNIT ( * ) PLANE_ANGLE_UNIT ( ) SI_UNIT ( $, .RADIAN. ) );
#1548 = PLANE ( 'NONE',  #532 ) ;
#1549 =( NAMED_UNIT ( * ) SI_UNIT ( $, .STERADIAN. ) SOLID_ANGLE_UNIT ( ) );
#1550 = ORIENTED_EDGE ( 'NONE', *, *, #1545, .T. ) ;
#1551 =( NAMED_UNIT ( * ) PLANE_ANGLE_UNIT ( ) SI_UNIT ( $, .RADIAN. ) );
#1552 = CARTESIAN_POINT ( 'NONE',  ( 0.000000000000000000, -0.2000000000000000111, -0.3599999999999999867 ) ) ;
#1553 = COLOUR_RGB ( '',0.8627450980392157298, 0.5882352941176470784, 0.06274509803921568540 ) ;
#1554 = CARTESIAN_POINT ( 'NONE',  ( -0.3499999999999999778, 0.000000000000000000, -0.3300000000000000155 ) ) ;
#1555 = ORIENTED_EDGE ( 'NONE', *, *, #491, .F. ) ;
#1556 = AXIS2_PLACEMENT_3D ( 'NONE', #1710, #1241, #1853 ) ;
#1557 = DIRECTION ( 'NONE',  ( -0.000000000000000000, -0.000000000000000000, 1.000000000000000000 ) ) ;
#1558 = VERTEX_POINT ( 'NONE', #1313 ) ;
#1559 = VECTOR ( 'NONE', #1812, 1000.000000000000000 ) ;
#1560 = ORIENTED_EDGE ( 'NONE', *, *, #1827, .F. ) ;
#1561 =( GEOMETRIC_REPRESENTATION_CONTEXT ( 3 ) GLOBAL_UNCERTAINTY_ASSIGNED_CONTEXT ( ( #1908 ) ) GLOBAL_UNIT_ASSIGNED_CONTEXT ( ( #492, #222, #486 ) ) REPRESENTATION_CONTEXT ( 'NONE', 'WORKASPACE' ) );
#1562 = PRESENTATION_LAYER_ASSIGNMENT (  '', '', ( #506 ) ) ;
#1563 = CARTESIAN_POINT ( 'NONE',  ( -0.4000000000000000222, 0.5332625588037740449, -0.03000000000000000236 ) ) ;
#1564 = CARTESIAN_POINT ( 'NONE',  ( 0.000000000000000000, -0.8869528882754701415, -0.3599999999999999867 ) ) ;
#1565 = VECTOR ( 'NONE', #124, 1000.000000000000000 ) ;
#1566 = CARTESIAN_POINT ( 'NONE',  ( -0.2300000000000001210, 0.7500000000000000000, -0.3599999999999999867 ) ) ;
#1567 = PLANE ( 'NONE',  #1930 ) ;
#1568 = STYLED_ITEM ( 'NONE', ( #1666 ), #1816 ) ;
#1569 = ORIENTED_EDGE ( 'NONE', *, *, #1052, .T. ) ;
#1570 = DIRECTION ( 'NONE',  ( 0.000000000000000000, 0.000000000000000000, -1.000000000000000000 ) ) ;
#1571 = ORIENTED_EDGE ( 'NONE', *, *, #1357, .T. ) ;
#1572 = ORIENTED_EDGE ( 'NONE', *, *, #1302, .T. ) ;
#1573 = DIRECTION ( 'NONE',  ( 0.000000000000000000, 0.000000000000000000, -1.000000000000000000 ) ) ;
#1574 = LINE ( 'NONE', #399, #1926 ) ;
#1575 = ORIENTED_EDGE ( 'NONE', *, *, #507, .F. ) ;
#1576 = LINE ( 'NONE', #1400, #1305 ) ;
#1577 = ADVANCED_FACE ( 'NONE', ( #1329 ), #1486, .F. ) ;
#1578 = ORIENTED_EDGE ( 'NONE', *, *, #461, .T. ) ;
#1579 = CARTESIAN_POINT ( 'NONE',  ( 0.4000000000000000222, -0.1999999999999999833, -0.3300000000000000155 ) ) ;
#1580 = EDGE_CURVE ( 'NONE', #833, #1533, #585, .T. ) ;
#1581 = DIRECTION ( 'NONE',  ( 1.000000000000000000, 0.000000000000000000, -0.000000000000000000 ) ) ;
#1582 = VERTEX_POINT ( 'NONE', #431 ) ;
#1583 = EDGE_LOOP ( 'NONE', ( #978, #1903, #155, #1575 ) ) ;
#1584 = DIRECTION ( 'NONE',  ( 1.000000000000000000, 0.000000000000000000, -0.000000000000000000 ) ) ;
#1585 = FILL_AREA_STYLE_COLOUR ( '', #966 ) ;
#1586 = LINE ( 'NONE', #1552, #131 ) ;
#1587 = CARTESIAN_POINT ( 'NONE',  ( 0.000000000000000000, -0.8869528882754701415, -0.3599999999999999867 ) ) ;
#1588 = EDGE_CURVE ( 'NONE', #1115, #952, #146, .T. ) ;
#1589 = LINE ( 'NONE', #262, #1922 ) ;
#1590 = DIRECTION ( 'NONE',  ( 0.000000000000000000, -0.000000000000000000, 1.000000000000000000 ) ) ;
#1591 = UNCERTAINTY_MEASURE_WITH_UNIT (LENGTH_MEASURE( 1.000000000000000082E-05 ), #415, 'distance_accuracy_value', 'NONE');
#1592 = VERTEX_POINT ( 'NONE', #752 ) ;
#1593 = DIRECTION ( 'NONE',  ( -1.355252715606880049E-16, -1.000000000000000000, 0.000000000000000000 ) ) ;
#1594 = ORIENTED_EDGE ( 'NONE', *, *, #67, .F. ) ;
#1595 = COLOUR_RGB ( '',0.000000000000000000, 0.5019607843137254832, 0.000000000000000000 ) ;
#1596 = FILL_AREA_STYLE ('',( #422 ) ) ;
#1597 = PRESENTATION_LAYER_ASSIGNMENT (  '', '', ( #1823 ) ) ;
#1598 = CIRCLE ( 'NONE', #687, 0.2412282899858889940 ) ;
#1599 =( NAMED_UNIT ( * ) SI_UNIT ( $, .STERADIAN. ) SOLID_ANGLE_UNIT ( ) );
#1600 = SURFACE_STYLE_USAGE ( .BOTH. , #1838 ) ;
#1601 = VECTOR ( 'NONE', #1831, 1000.000000000000000 ) ;
#1602 = UNCERTAINTY_MEASURE_WITH_UNIT (LENGTH_MEASURE( 1.000000000000000082E-05 ), #251, 'distance_accuracy_value', 'NONE');
#1603 = COLOUR_RGB ( '',1.000000000000000000, 1.000000000000000000, 1.000000000000000000 ) ;
#1604 = DIRECTION ( 'NONE',  ( -1.000000000000000000, 0.000000000000000000, 0.000000000000000000 ) ) ;
#1605 = CARTESIAN_POINT ( 'NONE',  ( 0.1531704738462740245, -0.8000000000000000444, -0.2200000000000000011 ) ) ;
#1606 = DIRECTION ( 'NONE',  ( -1.000000000000000000, -0.000000000000000000, 0.000000000000000000 ) ) ;
#1607 = ORIENTED_EDGE ( 'NONE', *, *, #1531, .T. ) ;
#1608 = VERTEX_POINT ( 'NONE', #13 ) ;
#1609 = CARTESIAN_POINT ( 'NONE',  ( -0.3499999999999998113, -0.7500000000000000000, -0.3599999999999999867 ) ) ;
#1610 =( GEOMETRIC_REPRESENTATION_CONTEXT ( 3 ) GLOBAL_UNCERTAINTY_ASSIGNED_CONTEXT ( ( #342 ) ) GLOBAL_UNIT_ASSIGNED_CONTEXT ( ( #76, #1412, #526 ) ) REPRESENTATION_CONTEXT ( 'NONE', 'WORKASPACE' ) );
#1611 = ORIENTED_EDGE ( 'NONE', *, *, #1449, .F. ) ;
#1612 = CARTESIAN_POINT ( 'NONE',  ( -0.1000000000000000056, 7.005862732063319452E-17, -0.3599999999999999312 ) ) ;
#1613 = DIRECTION ( 'NONE',  ( -1.000000000000000000, 0.000000000000000000, -0.000000000000000000 ) ) ;
#1614 = CARTESIAN_POINT ( 'NONE',  ( 0.000000000000000000, 0.000000000000000000, -0.2200000000000000011 ) ) ;
#1615 = EDGE_LOOP ( 'NONE', ( #1265, #1873, #1702, #416, #1044, #163, #1467, #221, #1895, #239 ) ) ;
#1616 = CARTESIAN_POINT ( 'NONE',  ( 0.4000000000000000222, -0.8000000000000000444, -0.3300000000000000155 ) ) ;
#1617 = FILL_AREA_STYLE ('',( #1808 ) ) ;
#1618 = EDGE_CURVE ( 'NONE', #1158, #792, #1455, .T. ) ;
#1619 = VERTEX_POINT ( 'NONE', #439 ) ;
#1620 = CYLINDRICAL_SURFACE ( 'NONE', #884, 0.2412282899858889940 ) ;
#1621 = LINE ( 'NONE', #175, #420 ) ;
#1622 =( NAMED_UNIT ( * ) SI_UNIT ( $, .STERADIAN. ) SOLID_ANGLE_UNIT ( ) );
#1623 = DIRECTION ( 'NONE',  ( -0.000000000000000000, 1.000000000000000000, 0.000000000000000000 ) ) ;
#1624 = ORIENTED_EDGE ( 'NONE', *, *, #461, .F. ) ;
#1625 = ORIENTED_EDGE ( 'NONE', *, *, #167, .F. ) ;
#1626 = CARTESIAN_POINT ( 'NONE',  ( -0.3499999999999999778, -0.3499999999999999778, -0.3300000000000000155 ) ) ;
#1627 = ORIENTED_EDGE ( 'NONE', *, *, #1474, .F. ) ;
#1628 = ORIENTED_EDGE ( 'NONE', *, *, #1580, .T. ) ;
#1629 = CARTESIAN_POINT ( 'NONE',  ( 0.1000000000000000056, -6.456461622496839826E-17, -0.3300000000000000155 ) ) ;
#1630 = VECTOR ( 'NONE', #1704, 1000.000000000000000 ) ;
#1631 =( GEOMETRIC_REPRESENTATION_CONTEXT ( 3 ) GLOBAL_UNCERTAINTY_ASSIGNED_CONTEXT ( ( #82 ) ) GLOBAL_UNIT_ASSIGNED_CONTEXT ( ( #857, #1269, #1149 ) ) REPRESENTATION_CONTEXT ( 'NONE', 'WORKASPACE' ) );
#1632 = CLOSED_SHELL ( 'NONE', ( #320, #32, #1840, #1801, #1914, #56, #1835, #1700, #898, #1014 ) ) ;
#1633 = EDGE_CURVE ( 'NONE', #676, #703, #1022, .T. ) ;
#1634 = CARTESIAN_POINT ( 'NONE',  ( 0.3499999999999999778, 0.000000000000000000, -0.3300000000000000155 ) ) ;
#1635 = CARTESIAN_POINT ( 'NONE',  ( -0.2300000000000000933, 0.7499999999999998890, -0.3599999999999999867 ) ) ;
#1636 = DIRECTION ( 'NONE',  ( -0.000000000000000000, -1.000000000000000000, -0.000000000000000000 ) ) ;
#1637 =( GEOMETRIC_REPRESENTATION_CONTEXT ( 3 ) GLOBAL_UNCERTAINTY_ASSIGNED_CONTEXT ( ( #788 ) ) GLOBAL_UNIT_ASSIGNED_CONTEXT ( ( #1515, #796, #1383 ) ) REPRESENTATION_CONTEXT ( 'NONE', 'WORKASPACE' ) );
#1638 = COLOUR_RGB ( '',0.8627450980392157298, 0.5882352941176470784, 0.06274509803921568540 ) ;
#1639 = CARTESIAN_POINT ( 'NONE',  ( -0.4000000000000000222, -0.8000000000000000444, -0.3300000000000000155 ) ) ;
#1640 =( GEOMETRIC_REPRESENTATION_CONTEXT ( 3 ) GLOBAL_UNCERTAINTY_ASSIGNED_CONTEXT ( ( #1239 ) ) GLOBAL_UNIT_ASSIGNED_CONTEXT ( ( #1846, #862, #400 ) ) REPRESENTATION_CONTEXT ( 'NONE', 'WORKASPACE' ) );
#1641 =( LENGTH_UNIT ( ) NAMED_UNIT ( * ) SI_UNIT ( .MILLI., .METRE. ) );
#1642 = ORIENTED_EDGE ( 'NONE', *, *, #1738, .T. ) ;
#1643 = LINE ( 'NONE', #1748, #1667 ) ;
#1644 = FILL_AREA_STYLE ('',( #1214 ) ) ;
#1645 = DIRECTION ( 'NONE',  ( -1.000000000000000000, 0.000000000000000000, -0.000000000000000000 ) ) ;
#1646 = EDGE_CURVE ( 'NONE', #84, #1115, #157, .T. ) ;
#1647 = DIRECTION ( 'NONE',  ( 0.000000000000000000, -0.000000000000000000, -1.000000000000000000 ) ) ;
#1648 = FILL_AREA_STYLE ('',( #473 ) ) ;
#1649 = SURFACE_SIDE_STYLE ('',( #1805 ) ) ;
#1650 = LINE ( 'NONE', #462, #1530 ) ;
#1651 = ORIENTED_EDGE ( 'NONE', *, *, #456, .T. ) ;
#1652 = DIRECTION ( 'NONE',  ( -0.000000000000000000, 1.000000000000000000, 0.000000000000000000 ) ) ;
#1653 = CARTESIAN_POINT ( 'NONE',  ( -0.4000000000000000222, -0.5631483997465261959, -0.02738532771757018480 ) ) ;
#1654 = DIRECTION ( 'NONE',  ( 0.000000000000000000, -0.000000000000000000, 1.000000000000000000 ) ) ;
#1655 = FILL_AREA_STYLE ('',( #1181 ) ) ;
#1656 = FILL_AREA_STYLE ('',( #1030 ) ) ;
#1657 = ORIENTED_EDGE ( 'NONE', *, *, #1727, .T. ) ;
#1658 = FILL_AREA_STYLE ('',( #1225 ) ) ;
#1659 = PLANE ( 'NONE',  #1059 ) ;
#1660 = SURFACE_STYLE_USAGE ( .BOTH. , #1343 ) ;
#1661 = CARTESIAN_POINT ( 'NONE',  ( 0.1000000000000000056, 0.2000000000000000111, -0.3599999999999999867 ) ) ;
#1662 = AXIS2_PLACEMENT_3D ( 'NONE', #197, #613, #616 ) ;
#1663 = CARTESIAN_POINT ( 'NONE',  ( -0.1531704738462740800, -0.8000000000000000444, -0.3300000000000000155 ) ) ;
#1664 = CIRCLE ( 'NONE', #594, 0.03000000000000000236 ) ;
#1665 =( NAMED_UNIT ( * ) SI_UNIT ( $, .STERADIAN. ) SOLID_ANGLE_UNIT ( ) );
#1666 = PRESENTATION_STYLE_ASSIGNMENT (( #1504 ) ) ;
#1667 = VECTOR ( 'NONE', #1168, 1000.000000000000227 ) ;
#1668 = VECTOR ( 'NONE', #861, 1000.000000000000000 ) ;
#1669 = EDGE_CURVE ( 'NONE', #1781, #1249, #905, .T. ) ;
#1670 = CARTESIAN_POINT ( 'NONE',  ( 0.4000000000000000222, 0.8000000000000000444, -0.2200000000000000011 ) ) ;
#1671 = SURFACE_SIDE_STYLE ('',( #1322 ) ) ;
#1672 =( GEOMETRIC_REPRESENTATION_CONTEXT ( 3 ) GLOBAL_UNCERTAINTY_ASSIGNED_CONTEXT ( ( #716 ) ) GLOBAL_UNIT_ASSIGNED_CONTEXT ( ( #1641, #1173, #266 ) ) REPRESENTATION_CONTEXT ( 'NONE', 'WORKASPACE' ) );
#1673 = DIRECTION ( 'NONE',  ( 1.000000000000000000, 0.000000000000000000, -0.000000000000000000 ) ) ;
#1674 = CARTESIAN_POINT ( 'NONE',  ( -0.1000000000000000056, 0.2000000000000000111, -0.3300000000000000155 ) ) ;
#1675 = PLANE ( 'NONE',  #1662 ) ;
#1676 = ORIENTED_EDGE ( 'NONE', *, *, #914, .T. ) ;
#1677 = CARTESIAN_POINT ( 'NONE',  ( 0.4000000000000000222, 1.230387509230777753E-16, -0.3599999999999999312 ) ) ;
#1678 = ORIENTED_EDGE ( 'NONE', *, *, #631, .F. ) ;
#1679 = LINE ( 'NONE', #1810, #805 ) ;
#1680 = LINE ( 'NONE', #807, #777 ) ;
#1681 = CARTESIAN_POINT ( 'NONE',  ( -0.4000000000000000222, -0.8000000000000000444, -0.3300000000000000155 ) ) ;
#1682 = PLANE ( 'NONE',  #303 ) ;
#1683 = SURFACE_STYLE_USAGE ( .BOTH. , #787 ) ;
#1684 = ADVANCED_FACE ( 'NONE', ( #1776 ), #870, .T. ) ;
#1685 = AXIS2_PLACEMENT_3D ( 'NONE', #910, #614, #1483 ) ;
#1686 = CLOSED_SHELL ( 'NONE', ( #304, #1909, #1397, #1058, #1816, #1170, #757, #1228, #856, #264, #563, #1577 ) ) ;
#1687 = VECTOR ( 'NONE', #1480, 1000.000000000000000 ) ;
#1688 =( GEOMETRIC_REPRESENTATION_CONTEXT ( 3 ) GLOBAL_UNCERTAINTY_ASSIGNED_CONTEXT ( ( #73 ) ) GLOBAL_UNIT_ASSIGNED_CONTEXT ( ( #831, #1031, #459 ) ) REPRESENTATION_CONTEXT ( 'NONE', 'WORKASPACE' ) );
#1689 = LINE ( 'NONE', #358, #539 ) ;
#1690 = VERTEX_POINT ( 'NONE', #1741 ) ;
#1691 = VERTEX_POINT ( 'NONE', #996 ) ;
#1692 =( LENGTH_UNIT ( ) NAMED_UNIT ( * ) SI_UNIT ( .MILLI., .METRE. ) );
#1693 = ORIENTED_EDGE ( 'NONE', *, *, #1881, .F. ) ;
#1694 = SURFACE_STYLE_USAGE ( .BOTH. , #538 ) ;
#1695 = AXIS2_PLACEMENT_3D ( 'NONE', #1324, #1336, #152 ) ;
#1696 = DIRECTION ( 'NONE',  ( -0.000000000000000000, -1.000000000000000000, -0.000000000000000000 ) ) ;
#1697 = CARTESIAN_POINT ( 'NONE',  ( 0.2401540889749760599, 0.8000000000000001554, -0.3599999999999999867 ) ) ;
#1698 = SURFACE_STYLE_USAGE ( .BOTH. , #59 ) ;
#1699 = UNCERTAINTY_MEASURE_WITH_UNIT (LENGTH_MEASURE( 1.000000000000000082E-05 ), #591, 'distance_accuracy_value', 'NONE');
#1700 = ADVANCED_FACE ( 'NONE', ( #1136 ), #1304, .F. ) ;
#1701 = COLOUR_RGB ( '',0.000000000000000000, 0.5019607843137254832, 0.000000000000000000 ) ;
#1702 = ORIENTED_EDGE ( 'NONE', *, *, #451, .F. ) ;
#1703 = ORIENTED_EDGE ( 'NONE', *, *, #1176, .T. ) ;
#1704 = DIRECTION ( 'NONE',  ( 1.000000000000000000, -1.355252715606880049E-16, 0.000000000000000000 ) ) ;
#1705 = VERTEX_POINT ( 'NONE', #556 ) ;
#1706 = SURFACE_STYLE_FILL_AREA ( #64 ) ;
#1707 = PRESENTATION_STYLE_ASSIGNMENT (( #1103 ) ) ;
#1708 = FILL_AREA_STYLE ('',( #66 ) ) ;
#1709 = CARTESIAN_POINT ( 'NONE',  ( 0.4000000000000000222, 0.8000000000000000444, -0.2200000000000000011 ) ) ;
#1710 = CARTESIAN_POINT ( 'NONE',  ( -0.3499999999999999778, -0.3499999999999999778, -0.3599999999999999867 ) ) ;
#1711 = ORIENTED_EDGE ( 'NONE', *, *, #388, .T. ) ;
#1712 = ORIENTED_EDGE ( 'NONE', *, *, #81, .T. ) ;
#1713 = DIRECTION ( 'NONE',  ( 0.000000000000000000, 0.000000000000000000, -1.000000000000000000 ) ) ;
#1714 = SURFACE_STYLE_USAGE ( .BOTH. , #1538 ) ;
#1715 = SURFACE_STYLE_FILL_AREA ( #646 ) ;
#1716 = FILL_AREA_STYLE ('',( #865 ) ) ;
#1717 = FILL_AREA_STYLE_COLOUR ( '', #1097 ) ;
#1718 = DIRECTION ( 'NONE',  ( -0.000000000000000000, 0.000000000000000000, 1.000000000000000000 ) ) ;
#1719 = DIRECTION ( 'NONE',  ( -1.000000000000000000, 0.000000000000000000, 0.000000000000000000 ) ) ;
#1720 = MECHANICAL_DESIGN_GEOMETRIC_PRESENTATION_REPRESENTATION (  '', ( #911 ), #1820 ) ;
#1721 = ORIENTED_EDGE ( 'NONE', *, *, #1877, .T. ) ;
#1722 = SURFACE_SIDE_STYLE ('',( #523 ) ) ;
#1723 = ORIENTED_EDGE ( 'NONE', *, *, #35, .F. ) ;
#1724 = PRESENTATION_LAYER_ASSIGNMENT (  '', '', ( #1359 ) ) ;
#1725 = SURFACE_STYLE_USAGE ( .BOTH. , #1283 ) ;
#1726 =( GEOMETRIC_REPRESENTATION_CONTEXT ( 3 ) GLOBAL_UNCERTAINTY_ASSIGNED_CONTEXT ( ( #1157 ) ) GLOBAL_UNIT_ASSIGNED_CONTEXT ( ( #273, #290, #730 ) ) REPRESENTATION_CONTEXT ( 'NONE', 'WORKASPACE' ) );
#1727 = EDGE_CURVE ( 'NONE', #1619, #268, #1783, .T. ) ;
#1728 = VERTEX_POINT ( 'NONE', #435 ) ;
#1729 = AXIS2_PLACEMENT_3D ( 'NONE', #176, #1206, #764 ) ;
#1730 = VECTOR ( 'NONE', #51, 1000.000000000000000 ) ;
#1731 = EDGE_CURVE ( 'NONE', #703, #84, #1770, .T. ) ;
#1732 = ORIENTED_EDGE ( 'NONE', *, *, #988, .T. ) ;
#1733 = CARTESIAN_POINT ( 'NONE',  ( -0.2300000000000000100, -0.7500000000000000000, -0.3599999999999999867 ) ) ;
#1734 = VERTEX_POINT ( 'NONE', #533 ) ;
#1735 = ORIENTED_EDGE ( 'NONE', *, *, #1084, .T. ) ;
#1736 = CARTESIAN_POINT ( 'NONE',  ( -0.2401540889749760599, 0.8000000000000001554, -0.3300000000000000155 ) ) ;
#1737 = ORIENTED_EDGE ( 'NONE', *, *, #1669, .T. ) ;
#1738 = EDGE_CURVE ( 'NONE', #1373, #909, #1442, .T. ) ;
#1739 = FACE_OUTER_BOUND ( 'NONE', #413, .T. ) ;
#1740 = DIRECTION ( 'NONE',  ( -0.000000000000000000, -0.000000000000000000, -1.000000000000000000 ) ) ;
#1741 = CARTESIAN_POINT ( 'NONE',  ( 0.2401540889749760599, 0.8000000000000001554, -0.3300000000000000155 ) ) ;
#1742 = SURFACE_STYLE_USAGE ( .BOTH. , #1464 ) ;
#1743 = SURFACE_STYLE_USAGE ( .BOTH. , #231 ) ;
#1744 = FACE_OUTER_BOUND ( 'NONE', #1416, .T. ) ;
#1745 = ORIENTED_EDGE ( 'NONE', *, *, #429, .T. ) ;
#1746 = FILL_AREA_STYLE_COLOUR ( '', #232 ) ;
#1747 = VERTEX_POINT ( 'NONE', #276 ) ;
#1748 = CARTESIAN_POINT ( 'NONE',  ( 0.4000000000000000222, -0.5799999999999999600, -0.2200000000000000011 ) ) ;
#1749 =( NAMED_UNIT ( * ) PLANE_ANGLE_UNIT ( ) SI_UNIT ( $, .RADIAN. ) );
#1750 = EDGE_CURVE ( 'NONE', #147, #1728, #1270, .T. ) ;
#1751 = DIRECTION ( 'NONE',  ( 0.000000000000000000, 0.000000000000000000, -1.000000000000000000 ) ) ;
#1752 = CARTESIAN_POINT ( 'NONE',  ( 0.000000000000000000, 2.168404344971010347E-16, -0.3300000000000000155 ) ) ;
#1753 = FACE_OUTER_BOUND ( 'NONE', #125, .T. ) ;
#1754 = CARTESIAN_POINT ( 'NONE',  ( 0.1000000000000000056, 0.2000000000000000111, -0.3300000000000000155 ) ) ;
#1755 = EDGE_LOOP ( 'NONE', ( #964, #213, #1424, #1712 ) ) ;
#1756 = ORIENTED_EDGE ( 'NONE', *, *, #469, .F. ) ;
#1757 = ADVANCED_FACE ( 'NONE', ( #126 ), #1567, .T. ) ;
#1758 = CARTESIAN_POINT ( 'NONE',  ( 0.000000000000000000, 0.8227398645140071576, -0.3599999999999999867 ) ) ;
#1759 = CARTESIAN_POINT ( 'NONE',  ( 0.1000000000000000056, -6.456461622496839826E-17, -0.3599999999999999867 ) ) ;
#1760 =( GEOMETRIC_REPRESENTATION_CONTEXT ( 3 ) GLOBAL_UNCERTAINTY_ASSIGNED_CONTEXT ( ( #949 ) ) GLOBAL_UNIT_ASSIGNED_CONTEXT ( ( #1692, #1547, #63 ) ) REPRESENTATION_CONTEXT ( 'NONE', 'WORKASPACE' ) );
#1761 = VERTEX_POINT ( 'NONE', #1791 ) ;
#1762 = DIRECTION ( 'NONE',  ( 0.000000000000000000, 0.000000000000000000, -1.000000000000000000 ) ) ;
#1763 = VECTOR ( 'NONE', #88, 1000.000000000000000 ) ;
#1764 = DIRECTION ( 'NONE',  ( 1.000000000000000000, -1.355252715606880049E-16, 0.000000000000000000 ) ) ;
#1765 = PRESENTATION_STYLE_ASSIGNMENT (( #1600 ) ) ;
#1766 = STYLED_ITEM ( 'NONE', ( #1247 ), #1332 ) ;
#1767 = MECHANICAL_DESIGN_GEOMETRIC_PRESENTATION_REPRESENTATION (  '', ( #506 ), #1496 ) ;
#1768 = DIRECTION ( 'NONE',  ( -0.000000000000000000, 0.000000000000000000, -1.000000000000000000 ) ) ;
#1769 = VECTOR ( 'NONE', #1606, 1000.000000000000000 ) ;
#1770 = LINE ( 'NONE', #1752, #78 ) ;
#1771 = EDGE_CURVE ( 'NONE', #495, #1294, #1056, .T. ) ;
#1772 = DIRECTION ( 'NONE',  ( -0.000000000000000000, 0.000000000000000000, -1.000000000000000000 ) ) ;
#1773 = ORIENTED_EDGE ( 'NONE', *, *, #479, .T. ) ;
#1774 = EDGE_LOOP ( 'NONE', ( #1693, #267, #947, #374 ) ) ;
#1775 = LINE ( 'NONE', #296, #1489 ) ;
#1776 = FACE_OUTER_BOUND ( 'NONE', #1755, .T. ) ;
#1777 = DIRECTION ( 'NONE',  ( 0.000000000000000000, 0.000000000000000000, 1.000000000000000000 ) ) ;
#1778 = STYLED_ITEM ( 'NONE', ( #1221 ), #1909 ) ;
#1779 = VERTEX_POINT ( 'NONE', #1473 ) ;
#1780 = LINE ( 'NONE', #119, #1360 ) ;
#1781 = VERTEX_POINT ( 'NONE', #749 ) ;
#1782 = CARTESIAN_POINT ( 'NONE',  ( 0.3499999999999999778, 0.3499999999999999778, -0.3599999999999999867 ) ) ;
#1783 = LINE ( 'NONE', #1127, #1769 ) ;
#1784 = ORIENTED_EDGE ( 'NONE', *, *, #1028, .T. ) ;
#1785 = ORIENTED_EDGE ( 'NONE', *, *, #476, .T. ) ;
#1786 = CARTESIAN_POINT ( 'NONE',  ( 0.000000000000000000, 0.2000000000000000111, -0.3300000000000000155 ) ) ;
#1787 = EDGE_LOOP ( 'NONE', ( #1008, #860, #559, #1282 ) ) ;
#1788 = CARTESIAN_POINT ( 'NONE',  ( 0.4000000000000000222, -0.5332625588037740449, -0.03000000000000000236 ) ) ;
#1789 = CARTESIAN_POINT ( 'NONE',  ( -0.3499999999999999778, 0.000000000000000000, -0.3300000000000000155 ) ) ;
#1790 = LINE ( 'NONE', #1639, #228 ) ;
#1791 = CARTESIAN_POINT ( 'NONE',  ( -0.3499999999999999778, 0.3499999999999999778, -0.3599999999999999312 ) ) ;
#1792 = ORIENTED_EDGE ( 'NONE', *, *, #1026, .F. ) ;
#1793 = LINE ( 'NONE', #1931, #530 ) ;
#1794 = ORIENTED_EDGE ( 'NONE', *, *, #1262, .T. ) ;
#1795 = CARTESIAN_POINT ( 'NONE',  ( 0.4000000000000000222, -0.8000000000000000444, -0.3300000000000000155 ) ) ;
#1796 = DIRECTION ( 'NONE',  ( -4.065758146820640148E-16, -1.000000000000000000, 0.000000000000000000 ) ) ;
#1797 = DIRECTION ( 'NONE',  ( -0.000000000000000000, -0.000000000000000000, -1.000000000000000000 ) ) ;
#1798 = EDGE_CURVE ( 'NONE', #799, #188, #1069, .T. ) ;
#1799 = STYLED_ITEM ( 'NONE', ( #848 ), #931 ) ;
#1800 = AXIS2_PLACEMENT_3D ( 'NONE', #158, #1762, #746 ) ;
#1801 = ADVANCED_FACE ( 'NONE', ( #1043 ), #325, .F. ) ;
#1802 = STYLED_ITEM ( 'NONE', ( #1514 ), #201 ) ;
#1803 =( NAMED_UNIT ( * ) SI_UNIT ( $, .STERADIAN. ) SOLID_ANGLE_UNIT ( ) );
#1804 = STYLED_ITEM ( 'NONE', ( #1932 ), #1577 ) ;
#1805 = SURFACE_STYLE_FILL_AREA ( #1317 ) ;
#1806 = ORIENTED_EDGE ( 'NONE', *, *, #491, .T. ) ;
#1807 = SURFACE_STYLE_USAGE ( .BOTH. , #766 ) ;
#1808 = FILL_AREA_STYLE_COLOUR ( '', #141 ) ;
#1809 =( NAMED_UNIT ( * ) PLANE_ANGLE_UNIT ( ) SI_UNIT ( $, .RADIAN. ) );
#1810 = CARTESIAN_POINT ( 'NONE',  ( 0.000000000000000000, 0.2000000000000000111, -0.3599999999999999867 ) ) ;
#1811 = VECTOR ( 'NONE', #636, 1000.000000000000000 ) ;
#1812 = DIRECTION ( 'NONE',  ( 0.000000000000000000, -1.000000000000000000, -0.000000000000000000 ) ) ;
#1813 = PLANE ( 'NONE',  #1311 ) ;
#1814 = FILL_AREA_STYLE_COLOUR ( '', #803 ) ;
#1815 = FILL_AREA_STYLE_COLOUR ( '', #1131 ) ;
#1816 = ADVANCED_FACE ( 'NONE', ( #618 ), #1200, .F. ) ;
#1817 = EDGE_CURVE ( 'NONE', #1109, #1934, #1141, .T. ) ;
#1818 =( NAMED_UNIT ( * ) PLANE_ANGLE_UNIT ( ) SI_UNIT ( $, .RADIAN. ) );
#1819 = PRESENTATION_LAYER_ASSIGNMENT (  '', '', ( #727 ) ) ;
#1820 =( GEOMETRIC_REPRESENTATION_CONTEXT ( 3 ) GLOBAL_UNCERTAINTY_ASSIGNED_CONTEXT ( ( #283 ) ) GLOBAL_UNIT_ASSIGNED_CONTEXT ( ( #580, #595, #438 ) ) REPRESENTATION_CONTEXT ( 'NONE', 'WORKASPACE' ) );
#1821 = PRESENTATION_LAYER_ASSIGNMENT (  '', '', ( #1518 ) ) ;
#1822 =( NAMED_UNIT ( * ) PLANE_ANGLE_UNIT ( ) SI_UNIT ( $, .RADIAN. ) );
#1823 = STYLED_ITEM ( 'NONE', ( #1707 ), #1046 ) ;
#1824 = PRESENTATION_LAYER_ASSIGNMENT (  '', '', ( #168 ) ) ;
#1825 = CARTESIAN_POINT ( 'NONE',  ( -0.2401540889749760599, 0.8000000000000001554, -0.3300000000000000155 ) ) ;
#1826 = CIRCLE ( 'NONE', #139, 0.2676865585101230183 ) ;
#1827 = EDGE_CURVE ( 'NONE', #737, #546, #663, .T. ) ;
#1828 =( NAMED_UNIT ( * ) SI_UNIT ( $, .STERADIAN. ) SOLID_ANGLE_UNIT ( ) );
#1829 = DIRECTION ( 'NONE',  ( -1.000000000000000000, 0.000000000000000000, -0.000000000000000000 ) ) ;
#1830 = AXIS2_PLACEMENT_3D ( 'NONE', #424, #433, #1448 ) ;
#1831 = DIRECTION ( 'NONE',  ( 1.000000000000000000, 0.000000000000000000, 0.000000000000000000 ) ) ;
#1832 = ORIENTED_EDGE ( 'NONE', *, *, #484, .T. ) ;
#1833 = LINE ( 'NONE', #235, #331 ) ;
#1834 =( NAMED_UNIT ( * ) SI_UNIT ( $, .STERADIAN. ) SOLID_ANGLE_UNIT ( ) );
#1835 = ADVANCED_FACE ( 'NONE', ( #571 ), #1013, .T. ) ;
#1836 = EDGE_CURVE ( 'NONE', #1129, #1294, #1689, .T. ) ;
#1837 =( NAMED_UNIT ( * ) PLANE_ANGLE_UNIT ( ) SI_UNIT ( $, .RADIAN. ) );
#1838 = SURFACE_SIDE_STYLE ('',( #1398 ) ) ;
#1839 = DIRECTION ( 'NONE',  ( 0.000000000000000000, -0.000000000000000000, 1.000000000000000000 ) ) ;
#1840 = ADVANCED_FACE ( 'NONE', ( #128 ), #548, .F. ) ;
#1841 = CARTESIAN_POINT ( 'NONE',  ( 0.000000000000000000, 0.7500000000000000000, -0.3599999999999999867 ) ) ;
#1842 = CARTESIAN_POINT ( 'NONE',  ( 0.000000000000000000, 0.000000000000000000, -0.3599999999999999867 ) ) ;
#1843 = EDGE_LOOP ( 'NONE', ( #1794, #1678, #3, #660 ) ) ;
#1844 = CARTESIAN_POINT ( 'NONE',  ( 0.000000000000000000, -0.3499999999999999778, -0.3300000000000000155 ) ) ;
#1845 = FILL_AREA_STYLE_COLOUR ( '', #629 ) ;
#1846 =( LENGTH_UNIT ( ) NAMED_UNIT ( * ) SI_UNIT ( .MILLI., .METRE. ) );
#1847 = DIRECTION ( 'NONE',  ( 0.000000000000000000, -0.000000000000000000, 1.000000000000000000 ) ) ;
#1848 = ORIENTED_EDGE ( 'NONE', *, *, #1409, .T. ) ;
#1849 = EDGE_CURVE ( 'NONE', #1497, #676, #120, .T. ) ;
#1850 = FACE_OUTER_BOUND ( 'NONE', #1475, .T. ) ;
#1851 = DIRECTION ( 'NONE',  ( -1.000000000000000000, 7.290481529352196705E-15, 0.000000000000000000 ) ) ;
#1852 = LINE ( 'NONE', #514, #1399 ) ;
#1853 = DIRECTION ( 'NONE',  ( -4.065758146820640148E-16, 1.000000000000000000, 0.000000000000000000 ) ) ;
#1854 = STYLED_ITEM ( 'NONE', ( #19 ), #1166 ) ;
#1855 =( GEOMETRIC_REPRESENTATION_CONTEXT ( 3 ) GLOBAL_UNCERTAINTY_ASSIGNED_CONTEXT ( ( #428 ) ) GLOBAL_UNIT_ASSIGNED_CONTEXT ( ( #1203, #41, #1828 ) ) REPRESENTATION_CONTEXT ( 'NONE', 'WORKASPACE' ) );
#1856 = STYLED_ITEM ( 'NONE', ( #1110 ), #1170 ) ;
#1857 = ORIENTED_EDGE ( 'NONE', *, *, #4, .T. ) ;
#1858 = VECTOR ( 'NONE', #1740, 1000.000000000000000 ) ;
#1859 = ORIENTED_EDGE ( 'NONE', *, *, #1421, .T. ) ;
#1860 = DIRECTION ( 'NONE',  ( 1.000000000000000000, -0.000000000000000000, 0.000000000000000000 ) ) ;
#1861 =( NAMED_UNIT ( * ) PLANE_ANGLE_UNIT ( ) SI_UNIT ( $, .RADIAN. ) );
#1862 = STYLED_ITEM ( 'NONE', ( #1017 ), #1801 ) ;
#1863 = FILL_AREA_STYLE ('',( #1252 ) ) ;
#1864 = CARTESIAN_POINT ( 'NONE',  ( 0.3499999999999999778, -0.3499999999999999778, -0.3599999999999999867 ) ) ;
#1865 = PRODUCT_DEFINITION_CONTEXT ( 'detailed design', #347, 'design' ) ;
#1866 = STYLED_ITEM ( 'NONE', ( #191 ), #1835 ) ;
#1867 = CARTESIAN_POINT ( 'NONE',  ( 0.3499999999999999778, -0.7500000000000000000, -0.3599999999999999867 ) ) ;
#1868 = SURFACE_STYLE_USAGE ( .BOTH. , #655 ) ;
#1869 = ORIENTED_EDGE ( 'NONE', *, *, #587, .T. ) ;
#1870 = VERTEX_POINT ( 'NONE', #1348 ) ;
#1871 = LINE ( 'NONE', #1844, #774 ) ;
#1872 = CARTESIAN_POINT ( 'NONE',  ( 0.4000000000000000222, 0.5800000000000000711, -0.2200000000000000011 ) ) ;
#1873 = ORIENTED_EDGE ( 'NONE', *, *, #340, .F. ) ;
#1874 = SURFACE_STYLE_USAGE ( .BOTH. , #1527 ) ;
#1875 = SURFACE_STYLE_FILL_AREA ( #1708 ) ;
#1876 = PRESENTATION_STYLE_ASSIGNMENT (( #1256 ) ) ;
#1877 = EDGE_CURVE ( 'NONE', #904, #973, #1650, .T. ) ;
#1878 = ORIENTED_EDGE ( 'NONE', *, *, #1750, .T. ) ;
#1879 = FILL_AREA_STYLE ('',( #986 ) ) ;
#1880 = CARTESIAN_POINT ( 'NONE',  ( -0.4000000000000000222, -0.8000000000000000444, -0.2200000000000000011 ) ) ;
#1881 = EDGE_CURVE ( 'NONE', #1369, #583, #925, .T. ) ;
#1882 = LINE ( 'NONE', #1609, #1668 ) ;
#1883 = ORIENTED_EDGE ( 'NONE', *, *, #1072, .F. ) ;
#1884 = CARTESIAN_POINT ( 'NONE',  ( 0.4000000000000000222, 0.8000000000000000444, -0.3300000000000000155 ) ) ;
#1885 =( LENGTH_UNIT ( ) NAMED_UNIT ( * ) SI_UNIT ( .MILLI., .METRE. ) );
#1886 = FACE_OUTER_BOUND ( 'NONE', #212, .T. ) ;
#1887 = EDGE_CURVE ( 'NONE', #1747, #1690, #33, .T. ) ;
#1888 = AXIS2_PLACEMENT_3D ( 'NONE', #441, #140, #313 ) ;
#1889 = SURFACE_SIDE_STYLE ('',( #1920 ) ) ;
#1890 = VECTOR ( 'NONE', #449, 1000.000000000000000 ) ;
#1891 = VECTOR ( 'NONE', #1, 1000.000000000000227 ) ;
#1892 = LINE ( 'NONE', #116, #566 ) ;
#1893 = PRESENTATION_LAYER_ASSIGNMENT (  '', '', ( #1924 ) ) ;
#1894 = LINE ( 'NONE', #525, #1897 ) ;
#1895 = ORIENTED_EDGE ( 'NONE', *, *, #694, .F. ) ;
#1896 = PLANE ( 'NONE',  #351 ) ;
#1897 = VECTOR ( 'NONE', #248, 1000.000000000000000 ) ;
#1898 = CARTESIAN_POINT ( 'NONE',  ( -0.3499999999999999778, 0.3499999999999999778, -0.3599999999999999867 ) ) ;
#1899 = DIRECTION ( 'NONE',  ( 0.000000000000000000, 0.000000000000000000, -1.000000000000000000 ) ) ;
#1900 = SURFACE_SIDE_STYLE ('',( #1418 ) ) ;
#1901 = MECHANICAL_DESIGN_GEOMETRIC_PRESENTATION_REPRESENTATION (  '', ( #1568 ), #1437 ) ;
#1902 = FILL_AREA_STYLE_COLOUR ( '', #1099 ) ;
#1903 = ORIENTED_EDGE ( 'NONE', *, *, #348, .T. ) ;
#1904 =( GEOMETRIC_REPRESENTATION_CONTEXT ( 3 ) GLOBAL_UNCERTAINTY_ASSIGNED_CONTEXT ( ( #1928 ) ) GLOBAL_UNIT_ASSIGNED_CONTEXT ( ( #1080, #1837, #510 ) ) REPRESENTATION_CONTEXT ( 'NONE', 'WORKASPACE' ) );
#1905 = DIRECTION ( 'NONE',  ( -1.000000000000000000, -0.000000000000000000, -0.000000000000000000 ) ) ;
#1906 =( NAMED_UNIT ( * ) SI_UNIT ( $, .STERADIAN. ) SOLID_ANGLE_UNIT ( ) );
#1907 = CARTESIAN_POINT ( 'NONE',  ( 0.3499999999999999778, -0.3499999999999999778, -0.3599999999999999867 ) ) ;
#1908 = UNCERTAINTY_MEASURE_WITH_UNIT (LENGTH_MEASURE( 1.000000000000000082E-05 ), #492, 'distance_accuracy_value', 'NONE');
#1909 = ADVANCED_FACE ( 'NONE', ( #1482 ), #1403, .T. ) ;
#1910 = VERTEX_POINT ( 'NONE', #350 ) ;
#1911 = SURFACE_SIDE_STYLE ('',( #1207 ) ) ;
#1912 = ORIENTED_EDGE ( 'NONE', *, *, #1409, .F. ) ;
#1913 = ORIENTED_EDGE ( 'NONE', *, *, #1302, .F. ) ;
#1914 = ADVANCED_FACE ( 'NONE', ( #946 ), #1525, .F. ) ;
#1915 = VERTEX_POINT ( 'NONE', #962 ) ;
#1916 = DIRECTION ( 'NONE',  ( 0.000000000000000000, 0.000000000000000000, 1.000000000000000000 ) ) ;
#1917 = DIRECTION ( 'NONE',  ( -0.000000000000000000, 1.000000000000000000, 0.000000000000000000 ) ) ;
#1918 = ORIENTED_EDGE ( 'NONE', *, *, #1836, .T. ) ;
#1919 = UNCERTAINTY_MEASURE_WITH_UNIT (LENGTH_MEASURE( 1.000000000000000082E-05 ), #1288, 'distance_accuracy_value', 'NONE');
#1920 = SURFACE_STYLE_FILL_AREA ( #123 ) ;
#1921 = COLOUR_RGB ( '',0.8627450980392157298, 0.5882352941176470784, 0.06274509803921568540 ) ;
#1922 = VECTOR ( 'NONE', #1768, 1000.000000000000000 ) ;
#1923 = LINE ( 'NONE', #1795, #1890 ) ;
#1924 = STYLED_ITEM ( 'NONE', ( #171 ), #215 ) ;
#1925 = CARTESIAN_POINT ( 'NONE',  ( -0.4000000000000000222, -0.1999999999999999833, -0.3599999999999999312 ) ) ;
#1926 = VECTOR ( 'NONE', #1584, 1000.000000000000000 ) ;
#1927 = AXIS2_PLACEMENT_3D ( 'NONE', #1709, #529, #321 ) ;
#1928 = UNCERTAINTY_MEASURE_WITH_UNIT (LENGTH_MEASURE( 1.000000000000000082E-05 ), #1080, 'distance_accuracy_value', 'NONE');
#1929 = FILL_AREA_STYLE_COLOUR ( '', #1067 ) ;
#1930 = AXIS2_PLACEMENT_3D ( 'NONE', #308, #1172, #607 ) ;
#1931 = CARTESIAN_POINT ( 'NONE',  ( 0.4000000000000000222, -0.8000000000000000444, -0.2200000000000000011 ) ) ;
#1932 = PRESENTATION_STYLE_ASSIGNMENT (( #1320 ) ) ;
#1933 = EDGE_CURVE ( 'NONE', #804, #1497, #1119, .T. ) ;
#1934 = VERTEX_POINT ( 'NONE', #1392 ) ;
ENDSEC;
END-ISO-10303-21;
